shipment_id,origin,destination,carrier,transport_mode,shipment_date,planned_eta,planned_transit_days,days_in_transit,shipment_status,package_weight_kg,num_stops,customs_clearance_flag,weather_condition,weather_severity_score,traffic_congestion_level,port_congestion_score,disruption_type,disruption_impact_score,carrier_reliability_score,historical_delay_rate,route_risk_score,delay_probability,is_delayed,actual_delay_hours
SHP100000,Dubai,New York,FedEx,Road,2023-04-15,2023-04-18,3,1,Customs Hold,1391.31,5,0,Rain,1.53,7,8,Port Strike,9.2,0.925,0.179,0.35,0.9931,1,73.8
SHP100001,Hamburg,Singapore,Maersk,Road,2023-12-11,2023-12-20,9,5,Out for Delivery,4147.11,3,0,Rain,2.31,9,9,Port Strike,9.47,0.866,0.164,0.29,1.0,1,58.0
SHP100002,Dubai,New York,FedEx,Sea,2023-04-14,2023-05-10,26,10,Out for Delivery,1897.59,4,0,Clear,0.0,3,3,Port Strike,8.67,0.911,0.297,0.31,0.8942,1,60.5
SHP100003,Shanghai,London,FedEx,Road,2023-08-05,2023-08-15,10,14,Delayed,4986.63,2,0,Heavy Rain,5.24,8,6,None,0.0,0.927,0.242,0.36,0.969,1,50.2
SHP100004,Shanghai,New York,FedEx,Sea,2024-09-02,2024-10-02,30,33,Customs Hold,1467.85,1,0,Blizzard,9.44,3,6,Natural Disaster,10.04,0.92,0.121,0.35,1.0,1,46.8
SHP100005,Dubai,Singapore,UPS,Sea,2024-10-16,2024-11-07,22,17,At Port,290.1,2,0,Clear,0.42,5,5,Traffic Jam,3.61,0.953,0.158,0.15,0.534,1,7.3
SHP100006,Mumbai,New York,DB Schenker,Sea,2024-07-16,2024-08-11,26,12,Customs Hold,1690.76,1,0,Snow,6.17,5,4,Natural Disaster,10.02,0.865,0.066,0.25,0.9433,1,55.6
SHP100007,Shanghai,New York,XPO Logistics,Air,2023-12-05,2023-12-07,2,7,Customs Hold,3295.08,1,0,Clear,0.44,4,2,None,0.0,0.832,0.175,0.35,1.0,1,44.1
SHP100008,Mumbai,Singapore,FedEx,Air,2023-04-22,2023-04-25,3,7,In Transit,4180.22,5,0,Storm,7.96,1,1,Traffic Jam,4.36,0.928,0.229,0.26,1.0,1,89.4
SHP100009,Hamburg,London,Maersk,Rail,2023-03-02,2023-03-15,13,8,Delayed,305.26,5,0,Rain,1.79,5,10,Natural Disaster,9.8,0.881,0.388,0.1,0.905,1,10.1
SHP100010,Rotterdam,Sydney,DB Schenker,Sea,2023-07-10,2023-07-30,20,3,In Transit,4673.56,3,0,Fog,4.08,3,9,None,0.0,0.894,0.242,0.32,0.6868,1,45.5
SHP100011,Los Angeles,London,UPS,Rail,2024-04-13,2024-04-27,14,19,Customs Hold,1847.95,2,0,Snow,5.57,3,2,Traffic Jam,3.63,0.977,0.153,0.28,0.7787,1,35.4
SHP100012,Rotterdam,Singapore,UPS,Air,2023-05-18,2023-05-22,4,2,At Port,461.95,1,1,Heavy Rain,5.22,2,5,None,0.35,0.906,0.212,0.34,0.7963,1,64.2
SHP100013,Shanghai,New York,UPS,Sea,2024-07-18,2024-08-22,35,4,Out for Delivery,1541.64,1,0,Rain,1.65,3,3,Natural Disaster,10.08,0.939,0.076,0.35,0.773,1,67.2
SHP100014,Hamburg,Singapore,DHL,Air,2024-02-21,2024-02-24,3,6,Out for Delivery,3936.98,2,0,Blizzard,8.83,4,5,Equipment Failure,6.36,0.922,0.328,0.38,1.0,1,40.4
SHP100015,Shanghai,Sydney,DHL,Sea,2023-08-22,2023-09-09,18,10,Delayed,4696.22,3,0,Heavy Rain,5.27,5,9,Traffic Jam,3.9,0.889,0.393,0.32,1.0,1,84.9
SHP100016,Los Angeles,London,DB Schenker,Road,2024-03-20,2024-03-29,9,1,In Transit,2156.77,3,0,Clear,0.0,9,4,Equipment Failure,6.43,0.85,0.225,0.1,0.8008,1,49.7
SHP100017,Dubai,New York,XPO Logistics,Road,2023-12-01,2023-12-06,5,6,At Port,1434.93,3,1,Heavy Rain,5.25,7,1,Natural Disaster,9.8,0.82,0.228,0.32,1.0,1,76.7
SHP100018,Rotterdam,Singapore,UPS,Rail,2024-06-07,2024-06-18,11,16,Delayed,1224.59,1,1,Storm,7.59,3,1,Port Strike,8.72,0.896,0.096,0.34,1.0,1,61.0
SHP100019,Shanghai,Sydney,Maersk,Sea,2023-09-07,2023-09-25,18,7,Delayed,3338.05,4,0,Storm,8.02,3,3,Natural Disaster,10.42,0.873,0.066,0.3,1.0,1,91.5
SHP100020,Mumbai,Chicago,XPO Logistics,Rail,2024-05-01,2024-05-12,11,16,At Port,754.58,2,1,Storm,7.94,4,2,Port Strike,8.84,0.815,0.359,0.18,1.0,1,68.5
SHP100021,Dubai,London,FedEx,Rail,2024-04-22,2024-05-05,13,12,Delayed,2691.33,4,0,Heavy Rain,5.2,5,7,Equipment Failure,6.44,0.942,0.133,0.27,0.8382,1,41.9
SHP100022,Los Angeles,Sydney,Maersk,Air,2023-06-19,2023-06-24,5,9,Delayed,2273.77,2,0,Heavy Rain,5.14,2,6,Natural Disaster,9.68,0.846,0.119,0.4,1.0,1,74.5
SHP100023,Mumbai,Tokyo,Maersk,Road,2024-07-06,2024-07-12,6,10,In Transit,4738.81,5,1,Storm,7.75,6,2,None,0.0,0.855,0.2,0.32,1.0,1,69.0
SHP100024,Los Angeles,London,DB Schenker,Air,2024-08-15,2024-08-17,2,3,Customs Hold,3913.29,5,0,Heavy Rain,5.13,1,2,None,0.0,0.897,0.28,0.34,0.89,1,48.0
SHP100025,Dubai,Tokyo,FedEx,Road,2024-05-16,2024-05-24,8,11,In Transit,4128.76,4,0,Blizzard,9.02,8,8,Natural Disaster,10.42,0.927,0.314,0.32,1.0,1,35.0
SHP100026,Hamburg,New York,UPS,Rail,2024-08-06,2024-08-20,14,10,Customs Hold,2583.38,1,0,Blizzard,9.3,4,9,Natural Disaster,10.1,0.916,0.354,0.2,1.0,1,13.7
SHP100027,Dubai,Sydney,Maersk,Sea,2024-04-03,2024-04-23,20,12,Delayed,1759.38,3,1,Snow,6.08,6,9,Natural Disaster,9.84,0.844,0.399,0.29,1.0,1,30.4
SHP100028,Los Angeles,London,FedEx,Sea,2023-07-09,2023-08-02,24,23,Out for Delivery,3540.24,1,0,Clear,0.1,3,5,Equipment Failure,5.8,0.891,0.157,0.39,0.8217,1,25.2
SHP100029,Shanghai,Chicago,UPS,Sea,2024-08-10,2024-09-12,33,21,Delayed,759.06,1,0,Clear,0.44,6,10,None,0.0,0.913,0.207,0.14,0.5471,1,7.5
SHP100030,Hamburg,New York,DB Schenker,Rail,2023-08-20,2023-08-31,11,13,At Port,1199.71,2,0,Fog,4.11,2,2,Equipment Failure,5.71,0.86,0.1,0.43,1.0,1,20.1
SHP100031,Mumbai,Sydney,XPO Logistics,Rail,2023-10-23,2023-11-02,10,8,Out for Delivery,357.51,2,0,Clear,0.16,3,5,Port Strike,9.04,0.837,0.266,0.3,0.9379,1,72.5
SHP100032,Rotterdam,Singapore,DB Schenker,Road,2023-11-08,2023-11-18,10,2,Delayed,4753.96,5,0,Clear,0.23,8,10,Natural Disaster,9.73,0.836,0.276,0.11,0.8601,1,49.8
SHP100033,Hamburg,Sydney,DB Schenker,Rail,2024-03-22,2024-04-03,12,13,Out for Delivery,183.97,5,0,Rain,2.36,4,7,Equipment Failure,6.0,0.855,0.272,0.24,0.9961,1,34.2
SHP100034,Los Angeles,New York,Maersk,Air,2023-02-25,2023-02-28,3,7,At Port,3549.06,2,0,Storm,8.05,3,10,Natural Disaster,10.2,0.851,0.066,0.25,1.0,1,55.6
SHP100035,Rotterdam,Sydney,FedEx,Sea,2024-10-25,2024-11-27,33,17,In Transit,4320.2,2,0,Storm,7.97,6,9,None,0.0,0.9,0.37,0.29,0.968,1,73.1
SHP100036,Mumbai,Tokyo,DB Schenker,Road,2024-08-24,2024-09-03,10,15,In Transit,1915.16,5,1,Heavy Rain,5.04,9,4,Traffic Jam,4.37,0.856,0.393,0.43,1.0,1,9.9
SHP100037,Dubai,Sydney,XPO Logistics,Rail,2024-05-22,2024-05-30,8,13,Delayed,2347.72,1,0,Snow,6.41,2,3,Port Strike,8.91,0.835,0.269,0.35,1.0,1,36.5
SHP100038,Dubai,Sydney,XPO Logistics,Air,2024-01-25,2024-01-29,4,3,Out for Delivery,832.24,4,0,Blizzard,9.5,1,2,Equipment Failure,5.6,0.799,0.261,0.25,1.0,1,87.3
SHP100039,Shanghai,Tokyo,FedEx,Road,2023-05-30,2023-06-08,9,2,Out for Delivery,1277.01,4,0,Heavy Rain,4.88,7,5,Natural Disaster,10.08,0.932,0.108,0.27,0.9777,1,85.0
SHP100040,Mumbai,Tokyo,XPO Logistics,Sea,2024-08-24,2024-09-24,31,19,In Transit,4889.73,1,1,Storm,7.98,4,5,Traffic Jam,3.86,0.836,0.132,0.23,0.9463,1,29.1
SHP100041,Rotterdam,Singapore,XPO Logistics,Air,2023-10-21,2023-10-24,3,4,At Port,167.31,4,0,Snow,6.16,2,5,Natural Disaster,10.4,0.816,0.266,0.32,1.0,1,71.9
SHP100042,Shanghai,Tokyo,UPS,Rail,2024-07-06,2024-07-15,9,4,Customs Hold,3770.88,2,0,Rain,2.47,4,2,Port Strike,8.84,0.951,0.064,0.36,0.7695,1,64.2
SHP100043,Dubai,Singapore,Maersk,Road,2023-01-15,2023-01-19,4,5,In Transit,4576.32,3,0,Blizzard,9.08,8,9,Natural Disaster,9.73,0.836,0.03,0.15,1.0,1,64.3
SHP100044,Dubai,Sydney,XPO Logistics,Road,2023-02-16,2023-02-26,10,3,Delayed,3711.47,5,0,Clear,0.0,8,7,Port Strike,9.24,0.832,0.379,0.33,1.0,1,85.7
SHP100045,Dubai,New York,Maersk,Rail,2023-08-11,2023-08-23,12,3,Out for Delivery,3314.01,1,0,Clear,0.4,4,8,Traffic Jam,3.78,0.869,0.388,0.12,0.7023,1,7.4
SHP100046,Los Angeles,London,DHL,Sea,2023-08-01,2023-08-26,25,25,In Transit,659.45,1,0,Blizzard,9.36,4,2,Equipment Failure,6.04,0.891,0.323,0.45,1.0,1,77.1
SHP100047,Hamburg,Chicago,UPS,Air,2023-05-10,2023-05-15,5,7,Customs Hold,2290.48,3,0,Heavy Rain,5.09,4,9,None,0.45,0.892,0.036,0.28,0.7472,1,8.6
SHP100048,Mumbai,Sydney,Maersk,Air,2023-03-17,2023-03-19,2,2,Delayed,2151.28,5,0,Snow,6.05,3,9,Natural Disaster,10.1,0.846,0.132,0.3,1.0,1,82.8
SHP100049,Dubai,Chicago,XPO Logistics,Sea,2024-02-28,2024-03-31,32,6,Delayed,2159.67,1,0,Storm,7.75,4,2,Port Strike,8.97,0.823,0.055,0.34,1.0,1,79.1
SHP100050,Rotterdam,New York,DB Schenker,Road,2024-11-12,2024-11-19,7,5,In Transit,3813.15,1,0,Storm,7.65,9,6,Traffic Jam,3.61,0.889,0.341,0.18,1.0,1,78.6
SHP100051,Rotterdam,Chicago,DB Schenker,Air,2023-01-30,2023-02-02,3,5,At Port,1076.06,5,1,Snow,6.07,4,2,Traffic Jam,4.24,0.91,0.389,0.2,1.0,1,46.8
SHP100052,Hamburg,Tokyo,UPS,Road,2023-02-23,2023-02-26,3,4,At Port,1416.59,1,1,Fog,4.11,9,7,None,0.25,0.89,0.063,0.2,0.7676,1,41.0
SHP100053,Los Angeles,New York,DHL,Rail,2023-07-29,2023-08-09,11,9,At Port,360.84,3,0,Clear,0.25,3,9,None,0.03,0.889,0.107,0.15,0.4707,0,0.0
SHP100054,Mumbai,New York,Maersk,Air,2024-08-10,2024-08-15,5,6,Out for Delivery,2178.66,2,1,Fog,4.3,4,2,Natural Disaster,10.42,0.868,0.053,0.39,1.0,1,53.2
SHP100055,Mumbai,Tokyo,XPO Logistics,Road,2023-03-20,2023-03-26,6,5,Customs Hold,886.14,1,1,Heavy Rain,5.32,7,3,Port Strike,8.76,0.825,0.086,0.14,0.902,1,43.1
SHP100056,Rotterdam,Chicago,Maersk,Road,2023-03-11,2023-03-18,7,9,Out for Delivery,2970.6,5,1,Rain,1.81,9,2,Natural Disaster,9.87,0.872,0.129,0.2,1.0,1,47.6
SHP100057,Rotterdam,Singapore,FedEx,Rail,2023-11-26,2023-12-03,7,7,At Port,2620.58,4,0,Snow,5.84,2,8,Port Strike,8.67,0.954,0.114,0.28,0.9282,1,36.0
SHP100058,Los Angeles,Sydney,Maersk,Road,2023-03-09,2023-03-18,9,4,At Port,4838.5,3,1,Clear,0.41,7,6,Traffic Jam,4.08,0.845,0.074,0.22,0.6576,1,11.6
SHP100059,Dubai,New York,UPS,Rail,2024-11-17,2024-11-24,7,5,Out for Delivery,2538.69,1,0,Blizzard,8.84,5,5,Port Strike,9.5,0.892,0.079,0.17,1.0,1,65.6
SHP100060,Rotterdam,London,DB Schenker,Rail,2024-10-01,2024-10-14,13,11,Customs Hold,4828.0,3,1,Rain,1.94,4,4,Port Strike,9.28,0.863,0.109,0.36,0.9644,1,84.2
SHP100061,Hamburg,Tokyo,XPO Logistics,Rail,2024-01-27,2024-02-05,9,13,Delayed,1364.32,2,0,Blizzard,9.37,2,2,Traffic Jam,4.02,0.83,0.067,0.35,1.0,1,80.8
SHP100062,Shanghai,London,Maersk,Road,2024-02-10,2024-02-19,9,5,In Transit,3794.33,2,1,Storm,7.6,8,8,None,0.0,0.853,0.129,0.38,0.998,1,46.3
SHP100063,Shanghai,New York,FedEx,Road,2024-07-15,2024-07-22,7,4,Customs Hold,3159.96,1,0,Blizzard,9.14,9,9,Port Strike,9.34,0.931,0.21,0.35,1.0,1,70.7
SHP100064,Los Angeles,Sydney,FedEx,Road,2023-07-11,2023-07-19,8,8,Customs Hold,3736.71,3,0,Fog,4.01,6,6,Natural Disaster,9.97,0.886,0.262,0.24,1.0,1,77.0
SHP100065,Los Angeles,London,XPO Logistics,Air,2023-05-17,2023-05-19,2,7,At Port,219.51,2,0,Snow,5.68,2,5,Traffic Jam,4.28,0.853,0.194,0.12,1.0,1,85.7
SHP100066,Los Angeles,Tokyo,DB Schenker,Rail,2023-02-07,2023-02-14,7,10,At Port,3460.5,4,0,Storm,7.87,5,3,Traffic Jam,4.39,0.865,0.167,0.25,1.0,1,89.2
SHP100067,Rotterdam,Tokyo,FedEx,Rail,2023-07-04,2023-07-12,8,5,In Transit,4990.75,5,0,Storm,8.1,5,6,Equipment Failure,5.94,0.911,0.19,0.16,0.8511,1,54.1
SHP100068,Shanghai,New York,XPO Logistics,Rail,2023-02-01,2023-02-10,9,1,Out for Delivery,3815.54,4,0,Fog,3.86,2,6,Port Strike,9.18,0.833,0.381,0.35,1.0,1,53.7
SHP100069,Mumbai,Tokyo,XPO Logistics,Road,2023-07-10,2023-07-19,9,1,Customs Hold,2260.49,1,1,Clear,0.0,8,3,None,0.5,0.829,0.096,0.34,0.7509,1,71.9
SHP100070,Dubai,Tokyo,XPO Logistics,Road,2023-10-25,2023-10-30,5,8,In Transit,4018.41,4,0,Fog,4.29,7,6,Equipment Failure,5.53,0.839,0.231,0.38,1.0,1,61.1
SHP100071,Shanghai,New York,UPS,Rail,2024-02-24,2024-03-03,8,7,Delayed,2590.75,1,0,Fog,3.63,3,1,Natural Disaster,9.63,0.886,0.211,0.35,1.0,1,20.8
SHP100072,Los Angeles,Singapore,DHL,Road,2023-09-14,2023-09-21,7,10,At Port,1688.43,5,0,Heavy Rain,5.0,7,10,None,0.08,0.882,0.085,0.31,0.8974,1,72.0
SHP100073,Shanghai,New York,FedEx,Road,2024-03-02,2024-03-09,7,7,Customs Hold,1020.51,4,0,Blizzard,8.91,9,8,Equipment Failure,5.56,0.921,0.187,0.35,1.0,1,34.1
SHP100074,Dubai,Tokyo,XPO Logistics,Road,2024-06-11,2024-06-17,6,1,Delayed,4668.79,3,0,Rain,1.6,8,3,Traffic Jam,4.36,0.828,0.179,0.43,1.0,1,23.1
SHP100075,Hamburg,Sydney,DB Schenker,Rail,2023-01-24,2023-02-03,10,6,Delayed,3637.68,3,1,Heavy Rain,4.78,5,3,Natural Disaster,9.51,0.865,0.061,0.2,0.8981,1,35.0
SHP100076,Mumbai,New York,DB Schenker,Sea,2023-03-17,2023-04-20,34,17,Out for Delivery,4694.77,5,0,Fog,4.11,4,6,Traffic Jam,3.89,0.883,0.322,0.44,0.9775,1,23.4
SHP100077,Rotterdam,Sydney,DB Schenker,Air,2023-12-08,2023-12-13,5,9,In Transit,1682.2,5,1,Clear,0.43,3,5,Port Strike,9.49,0.879,0.301,0.16,0.9566,1,66.8
SHP100078,Los Angeles,Sydney,FedEx,Road,2024-03-02,2024-03-12,10,7,Out for Delivery,95.18,2,0,Snow,5.67,9,2,None,0.18,0.915,0.032,0.15,0.5859,1,25.6
SHP100079,Mumbai,Singapore,DHL,Rail,2024-04-27,2024-05-12,15,10,At Port,2421.16,5,0,Blizzard,8.88,3,5,Equipment Failure,6.03,0.913,0.228,0.26,0.9662,1,30.1
SHP100080,Los Angeles,London,UPS,Road,2023-11-21,2023-11-28,7,1,Customs Hold,1438.51,1,0,Snow,6.4,9,5,Natural Disaster,10.45,0.888,0.326,0.39,1.0,1,37.2
SHP100081,Mumbai,Singapore,UPS,Rail,2023-10-05,2023-10-15,10,7,Customs Hold,26.4,2,0,Rain,1.73,3,2,Equipment Failure,5.91,0.951,0.293,0.12,0.6966,1,29.7
SHP100082,Mumbai,Sydney,XPO Logistics,Sea,2024-10-23,2024-11-12,20,23,Out for Delivery,3939.91,4,0,Heavy Rain,5.41,4,1,Traffic Jam,4.34,0.822,0.375,0.3,1.0,1,90.3
SHP100083,Los Angeles,New York,FedEx,Road,2023-12-10,2023-12-20,10,14,At Port,2839.12,3,0,Fog,3.83,9,6,None,0.22,0.915,0.025,0.33,0.8749,1,19.1
SHP100084,Dubai,Sydney,Maersk,Road,2023-07-09,2023-07-17,8,0,In Transit,311.09,2,0,Storm,8.25,8,6,None,0.22,0.849,0.024,0.21,0.7653,1,36.6
SHP100085,Hamburg,Sydney,XPO Logistics,Road,2024-01-12,2024-01-17,5,2,In Transit,4365.74,5,0,Snow,5.87,9,4,Traffic Jam,4.3,0.772,0.334,0.37,1.0,1,53.3
SHP100086,Rotterdam,Singapore,UPS,Air,2024-07-14,2024-07-17,3,5,At Port,2566.48,2,1,Clear,0.18,4,8,None,0.01,0.923,0.327,0.13,0.6098,1,34.6
SHP100087,Rotterdam,Sydney,XPO Logistics,Road,2023-01-04,2023-01-07,3,5,In Transit,3829.26,2,1,Storm,7.56,6,3,Traffic Jam,3.97,0.822,0.129,0.45,1.0,1,39.7
SHP100088,Mumbai,Sydney,Maersk,Rail,2023-05-17,2023-06-01,15,12,In Transit,2659.9,4,0,Snow,5.72,2,9,Equipment Failure,6.48,0.818,0.196,0.3,1.0,1,28.3
SHP100089,Los Angeles,London,UPS,Sea,2024-09-21,2024-10-16,25,3,In Transit,3772.05,2,0,Clear,0.17,3,9,Natural Disaster,9.54,0.892,0.187,0.19,0.713,1,13.3
SHP100090,Los Angeles,London,XPO Logistics,Road,2023-08-31,2023-09-06,6,4,At Port,3929.13,4,0,Fog,4.09,7,6,Traffic Jam,3.93,0.826,0.208,0.32,1.0,1,68.7
SHP100091,Mumbai,London,UPS,Rail,2024-04-29,2024-05-08,9,12,Customs Hold,3233.71,3,1,Blizzard,8.91,5,4,Equipment Failure,5.63,0.903,0.112,0.3,1.0,1,82.2
SHP100092,Shanghai,Chicago,XPO Logistics,Sea,2024-11-20,2024-12-10,20,6,In Transit,3478.28,2,0,Heavy Rain,4.83,3,8,Natural Disaster,9.69,0.79,0.302,0.17,1.0,1,41.7
SHP100093,Hamburg,Chicago,UPS,Road,2024-10-26,2024-11-02,7,8,Delayed,229.05,4,0,Storm,8.3,9,6,Equipment Failure,5.82,0.927,0.097,0.37,1.0,1,72.7
SHP100094,Shanghai,Tokyo,DB Schenker,Rail,2023-12-04,2023-12-18,14,17,Out for Delivery,846.74,3,1,Rain,1.76,5,3,Port Strike,9.14,0.853,0.206,0.44,1.0,1,22.6
SHP100095,Rotterdam,Singapore,FedEx,Air,2023-01-07,2023-01-12,5,2,In Transit,84.12,1,0,Blizzard,8.87,4,7,None,0.0,0.944,0.222,0.33,0.8089,1,43.9
SHP100096,Los Angeles,New York,DB Schenker,Rail,2024-06-20,2024-07-05,15,8,Customs Hold,3420.37,3,0,Clear,0.0,4,4,None,0.0,0.876,0.112,0.44,0.6724,1,43.6
SHP100097,Dubai,New York,FedEx,Rail,2024-05-02,2024-05-10,8,7,Delayed,1355.84,4,0,Storm,7.83,2,10,Equipment Failure,6.42,0.936,0.107,0.41,0.9245,1,62.5
SHP100098,Los Angeles,Chicago,DB Schenker,Air,2023-01-17,2023-01-20,3,4,Customs Hold,2504.21,1,0,Blizzard,9.33,4,3,Traffic Jam,4.04,0.878,0.166,0.34,1.0,1,10.8
SHP100099,Mumbai,London,FedEx,Road,2024-09-01,2024-09-04,3,7,At Port,3990.38,3,0,Blizzard,9.44,9,10,Equipment Failure,6.09,0.901,0.164,0.17,1.0,1,13.4
SHP100100,Hamburg,Sydney,XPO Logistics,Sea,2023-04-20,2023-05-08,18,11,Delayed,1769.89,1,0,Heavy Rain,4.59,6,1,Traffic Jam,4.05,0.831,0.175,0.26,0.9065,1,54.1
SHP100101,Los Angeles,Sydney,FedEx,Road,2024-07-26,2024-07-31,5,2,Delayed,1258.87,3,0,Storm,7.99,6,2,None,0.0,0.931,0.134,0.16,0.6769,1,48.0
SHP100102,Mumbai,Chicago,DB Schenker,Sea,2023-11-08,2023-12-08,30,21,Delayed,888.6,3,1,Clear,0.32,4,8,Port Strike,9.1,0.85,0.284,0.21,0.9468,1,88.2
SHP100103,Los Angeles,Singapore,XPO Logistics,Rail,2023-11-30,2023-12-12,12,3,At Port,2192.56,2,0,Blizzard,9.5,3,8,Port Strike,9.05,0.842,0.382,0.34,1.0,1,80.8
SHP100104,Shanghai,Sydney,XPO Logistics,Rail,2023-09-05,2023-09-18,13,2,Customs Hold,3191.08,5,0,Snow,6.08,5,9,Traffic Jam,4.29,0.804,0.157,0.29,0.9659,1,15.3
SHP100105,Hamburg,Singapore,XPO Logistics,Road,2023-02-15,2023-02-24,9,0,Customs Hold,754.15,5,0,Snow,6.25,7,10,Equipment Failure,5.89,0.842,0.313,0.26,1.0,1,49.4
SHP100106,Los Angeles,Sydney,FedEx,Air,2023-12-18,2023-12-23,5,7,Customs Hold,3385.86,1,0,Heavy Rain,4.95,1,6,Traffic Jam,4.31,0.946,0.064,0.21,0.7125,1,63.9
SHP100107,Dubai,London,DB Schenker,Sea,2024-07-27,2024-08-28,32,11,At Port,1392.08,2,0,Rain,1.9,4,4,Traffic Jam,3.93,0.881,0.022,0.26,0.6898,1,40.0
SHP100108,Rotterdam,London,UPS,Road,2023-09-26,2023-10-04,8,9,Customs Hold,2951.05,5,0,Storm,7.85,9,5,None,0.31,0.902,0.288,0.32,1.0,1,34.2
SHP100109,Hamburg,Tokyo,FedEx,Sea,2024-06-07,2024-07-08,31,27,Out for Delivery,3097.24,4,0,Snow,6.19,4,6,Port Strike,8.99,0.931,0.073,0.29,0.9844,1,90.2
SHP100110,Mumbai,London,DHL,Rail,2024-02-23,2024-03-08,14,5,At Port,3712.72,5,1,Fog,4.26,4,8,Natural Disaster,9.72,0.894,0.13,0.11,0.7925,1,44.0
SHP100111,Shanghai,Chicago,FedEx,Road,2024-07-09,2024-07-15,6,1,At Port,3878.27,1,0,Blizzard,8.75,6,8,Traffic Jam,3.85,0.917,0.33,0.26,0.9108,1,22.7
SHP100112,Dubai,Chicago,XPO Logistics,Road,2023-06-19,2023-06-25,6,9,At Port,678.38,1,1,Snow,6.04,8,9,Natural Disaster,9.79,0.82,0.238,0.44,1.0,1,88.7
SHP100113,Los Angeles,Singapore,DHL,Sea,2023-09-11,2023-10-14,33,26,Customs Hold,4751.3,4,0,Rain,2.29,3,6,Traffic Jam,4.25,0.884,0.284,0.24,0.8278,1,48.3
SHP100114,Dubai,New York,XPO Logistics,Rail,2024-07-01,2024-07-11,10,15,Out for Delivery,498.32,1,1,Blizzard,8.84,3,1,None,0.0,0.826,0.151,0.3,1.0,1,7.5
SHP100115,Hamburg,Sydney,Maersk,Air,2024-10-27,2024-10-31,4,5,Delayed,3277.6,4,0,Rain,2.4,2,4,Port Strike,9.13,0.85,0.296,0.12,0.9728,1,5.9
SHP100116,Mumbai,New York,DHL,Sea,2023-01-10,2023-02-07,28,8,At Port,3208.06,2,0,Snow,5.59,3,7,Natural Disaster,9.87,0.876,0.134,0.14,0.8499,1,10.3
SHP100117,Rotterdam,New York,DB Schenker,Sea,2024-10-05,2024-11-05,31,5,Delayed,3223.28,3,0,Heavy Rain,4.62,6,4,Port Strike,8.93,0.879,0.321,0.22,1.0,1,55.8
SHP100118,Rotterdam,Singapore,DB Schenker,Road,2023-07-30,2023-08-06,7,12,In Transit,4669.66,3,0,Blizzard,8.99,6,1,Traffic Jam,4.14,0.91,0.047,0.18,0.8528,1,34.8
SHP100119,Rotterdam,Sydney,UPS,Sea,2023-01-18,2023-02-05,18,1,Delayed,3202.87,1,0,Blizzard,8.9,5,7,None,0.0,0.953,0.178,0.32,0.7017,1,21.7
SHP100120,Los Angeles,New York,DB Schenker,Sea,2024-02-05,2024-03-03,27,3,Customs Hold,3539.65,1,0,Fog,3.62,3,2,Traffic Jam,4.24,0.872,0.301,0.21,0.8734,1,18.1
SHP100121,Los Angeles,Chicago,DB Schenker,Road,2023-10-03,2023-10-11,8,4,Customs Hold,1838.76,2,0,Heavy Rain,5.48,6,10,Port Strike,9.01,0.855,0.041,0.27,0.9692,1,73.3
SHP100122,Rotterdam,Singapore,XPO Logistics,Air,2023-01-03,2023-01-05,2,7,Customs Hold,1609.35,2,1,Snow,5.68,1,7,Equipment Failure,6.41,0.8,0.301,0.29,1.0,1,88.4
SHP100123,Los Angeles,Tokyo,FedEx,Road,2023-07-03,2023-07-06,3,1,In Transit,2819.25,3,0,Fog,4.27,8,4,None,0.05,0.949,0.023,0.25,0.5205,1,37.8
SHP100124,Hamburg,Sydney,UPS,Rail,2023-09-09,2023-09-16,7,3,Customs Hold,1026.37,1,0,Snow,6.19,2,5,Equipment Failure,5.5,0.883,0.27,0.43,1.0,1,43.8
SHP100125,Shanghai,London,XPO Logistics,Road,2024-06-16,2024-06-26,10,3,In Transit,4630.25,3,1,Clear,0.0,6,5,Port Strike,9.46,0.802,0.11,0.25,0.9165,1,63.3
SHP100126,Dubai,Tokyo,UPS,Rail,2023-07-27,2023-08-04,8,2,Out for Delivery,452.56,1,0,Rain,1.62,4,5,None,0.0,0.893,0.137,0.44,0.7189,1,57.8
SHP100127,Dubai,Chicago,FedEx,Sea,2023-09-12,2023-10-12,30,16,Out for Delivery,607.71,2,0,Rain,2.45,6,2,None,0.05,0.925,0.056,0.29,0.5692,1,46.0
SHP100128,Hamburg,London,DHL,Rail,2024-08-19,2024-08-27,8,3,Out for Delivery,4108.52,4,1,Snow,5.63,4,10,None,0.44,0.908,0.039,0.1,0.4595,0,0.0
SHP100129,Mumbai,New York,Maersk,Rail,2023-07-11,2023-07-20,9,0,Customs Hold,686.61,4,0,Heavy Rain,5.15,5,5,Port Strike,9.05,0.829,0.043,0.24,0.8687,1,55.5
SHP100130,Rotterdam,London,XPO Logistics,Air,2024-05-06,2024-05-11,5,4,Delayed,4869.91,2,0,Blizzard,8.72,3,10,Traffic Jam,4.49,0.837,0.221,0.12,0.9396,1,26.6
SHP100131,Hamburg,Tokyo,DB Schenker,Air,2023-12-30,2024-01-02,3,5,Customs Hold,1545.61,5,1,Fog,4.2,2,8,Natural Disaster,9.69,0.874,0.395,0.3,1.0,1,9.4
SHP100132,Shanghai,London,DB Schenker,Sea,2023-01-01,2023-01-25,24,22,In Transit,4303.42,5,0,Fog,4.37,3,2,Natural Disaster,10.09,0.886,0.369,0.11,1.0,1,39.6
SHP100133,Dubai,Sydney,DB Schenker,Air,2023-05-20,2023-05-23,3,2,Out for Delivery,637.18,3,0,Heavy Rain,5.39,3,5,Traffic Jam,4.09,0.863,0.087,0.18,0.687,1,62.8
SHP100134,Rotterdam,Sydney,DB Schenker,Air,2024-09-18,2024-09-21,3,5,Customs Hold,57.47,4,0,Fog,4.48,2,6,Traffic Jam,4.46,0.87,0.332,0.32,1.0,1,28.5
SHP100135,Shanghai,Tokyo,UPS,Air,2024-03-24,2024-03-29,5,6,In Transit,1593.93,1,0,Clear,0.33,2,5,Natural Disaster,9.57,0.898,0.341,0.16,0.9224,1,11.7
SHP100136,Hamburg,Sydney,DHL,Air,2024-08-31,2024-09-05,5,9,At Port,3303.16,3,0,Clear,0.0,2,9,Traffic Jam,3.91,0.899,0.231,0.44,0.9263,1,25.4
SHP100137,Shanghai,Sydney,DB Schenker,Rail,2023-01-04,2023-01-18,14,6,Customs Hold,4474.44,4,0,Clear,0.14,2,8,Traffic Jam,3.62,0.881,0.318,0.27,0.7529,1,10.7
SHP100138,Rotterdam,Sydney,DHL,Road,2024-04-01,2024-04-11,10,8,Delayed,2768.23,2,1,Heavy Rain,4.56,6,10,Port Strike,8.84,0.892,0.226,0.13,0.962,1,76.6
SHP100139,Mumbai,Chicago,XPO Logistics,Rail,2023-11-03,2023-11-18,15,18,At Port,4042.4,2,0,Rain,2.18,3,3,Natural Disaster,10.26,0.859,0.086,0.14,0.8125,1,8.0
SHP100140,Shanghai,Singapore,Maersk,Sea,2023-09-22,2023-10-12,20,17,Customs Hold,3908.54,5,0,Blizzard,8.78,6,10,Equipment Failure,5.51,0.836,0.286,0.42,1.0,1,43.3
SHP100141,Hamburg,Chicago,DB Schenker,Air,2023-10-20,2023-10-24,4,7,In Transit,4447.93,4,0,Fog,3.67,4,1,None,0.11,0.85,0.284,0.15,0.8004,1,54.5
SHP100142,Shanghai,Singapore,Maersk,Road,2023-11-07,2023-11-17,10,7,Out for Delivery,1057.35,4,1,Clear,0.0,8,4,Traffic Jam,3.92,0.886,0.265,0.19,0.8684,1,63.1
SHP100143,Rotterdam,Tokyo,FedEx,Sea,2024-02-18,2024-03-23,34,12,In Transit,4117.62,3,1,Heavy Rain,4.56,3,5,Equipment Failure,6.42,0.929,0.288,0.26,0.8361,1,52.8
SHP100144,Shanghai,Singapore,FedEx,Sea,2024-04-01,2024-05-04,33,10,Out for Delivery,4285.63,2,0,Storm,8.33,3,10,Equipment Failure,5.89,0.928,0.082,0.2,0.7327,1,49.1
SHP100145,Los Angeles,Singapore,Maersk,Air,2024-10-24,2024-10-27,3,4,In Transit,4121.64,5,1,Storm,7.78,4,5,Port Strike,8.96,0.843,0.103,0.4,1.0,1,58.6
SHP100146,Shanghai,Chicago,XPO Logistics,Road,2024-09-15,2024-09-19,4,1,At Port,750.07,2,0,Snow,5.83,8,5,Equipment Failure,6.21,0.822,0.359,0.19,1.0,1,87.0
SHP100147,Rotterdam,Sydney,XPO Logistics,Road,2024-11-02,2024-11-09,7,6,Customs Hold,2536.82,3,0,Snow,6.21,7,8,None,0.21,0.826,0.281,0.22,0.9472,1,77.3
SHP100148,Rotterdam,London,UPS,Air,2024-07-26,2024-07-29,3,5,Delayed,268.86,4,0,Rain,1.92,3,2,Traffic Jam,4.09,0.917,0.196,0.23,0.8703,1,42.2
SHP100149,Hamburg,Chicago,FedEx,Rail,2023-02-25,2023-03-09,12,13,At Port,3155.35,3,0,Heavy Rain,5.49,3,8,Natural Disaster,10.22,0.962,0.316,0.21,0.9881,1,33.8
SHP100150,Shanghai,New York,Maersk,Road,2024-08-13,2024-08-17,4,9,Customs Hold,4460.09,1,0,Blizzard,8.93,9,6,Port Strike,8.54,0.831,0.096,0.35,1.0,1,7.6
SHP100151,Shanghai,Singapore,XPO Logistics,Sea,2023-11-16,2023-12-07,21,18,Customs Hold,1713.99,2,1,Snow,5.55,5,7,Traffic Jam,4.02,0.827,0.219,0.26,0.9978,1,38.2
SHP100152,Hamburg,London,Maersk,Air,2023-08-05,2023-08-07,2,5,Customs Hold,3268.01,1,0,Rain,1.88,3,1,Port Strike,9.12,0.841,0.246,0.1,0.962,1,9.9
SHP100153,Shanghai,Sydney,Maersk,Rail,2024-04-30,2024-05-11,11,13,In Transit,1413.89,1,0,Fog,3.77,3,10,Traffic Jam,4.4,0.834,0.214,0.25,0.8731,1,44.4
SHP100154,Rotterdam,London,UPS,Sea,2023-10-30,2023-11-18,19,22,Out for Delivery,3897.74,1,0,Snow,5.5,3,3,Natural Disaster,10.34,0.926,0.274,0.42,1.0,1,71.1
SHP100155,Shanghai,Tokyo,XPO Logistics,Sea,2024-04-20,2024-05-11,21,9,Delayed,1643.64,2,1,Heavy Rain,4.93,3,3,Traffic Jam,4.26,0.811,0.037,0.13,0.7447,1,68.5
SHP100156,Los Angeles,Singapore,FedEx,Road,2024-02-15,2024-02-22,7,11,Out for Delivery,2080.43,1,1,Rain,2.15,7,3,None,0.2,0.941,0.042,0.14,0.5066,1,39.6
SHP100157,Dubai,Sydney,DHL,Rail,2024-12-01,2024-12-09,8,6,Out for Delivery,1120.31,5,0,Fog,4.15,2,10,None,0.18,0.883,0.312,0.35,0.8367,1,44.1
SHP100158,Dubai,Singapore,DB Schenker,Air,2024-05-08,2024-05-12,4,9,Delayed,1204.84,3,0,Snow,5.66,4,8,Port Strike,9.37,0.897,0.048,0.15,1.0,1,10.5
SHP100159,Hamburg,Chicago,XPO Logistics,Rail,2023-03-22,2023-03-30,8,13,Delayed,3959.02,1,0,Blizzard,9.48,2,1,Port Strike,8.91,0.813,0.232,0.14,1.0,1,86.1
SHP100160,Rotterdam,London,XPO Logistics,Rail,2023-08-17,2023-08-29,12,14,Out for Delivery,1869.76,5,0,Heavy Rain,4.72,4,9,None,0.13,0.855,0.324,0.22,0.907,1,9.2
SHP100161,Hamburg,Sydney,DHL,Rail,2023-07-20,2023-07-30,10,14,In Transit,2287.21,4,0,Heavy Rain,4.84,5,2,Equipment Failure,6.13,0.896,0.275,0.12,0.8952,1,83.0
SHP100162,Shanghai,Chicago,XPO Logistics,Air,2024-05-09,2024-05-12,3,6,At Port,1989.65,3,0,Storm,7.82,4,4,Equipment Failure,6.11,0.815,0.283,0.25,1.0,1,93.3
SHP100163,Mumbai,London,DHL,Rail,2023-11-03,2023-11-13,10,6,At Port,3471.71,5,0,Snow,5.85,3,9,Equipment Failure,6.15,0.878,0.384,0.44,1.0,1,69.9
SHP100164,Los Angeles,Chicago,Maersk,Rail,2023-01-14,2023-01-23,9,0,At Port,1020.4,3,0,Heavy Rain,5.25,3,1,Natural Disaster,10.18,0.844,0.076,0.44,1.0,1,38.3
SHP100165,Mumbai,New York,DB Schenker,Sea,2024-06-07,2024-06-26,19,13,At Port,4557.48,2,0,Storm,7.81,3,8,Port Strike,8.75,0.923,0.256,0.1,0.8653,1,64.0
SHP100166,Rotterdam,Singapore,DB Schenker,Sea,2023-07-01,2023-07-24,23,3,Customs Hold,200.18,2,0,Heavy Rain,5.06,4,8,Natural Disaster,10.35,0.855,0.022,0.16,0.854,1,51.0
SHP100167,Dubai,Chicago,XPO Logistics,Road,2024-07-17,2024-07-25,8,3,Delayed,3316.84,2,0,Blizzard,9.29,7,4,Equipment Failure,6.04,0.853,0.055,0.25,0.9753,1,37.5
SHP100168,Hamburg,Chicago,DB Schenker,Rail,2023-04-28,2023-05-08,10,1,At Port,2571.79,3,1,Blizzard,9.42,2,9,None,0.04,0.863,0.127,0.24,0.6871,1,34.2
SHP100169,Los Angeles,Singapore,DHL,Road,2023-06-21,2023-06-27,6,10,At Port,2296.4,1,0,Clear,0.04,9,3,None,0.44,0.882,0.304,0.33,0.9566,1,9.0
SHP100170,Shanghai,New York,DHL,Road,2023-08-22,2023-08-31,9,10,At Port,3504.56,1,0,Clear,0.0,6,10,Equipment Failure,6.14,0.876,0.255,0.35,1.0,1,38.2
SHP100171,Rotterdam,New York,UPS,Road,2024-03-24,2024-03-27,3,2,At Port,2767.84,1,0,Clear,0.0,8,6,Traffic Jam,3.64,0.899,0.277,0.44,0.9635,1,16.5
SHP100172,Shanghai,Chicago,DB Schenker,Rail,2023-11-09,2023-11-22,13,16,At Port,2306.6,5,0,Fog,4.12,4,1,None,0.0,0.878,0.324,0.17,0.8028,1,25.8
SHP100173,Shanghai,Tokyo,FedEx,Sea,2024-01-01,2024-01-26,25,19,At Port,1822.78,5,0,Storm,7.99,5,10,Traffic Jam,3.81,0.932,0.242,0.32,0.9764,1,90.1
SHP100174,Hamburg,New York,UPS,Sea,2023-10-11,2023-11-02,22,14,Customs Hold,982.56,5,0,Snow,5.99,3,3,Natural Disaster,10.11,0.877,0.34,0.16,1.0,1,71.5
SHP100175,Shanghai,Chicago,XPO Logistics,Air,2024-08-27,2024-08-30,3,8,At Port,2505.87,4,0,Fog,3.87,2,3,Natural Disaster,10.09,0.796,0.346,0.41,1.0,1,41.7
SHP100176,Rotterdam,New York,XPO Logistics,Sea,2024-06-10,2024-07-12,32,36,At Port,1322.15,1,0,Snow,6.47,6,4,Port Strike,8.54,0.858,0.309,0.43,1.0,1,9.9
SHP100177,Hamburg,Chicago,UPS,Rail,2023-02-10,2023-02-21,11,5,Delayed,1764.81,4,0,Storm,8.09,2,9,None,0.0,0.896,0.365,0.28,0.8828,1,44.0
SHP100178,Mumbai,Chicago,FedEx,Sea,2023-03-20,2023-04-13,24,5,Delayed,1053.91,4,0,Rain,1.62,4,8,Port Strike,8.83,0.899,0.063,0.25,0.796,1,51.1
SHP100179,Mumbai,New York,DHL,Air,2023-06-14,2023-06-17,3,0,Customs Hold,1083.36,1,1,Fog,4.02,4,5,Equipment Failure,6.06,0.913,0.027,0.31,0.797,1,67.0
SHP100180,Hamburg,London,Maersk,Sea,2024-09-30,2024-10-23,23,19,At Port,3027.75,2,0,Blizzard,8.89,3,7,Port Strike,9.02,0.838,0.366,0.1,1.0,1,48.8
SHP100181,Rotterdam,Chicago,FedEx,Air,2024-09-09,2024-09-11,2,0,In Transit,2127.73,1,0,Storm,8.44,4,10,Port Strike,8.88,0.913,0.244,0.2,0.9104,1,44.6
SHP100182,Hamburg,New York,UPS,Rail,2023-01-08,2023-01-21,13,6,Out for Delivery,2823.57,4,0,Rain,1.86,3,9,None,0.09,0.903,0.119,0.25,0.5107,1,48.7
SHP100183,Mumbai,London,Maersk,Rail,2024-07-22,2024-08-03,12,12,Customs Hold,2003.1,5,0,Heavy Rain,5.16,3,4,Equipment Failure,6.2,0.846,0.081,0.26,0.8257,1,64.5
SHP100184,Rotterdam,Singapore,XPO Logistics,Air,2023-04-04,2023-04-07,3,1,Customs Hold,287.79,5,0,Storm,8.11,4,5,None,0.0,0.828,0.269,0.43,1.0,1,63.6
SHP100185,Mumbai,New York,DHL,Road,2024-06-06,2024-06-09,3,3,Customs Hold,2588.95,2,0,Clear,0.0,8,10,Equipment Failure,5.85,0.859,0.17,0.37,0.9008,1,79.9
SHP100186,Rotterdam,Tokyo,XPO Logistics,Road,2023-08-20,2023-08-29,9,4,Out for Delivery,4065.83,5,0,Blizzard,9.06,8,5,Traffic Jam,3.62,0.841,0.215,0.22,1.0,1,68.5
SHP100187,Mumbai,Chicago,Maersk,Sea,2024-11-28,2024-12-16,18,8,Out for Delivery,3504.24,1,0,Blizzard,9.49,4,9,Natural Disaster,9.91,0.876,0.154,0.38,1.0,1,28.3
SHP100188,Shanghai,Sydney,XPO Logistics,Road,2024-05-02,2024-05-08,6,2,In Transit,1146.42,2,0,Fog,4.41,9,5,Port Strike,8.73,0.859,0.112,0.36,1.0,1,81.3
SHP100189,Los Angeles,London,FedEx,Air,2024-09-20,2024-09-22,2,5,In Transit,1110.85,4,0,Snow,6.49,3,5,Natural Disaster,10.48,0.903,0.368,0.27,1.0,1,10.9
SHP100190,Mumbai,Sydney,DB Schenker,Air,2023-06-28,2023-07-03,5,0,At Port,1347.41,2,0,Heavy Rain,5.08,3,5,Natural Disaster,10.36,0.884,0.091,0.3,0.9129,1,35.5
SHP100191,Mumbai,Sydney,DHL,Rail,2023-10-14,2023-10-24,10,3,Out for Delivery,883.45,1,1,Heavy Rain,5.06,5,8,Natural Disaster,10.3,0.883,0.301,0.3,1.0,1,18.1
SHP100192,Dubai,Chicago,DB Schenker,Road,2024-07-29,2024-08-02,4,0,Delayed,4659.26,5,0,Heavy Rain,5.34,6,9,Traffic Jam,3.83,0.873,0.157,0.26,0.8453,1,31.3
SHP100193,Mumbai,New York,UPS,Sea,2023-06-28,2023-07-27,29,31,At Port,3156.55,4,1,Fog,3.58,5,6,Equipment Failure,6.46,0.913,0.35,0.26,0.9567,1,78.8
SHP100194,Shanghai,New York,DHL,Road,2024-10-30,2024-11-08,9,14,Customs Hold,4702.22,3,0,Heavy Rain,4.86,9,4,Traffic Jam,3.68,0.853,0.029,0.35,1.0,1,25.0
SHP100195,Mumbai,New York,FedEx,Air,2023-01-27,2023-02-01,5,4,Delayed,2633.95,2,0,Fog,4.43,4,3,None,0.0,0.914,0.128,0.21,0.6074,1,5.2
SHP100196,Dubai,Tokyo,UPS,Rail,2023-10-06,2023-10-20,14,18,Delayed,2061.31,3,0,Blizzard,9.03,4,5,Equipment Failure,5.73,0.884,0.054,0.27,1.0,1,33.3
SHP100197,Shanghai,Chicago,DHL,Road,2023-01-09,2023-01-16,7,12,Out for Delivery,1249.86,4,1,Storm,7.73,6,7,Equipment Failure,5.69,0.875,0.355,0.29,1.0,1,80.6
SHP100198,Hamburg,Tokyo,FedEx,Rail,2023-10-06,2023-10-19,13,6,Customs Hold,97.47,3,0,Fog,3.79,5,4,Equipment Failure,5.77,0.928,0.257,0.32,0.8789,1,82.0
SHP100199,Shanghai,London,FedEx,Road,2023-01-09,2023-01-14,5,7,Out for Delivery,4217.81,1,0,Rain,2.29,9,6,Natural Disaster,9.96,0.924,0.321,0.45,1.0,1,11.0
SHP100200,Mumbai,New York,DB Schenker,Rail,2024-01-26,2024-02-08,13,14,Customs Hold,793.48,3,0,Rain,1.7,2,5,Traffic Jam,4.48,0.871,0.2,0.28,0.9435,1,68.9
SHP100201,Rotterdam,Chicago,FedEx,Road,2023-07-23,2023-07-29,6,3,Delayed,3917.48,5,1,Snow,5.67,8,1,Traffic Jam,3.9,0.908,0.112,0.2,0.7723,1,52.5
SHP100202,Hamburg,Tokyo,FedEx,Sea,2024-09-25,2024-10-14,19,20,Customs Hold,3666.08,4,0,Storm,7.61,6,6,None,0.48,0.934,0.32,0.18,0.885,1,60.2
SHP100203,Los Angeles,Singapore,DHL,Road,2024-07-26,2024-08-05,10,5,In Transit,1835.88,5,0,Storm,7.97,7,5,Natural Disaster,9.66,0.873,0.132,0.12,0.9778,1,74.1
SHP100204,Rotterdam,Sydney,XPO Logistics,Sea,2024-09-27,2024-10-25,28,24,In Transit,2616.24,1,0,Fog,4.27,4,2,Traffic Jam,3.82,0.841,0.264,0.31,1.0,1,9.9
SHP100205,Hamburg,London,FedEx,Sea,2023-04-12,2023-05-12,30,16,In Transit,4005.2,4,0,Storm,8.22,3,2,Port Strike,8.71,0.933,0.207,0.1,0.8559,1,32.9
SHP100206,Dubai,Sydney,UPS,Air,2023-02-11,2023-02-13,2,1,At Port,3746.1,5,1,Heavy Rain,4.89,2,3,Equipment Failure,5.75,0.922,0.258,0.28,0.8629,1,63.1
SHP100207,Dubai,Chicago,UPS,Rail,2023-07-04,2023-07-13,9,8,Delayed,4130.86,4,0,Clear,0.0,4,7,Port Strike,9.5,0.932,0.341,0.29,0.9527,1,57.9
SHP100208,Rotterdam,Chicago,DHL,Rail,2024-01-04,2024-01-11,7,11,At Port,4278.67,2,0,Snow,5.52,3,4,Traffic Jam,3.8,0.906,0.134,0.2,0.8218,1,62.0
SHP100209,Dubai,Tokyo,DB Schenker,Sea,2023-12-31,2024-01-22,22,18,In Transit,864.93,4,0,Clear,0.0,6,6,Natural Disaster,9.72,0.87,0.049,0.3,0.9302,1,55.4
SHP100210,Los Angeles,New York,XPO Logistics,Rail,2023-12-09,2023-12-17,8,13,In Transit,1596.92,1,0,Blizzard,9.35,2,9,None,0.13,0.834,0.041,0.32,0.8539,1,30.2
SHP100211,Dubai,London,DHL,Air,2024-08-12,2024-08-14,2,6,Delayed,3810.28,2,1,Storm,7.98,1,7,Equipment Failure,5.76,0.901,0.171,0.29,1.0,1,56.3
SHP100212,Mumbai,Sydney,XPO Logistics,Sea,2023-09-10,2023-09-30,20,10,At Port,3848.52,1,0,Fog,3.61,6,10,Equipment Failure,5.85,0.82,0.142,0.3,0.9172,1,87.0
SHP100213,Rotterdam,Sydney,DB Schenker,Sea,2023-07-24,2023-08-15,22,23,Delayed,114.23,4,0,Clear,0.43,5,8,Port Strike,9.19,0.916,0.062,0.1,0.7234,1,52.5
SHP100214,Hamburg,London,DB Schenker,Road,2023-05-25,2023-05-28,3,2,At Port,3315.08,3,0,Storm,8.2,8,7,Equipment Failure,6.15,0.882,0.023,0.1,0.8491,1,71.1
SHP100215,Shanghai,Tokyo,XPO Logistics,Rail,2023-04-12,2023-04-21,9,3,Customs Hold,3722.08,4,0,Storm,8.43,2,8,Equipment Failure,6.42,0.808,0.136,0.11,0.8637,1,32.1
SHP100216,Los Angeles,Tokyo,XPO Logistics,Road,2023-03-05,2023-03-08,3,4,Customs Hold,2086.96,2,0,Fog,3.89,7,10,Traffic Jam,3.88,0.833,0.385,0.25,1.0,1,44.4
SHP100217,Los Angeles,Chicago,UPS,Rail,2024-10-30,2024-11-08,9,4,At Port,1587.82,2,0,Rain,2.41,5,10,Port Strike,9.48,0.894,0.075,0.45,0.9231,1,20.8
SHP100218,Hamburg,Singapore,FedEx,Road,2024-03-29,2024-04-04,6,2,Delayed,1796.63,1,1,Storm,8.11,8,4,Traffic Jam,4.11,0.934,0.247,0.31,1.0,1,18.1
SHP100219,Rotterdam,Sydney,XPO Logistics,Road,2024-05-18,2024-05-23,5,3,Customs Hold,331.15,2,1,Blizzard,8.52,8,4,Natural Disaster,9.72,0.863,0.275,0.43,1.0,1,84.0
SHP100220,Mumbai,Singapore,UPS,Rail,2023-02-12,2023-02-27,15,16,Customs Hold,2689.58,5,0,Storm,7.54,2,4,Natural Disaster,10.33,0.89,0.036,0.26,0.9376,1,52.7
SHP100221,Rotterdam,Singapore,FedEx,Sea,2023-11-08,2023-12-10,32,18,Out for Delivery,899.27,1,0,Storm,8.02,4,9,Natural Disaster,10.15,0.915,0.054,0.26,0.9546,1,39.5
SHP100222,Los Angeles,Sydney,FedEx,Sea,2024-04-10,2024-05-06,26,7,Delayed,4748.79,5,1,Fog,4.13,3,9,Port Strike,8.88,0.946,0.321,0.28,0.9542,1,53.0
SHP100223,Shanghai,London,UPS,Sea,2023-07-03,2023-08-03,31,28,Customs Hold,2717.73,4,0,Blizzard,9.4,4,8,Port Strike,9.27,0.907,0.025,0.1,0.896,1,54.4
SHP100224,Mumbai,London,DHL,Rail,2023-03-23,2023-04-07,15,6,Delayed,1655.89,3,0,Storm,8.15,2,10,Natural Disaster,9.53,0.901,0.24,0.15,0.9402,1,9.8
SHP100225,Mumbai,London,DHL,Road,2024-08-09,2024-08-17,8,1,At Port,610.56,2,0,Snow,6.4,6,8,Equipment Failure,6.34,0.892,0.045,0.37,0.8875,1,31.6
SHP100226,Mumbai,Chicago,DHL,Sea,2024-08-08,2024-09-10,33,38,At Port,4040.0,4,0,Clear,0.08,5,8,None,0.11,0.899,0.209,0.42,0.7775,1,54.2
SHP100227,Hamburg,New York,FedEx,Air,2023-08-01,2023-08-06,5,5,Delayed,2750.19,5,0,Snow,5.51,2,5,None,0.0,0.894,0.046,0.34,0.6834,1,11.1
SHP100228,Los Angeles,Tokyo,Maersk,Air,2023-12-13,2023-12-18,5,7,Customs Hold,1497.07,5,0,Rain,2.37,3,1,Traffic Jam,4.31,0.862,0.373,0.25,1.0,1,56.0
SHP100229,Shanghai,London,DB Schenker,Road,2023-10-15,2023-10-24,9,13,Out for Delivery,1357.85,1,0,Clear,0.0,6,6,Port Strike,9.25,0.884,0.288,0.4,1.0,1,50.7
SHP100230,Hamburg,Tokyo,Maersk,Road,2023-06-29,2023-07-02,3,1,Customs Hold,3877.78,3,0,Fog,3.98,7,9,Traffic Jam,4.42,0.846,0.298,0.17,0.8993,1,67.7
SHP100231,Shanghai,Chicago,XPO Logistics,Sea,2024-04-15,2024-05-19,34,19,Customs Hold,2888.01,1,0,Snow,6.09,3,5,None,0.39,0.858,0.059,0.22,0.6357,1,40.4
SHP100232,Hamburg,Tokyo,DHL,Sea,2023-11-23,2023-12-14,21,5,Out for Delivery,2870.63,3,0,Heavy Rain,5.12,3,3,Equipment Failure,5.85,0.889,0.141,0.17,0.7363,1,9.1
SHP100233,Rotterdam,Tokyo,DB Schenker,Rail,2024-04-27,2024-05-04,7,1,In Transit,4868.42,1,1,Rain,2.1,5,9,None,0.0,0.859,0.331,0.32,0.8018,1,45.8
SHP100234,Shanghai,Singapore,Maersk,Air,2024-04-26,2024-04-29,3,5,Delayed,2306.48,4,0,Heavy Rain,5.17,3,6,Natural Disaster,9.53,0.826,0.201,0.26,1.0,1,31.4
SHP100235,Los Angeles,Chicago,DB Schenker,Sea,2023-04-20,2023-05-25,35,34,At Port,4069.67,2,1,Clear,0.0,4,6,Natural Disaster,10.47,0.844,0.166,0.29,1.0,1,76.6
SHP100236,Mumbai,Chicago,UPS,Sea,2024-08-10,2024-08-31,21,17,Customs Hold,2471.73,3,0,Snow,5.81,6,7,None,0.0,0.928,0.329,0.12,0.751,1,10.6
SHP100237,Hamburg,Chicago,XPO Logistics,Air,2024-04-08,2024-04-12,4,3,Customs Hold,2913.84,1,1,Snow,6.07,3,6,Port Strike,9.44,0.823,0.293,0.42,1.0,1,82.3
SHP100238,Los Angeles,New York,UPS,Air,2024-01-03,2024-01-05,2,6,In Transit,695.77,4,1,Snow,5.82,4,3,Equipment Failure,5.94,0.904,0.1,0.24,1.0,1,81.9
SHP100239,Los Angeles,Sydney,DHL,Road,2023-03-15,2023-03-25,10,4,Customs Hold,2272.24,2,1,Rain,1.92,9,10,None,0.2,0.915,0.374,0.41,0.9571,1,53.3
SHP100240,Mumbai,Sydney,UPS,Sea,2023-01-08,2023-02-02,25,29,Customs Hold,3651.06,2,0,Storm,8.48,6,2,Equipment Failure,5.61,0.892,0.203,0.3,1.0,1,47.8
SHP100241,Shanghai,Chicago,DB Schenker,Air,2024-12-01,2024-12-05,4,0,Customs Hold,177.11,2,0,Storm,7.97,3,5,None,0.46,0.846,0.323,0.25,0.8601,1,61.4
SHP100242,Rotterdam,Tokyo,FedEx,Rail,2023-02-22,2023-03-08,14,2,At Port,3019.31,1,0,Rain,2.28,4,1,Equipment Failure,5.78,0.926,0.346,0.15,0.741,1,48.4
SHP100243,Los Angeles,London,UPS,Sea,2023-02-03,2023-02-23,20,15,Delayed,3211.48,1,0,Rain,1.88,6,6,Equipment Failure,5.67,0.91,0.24,0.35,0.8915,1,9.6
SHP100244,Mumbai,Sydney,Maersk,Road,2023-08-28,2023-09-07,10,4,Delayed,4588.6,1,0,Snow,5.79,9,1,Equipment Failure,5.82,0.829,0.221,0.3,1.0,1,92.1
SHP100245,Mumbai,Chicago,XPO Logistics,Road,2023-04-11,2023-04-21,10,6,Out for Delivery,488.94,4,0,Heavy Rain,5.49,8,1,Traffic Jam,4.17,0.8,0.336,0.29,1.0,1,67.7
SHP100246,Los Angeles,London,XPO Logistics,Road,2023-01-25,2023-01-31,6,11,Out for Delivery,3478.42,1,0,Rain,2.1,9,3,None,0.4,0.838,0.235,0.33,1.0,1,32.5
SHP100247,Dubai,New York,XPO Logistics,Rail,2024-11-14,2024-11-22,8,4,Out for Delivery,4897.12,4,0,Blizzard,8.83,2,2,Natural Disaster,10.31,0.833,0.088,0.19,0.9659,1,58.8
SHP100248,Hamburg,Singapore,Maersk,Air,2023-08-12,2023-08-14,2,0,Customs Hold,3323.2,1,0,Fog,3.75,4,1,Natural Disaster,10.0,0.873,0.268,0.11,0.878,1,17.2
SHP100249,Los Angeles,Sydney,DB Schenker,Air,2024-05-04,2024-05-09,5,3,At Port,2003.37,3,0,Snow,6.32,4,6,Natural Disaster,10.04,0.92,0.397,0.14,1.0,1,38.9
SHP100250,Los Angeles,New York,Maersk,Road,2023-02-10,2023-02-17,7,1,Customs Hold,2446.42,2,0,Rain,1.58,9,10,Equipment Failure,5.64,0.837,0.093,0.36,0.9035,1,69.9
SHP100251,Dubai,Tokyo,Maersk,Rail,2023-02-27,2023-03-07,8,3,In Transit,3269.33,4,1,Clear,0.0,3,3,Traffic Jam,3.73,0.86,0.047,0.36,0.6306,1,55.3
SHP100252,Rotterdam,New York,DHL,Sea,2023-11-11,2023-12-13,32,6,In Transit,604.45,3,0,Rain,2.12,3,7,None,0.0,0.91,0.328,0.38,0.7759,1,27.1
SHP100253,Hamburg,New York,DB Schenker,Sea,2023-10-08,2023-11-08,31,35,Out for Delivery,4398.19,1,0,Clear,0.08,4,3,None,0.35,0.878,0.253,0.13,0.6326,1,4.2
SHP100254,Hamburg,New York,XPO Logistics,Road,2023-05-10,2023-05-17,7,7,Delayed,1739.59,3,0,Snow,6.11,6,2,Natural Disaster,10.22,0.79,0.253,0.31,1.0,1,56.2
SHP100255,Hamburg,New York,DB Schenker,Air,2024-06-03,2024-06-06,3,0,At Port,1425.68,3,1,Heavy Rain,5.19,4,1,Equipment Failure,5.66,0.882,0.371,0.27,1.0,1,28.6
SHP100256,Rotterdam,Sydney,FedEx,Air,2023-06-11,2023-06-13,2,3,In Transit,1139.3,3,0,Fog,3.83,2,2,Port Strike,9.4,0.915,0.107,0.36,0.9504,1,68.8
SHP100257,Hamburg,Sydney,DHL,Air,2023-02-25,2023-03-02,5,2,Delayed,1403.38,1,0,Fog,4.22,3,10,Natural Disaster,9.7,0.882,0.068,0.44,1.0,1,82.6
SHP100258,Mumbai,Sydney,DHL,Road,2023-06-10,2023-06-16,6,6,Customs Hold,1636.82,2,0,Heavy Rain,5.5,9,4,Equipment Failure,5.78,0.904,0.297,0.3,1.0,1,86.3
SHP100259,Rotterdam,London,DB Schenker,Air,2024-04-26,2024-04-28,2,1,Delayed,1195.69,3,0,Clear,0.06,1,6,None,0.0,0.856,0.103,0.34,0.5868,1,4.4
SHP100260,Dubai,Tokyo,DHL,Rail,2023-01-25,2023-02-07,13,5,At Port,164.05,5,1,Snow,5.96,2,6,Equipment Failure,5.57,0.895,0.36,0.4,1.0,1,73.8
SHP100261,Dubai,Chicago,DB Schenker,Sea,2023-02-26,2023-03-17,19,11,In Transit,2698.4,2,1,Fog,3.87,3,6,Traffic Jam,4.27,0.864,0.073,0.3,0.7837,1,56.7
SHP100262,Rotterdam,Singapore,DHL,Sea,2024-05-30,2024-06-25,26,23,Out for Delivery,3104.95,4,0,Heavy Rain,5.03,3,5,Traffic Jam,4.03,0.877,0.334,0.26,0.9812,1,22.5
SHP100263,Mumbai,New York,FedEx,Rail,2023-04-22,2023-05-01,9,7,Customs Hold,1733.83,4,1,Heavy Rain,5.45,2,3,None,0.47,0.928,0.226,0.2,0.6711,1,48.6
SHP100264,Shanghai,Tokyo,DHL,Air,2024-06-16,2024-06-20,4,7,In Transit,3946.44,2,0,Blizzard,9.34,4,5,Port Strike,9.07,0.864,0.361,0.26,1.0,1,49.6
SHP100265,Los Angeles,New York,DHL,Road,2024-09-25,2024-10-02,7,2,Out for Delivery,2204.72,2,0,Storm,8.17,7,10,Port Strike,8.62,0.906,0.398,0.16,1.0,1,22.6
SHP100266,Rotterdam,Singapore,FedEx,Road,2024-04-04,2024-04-11,7,0,Out for Delivery,1656.74,5,0,Rain,1.65,9,9,Traffic Jam,3.66,0.901,0.389,0.42,1.0,1,48.7
SHP100267,Los Angeles,Chicago,XPO Logistics,Sea,2023-12-13,2024-01-15,33,35,At Port,2632.41,5,0,Snow,6.12,4,4,Natural Disaster,9.59,0.833,0.041,0.26,1.0,1,23.6
SHP100268,Shanghai,Chicago,Maersk,Air,2024-05-17,2024-05-21,4,6,At Port,438.45,5,1,Storm,7.87,3,8,Port Strike,8.84,0.873,0.137,0.1,1.0,1,72.7
SHP100269,Mumbai,Sydney,UPS,Sea,2023-05-23,2023-06-14,22,15,Delayed,2779.29,2,0,Snow,5.84,6,7,Natural Disaster,9.91,0.934,0.367,0.3,1.0,1,23.9
SHP100270,Mumbai,Tokyo,DB Schenker,Rail,2024-08-22,2024-09-01,10,0,In Transit,4534.01,4,0,Blizzard,8.8,5,3,Traffic Jam,4.17,0.873,0.129,0.14,0.7562,1,6.5
SHP100271,Los Angeles,Sydney,FedEx,Road,2024-03-22,2024-03-26,4,8,At Port,264.92,2,0,Storm,7.76,6,6,Equipment Failure,5.96,0.92,0.283,0.15,1.0,1,43.8
SHP100272,Los Angeles,New York,UPS,Road,2024-06-10,2024-06-14,4,8,At Port,1758.47,5,0,Snow,6.34,8,9,None,0.2,0.902,0.158,0.2,0.9278,1,6.6
SHP100273,Rotterdam,Tokyo,UPS,Rail,2023-04-15,2023-04-25,10,3,Delayed,4085.28,2,0,Heavy Rain,4.62,3,6,Port Strike,8.98,0.871,0.138,0.42,1.0,1,21.5
SHP100274,Los Angeles,New York,XPO Logistics,Air,2023-08-21,2023-08-25,4,1,Customs Hold,3965.38,1,0,Rain,1.61,1,2,Port Strike,9.26,0.8,0.036,0.37,0.933,1,45.0
SHP100275,Los Angeles,New York,FedEx,Road,2023-05-07,2023-05-12,5,0,In Transit,2524.79,2,0,Blizzard,9.44,8,10,None,0.36,0.953,0.317,0.22,0.8704,1,13.0
SHP100276,Rotterdam,New York,DB Schenker,Sea,2024-07-04,2024-07-25,21,22,Customs Hold,1138.16,5,0,Heavy Rain,4.69,3,4,Port Strike,8.85,0.839,0.164,0.16,0.9592,1,71.5
SHP100277,Los Angeles,New York,Maersk,Air,2024-01-05,2024-01-09,4,5,At Port,4924.82,3,1,Rain,1.96,3,7,Natural Disaster,10.34,0.83,0.106,0.34,1.0,1,23.0
SHP100278,Shanghai,Sydney,XPO Logistics,Road,2024-11-19,2024-11-29,10,2,Customs Hold,1693.49,2,1,Clear,0.2,6,6,Natural Disaster,10.39,0.845,0.084,0.36,0.9876,1,16.8
SHP100279,Mumbai,Singapore,Maersk,Road,2024-10-21,2024-10-31,10,15,At Port,498.47,1,0,Fog,3.95,6,3,Traffic Jam,4.0,0.839,0.259,0.19,0.9797,1,79.1
SHP100280,Mumbai,Singapore,FedEx,Sea,2023-06-06,2023-06-27,21,24,Delayed,88.84,5,0,Fog,3.79,6,9,Traffic Jam,3.76,0.898,0.151,0.27,0.8655,1,82.4
SHP100281,Shanghai,Sydney,Maersk,Road,2023-02-06,2023-02-13,7,7,Delayed,2349.36,5,0,Storm,7.89,6,9,Natural Disaster,9.99,0.834,0.23,0.3,1.0,1,51.6
SHP100282,Mumbai,Tokyo,Maersk,Rail,2023-10-19,2023-10-26,7,2,At Port,4959.73,3,1,Snow,6.24,2,7,Traffic Jam,4.13,0.86,0.165,0.37,0.8715,1,32.8
SHP100283,Dubai,London,DHL,Sea,2023-03-09,2023-03-30,21,0,Out for Delivery,111.67,5,0,Fog,4.16,6,8,None,0.4,0.885,0.121,0.3,0.6832,1,27.3
SHP100284,Mumbai,Tokyo,DB Schenker,Air,2023-12-11,2023-12-16,5,9,Delayed,4981.14,3,1,Clear,0.0,1,1,Port Strike,9.04,0.854,0.129,0.39,1.0,1,78.4
SHP100285,Rotterdam,Singapore,FedEx,Air,2023-03-10,2023-03-15,5,1,At Port,2577.09,5,0,Heavy Rain,5.3,4,5,Traffic Jam,3.81,0.91,0.177,0.33,0.7898,1,67.4
SHP100286,Dubai,Singapore,DB Schenker,Sea,2024-11-07,2024-12-03,26,12,At Port,4229.91,2,0,Storm,7.65,5,2,Port Strike,8.91,0.863,0.347,0.15,1.0,1,80.1
SHP100287,Dubai,London,UPS,Sea,2023-06-03,2023-06-21,18,14,Delayed,880.34,5,0,Rain,1.92,3,5,None,0.0,0.849,0.031,0.17,0.5329,1,49.4
SHP100288,Mumbai,New York,FedEx,Air,2023-03-07,2023-03-12,5,2,Out for Delivery,2482.51,3,0,Fog,4.0,1,9,Traffic Jam,4.33,0.922,0.381,0.28,0.8793,1,24.1
SHP100289,Shanghai,Tokyo,UPS,Rail,2023-05-28,2023-06-08,11,14,Customs Hold,4816.6,2,0,Storm,7.56,4,8,Port Strike,8.61,0.877,0.227,0.34,1.0,1,38.7
SHP100290,Dubai,Tokyo,UPS,Air,2024-11-18,2024-11-21,3,5,At Port,1504.79,3,0,Clear,0.03,2,7,None,0.0,0.935,0.366,0.4,0.7903,1,25.9
SHP100291,Hamburg,Sydney,XPO Logistics,Road,2023-10-08,2023-10-18,10,10,Delayed,3689.06,5,1,Blizzard,9.32,7,10,None,0.01,0.822,0.154,0.34,0.9711,1,66.6
SHP100292,Shanghai,Singapore,XPO Logistics,Sea,2023-01-04,2023-01-28,24,18,Delayed,2392.09,4,0,Blizzard,9.02,4,6,Port Strike,9.19,0.84,0.321,0.4,1.0,1,29.5
SHP100293,Dubai,Chicago,UPS,Road,2024-01-12,2024-01-21,9,0,Customs Hold,2005.47,1,1,Clear,0.15,7,3,Natural Disaster,10.47,0.953,0.095,0.42,0.8573,1,51.5
SHP100294,Hamburg,New York,UPS,Sea,2024-06-22,2024-07-24,32,14,At Port,1078.23,5,0,Clear,0.36,5,4,None,0.0,0.907,0.069,0.2,0.4404,0,0.0
SHP100295,Dubai,Singapore,DHL,Rail,2023-01-30,2023-02-13,14,7,Customs Hold,3566.82,2,1,Storm,7.96,2,7,Port Strike,9.37,0.869,0.39,0.15,1.0,1,72.2
SHP100296,Los Angeles,New York,FedEx,Air,2024-04-27,2024-05-01,4,8,In Transit,849.75,3,1,Heavy Rain,4.89,3,3,Port Strike,9.39,0.908,0.036,0.15,0.874,1,78.4
SHP100297,Mumbai,London,FedEx,Road,2023-09-24,2023-09-27,3,7,At Port,1565.4,5,0,Storm,8.25,9,5,Port Strike,9.38,0.946,0.253,0.2,1.0,1,34.4
SHP100298,Mumbai,London,DB Schenker,Rail,2023-02-25,2023-03-11,14,8,In Transit,2465.2,4,0,Rain,1.62,5,8,Port Strike,8.86,0.882,0.289,0.11,0.8871,1,15.2
SHP100299,Shanghai,London,UPS,Sea,2023-10-07,2023-10-25,18,2,Customs Hold,2951.9,3,0,Snow,5.59,5,7,Equipment Failure,6.18,0.911,0.279,0.11,0.8331,1,67.8
SHP100300,Hamburg,New York,FedEx,Rail,2024-08-31,2024-09-14,14,10,Delayed,3719.13,1,1,Storm,8.41,3,6,Traffic Jam,3.55,0.999,0.265,0.17,0.6834,1,9.8
SHP100301,Los Angeles,London,DHL,Rail,2023-06-16,2023-06-25,9,1,In Transit,2563.51,3,1,Clear,0.24,4,2,Port Strike,9.1,0.879,0.156,0.42,0.9953,1,45.9
SHP100302,Mumbai,Sydney,UPS,Rail,2024-01-13,2024-01-21,8,0,In Transit,2341.36,3,0,Blizzard,9.18,3,2,Natural Disaster,10.03,0.856,0.266,0.3,1.0,1,87.6
SHP100303,Mumbai,Tokyo,DHL,Sea,2024-06-19,2024-07-16,27,4,Out for Delivery,1274.67,3,0,Blizzard,9.01,6,5,Port Strike,9.16,0.911,0.236,0.13,0.9451,1,71.1
SHP100304,Shanghai,New York,XPO Logistics,Rail,2024-02-07,2024-02-18,11,10,Customs Hold,391.56,2,0,Blizzard,9.17,4,4,Port Strike,9.42,0.811,0.328,0.35,1.0,1,84.4
SHP100305,Shanghai,Sydney,DB Schenker,Air,2023-01-14,2023-01-17,3,7,In Transit,4079.93,1,0,Storm,8.12,4,4,None,0.0,0.858,0.071,0.38,1.0,1,83.3
SHP100306,Hamburg,Sydney,XPO Logistics,Sea,2023-07-15,2023-08-11,27,30,Customs Hold,1007.09,2,1,Storm,8.4,6,10,Equipment Failure,5.97,0.821,0.347,0.44,1.0,1,10.6
SHP100307,Shanghai,New York,XPO Logistics,Rail,2024-08-15,2024-08-28,13,15,Delayed,2766.5,3,0,Blizzard,9.44,5,10,Natural Disaster,9.56,0.798,0.027,0.35,1.0,1,86.4
SHP100308,Mumbai,Sydney,FedEx,Rail,2024-04-04,2024-04-15,11,6,At Port,4415.93,2,1,Snow,6.01,4,8,Traffic Jam,4.35,0.899,0.292,0.3,0.9512,1,87.9
SHP100309,Dubai,Singapore,XPO Logistics,Road,2024-09-28,2024-10-02,4,2,Delayed,4996.31,1,0,Blizzard,8.99,9,9,Port Strike,8.99,0.835,0.109,0.15,1.0,1,85.3
SHP100310,Los Angeles,Singapore,DHL,Sea,2023-12-12,2024-01-02,21,17,At Port,3021.65,5,0,Clear,0.0,5,3,None,0.27,0.893,0.232,0.37,0.7826,1,54.5
SHP100311,Mumbai,Sydney,FedEx,Air,2024-07-29,2024-07-31,2,1,At Port,3235.64,2,0,Fog,3.66,3,2,None,0.26,0.95,0.209,0.3,0.5704,1,45.5
SHP100312,Shanghai,London,Maersk,Rail,2023-12-16,2023-12-24,8,4,In Transit,4008.94,2,1,Rain,1.86,3,4,Natural Disaster,10.25,0.827,0.18,0.15,0.9273,1,82.2
SHP100313,Mumbai,Chicago,XPO Logistics,Road,2023-01-11,2023-01-19,8,6,In Transit,4863.32,5,1,Storm,7.56,6,1,Port Strike,9.14,0.842,0.363,0.33,1.0,1,42.2
SHP100314,Dubai,Singapore,DB Schenker,Road,2023-10-14,2023-10-24,10,14,Out for Delivery,1950.27,3,0,Heavy Rain,5.28,9,9,None,0.38,0.856,0.052,0.15,0.7075,1,37.4
SHP100315,Rotterdam,Tokyo,DHL,Air,2024-06-17,2024-06-21,4,8,At Port,3135.13,3,0,Fog,4.27,4,6,Traffic Jam,3.61,0.878,0.043,0.45,1.0,1,17.1
SHP100316,Dubai,New York,Maersk,Road,2024-04-09,2024-04-15,6,4,At Port,2912.05,5,0,Snow,6.21,7,6,None,0.02,0.842,0.114,0.35,0.9689,1,45.4
SHP100317,Hamburg,Singapore,Maersk,Rail,2024-03-11,2024-03-25,14,2,In Transit,3658.72,4,1,Clear,0.09,5,8,None,0.08,0.833,0.262,0.41,0.8402,1,67.3
SHP100318,Hamburg,Chicago,DHL,Rail,2024-06-25,2024-07-09,14,1,Delayed,201.89,3,0,Rain,1.87,2,10,Equipment Failure,5.91,0.889,0.066,0.31,0.5841,1,9.7
SHP100319,Los Angeles,Tokyo,UPS,Road,2023-05-26,2023-06-02,7,3,Delayed,2262.15,5,0,Clear,0.0,8,5,Port Strike,8.54,0.923,0.203,0.25,0.9161,1,69.9
SHP100320,Mumbai,Singapore,DB Schenker,Sea,2024-04-05,2024-04-27,22,25,Customs Hold,3229.76,3,0,Fog,3.89,6,8,Natural Disaster,9.55,0.85,0.275,0.22,1.0,1,69.6
SHP100321,Rotterdam,Singapore,XPO Logistics,Road,2024-10-21,2024-10-24,3,3,At Port,423.7,4,0,Snow,5.52,7,10,None,0.0,0.83,0.098,0.44,0.9455,1,39.9
SHP100322,Shanghai,Sydney,FedEx,Road,2023-01-25,2023-02-01,7,1,Delayed,295.04,2,0,Rain,1.79,7,7,Natural Disaster,9.59,0.945,0.137,0.19,0.7614,1,17.0
SHP100323,Dubai,New York,UPS,Rail,2024-02-27,2024-03-06,8,0,In Transit,1592.02,1,1,Heavy Rain,5.09,5,5,Port Strike,9.0,0.92,0.381,0.28,1.0,1,11.9
SHP100324,Shanghai,Sydney,XPO Logistics,Sea,2024-08-23,2024-09-17,25,18,In Transit,2687.91,2,1,Heavy Rain,5.14,4,3,Equipment Failure,5.64,0.823,0.225,0.37,1.0,1,92.5
SHP100325,Rotterdam,Sydney,FedEx,Air,2023-10-24,2023-10-27,3,4,Delayed,807.5,1,0,Blizzard,8.88,3,5,Equipment Failure,5.71,0.889,0.339,0.39,1.0,1,33.1
SHP100326,Mumbai,Singapore,FedEx,Sea,2023-08-04,2023-09-01,28,17,At Port,3044.13,1,0,Heavy Rain,4.84,6,3,Natural Disaster,9.83,0.921,0.367,0.44,1.0,1,87.1
SHP100327,Dubai,London,Maersk,Rail,2024-10-26,2024-11-09,14,3,Delayed,2313.73,1,0,Fog,4.33,4,1,None,0.34,0.828,0.329,0.24,0.8734,1,40.2
SHP100328,Hamburg,Singapore,FedEx,Road,2024-09-20,2024-09-26,6,5,Out for Delivery,2845.73,3,1,Rain,2.2,7,2,None,0.48,0.943,0.263,0.1,0.6087,1,13.0
SHP100329,Hamburg,Singapore,XPO Logistics,Sea,2023-03-08,2023-04-03,26,17,In Transit,4269.37,1,0,Fog,4.49,5,7,Port Strike,9.38,0.841,0.021,0.34,1.0,1,44.9
SHP100330,Mumbai,Tokyo,FedEx,Rail,2023-02-14,2023-02-27,13,17,Delayed,4788.9,4,0,Heavy Rain,4.69,2,4,Equipment Failure,6.31,0.918,0.396,0.41,1.0,1,23.7
SHP100331,Los Angeles,Tokyo,FedEx,Air,2023-01-25,2023-01-29,4,7,In Transit,2192.93,5,0,Storm,7.55,3,10,Natural Disaster,9.74,0.921,0.048,0.25,1.0,1,62.3
SHP100332,Rotterdam,New York,FedEx,Air,2023-03-08,2023-03-11,3,4,In Transit,3759.94,5,0,Storm,7.6,1,2,Traffic Jam,3.79,0.904,0.165,0.3,0.8764,1,73.5
SHP100333,Dubai,Chicago,FedEx,Rail,2024-09-27,2024-10-11,14,16,Delayed,1281.8,5,1,Storm,7.6,2,3,Natural Disaster,10.34,0.914,0.364,0.31,1.0,1,49.3
SHP100334,Rotterdam,Sydney,DHL,Sea,2023-03-03,2023-03-30,27,22,Customs Hold,2932.41,5,0,Blizzard,9.28,4,1,None,0.1,0.874,0.131,0.26,0.9112,1,10.2
SHP100335,Rotterdam,Chicago,FedEx,Rail,2024-10-17,2024-10-27,10,15,Out for Delivery,1643.43,4,0,Rain,2.1,4,5,Port Strike,9.07,0.901,0.148,0.2,0.7975,1,37.4
SHP100336,Shanghai,Sydney,DHL,Air,2024-04-22,2024-04-25,3,6,Customs Hold,2202.32,3,0,Snow,6.49,3,3,Port Strike,8.86,0.894,0.231,0.1,1.0,1,10.0
SHP100337,Shanghai,London,DHL,Road,2023-06-28,2023-07-04,6,3,Customs Hold,4680.6,3,0,Rain,2.41,6,2,Traffic Jam,3.64,0.928,0.269,0.39,0.9023,1,42.5
SHP100338,Los Angeles,Tokyo,XPO Logistics,Sea,2024-03-20,2024-04-10,21,25,At Port,2936.84,5,0,Blizzard,9.19,5,1,Equipment Failure,6.48,0.839,0.113,0.25,1.0,1,77.1
SHP100339,Los Angeles,London,FedEx,Road,2024-08-21,2024-08-25,4,9,Customs Hold,3472.7,5,1,Blizzard,9.25,8,6,Equipment Failure,5.96,0.942,0.142,0.27,1.0,1,48.6
SHP100340,Rotterdam,Sydney,XPO Logistics,Air,2024-04-07,2024-04-10,3,6,Customs Hold,2594.34,4,0,Rain,2.44,3,5,Port Strike,8.58,0.85,0.306,0.19,1.0,1,58.6
SHP100341,Mumbai,Chicago,DB Schenker,Road,2024-03-18,2024-03-28,10,8,Delayed,3218.45,5,0,Storm,7.73,6,9,Natural Disaster,9.58,0.861,0.34,0.23,1.0,1,89.4
SHP100342,Shanghai,New York,FedEx,Road,2023-12-08,2023-12-15,7,11,In Transit,3850.5,1,0,Fog,3.77,7,5,Port Strike,9.25,0.932,0.301,0.35,1.0,1,80.0
SHP100343,Mumbai,Sydney,DB Schenker,Air,2023-06-02,2023-06-07,5,7,Delayed,2144.25,2,1,Snow,6.05,4,6,Equipment Failure,5.96,0.873,0.321,0.3,1.0,1,24.9
SHP100344,Mumbai,Chicago,FedEx,Road,2023-11-09,2023-11-17,8,3,Customs Hold,4886.23,2,0,Fog,3.9,8,3,Port Strike,8.52,0.893,0.318,0.21,1.0,1,57.1
SHP100345,Rotterdam,Chicago,DB Schenker,Rail,2023-03-07,2023-03-15,8,5,Delayed,134.68,4,0,Rain,2.39,2,10,Natural Disaster,10.17,0.85,0.088,0.2,0.8213,1,10.1
SHP100346,Mumbai,Tokyo,DHL,Sea,2023-03-13,2023-04-01,19,0,Out for Delivery,4775.51,4,0,Snow,5.91,4,2,Equipment Failure,5.63,0.909,0.179,0.45,1.0,1,17.7
SHP100347,Hamburg,Tokyo,Maersk,Rail,2023-11-14,2023-11-25,11,6,Customs Hold,2301.29,4,0,Fog,3.56,5,10,Equipment Failure,5.75,0.861,0.145,0.31,0.9074,1,65.7
SHP100348,Los Angeles,Singapore,Maersk,Road,2023-06-29,2023-07-04,5,7,Out for Delivery,4412.84,3,0,Storm,8.2,6,3,Equipment Failure,6.45,0.828,0.111,0.24,1.0,1,66.0
SHP100349,Shanghai,Singapore,XPO Logistics,Sea,2023-05-05,2023-05-25,20,24,Delayed,1718.62,4,1,Storm,7.66,4,8,Equipment Failure,5.96,0.834,0.048,0.28,0.97,1,80.5
SHP100350,Mumbai,New York,FedEx,Road,2023-12-01,2023-12-11,10,2,In Transit,503.03,5,0,Snow,6.45,7,1,Port Strike,8.78,0.906,0.081,0.26,0.9276,1,15.9
SHP100351,Dubai,Sydney,DHL,Air,2023-06-07,2023-06-12,5,0,In Transit,3451.89,4,1,Snow,5.94,1,2,Traffic Jam,4.31,0.909,0.264,0.39,0.838,1,9.0
SHP100352,Shanghai,New York,Maersk,Sea,2023-07-24,2023-08-11,18,0,Customs Hold,220.54,2,0,Heavy Rain,5.17,4,3,Port Strike,8.6,0.843,0.337,0.35,1.0,1,79.4
SHP100353,Los Angeles,Chicago,XPO Logistics,Sea,2024-02-09,2024-03-01,21,3,At Port,1845.22,5,0,Rain,1.9,5,5,Equipment Failure,5.71,0.822,0.104,0.1,0.697,1,59.7
SHP100354,Mumbai,Tokyo,DB Schenker,Rail,2024-08-05,2024-08-17,12,12,In Transit,1675.86,1,1,Snow,6.19,4,8,Equipment Failure,6.26,0.847,0.281,0.16,0.8939,1,36.1
SHP100355,Dubai,Singapore,DHL,Air,2023-05-08,2023-05-12,4,9,Customs Hold,3696.41,4,0,Clear,0.0,2,10,Equipment Failure,5.7,0.9,0.034,0.15,0.6954,1,12.6
SHP100356,Los Angeles,Singapore,FedEx,Rail,2023-08-23,2023-09-02,10,1,Out for Delivery,323.55,1,1,Blizzard,8.75,3,8,None,0.0,0.945,0.142,0.31,0.6552,1,8.1
SHP100357,Hamburg,New York,XPO Logistics,Sea,2023-06-27,2023-07-22,25,23,Customs Hold,1359.67,2,1,Rain,1.7,6,8,None,0.0,0.818,0.128,0.16,0.6826,1,9.0
SHP100358,Los Angeles,Sydney,Maersk,Sea,2024-06-01,2024-06-23,22,24,Delayed,2318.52,4,1,Storm,8.26,5,5,Natural Disaster,9.65,0.821,0.296,0.31,1.0,1,31.5
SHP100359,Rotterdam,Chicago,Maersk,Air,2023-07-20,2023-07-23,3,8,Out for Delivery,3205.42,3,0,Rain,1.9,4,8,Natural Disaster,10.47,0.848,0.162,0.2,1.0,1,42.8
SHP100360,Shanghai,New York,Maersk,Sea,2023-09-19,2023-10-23,34,3,Customs Hold,1307.02,2,1,Blizzard,9.24,4,1,Natural Disaster,10.42,0.823,0.157,0.35,1.0,1,91.0
SHP100361,Hamburg,Tokyo,DHL,Sea,2024-10-21,2024-11-20,30,12,In Transit,3669.8,3,0,Clear,0.0,5,10,None,0.03,0.899,0.357,0.28,0.6833,1,10.8
SHP100362,Rotterdam,Tokyo,DHL,Road,2023-11-12,2023-11-22,10,3,Customs Hold,2432.61,2,0,Snow,6.02,8,3,Natural Disaster,9.67,0.918,0.162,0.36,1.0,1,46.6
SHP100363,Hamburg,London,DHL,Air,2023-09-23,2023-09-28,5,1,Customs Hold,305.75,1,0,Blizzard,8.78,3,2,Port Strike,8.73,0.885,0.204,0.1,0.9219,1,60.7
SHP100364,Shanghai,New York,DHL,Air,2023-09-30,2023-10-05,5,5,Delayed,4365.45,3,0,Fog,4.5,2,1,Equipment Failure,6.17,0.861,0.164,0.35,1.0,1,6.3
SHP100365,Dubai,Sydney,XPO Logistics,Sea,2024-06-27,2024-07-22,25,19,In Transit,3169.07,1,0,Fog,4.01,4,6,None,0.14,0.814,0.378,0.1,0.7158,1,66.8
SHP100366,Dubai,Tokyo,XPO Logistics,Rail,2024-02-14,2024-02-28,14,3,Customs Hold,639.74,1,0,Fog,3.7,3,9,Natural Disaster,10.38,0.828,0.318,0.4,1.0,1,33.1
SHP100367,Dubai,Chicago,Maersk,Sea,2024-11-09,2024-12-04,25,24,Delayed,3596.02,2,1,Clear,0.0,3,5,Natural Disaster,10.43,0.879,0.363,0.16,0.9177,1,84.1
SHP100368,Dubai,New York,XPO Logistics,Sea,2023-04-03,2023-04-28,25,12,At Port,446.15,1,0,Snow,6.23,6,2,Natural Disaster,9.72,0.858,0.064,0.38,1.0,1,73.0
SHP100369,Shanghai,Chicago,UPS,Sea,2023-01-02,2023-01-21,19,13,Out for Delivery,2691.7,1,1,Storm,8.18,4,7,Equipment Failure,6.1,0.902,0.104,0.28,0.9623,1,33.1
SHP100370,Los Angeles,London,Maersk,Rail,2023-05-30,2023-06-14,15,3,Customs Hold,4139.51,2,0,Fog,4.07,3,6,Traffic Jam,4.2,0.844,0.163,0.27,0.8771,1,72.2
SHP100371,Hamburg,Singapore,XPO Logistics,Air,2024-02-06,2024-02-10,4,6,Customs Hold,1969.17,5,0,Blizzard,9.49,4,4,Natural Disaster,10.03,0.814,0.128,0.24,1.0,1,35.1
SHP100372,Rotterdam,New York,XPO Logistics,Road,2024-08-14,2024-08-24,10,4,Delayed,4752.02,4,1,Snow,5.7,6,3,Port Strike,9.36,0.839,0.059,0.23,1.0,1,67.2
SHP100373,Hamburg,New York,FedEx,Road,2023-05-01,2023-05-06,5,3,Delayed,4324.55,4,1,Rain,1.99,7,2,None,0.0,0.935,0.283,0.33,0.7678,1,23.6
SHP100374,Dubai,Sydney,UPS,Air,2023-05-05,2023-05-10,5,9,In Transit,2857.33,3,0,Clear,0.0,1,7,None,0.0,0.887,0.204,0.38,0.7389,1,26.1
SHP100375,Dubai,Chicago,DHL,Rail,2024-07-03,2024-07-13,10,3,In Transit,439.56,2,0,Storm,7.68,5,4,Equipment Failure,5.62,0.901,0.069,0.38,0.9926,1,82.0
SHP100376,Shanghai,New York,FedEx,Road,2024-03-09,2024-03-16,7,8,Out for Delivery,2691.28,5,0,Fog,4.03,7,6,Port Strike,9.2,0.934,0.219,0.35,1.0,1,67.9
SHP100377,Dubai,New York,DHL,Air,2023-08-09,2023-08-12,3,4,Customs Hold,4723.73,1,1,Rain,1.57,3,8,Traffic Jam,4.15,0.909,0.082,0.19,0.6995,1,63.4
SHP100378,Hamburg,Chicago,DHL,Air,2024-01-17,2024-01-20,3,6,Out for Delivery,3201.07,3,0,Snow,5.75,3,2,Port Strike,8.61,0.853,0.228,0.14,1.0,1,87.8
SHP100379,Los Angeles,London,DHL,Road,2023-08-16,2023-08-20,4,8,In Transit,1355.63,5,0,Clear,0.32,9,5,Natural Disaster,9.85,0.888,0.237,0.13,1.0,1,86.7
SHP100380,Hamburg,Tokyo,Maersk,Sea,2024-07-18,2024-08-20,33,0,Out for Delivery,3391.24,2,1,Blizzard,9.16,4,6,Equipment Failure,6.24,0.838,0.04,0.23,0.8278,1,57.6
SHP100381,Hamburg,Sydney,UPS,Rail,2024-03-14,2024-03-25,11,13,At Port,3717.18,1,1,Heavy Rain,5.13,2,1,Traffic Jam,4.44,0.915,0.083,0.36,0.7739,1,60.9
SHP100382,Shanghai,Sydney,XPO Logistics,Sea,2024-11-24,2024-12-24,30,0,Delayed,212.26,5,1,Storm,8.25,4,9,Equipment Failure,6.16,0.823,0.37,0.45,1.0,1,92.8
SHP100383,Dubai,Chicago,DHL,Sea,2024-06-10,2024-06-29,19,12,In Transit,2415.88,3,0,Heavy Rain,4.84,4,5,Port Strike,9.35,0.915,0.346,0.39,1.0,1,25.2
SHP100384,Dubai,Singapore,DB Schenker,Rail,2023-02-06,2023-02-18,12,0,Customs Hold,2154.3,1,0,Heavy Rain,4.85,2,1,Equipment Failure,6.22,0.857,0.173,0.15,0.7071,1,9.6
SHP100385,Rotterdam,London,Maersk,Air,2024-11-03,2024-11-07,4,5,Delayed,1769.01,2,1,Clear,0.0,3,3,Port Strike,8.94,0.844,0.339,0.14,0.9782,1,6.4
SHP100386,Dubai,London,FedEx,Sea,2024-02-09,2024-03-08,28,12,Out for Delivery,3755.57,3,1,Clear,0.48,3,3,Port Strike,9.05,0.968,0.324,0.25,0.7687,1,39.3
SHP100387,Dubai,Sydney,DHL,Air,2023-05-10,2023-05-13,3,0,In Transit,3088.26,2,0,Blizzard,9.48,1,7,None,0.0,0.882,0.205,0.25,0.6886,1,19.6
SHP100388,Shanghai,Tokyo,XPO Logistics,Sea,2023-04-16,2023-05-10,24,3,Delayed,2036.78,4,0,Rain,2.49,4,1,Natural Disaster,10.12,0.834,0.055,0.25,0.8786,1,60.6
SHP100389,Hamburg,London,UPS,Rail,2024-03-13,2024-03-24,11,11,Delayed,1426.94,2,0,Clear,0.0,4,6,Equipment Failure,5.68,0.906,0.02,0.1,0.5804,1,50.9
SHP100390,Shanghai,Sydney,DHL,Road,2023-11-08,2023-11-11,3,2,Delayed,652.86,1,0,Heavy Rain,4.86,8,2,Traffic Jam,3.78,0.874,0.242,0.18,0.9518,1,9.2
SHP100391,Dubai,London,DHL,Rail,2024-09-25,2024-10-05,10,4,In Transit,4474.62,3,1,Clear,0.05,4,9,Equipment Failure,6.26,0.903,0.342,0.41,0.9532,1,59.8
SHP100392,Shanghai,Sydney,FedEx,Rail,2023-01-23,2023-02-03,11,1,Delayed,828.01,1,1,Fog,4.47,3,9,Equipment Failure,5.9,0.927,0.28,0.36,0.8858,1,50.2
SHP100393,Mumbai,Sydney,DB Schenker,Road,2023-06-13,2023-06-23,10,8,Customs Hold,4710.26,2,0,Rain,2.21,6,1,None,0.0,0.865,0.111,0.3,0.7505,1,67.1
SHP100394,Los Angeles,New York,XPO Logistics,Sea,2023-01-02,2023-01-31,29,16,Customs Hold,3652.52,2,0,Fog,4.11,5,6,None,0.13,0.826,0.024,0.44,0.7964,1,17.4
SHP100395,Shanghai,Chicago,XPO Logistics,Air,2024-10-03,2024-10-06,3,4,Delayed,4510.89,2,0,Snow,6.36,4,6,Traffic Jam,3.73,0.838,0.296,0.15,1.0,1,50.6
SHP100396,Mumbai,London,DHL,Sea,2024-10-25,2024-11-12,18,5,At Port,3621.67,1,0,Storm,7.69,4,7,Port Strike,8.75,0.903,0.365,0.13,0.9288,1,66.3
SHP100397,Shanghai,Chicago,FedEx,Rail,2023-01-14,2023-01-22,8,4,Delayed,1012.01,1,1,Clear,0.0,2,6,None,0.0,0.938,0.3,0.44,0.7403,1,55.1
SHP100398,Mumbai,London,UPS,Road,2023-02-27,2023-03-03,4,0,Delayed,737.31,4,0,Rain,2.01,9,7,Port Strike,9.41,0.923,0.029,0.15,0.7437,1,19.6
SHP100399,Dubai,Sydney,XPO Logistics,Air,2023-08-18,2023-08-20,2,5,Delayed,3397.33,2,0,Rain,2.42,1,10,None,0.0,0.863,0.222,0.31,0.9375,1,81.0
SHP100400,Dubai,Tokyo,DB Schenker,Road,2024-05-26,2024-05-30,4,2,Out for Delivery,2889.43,1,0,Clear,0.0,9,2,Traffic Jam,4.29,0.872,0.202,0.35,0.8827,1,16.8
SHP100401,Los Angeles,London,DHL,Rail,2024-03-10,2024-03-19,9,12,Out for Delivery,418.55,4,1,Heavy Rain,4.88,5,4,Natural Disaster,9.99,0.932,0.224,0.29,1.0,1,53.4
SHP100402,Dubai,Singapore,DHL,Air,2023-07-28,2023-07-30,2,1,Customs Hold,1054.08,2,0,Heavy Rain,5.35,2,7,None,0.0,0.907,0.344,0.15,0.6753,1,7.4
SHP100403,Hamburg,New York,XPO Logistics,Sea,2024-03-10,2024-03-29,19,15,Delayed,3827.21,2,1,Snow,5.53,5,7,None,0.0,0.851,0.025,0.15,0.562,1,41.0
SHP100404,Dubai,Chicago,XPO Logistics,Road,2024-03-30,2024-04-03,4,0,Delayed,3557.18,5,0,Storm,8.25,7,8,Traffic Jam,4.33,0.834,0.278,0.1,0.9065,1,80.4
SHP100405,Rotterdam,Tokyo,XPO Logistics,Sea,2023-04-05,2023-04-27,22,19,Delayed,824.54,4,0,Rain,2.32,3,7,Traffic Jam,3.97,0.849,0.139,0.39,0.9059,1,58.2
SHP100406,Hamburg,Tokyo,FedEx,Air,2023-12-10,2023-12-12,2,1,In Transit,425.65,3,0,Heavy Rain,5.26,3,4,Equipment Failure,5.7,0.945,0.373,0.17,0.8484,1,48.1
SHP100407,Mumbai,New York,FedEx,Road,2024-01-01,2024-01-07,6,6,In Transit,118.91,2,1,Heavy Rain,5.2,6,9,None,0.4,0.912,0.211,0.22,0.6627,1,32.4
SHP100408,Shanghai,Tokyo,DHL,Sea,2023-08-26,2023-09-17,22,16,Delayed,200.54,4,1,Clear,0.02,5,10,None,0.0,0.917,0.131,0.26,0.5568,1,15.3
SHP100409,Rotterdam,Chicago,FedEx,Sea,2023-04-10,2023-05-02,22,27,At Port,2882.77,3,0,Snow,5.59,3,2,Natural Disaster,9.67,0.954,0.132,0.2,0.8741,1,12.3
SHP100410,Hamburg,Singapore,Maersk,Road,2024-10-27,2024-11-06,10,11,Delayed,417.91,3,1,Heavy Rain,5.36,7,6,Natural Disaster,10.01,0.863,0.257,0.25,1.0,1,51.5
SHP100411,Los Angeles,Singapore,FedEx,Air,2023-01-09,2023-01-12,3,2,Customs Hold,546.04,4,0,Snow,5.72,4,9,Equipment Failure,5.85,0.885,0.198,0.33,0.9408,1,67.6
SHP100412,Mumbai,Sydney,DHL,Rail,2023-12-17,2023-12-25,8,4,Out for Delivery,312.47,4,0,Clear,0.45,3,10,Traffic Jam,3.82,0.866,0.032,0.3,0.6623,1,51.0
SHP100413,Mumbai,London,FedEx,Sea,2023-10-04,2023-10-27,23,2,In Transit,4152.83,2,0,Blizzard,9.37,6,5,Natural Disaster,10.02,0.919,0.274,0.4,1.0,1,86.5
SHP100414,Mumbai,Tokyo,UPS,Sea,2024-05-08,2024-06-12,35,22,Customs Hold,71.43,3,1,Heavy Rain,5.32,4,6,Natural Disaster,10.17,0.932,0.254,0.13,0.8715,1,78.5
SHP100415,Mumbai,Tokyo,FedEx,Rail,2024-04-06,2024-04-13,7,3,Out for Delivery,4775.54,5,0,Fog,4.2,3,4,None,0.0,0.92,0.1,0.31,0.5861,1,46.4
SHP100416,Shanghai,Tokyo,UPS,Air,2024-02-28,2024-03-04,5,6,Delayed,2179.66,5,0,Snow,5.61,2,3,Natural Disaster,9.87,0.876,0.23,0.26,1.0,1,82.1
SHP100417,Dubai,Singapore,Maersk,Road,2023-03-31,2023-04-03,3,1,At Port,1059.75,4,1,Blizzard,9.43,6,5,None,0.0,0.817,0.326,0.15,0.9258,1,51.5
SHP100418,Shanghai,London,Maersk,Air,2024-02-27,2024-03-03,5,8,Out for Delivery,131.72,1,0,Blizzard,8.76,4,1,Natural Disaster,9.5,0.841,0.365,0.34,1.0,1,81.7
SHP100419,Rotterdam,Singapore,DB Schenker,Road,2024-03-16,2024-03-25,9,9,Out for Delivery,4520.9,4,0,Rain,2.3,9,3,Equipment Failure,6.14,0.847,0.391,0.15,0.9884,1,44.8
SHP100420,Shanghai,Singapore,DHL,Air,2024-10-04,2024-10-08,4,3,At Port,1912.33,5,0,Blizzard,8.51,2,2,Natural Disaster,10.21,0.894,0.37,0.11,1.0,1,94.5
SHP100421,Dubai,Singapore,UPS,Sea,2023-11-01,2023-12-06,35,16,Customs Hold,613.86,5,0,Snow,6.43,3,8,Port Strike,9.08,0.901,0.059,0.15,0.7679,1,24.1
SHP100422,Hamburg,New York,FedEx,Rail,2024-02-05,2024-02-18,13,2,Out for Delivery,1494.13,2,0,Blizzard,8.71,5,3,Port Strike,8.81,0.892,0.365,0.23,1.0,1,65.4
SHP100423,Dubai,Chicago,FedEx,Air,2024-09-20,2024-09-22,2,3,Out for Delivery,693.26,3,0,Heavy Rain,5.02,2,1,Natural Disaster,9.86,0.901,0.361,0.18,1.0,1,71.5
SHP100424,Hamburg,Tokyo,UPS,Rail,2024-07-18,2024-07-31,13,16,Customs Hold,2918.45,1,0,Clear,0.0,3,7,Traffic Jam,4.39,0.953,0.127,0.34,0.6807,1,14.2
SHP100425,Hamburg,Singapore,Maersk,Rail,2023-10-06,2023-10-19,13,6,Delayed,2049.34,5,0,Storm,8.13,2,5,Equipment Failure,6.39,0.832,0.384,0.26,1.0,1,41.8
SHP100426,Shanghai,London,UPS,Rail,2023-03-16,2023-03-25,9,12,Customs Hold,331.64,5,0,Heavy Rain,5.19,4,4,Port Strike,9.07,0.909,0.142,0.17,0.9326,1,56.1
SHP100427,Rotterdam,London,FedEx,Road,2024-08-10,2024-08-18,8,3,At Port,1914.6,5,0,Blizzard,9.0,8,6,None,0.0,0.932,0.085,0.25,0.8232,1,26.1
SHP100428,Dubai,Chicago,FedEx,Rail,2023-02-07,2023-02-15,8,7,Out for Delivery,3061.8,4,1,Rain,2.22,4,6,Natural Disaster,9.85,0.95,0.05,0.21,0.7973,1,26.2
SHP100429,Mumbai,Sydney,XPO Logistics,Air,2023-01-30,2023-02-02,3,1,Out for Delivery,4947.83,5,0,Fog,4.22,2,6,None,0.0,0.87,0.363,0.3,0.7894,1,23.2
SHP100430,Shanghai,New York,FedEx,Road,2024-09-19,2024-09-24,5,9,In Transit,2389.9,5,1,Heavy Rain,5.36,9,4,Traffic Jam,4.17,0.91,0.218,0.35,1.0,1,93.9
SHP100431,Los Angeles,Singapore,Maersk,Sea,2023-03-26,2023-04-30,35,4,In Transit,4070.07,2,0,Heavy Rain,4.71,4,6,Traffic Jam,3.89,0.871,0.205,0.26,0.8252,1,61.4
SHP100432,Los Angeles,Singapore,Maersk,Sea,2023-08-13,2023-09-12,30,12,At Port,2305.04,2,0,Clear,0.0,4,2,Port Strike,9.45,0.852,0.239,0.34,0.9522,1,69.6
SHP100433,Hamburg,New York,Maersk,Sea,2024-11-08,2024-12-07,29,5,Out for Delivery,3243.28,1,1,Clear,0.0,6,2,Natural Disaster,9.55,0.842,0.124,0.28,0.9145,1,21.4
SHP100434,Hamburg,Sydney,DHL,Road,2024-06-15,2024-06-18,3,1,At Port,1959.84,4,0,Fog,3.54,8,10,Natural Disaster,10.03,0.891,0.125,0.18,0.9255,1,23.9
SHP100435,Dubai,Tokyo,Maersk,Sea,2023-12-22,2024-01-18,27,11,Customs Hold,937.13,2,1,Blizzard,8.98,5,2,Port Strike,9.19,0.819,0.085,0.4,1.0,1,18.8
SHP100436,Shanghai,Singapore,Maersk,Rail,2023-09-28,2023-10-10,12,15,Out for Delivery,2626.58,2,0,Clear,0.0,2,5,Port Strike,8.52,0.83,0.278,0.12,0.8473,1,62.7
SHP100437,Shanghai,New York,UPS,Road,2024-07-12,2024-07-19,7,7,Delayed,4893.2,2,0,Storm,8.21,9,1,Traffic Jam,4.19,0.929,0.297,0.35,1.0,1,65.3
SHP100438,Hamburg,Tokyo,Maersk,Air,2024-01-04,2024-01-07,3,1,Customs Hold,1955.44,3,1,Fog,4.18,4,6,Natural Disaster,10.38,0.89,0.086,0.45,1.0,1,91.1
SHP100439,Los Angeles,Tokyo,DHL,Air,2024-09-19,2024-09-21,2,4,At Port,3321.77,5,0,Fog,4.43,2,10,Traffic Jam,3.65,0.892,0.387,0.25,1.0,1,49.8
SHP100440,Shanghai,Tokyo,FedEx,Rail,2024-08-30,2024-09-10,11,0,In Transit,775.61,5,0,Rain,1.5,4,9,Traffic Jam,4.38,0.893,0.318,0.15,0.7043,1,49.4
SHP100441,Hamburg,Singapore,DHL,Rail,2023-08-13,2023-08-23,10,12,At Port,4022.0,3,0,Clear,0.0,4,7,Traffic Jam,4.1,0.844,0.086,0.42,0.9384,1,63.3
SHP100442,Hamburg,Tokyo,DHL,Rail,2023-11-09,2023-11-24,15,5,At Port,1771.29,4,1,Rain,1.94,3,6,Traffic Jam,4.19,0.861,0.211,0.28,0.834,1,36.6
SHP100443,Mumbai,Sydney,FedEx,Air,2024-09-21,2024-09-25,4,9,Delayed,4196.07,4,0,Clear,0.0,4,9,Port Strike,9.17,0.895,0.196,0.3,1.0,1,10.9
SHP100444,Dubai,New York,UPS,Air,2023-12-06,2023-12-08,2,2,Out for Delivery,3118.51,4,0,Fog,3.64,2,1,Natural Disaster,9.81,0.862,0.396,0.21,1.0,1,16.3
SHP100445,Shanghai,London,DB Schenker,Air,2023-07-29,2023-07-31,2,7,At Port,4108.52,3,1,Clear,0.0,4,9,Port Strike,9.32,0.835,0.34,0.44,1.0,1,83.3
SHP100446,Rotterdam,New York,Maersk,Sea,2024-11-04,2024-11-27,23,15,In Transit,2084.77,4,1,Rain,2.46,6,2,Port Strike,8.78,0.843,0.167,0.23,1.0,1,19.3
SHP100447,Los Angeles,Sydney,FedEx,Rail,2023-02-04,2023-02-13,9,7,In Transit,1953.43,5,0,Fog,3.51,3,6,Traffic Jam,4.36,0.936,0.211,0.23,0.7052,1,15.3
SHP100448,Hamburg,Tokyo,XPO Logistics,Road,2023-10-13,2023-10-17,4,6,Delayed,3087.57,5,1,Snow,5.68,8,6,Port Strike,8.82,0.857,0.383,0.15,1.0,1,12.1
SHP100449,Shanghai,Singapore,DHL,Sea,2024-05-26,2024-06-23,28,6,In Transit,2207.92,1,0,Snow,6.39,6,1,None,0.0,0.9,0.115,0.42,0.8116,1,49.2
SHP100450,Shanghai,London,UPS,Air,2024-10-14,2024-10-17,3,7,Delayed,3145.76,1,0,Storm,8.24,4,10,Port Strike,9.31,0.904,0.093,0.38,1.0,1,24.3
SHP100451,Hamburg,New York,UPS,Rail,2023-12-15,2023-12-25,10,6,At Port,391.18,5,0,Fog,3.85,3,2,None,0.0,0.89,0.258,0.38,0.7877,1,11.9
SHP100452,Mumbai,London,FedEx,Road,2023-09-15,2023-09-19,4,4,In Transit,2355.16,5,0,Rain,2.35,8,2,Traffic Jam,3.56,0.943,0.285,0.24,0.8735,1,56.6
SHP100453,Shanghai,Tokyo,Maersk,Road,2023-05-23,2023-05-31,8,3,Customs Hold,4437.65,1,1,Heavy Rain,5.06,6,10,None,0.0,0.814,0.178,0.22,0.7929,1,72.3
SHP100454,Los Angeles,Singapore,FedEx,Air,2023-08-19,2023-08-23,4,3,In Transit,2411.13,5,1,Storm,8.27,2,1,Equipment Failure,6.36,0.927,0.279,0.29,0.9886,1,74.1
SHP100455,Dubai,London,Maersk,Rail,2024-03-24,2024-04-03,10,10,At Port,229.38,5,0,Rain,1.73,2,9,None,0.25,0.844,0.358,0.18,0.7416,1,62.7
SHP100456,Hamburg,New York,FedEx,Air,2023-10-17,2023-10-19,2,4,Customs Hold,2217.99,2,0,Storm,8.16,1,6,Port Strike,9.44,0.934,0.098,0.13,0.9596,1,87.1
SHP100457,Rotterdam,Tokyo,XPO Logistics,Sea,2024-07-08,2024-07-27,19,22,At Port,614.18,2,0,Heavy Rain,4.58,4,9,Traffic Jam,4.02,0.852,0.136,0.39,0.9799,1,9.0
SHP100458,Hamburg,Singapore,Maersk,Rail,2023-02-04,2023-02-15,11,2,In Transit,922.54,4,1,Clear,0.0,2,4,Natural Disaster,9.88,0.887,0.037,0.4,0.8414,1,45.4
SHP100459,Dubai,Tokyo,FedEx,Road,2023-09-26,2023-10-04,8,13,In Transit,2317.78,5,0,Fog,4.24,6,5,Traffic Jam,4.05,0.891,0.382,0.38,1.0,1,20.6
SHP100460,Mumbai,Sydney,XPO Logistics,Sea,2024-11-29,2024-12-19,20,9,Customs Hold,621.97,1,0,Clear,0.12,5,10,Traffic Jam,3.75,0.82,0.268,0.3,0.904,1,73.4
SHP100461,Hamburg,Sydney,Maersk,Air,2023-02-07,2023-02-11,4,0,Delayed,4345.34,3,0,Clear,0.4,3,5,Natural Disaster,9.94,0.843,0.118,0.43,0.9437,1,25.0
SHP100462,Hamburg,London,DB Schenker,Air,2023-07-08,2023-07-13,5,3,Customs Hold,3003.09,1,0,Clear,0.0,3,9,None,0.34,0.899,0.343,0.1,0.5601,1,8.9
SHP100463,Rotterdam,Sydney,FedEx,Air,2024-08-07,2024-08-11,4,4,Customs Hold,156.27,5,0,Rain,2.29,3,5,Traffic Jam,4.4,0.931,0.162,0.44,0.9003,1,9.0
SHP100464,Hamburg,Chicago,FedEx,Air,2024-06-07,2024-06-11,4,2,At Port,3669.89,5,0,Rain,1.58,1,10,Traffic Jam,4.49,0.869,0.235,0.44,0.9806,1,80.7
SHP100465,Rotterdam,New York,DB Schenker,Rail,2023-11-21,2023-12-01,10,10,At Port,1809.72,4,0,Fog,3.86,5,8,Natural Disaster,10.47,0.871,0.283,0.21,1.0,1,56.4
SHP100466,Shanghai,Tokyo,XPO Logistics,Rail,2024-03-04,2024-03-17,13,18,At Port,2471.25,5,0,Rain,2.3,4,3,Natural Disaster,9.58,0.816,0.18,0.21,0.9939,1,86.5
SHP100467,Mumbai,New York,DHL,Air,2024-04-26,2024-04-28,2,0,Delayed,3560.06,2,0,Heavy Rain,4.63,4,9,Equipment Failure,5.85,0.868,0.173,0.42,0.8449,1,30.7
SHP100468,Los Angeles,Chicago,DB Schenker,Air,2024-04-04,2024-04-09,5,7,In Transit,1602.52,4,0,Clear,0.22,1,8,Traffic Jam,3.51,0.86,0.245,0.15,0.6369,1,33.0
SHP100469,Rotterdam,Tokyo,FedEx,Sea,2023-02-19,2023-03-18,27,20,Out for Delivery,1737.05,1,0,Storm,7.54,4,6,Traffic Jam,3.78,0.922,0.354,0.25,0.8554,1,14.3
SHP100470,Los Angeles,Sydney,Maersk,Sea,2024-09-12,2024-10-07,25,3,Customs Hold,33.82,2,0,Heavy Rain,5.25,3,9,Traffic Jam,3.54,0.86,0.358,0.31,1.0,1,39.3
SHP100471,Los Angeles,Chicago,Maersk,Rail,2023-10-30,2023-11-12,13,15,At Port,1635.92,1,0,Rain,2.49,2,4,Natural Disaster,10.3,0.847,0.303,0.44,1.0,1,30.8
SHP100472,Dubai,Singapore,DB Schenker,Air,2023-04-13,2023-04-17,4,3,Out for Delivery,659.39,3,0,Clear,0.44,2,8,Natural Disaster,9.65,0.883,0.329,0.15,0.8835,1,80.9
SHP100473,Dubai,Singapore,DHL,Air,2024-07-25,2024-07-28,3,4,Delayed,4375.26,2,1,Clear,0.0,3,5,Natural Disaster,10.16,0.869,0.088,0.15,0.7709,1,38.6
SHP100474,Dubai,Sydney,DB Schenker,Road,2023-04-09,2023-04-16,7,7,At Port,3868.52,2,1,Storm,7.62,9,7,Traffic Jam,4.16,0.857,0.152,0.43,1.0,1,81.6
SHP100475,Mumbai,Chicago,Maersk,Sea,2024-06-03,2024-07-04,31,20,In Transit,1699.54,2,0,Heavy Rain,4.89,6,8,Traffic Jam,3.76,0.849,0.041,0.25,0.8527,1,28.8
SHP100476,Mumbai,London,DB Schenker,Sea,2024-09-20,2024-10-12,22,25,At Port,1810.81,2,0,Rain,1.83,5,9,None,0.05,0.845,0.269,0.37,0.9521,1,90.1
SHP100477,Rotterdam,Sydney,XPO Logistics,Sea,2024-01-18,2024-02-18,31,15,Out for Delivery,121.71,3,0,Blizzard,8.52,3,5,Port Strike,9.29,0.835,0.036,0.28,1.0,1,9.0
SHP100478,Dubai,New York,Maersk,Rail,2023-03-28,2023-04-04,7,0,Customs Hold,3923.97,3,1,Blizzard,9.42,2,10,Traffic Jam,4.29,0.849,0.094,0.36,0.8713,1,45.4
SHP100479,Shanghai,Tokyo,UPS,Rail,2024-11-02,2024-11-15,13,2,Customs Hold,3637.92,4,0,Clear,0.0,4,1,Traffic Jam,4.03,0.914,0.113,0.42,0.7555,1,56.4
SHP100480,Dubai,New York,Maersk,Sea,2023-08-26,2023-09-24,29,19,At Port,419.9,2,1,Clear,0.48,3,10,Natural Disaster,9.71,0.832,0.378,0.3,1.0,1,61.5
SHP100481,Mumbai,Chicago,XPO Logistics,Sea,2023-09-16,2023-10-13,27,2,In Transit,2499.33,5,0,Blizzard,8.91,3,8,Natural Disaster,9.71,0.819,0.234,0.19,1.0,1,35.0
SHP100482,Dubai,Sydney,DB Schenker,Air,2024-01-20,2024-01-23,3,1,In Transit,699.76,4,1,Storm,8.47,1,9,None,0.0,0.881,0.258,0.41,0.9278,1,38.9
SHP100483,Los Angeles,New York,Maersk,Road,2024-09-21,2024-09-26,5,8,Out for Delivery,821.61,2,1,Fog,4.45,8,6,Traffic Jam,3.75,0.836,0.196,0.28,1.0,1,6.9
SHP100484,Mumbai,London,DHL,Rail,2023-07-12,2023-07-24,12,3,In Transit,1373.27,2,1,Clear,0.0,4,1,Traffic Jam,4.38,0.911,0.151,0.32,0.6979,1,40.9
SHP100485,Los Angeles,Tokyo,DB Schenker,Rail,2024-10-18,2024-10-26,8,11,Out for Delivery,3860.01,5,0,Fog,4.06,3,6,Equipment Failure,6.09,0.873,0.311,0.25,1.0,1,93.0
SHP100486,Dubai,Chicago,XPO Logistics,Rail,2023-08-26,2023-09-04,9,2,Customs Hold,1513.14,3,0,Rain,1.58,2,8,None,0.31,0.83,0.182,0.15,0.5437,1,15.0
SHP100487,Mumbai,Sydney,Maersk,Rail,2023-11-21,2023-12-02,11,4,Out for Delivery,126.97,2,0,Heavy Rain,4.99,4,6,Equipment Failure,6.06,0.864,0.185,0.3,0.8817,1,73.2
SHP100488,Dubai,Tokyo,XPO Logistics,Rail,2023-07-15,2023-07-22,7,3,Customs Hold,3034.07,1,0,Fog,3.51,4,9,Equipment Failure,6.41,0.807,0.368,0.21,1.0,1,64.2
SHP100489,Dubai,Sydney,Maersk,Air,2024-08-08,2024-08-10,2,2,Out for Delivery,4354.63,2,0,Heavy Rain,5.25,1,3,None,0.0,0.81,0.36,0.11,0.7968,1,10.7
SHP100490,Shanghai,New York,Maersk,Air,2023-10-12,2023-10-15,3,2,Out for Delivery,965.1,1,0,Clear,0.44,1,1,Equipment Failure,5.9,0.872,0.338,0.35,0.8696,1,62.3
SHP100491,Shanghai,London,Maersk,Air,2024-06-01,2024-06-06,5,4,Out for Delivery,3647.89,2,0,Fog,3.97,1,2,Port Strike,8.96,0.841,0.064,0.3,0.9119,1,31.5
SHP100492,Dubai,New York,DHL,Air,2024-04-16,2024-04-18,2,2,Customs Hold,4417.9,3,0,Snow,5.79,3,4,Traffic Jam,3.82,0.883,0.106,0.15,0.772,1,72.7
SHP100493,Los Angeles,Singapore,Maersk,Road,2024-08-15,2024-08-25,10,1,In Transit,1711.23,2,0,Storm,7.66,7,5,Traffic Jam,3.93,0.875,0.265,0.45,1.0,1,14.2
SHP100494,Hamburg,Tokyo,DHL,Rail,2024-06-13,2024-06-27,14,18,Out for Delivery,2107.33,2,0,Clear,0.16,2,1,None,0.0,0.879,0.156,0.21,0.6256,1,22.7
SHP100495,Shanghai,London,UPS,Road,2023-07-10,2023-07-20,10,12,Customs Hold,539.72,5,1,Storm,8.22,8,4,Equipment Failure,5.9,0.895,0.035,0.27,1.0,1,75.7
SHP100496,Rotterdam,Sydney,DB Schenker,Air,2023-11-04,2023-11-07,3,0,Customs Hold,4414.83,2,0,Fog,4.27,3,3,Port Strike,8.67,0.887,0.02,0.26,0.7587,1,25.6
SHP100497,Hamburg,London,DHL,Rail,2023-06-07,2023-06-16,9,5,In Transit,1938.18,1,0,Snow,5.89,3,4,Port Strike,9.17,0.91,0.336,0.1,0.9388,1,70.1
SHP100498,Hamburg,Sydney,UPS,Road,2024-06-30,2024-07-10,10,7,Delayed,3228.06,1,0,Fog,3.74,8,7,Natural Disaster,10.32,0.919,0.252,0.22,1.0,1,51.0
SHP100499,Shanghai,London,UPS,Rail,2024-10-31,2024-11-11,11,9,In Transit,4031.24,4,0,Heavy Rain,4.53,5,2,Natural Disaster,9.9,0.882,0.217,0.16,1.0,1,67.7
SHP100500,Shanghai,Singapore,Maersk,Air,2024-08-11,2024-08-16,5,10,Customs Hold,1864.44,5,1,Heavy Rain,5.27,3,8,Port Strike,9.24,0.87,0.064,0.25,1.0,1,70.1
SHP100501,Rotterdam,Tokyo,FedEx,Sea,2024-11-21,2024-12-13,22,22,Delayed,1835.84,4,0,Fog,4.31,6,8,Natural Disaster,9.96,0.909,0.035,0.25,0.9226,1,26.5
SHP100502,Los Angeles,Singapore,UPS,Air,2023-10-28,2023-11-01,4,5,At Port,630.71,1,0,Heavy Rain,4.61,1,9,Port Strike,8.9,0.908,0.087,0.29,0.9143,1,57.6
SHP100503,Mumbai,Tokyo,UPS,Rail,2024-08-05,2024-08-17,12,11,At Port,2004.0,4,0,Rain,2.22,2,5,Equipment Failure,6.48,0.937,0.05,0.23,0.6713,1,61.4
SHP100504,Los Angeles,Singapore,XPO Logistics,Air,2024-08-07,2024-08-11,4,5,Delayed,1993.65,5,0,Clear,0.44,3,1,Port Strike,9.28,0.818,0.125,0.36,1.0,1,67.0
SHP100505,Los Angeles,New York,Maersk,Sea,2024-11-03,2024-11-29,26,20,In Transit,2104.11,5,0,Blizzard,9.21,4,8,Natural Disaster,9.79,0.862,0.291,0.12,1.0,1,54.7
SHP100506,Mumbai,Chicago,FedEx,Road,2024-03-31,2024-04-10,10,5,Out for Delivery,1846.27,5,0,Heavy Rain,4.53,6,4,Traffic Jam,4.06,0.913,0.151,0.32,0.8207,1,60.4
SHP100507,Mumbai,Singapore,Maersk,Air,2023-06-20,2023-06-24,4,4,Customs Hold,1056.92,2,0,Fog,3.73,2,7,Equipment Failure,6.45,0.828,0.067,0.23,0.8283,1,47.5
SHP100508,Hamburg,London,XPO Logistics,Rail,2023-08-11,2023-08-23,12,3,At Port,3784.26,4,0,Storm,8.13,4,7,Traffic Jam,4.03,0.814,0.106,0.1,0.7356,1,59.1
SHP100509,Mumbai,London,DHL,Rail,2023-12-09,2023-12-22,13,18,Out for Delivery,2853.14,5,1,Clear,0.0,2,2,Equipment Failure,5.64,0.859,0.256,0.32,0.8264,1,75.3
SHP100510,Los Angeles,Chicago,DHL,Sea,2024-12-01,2024-12-30,29,32,At Port,663.68,3,0,Snow,5.66,5,4,Natural Disaster,9.74,0.915,0.199,0.35,1.0,1,86.5
SHP100511,Hamburg,Chicago,Maersk,Rail,2024-03-30,2024-04-14,15,20,Customs Hold,4335.38,4,1,Snow,5.83,3,1,Equipment Failure,6.22,0.871,0.047,0.19,0.8833,1,73.8
SHP100512,Shanghai,Sydney,UPS,Air,2023-01-25,2023-01-30,5,6,At Port,518.56,1,0,Snow,5.54,4,7,Equipment Failure,6.01,0.925,0.267,0.35,0.9803,1,72.8
SHP100513,Rotterdam,New York,XPO Logistics,Sea,2023-05-26,2023-06-28,33,6,Out for Delivery,3936.98,3,0,Storm,7.96,6,8,Traffic Jam,4.26,0.815,0.15,0.36,1.0,1,57.1
SHP100514,Rotterdam,New York,DHL,Sea,2023-08-15,2023-09-13,29,10,At Port,4295.81,3,0,Heavy Rain,5.21,5,10,None,0.31,0.874,0.069,0.15,0.572,1,36.2
SHP100515,Shanghai,London,DB Schenker,Road,2023-09-23,2023-10-02,9,9,Customs Hold,2410.52,5,1,Fog,4.14,8,3,None,0.0,0.913,0.372,0.28,0.8521,1,73.9
SHP100516,Shanghai,Singapore,FedEx,Road,2023-08-18,2023-08-22,4,5,Customs Hold,3707.02,2,0,Heavy Rain,5.14,6,9,Port Strike,9.35,0.894,0.318,0.39,1.0,1,65.8
SHP100517,Mumbai,Singapore,FedEx,Road,2024-07-20,2024-07-30,10,7,At Port,2760.1,3,0,Clear,0.0,7,10,Traffic Jam,4.22,0.921,0.087,0.18,0.6906,1,50.3
SHP100518,Dubai,New York,DHL,Road,2023-09-07,2023-09-11,4,0,In Transit,2991.67,2,0,Rain,1.7,6,10,Port Strike,8.98,0.878,0.058,0.25,0.8466,1,48.5
SHP100519,Rotterdam,Sydney,FedEx,Rail,2024-04-12,2024-04-23,11,15,Customs Hold,1376.8,3,0,Fog,3.98,4,4,Equipment Failure,5.8,0.908,0.35,0.43,1.0,1,62.3
SHP100520,Shanghai,London,Maersk,Air,2024-05-22,2024-05-25,3,4,Out for Delivery,1527.27,5,1,Fog,3.84,2,5,Natural Disaster,9.61,0.883,0.108,0.17,0.9242,1,14.1
SHP100521,Los Angeles,Chicago,DHL,Sea,2024-02-10,2024-03-04,23,16,Out for Delivery,725.36,3,0,Rain,2.29,5,5,Port Strike,8.76,0.919,0.375,0.18,0.9314,1,66.5
SHP100522,Dubai,Tokyo,Maersk,Road,2024-03-03,2024-03-06,3,5,Delayed,4162.84,3,0,Fog,3.96,8,5,Natural Disaster,10.2,0.843,0.099,0.11,1.0,1,35.0
SHP100523,Mumbai,Tokyo,DB Schenker,Sea,2024-03-26,2024-04-16,21,5,Customs Hold,1249.61,4,1,Fog,4.22,6,7,Equipment Failure,6.45,0.86,0.317,0.43,1.0,1,11.3
SHP100524,Shanghai,Singapore,UPS,Road,2023-10-19,2023-10-24,5,5,At Port,1639.55,2,0,Heavy Rain,5.32,7,8,Natural Disaster,10.07,0.942,0.233,0.31,1.0,1,56.1
SHP100525,Los Angeles,Singapore,FedEx,Sea,2024-01-05,2024-01-29,24,14,In Transit,2136.94,4,1,Blizzard,8.7,5,2,Traffic Jam,4.25,0.923,0.029,0.19,0.7942,1,61.8
SHP100526,Rotterdam,New York,DB Schenker,Road,2023-02-02,2023-02-12,10,10,In Transit,4612.52,5,0,Fog,4.07,6,2,Natural Disaster,10.3,0.848,0.342,0.29,1.0,1,73.7
SHP100527,Dubai,Sydney,UPS,Rail,2024-10-28,2024-11-09,12,14,Delayed,94.85,4,0,Snow,6.32,5,10,Port Strike,8.9,0.88,0.132,0.41,1.0,1,35.0
SHP100528,Hamburg,Tokyo,DHL,Road,2024-08-11,2024-08-17,6,3,At Port,4642.36,3,0,Storm,8.03,6,6,Port Strike,9.04,0.887,0.383,0.37,1.0,1,24.2
SHP100529,Hamburg,Sydney,UPS,Sea,2023-01-28,2023-03-01,32,1,Customs Hold,4072.59,5,0,Blizzard,9.24,6,7,Traffic Jam,3.94,0.879,0.095,0.12,0.7854,1,73.2
SHP100530,Rotterdam,Chicago,XPO Logistics,Air,2023-05-04,2023-05-09,5,3,Customs Hold,4017.16,4,1,Blizzard,9.01,4,1,Port Strike,8.61,0.832,0.194,0.2,1.0,1,92.5
SHP100531,Shanghai,Tokyo,UPS,Road,2023-08-23,2023-09-02,10,8,In Transit,3811.56,4,0,Storm,7.55,7,3,Traffic Jam,3.51,0.905,0.217,0.16,0.7946,1,47.4
SHP100532,Hamburg,Singapore,XPO Logistics,Road,2023-06-11,2023-06-16,5,2,Out for Delivery,4544.95,3,0,Fog,3.68,6,7,Natural Disaster,9.53,0.828,0.098,0.38,1.0,1,62.0
SHP100533,Shanghai,New York,UPS,Air,2024-02-22,2024-02-24,2,2,Delayed,4280.77,4,1,Clear,0.4,1,8,Port Strike,8.57,0.912,0.388,0.35,0.9942,1,18.0
SHP100534,Rotterdam,Singapore,FedEx,Road,2023-05-12,2023-05-20,8,7,Delayed,3716.05,1,1,Storm,8.07,7,4,Traffic Jam,3.63,0.882,0.378,0.18,1.0,1,31.4
SHP100535,Rotterdam,New York,DHL,Sea,2023-12-03,2024-01-06,34,20,Out for Delivery,72.1,2,0,Rain,2.08,3,4,Traffic Jam,4.3,0.864,0.26,0.36,0.9261,1,75.2
SHP100536,Hamburg,London,Maersk,Road,2024-05-10,2024-05-19,9,3,In Transit,1705.24,3,1,Fog,3.94,8,3,Natural Disaster,10.01,0.835,0.148,0.1,0.948,1,71.6
SHP100537,Mumbai,Singapore,FedEx,Road,2024-01-10,2024-01-15,5,3,At Port,4831.48,1,0,Heavy Rain,4.62,8,9,None,0.0,0.957,0.192,0.14,0.6026,1,25.2
SHP100538,Rotterdam,London,DHL,Sea,2024-06-22,2024-07-26,34,23,In Transit,4216.27,2,0,Rain,2.5,4,10,Traffic Jam,3.6,0.86,0.083,0.23,0.6976,1,38.1
SHP100539,Rotterdam,Sydney,DHL,Road,2024-02-04,2024-02-14,10,4,In Transit,3775.97,1,0,Storm,7.57,8,2,Traffic Jam,4.23,0.887,0.246,0.17,0.8936,1,16.9
SHP100540,Hamburg,London,Maersk,Sea,2023-07-18,2023-08-16,29,17,Delayed,3183.96,1,0,Storm,8.23,4,6,Equipment Failure,5.64,0.863,0.125,0.1,0.853,1,45.4
SHP100541,Dubai,Chicago,Maersk,Sea,2024-07-08,2024-07-30,22,8,Delayed,1123.55,3,0,Heavy Rain,5.34,5,8,None,0.0,0.855,0.242,0.14,0.6975,1,9.7
SHP100542,Dubai,Chicago,DB Schenker,Road,2024-03-18,2024-03-22,4,4,Customs Hold,2929.13,2,0,Blizzard,8.83,8,8,Natural Disaster,9.58,0.894,0.058,0.44,1.0,1,59.2
SHP100543,Dubai,Tokyo,FedEx,Rail,2024-01-20,2024-01-28,8,9,At Port,2866.94,4,0,Fog,3.74,5,8,Equipment Failure,6.22,0.963,0.035,0.39,0.9162,1,83.0
SHP100544,Dubai,Singapore,Maersk,Air,2023-01-25,2023-01-29,4,0,Customs Hold,2291.29,3,0,Fog,3.75,3,1,Port Strike,9.47,0.845,0.125,0.15,0.7227,1,54.3
SHP100545,Hamburg,London,DB Schenker,Road,2023-06-26,2023-07-04,8,9,Delayed,3109.19,3,0,Blizzard,9.47,8,7,Traffic Jam,3.6,0.835,0.294,0.1,1.0,1,74.1
SHP100546,Hamburg,Tokyo,XPO Logistics,Rail,2024-01-06,2024-01-13,7,1,Out for Delivery,467.27,2,1,Heavy Rain,5.01,4,2,Natural Disaster,10.04,0.836,0.171,0.36,1.0,1,82.7
SHP100547,Hamburg,Singapore,UPS,Road,2023-04-17,2023-04-25,8,7,Delayed,4375.74,2,1,Rain,1.66,8,4,Natural Disaster,9.72,0.917,0.284,0.11,0.8925,1,57.4
SHP100548,Hamburg,London,FedEx,Road,2024-05-09,2024-05-15,6,2,Customs Hold,1851.46,4,0,Clear,0.13,9,5,Equipment Failure,6.21,0.935,0.393,0.1,0.7412,1,25.8
SHP100549,Los Angeles,New York,XPO Logistics,Sea,2024-07-05,2024-07-26,21,10,Out for Delivery,1346.03,4,0,Blizzard,8.73,5,4,Port Strike,9.14,0.86,0.231,0.35,1.0,1,47.4
SHP100550,Mumbai,Sydney,DB Schenker,Rail,2024-07-27,2024-08-08,12,15,In Transit,2454.3,5,0,Rain,2.18,2,1,None,0.0,0.878,0.116,0.3,0.6588,1,62.4
SHP100551,Hamburg,Singapore,Maersk,Road,2023-12-05,2023-12-14,9,12,At Port,3873.22,1,0,Snow,5.81,6,10,Traffic Jam,3.55,0.821,0.307,0.44,1.0,1,61.2
SHP100552,Rotterdam,Sydney,XPO Logistics,Sea,2023-07-03,2023-07-21,18,10,Customs Hold,479.77,2,0,Rain,2.07,6,6,Equipment Failure,5.88,0.871,0.2,0.38,1.0,1,22.0
SHP100553,Mumbai,Tokyo,Maersk,Air,2023-07-25,2023-07-28,3,7,Customs Hold,4818.02,1,0,Heavy Rain,4.52,1,3,Natural Disaster,9.56,0.85,0.162,0.44,1.0,1,6.4
SHP100554,Mumbai,Tokyo,FedEx,Road,2024-10-13,2024-10-19,6,1,In Transit,744.67,5,1,Rain,2.1,7,3,Port Strike,9.21,0.951,0.354,0.41,1.0,1,8.7
SHP100555,Shanghai,Chicago,FedEx,Road,2024-11-30,2024-12-05,5,7,Out for Delivery,4720.08,4,0,Clear,0.11,8,7,Traffic Jam,4.43,0.924,0.228,0.43,1.0,1,36.5
SHP100556,Los Angeles,London,DHL,Rail,2023-02-12,2023-02-20,8,13,Customs Hold,3817.73,4,0,Blizzard,8.82,5,3,Natural Disaster,10.14,0.861,0.127,0.36,1.0,1,91.0
SHP100557,Mumbai,Sydney,Maersk,Rail,2024-05-18,2024-05-31,13,9,In Transit,3739.38,5,0,Storm,7.79,2,5,None,0.0,0.815,0.38,0.3,0.995,1,63.4
SHP100558,Dubai,New York,DB Schenker,Air,2023-07-12,2023-07-16,4,8,In Transit,365.28,3,0,Heavy Rain,4.87,1,4,Natural Disaster,9.6,0.858,0.381,0.42,1.0,1,50.6
SHP100559,Rotterdam,Singapore,DB Schenker,Air,2023-04-30,2023-05-04,4,2,In Transit,3402.14,4,0,Storm,7.87,4,5,Port Strike,8.64,0.907,0.114,0.12,0.8386,1,20.5
SHP100560,Dubai,Singapore,UPS,Rail,2024-01-22,2024-02-02,11,0,In Transit,795.04,1,1,Storm,8.2,5,2,Natural Disaster,10.19,0.896,0.047,0.15,0.8347,1,10.0
SHP100561,Rotterdam,Tokyo,DHL,Road,2023-10-21,2023-10-25,4,6,Delayed,557.48,1,0,Heavy Rain,5.45,9,8,Equipment Failure,6.02,0.908,0.034,0.17,0.8271,1,67.0
SHP100562,Hamburg,New York,XPO Logistics,Air,2024-01-15,2024-01-20,5,10,Customs Hold,4297.51,3,0,Storm,7.69,2,3,Equipment Failure,5.54,0.861,0.025,0.35,1.0,1,89.0
SHP100563,Los Angeles,Sydney,DHL,Air,2023-10-26,2023-10-28,2,5,Delayed,2735.84,2,0,Storm,8.37,1,3,Port Strike,9.1,0.878,0.129,0.4,1.0,1,11.1
SHP100564,Dubai,New York,Maersk,Air,2023-11-26,2023-11-30,4,3,At Port,2728.14,5,0,Snow,5.56,4,1,Port Strike,8.62,0.852,0.105,0.37,1.0,1,64.4
SHP100565,Mumbai,Chicago,XPO Logistics,Rail,2024-02-01,2024-02-12,11,11,Out for Delivery,4815.22,2,1,Snow,5.98,3,5,Equipment Failure,6.38,0.858,0.105,0.26,0.9225,1,88.5
SHP100566,Hamburg,Tokyo,XPO Logistics,Air,2023-05-28,2023-05-30,2,3,Delayed,4761.89,4,1,Blizzard,9.13,2,8,Traffic Jam,3.92,0.84,0.179,0.43,1.0,1,38.7
SHP100567,Los Angeles,Singapore,Maersk,Sea,2023-08-11,2023-09-04,24,17,At Port,4523.43,3,1,Rain,1.87,5,8,Port Strike,8.64,0.873,0.061,0.17,0.7306,1,7.7
SHP100568,Hamburg,Tokyo,DB Schenker,Sea,2023-07-04,2023-07-22,18,18,Delayed,1582.8,4,0,Fog,4.25,4,3,Natural Disaster,10.08,0.862,0.324,0.32,1.0,1,84.1
SHP100569,Hamburg,Sydney,UPS,Air,2023-03-29,2023-03-31,2,1,In Transit,2917.45,3,1,Blizzard,8.7,2,10,None,0.0,0.893,0.045,0.44,0.8944,1,43.6
SHP100570,Dubai,London,UPS,Road,2023-06-13,2023-06-22,9,8,In Transit,3319.51,1,0,Blizzard,9.06,9,4,Equipment Failure,5.78,0.927,0.342,0.34,1.0,1,87.8
SHP100571,Shanghai,New York,DHL,Rail,2023-06-24,2023-07-03,9,7,Delayed,675.15,2,0,Storm,8.45,4,2,Natural Disaster,10.49,0.932,0.357,0.35,1.0,1,67.0
SHP100572,Hamburg,New York,XPO Logistics,Sea,2023-12-30,2024-01-17,18,11,Out for Delivery,1315.94,3,1,Heavy Rain,4.78,3,4,None,0.41,0.838,0.04,0.27,0.6655,1,24.2
SHP100573,Los Angeles,Singapore,XPO Logistics,Rail,2023-02-02,2023-02-13,11,12,In Transit,3536.55,4,0,Heavy Rain,4.89,4,7,Equipment Failure,5.84,0.837,0.325,0.34,1.0,1,90.9
SHP100574,Dubai,Tokyo,DB Schenker,Sea,2023-03-27,2023-04-16,20,3,Delayed,4318.52,1,0,Heavy Rain,5.26,4,4,Traffic Jam,3.87,0.88,0.079,0.13,0.6333,1,45.0
SHP100575,Dubai,Tokyo,DB Schenker,Air,2024-10-08,2024-10-12,4,2,Customs Hold,250.47,2,0,Fog,3.58,1,4,Natural Disaster,9.59,0.88,0.185,0.35,1.0,1,40.8
SHP100576,Dubai,Chicago,DHL,Rail,2024-09-11,2024-09-18,7,7,Customs Hold,3514.49,1,0,Snow,5.68,3,4,Natural Disaster,10.38,0.891,0.239,0.19,1.0,1,22.9
SHP100577,Los Angeles,London,DHL,Rail,2024-02-27,2024-03-09,11,11,At Port,4513.52,3,0,Heavy Rain,5.15,4,8,Equipment Failure,5.66,0.888,0.043,0.2,0.7384,1,45.6
SHP100578,Mumbai,New York,XPO Logistics,Rail,2023-11-23,2023-12-05,12,14,In Transit,2936.35,2,0,Snow,5.87,4,4,None,0.0,0.807,0.4,0.37,1.0,1,68.2
SHP100579,Mumbai,Sydney,Maersk,Road,2024-04-08,2024-04-17,9,0,Delayed,2964.89,2,0,Storm,7.88,7,3,Natural Disaster,9.51,0.875,0.321,0.3,1.0,1,25.5
SHP100580,Shanghai,Sydney,Maersk,Sea,2023-01-23,2023-02-22,30,35,Out for Delivery,4807.22,3,0,Heavy Rain,5.11,6,1,Port Strike,9.45,0.848,0.081,0.25,1.0,1,91.8
SHP100581,Dubai,Sydney,DB Schenker,Road,2024-05-21,2024-05-31,10,9,Customs Hold,4035.72,3,0,Rain,1.81,9,6,Equipment Failure,6.1,0.858,0.221,0.31,1.0,1,39.3
SHP100582,Mumbai,New York,FedEx,Rail,2023-08-03,2023-08-17,14,8,Out for Delivery,3540.67,2,0,Storm,7.83,3,10,Port Strike,9.47,0.895,0.317,0.42,1.0,1,79.2
SHP100583,Hamburg,Sydney,DB Schenker,Rail,2023-04-08,2023-04-16,8,8,In Transit,1819.23,2,0,Heavy Rain,5.39,4,5,Equipment Failure,5.89,0.843,0.093,0.12,0.823,1,40.0
SHP100584,Hamburg,Singapore,FedEx,Road,2024-05-09,2024-05-17,8,5,Out for Delivery,2617.75,2,0,Blizzard,9.32,7,1,Equipment Failure,6.1,0.9,0.066,0.44,1.0,1,28.3
SHP100585,Mumbai,Sydney,XPO Logistics,Air,2023-05-28,2023-06-01,4,1,Out for Delivery,4684.55,1,1,Heavy Rain,5.49,4,6,Port Strike,9.06,0.807,0.246,0.3,1.0,1,30.8
SHP100586,Dubai,Chicago,Maersk,Road,2023-11-27,2023-11-30,3,8,Customs Hold,1633.39,2,0,Fog,4.33,9,7,Port Strike,9.13,0.839,0.266,0.29,1.0,1,63.9
SHP100587,Los Angeles,Chicago,DB Schenker,Air,2024-05-23,2024-05-25,2,1,At Port,2003.1,4,0,Clear,0.0,3,2,Port Strike,8.84,0.823,0.177,0.44,1.0,1,53.2
SHP100588,Dubai,Sydney,XPO Logistics,Sea,2023-08-01,2023-08-24,23,7,At Port,3792.76,2,0,Blizzard,9.06,3,1,None,0.2,0.832,0.202,0.33,0.9668,1,88.8
SHP100589,Hamburg,Chicago,UPS,Road,2023-01-20,2023-01-23,3,8,Delayed,2545.99,3,0,Blizzard,8.54,7,10,Natural Disaster,9.51,0.922,0.287,0.3,1.0,1,41.7
SHP100590,Hamburg,Chicago,FedEx,Road,2024-06-07,2024-06-13,6,5,Out for Delivery,1023.35,4,0,Fog,3.89,8,9,Traffic Jam,3.95,0.934,0.388,0.26,1.0,1,9.7
SHP100591,Shanghai,Singapore,DHL,Sea,2024-11-21,2024-12-18,27,3,At Port,1032.16,3,1,Snow,6.39,5,3,Traffic Jam,3.52,0.881,0.025,0.18,0.6481,1,45.9
SHP100592,Mumbai,Sydney,DB Schenker,Sea,2024-09-03,2024-09-28,25,28,Delayed,4806.06,5,0,Storm,7.55,3,7,Equipment Failure,6.43,0.875,0.135,0.3,1.0,1,10.8
SHP100593,Hamburg,Singapore,DHL,Rail,2024-03-03,2024-03-11,8,4,Out for Delivery,873.32,4,0,Clear,0.43,3,1,Traffic Jam,4.14,0.904,0.382,0.14,0.7274,1,10.0
SHP100594,Hamburg,Sydney,DB Schenker,Road,2024-05-06,2024-05-12,6,6,Out for Delivery,4797.16,1,0,Clear,0.0,9,1,Equipment Failure,6.47,0.868,0.239,0.24,0.9461,1,66.1
SHP100595,Dubai,Sydney,DHL,Road,2023-07-12,2023-07-15,3,6,In Transit,819.89,5,0,Snow,6.29,6,8,Traffic Jam,3.59,0.861,0.16,0.2,0.978,1,69.8
SHP100596,Rotterdam,London,UPS,Road,2024-02-16,2024-02-24,8,2,Delayed,4623.63,3,1,Rain,1.99,9,3,Equipment Failure,5.93,0.923,0.249,0.23,0.7852,1,36.6
SHP100597,Rotterdam,Singapore,DHL,Air,2024-09-05,2024-09-09,4,3,Out for Delivery,1273.96,1,0,Fog,4.32,1,10,Port Strike,9.04,0.899,0.217,0.45,1.0,1,72.6
SHP100598,Dubai,Singapore,UPS,Rail,2024-07-15,2024-07-25,10,11,In Transit,4465.97,1,0,Heavy Rain,5.49,3,4,Traffic Jam,3.95,0.91,0.337,0.15,0.787,1,39.8
SHP100599,Shanghai,Singapore,UPS,Sea,2024-07-08,2024-08-01,24,0,Delayed,53.34,4,0,Heavy Rain,5.33,3,6,Port Strike,8.95,0.906,0.065,0.12,0.7178,1,26.5
SHP100600,Los Angeles,London,UPS,Rail,2024-10-12,2024-10-26,14,10,At Port,4403.24,5,1,Fog,3.97,5,10,Natural Disaster,10.27,0.901,0.181,0.36,1.0,1,95.5
SHP100601,Mumbai,New York,Maersk,Air,2023-04-05,2023-04-07,2,6,Delayed,3068.78,2,0,Heavy Rain,5.48,1,8,Equipment Failure,6.05,0.85,0.288,0.21,1.0,1,6.9
SHP100602,Hamburg,Chicago,XPO Logistics,Air,2024-05-29,2024-06-01,3,8,At Port,3005.8,3,1,Storm,8.09,4,1,None,0.0,0.826,0.344,0.16,1.0,1,15.9
SHP100603,Hamburg,New York,DHL,Rail,2024-02-01,2024-02-12,11,5,Delayed,822.58,1,0,Rain,2.08,5,2,None,0.0,0.897,0.286,0.18,0.7157,1,52.0
SHP100604,Rotterdam,Chicago,FedEx,Rail,2023-01-22,2023-02-04,13,15,Delayed,2006.93,4,0,Heavy Rain,5.2,2,6,Natural Disaster,9.76,0.941,0.38,0.2,1.0,1,87.6
SHP100605,Hamburg,New York,FedEx,Sea,2024-11-11,2024-12-13,32,16,In Transit,3733.34,2,1,Fog,4.16,6,5,Port Strike,8.54,0.867,0.097,0.14,0.8577,1,6.0
SHP100606,Shanghai,Chicago,FedEx,Air,2024-08-22,2024-08-24,2,3,At Port,4293.53,5,0,Snow,5.69,4,9,Traffic Jam,3.71,0.943,0.086,0.27,0.7569,1,14.5
SHP100607,Hamburg,Chicago,DHL,Air,2024-08-02,2024-08-05,3,3,Delayed,2249.42,4,0,Fog,4.25,1,6,None,0.28,0.9,0.031,0.4,0.6566,1,48.2
SHP100608,Hamburg,Sydney,DB Schenker,Rail,2024-06-17,2024-06-30,13,0,Customs Hold,3251.01,4,0,Rain,2.2,3,5,Equipment Failure,5.54,0.848,0.125,0.37,0.849,1,28.3
SHP100609,Rotterdam,Chicago,UPS,Road,2024-01-31,2024-02-08,8,11,Delayed,2567.83,5,0,Fog,4.02,6,5,Natural Disaster,9.77,0.892,0.123,0.2,0.9973,1,89.2
SHP100610,Los Angeles,London,DB Schenker,Sea,2023-12-10,2024-01-05,26,12,Out for Delivery,1022.72,3,1,Heavy Rain,4.64,5,9,Port Strike,9.19,0.875,0.291,0.17,0.8965,1,52.3
SHP100611,Hamburg,New York,XPO Logistics,Road,2024-10-10,2024-10-20,10,7,Customs Hold,4832.59,1,1,Rain,2.43,9,5,Equipment Failure,5.65,0.805,0.25,0.29,1.0,1,6.3
SHP100612,Hamburg,Tokyo,Maersk,Rail,2024-06-07,2024-06-14,7,6,At Port,205.65,1,0,Fog,3.61,5,6,Traffic Jam,3.62,0.834,0.089,0.24,0.7885,1,24.4
SHP100613,Rotterdam,Chicago,UPS,Sea,2023-07-29,2023-08-17,19,10,In Transit,1768.08,5,0,Snow,5.78,4,5,Natural Disaster,10.12,0.942,0.237,0.2,0.923,1,18.1
SHP100614,Rotterdam,Chicago,UPS,Sea,2023-07-28,2023-08-20,23,25,Customs Hold,537.38,3,0,Blizzard,9.35,4,4,Natural Disaster,10.11,0.901,0.359,0.2,1.0,1,66.4
SHP100615,Mumbai,Chicago,DB Schenker,Rail,2023-04-13,2023-04-27,14,4,Delayed,3948.04,4,0,Rain,2.12,5,8,Port Strike,9.27,0.869,0.098,0.11,0.7058,1,24.7
SHP100616,Mumbai,Chicago,DB Schenker,Rail,2024-01-17,2024-01-26,9,12,Delayed,4803.3,4,0,Fog,3.85,4,10,Port Strike,8.79,0.858,0.108,0.19,0.9588,1,61.5
SHP100617,Shanghai,Sydney,XPO Logistics,Air,2024-01-04,2024-01-09,5,7,Delayed,1096.07,2,0,Fog,3.75,2,3,Traffic Jam,4.41,0.837,0.119,0.19,0.8069,1,66.3
SHP100618,Mumbai,Tokyo,FedEx,Sea,2023-04-05,2023-05-01,26,16,In Transit,334.36,5,0,Snow,6.36,5,3,Port Strike,8.69,0.904,0.176,0.4,1.0,1,61.9
SHP100619,Rotterdam,Singapore,XPO Logistics,Sea,2024-03-09,2024-04-03,25,19,Out for Delivery,764.02,2,0,Fog,3.6,4,6,Natural Disaster,10.28,0.828,0.23,0.29,1.0,1,28.1
SHP100620,Shanghai,Tokyo,DHL,Road,2024-05-27,2024-06-01,5,0,At Port,3567.29,1,0,Blizzard,8.74,8,3,None,0.0,0.852,0.113,0.3,0.8789,1,55.9
SHP100621,Shanghai,New York,Maersk,Sea,2024-06-25,2024-07-25,30,29,In Transit,631.64,4,0,Heavy Rain,4.85,6,9,Natural Disaster,10.02,0.897,0.175,0.35,1.0,1,24.6
SHP100622,Rotterdam,Tokyo,UPS,Air,2024-01-20,2024-01-24,4,7,At Port,1982.11,3,0,Storm,7.94,2,3,Natural Disaster,10.09,0.911,0.308,0.26,1.0,1,7.5
SHP100623,Hamburg,Sydney,UPS,Rail,2024-01-16,2024-01-29,13,1,Delayed,391.08,4,0,Storm,8.14,2,7,Natural Disaster,9.55,0.91,0.197,0.2,0.9272,1,35.2
SHP100624,Rotterdam,Chicago,Maersk,Air,2023-12-06,2023-12-09,3,1,Delayed,1670.54,4,1,Clear,0.0,1,8,Traffic Jam,4.13,0.869,0.161,0.2,0.6328,1,23.6
SHP100625,Los Angeles,Tokyo,UPS,Air,2024-03-24,2024-03-29,5,9,At Port,711.49,2,0,Fog,3.65,4,5,None,0.21,0.837,0.298,0.25,0.9261,1,13.3
SHP100626,Mumbai,Tokyo,Maersk,Sea,2023-01-13,2023-02-06,24,13,In Transit,1327.91,1,1,Clear,0.0,5,3,Traffic Jam,3.71,0.863,0.397,0.45,0.9417,1,72.4
SHP100627,Hamburg,Sydney,DHL,Rail,2023-12-17,2024-01-01,15,17,In Transit,3413.17,5,0,Clear,0.0,4,10,Natural Disaster,10.17,0.918,0.337,0.28,0.9556,1,25.2
SHP100628,Shanghai,Sydney,Maersk,Road,2024-05-25,2024-06-01,7,1,Out for Delivery,2529.47,5,1,Fog,4.34,7,2,Traffic Jam,3.75,0.861,0.364,0.41,1.0,1,72.8
SHP100629,Mumbai,Chicago,UPS,Road,2024-09-30,2024-10-08,8,6,In Transit,4639.21,4,1,Rain,1.91,6,8,Port Strike,8.87,0.892,0.137,0.22,0.9026,1,53.2
SHP100630,Mumbai,Sydney,DHL,Road,2023-12-11,2023-12-20,9,1,Customs Hold,10.94,1,0,Fog,3.51,9,3,Port Strike,8.59,0.921,0.389,0.3,1.0,1,8.9
SHP100631,Los Angeles,Tokyo,XPO Logistics,Road,2023-06-19,2023-06-23,4,9,At Port,1337.02,1,0,Clear,0.0,7,8,None,0.4,0.835,0.333,0.25,0.9796,1,60.1
SHP100632,Rotterdam,New York,DB Schenker,Road,2024-09-12,2024-09-16,4,9,Customs Hold,1532.34,5,1,Clear,0.0,8,6,Natural Disaster,10.19,0.873,0.328,0.33,1.0,1,43.6
SHP100633,Hamburg,Tokyo,XPO Logistics,Road,2023-06-02,2023-06-06,4,9,Customs Hold,1196.65,5,1,Rain,2.5,7,6,Natural Disaster,9.57,0.838,0.313,0.15,1.0,1,45.2
SHP100634,Shanghai,Singapore,XPO Logistics,Road,2024-01-08,2024-01-14,6,1,Customs Hold,2248.34,3,0,Storm,8.3,9,7,None,0.0,0.867,0.27,0.17,0.885,1,64.7
SHP100635,Dubai,Sydney,XPO Logistics,Road,2023-01-08,2023-01-17,9,7,At Port,2089.64,2,0,Blizzard,8.54,7,4,Port Strike,9.1,0.843,0.384,0.18,1.0,1,62.8
SHP100636,Dubai,Tokyo,DB Schenker,Road,2024-05-09,2024-05-14,5,10,Out for Delivery,2174.97,2,0,Clear,0.0,9,10,None,0.49,0.852,0.253,0.41,0.9963,1,46.8
SHP100637,Dubai,Chicago,DB Schenker,Road,2023-02-15,2023-02-18,3,1,At Port,4457.62,3,0,Blizzard,9.43,7,5,Natural Disaster,10.33,0.829,0.105,0.42,1.0,1,79.5
SHP100638,Dubai,Chicago,UPS,Rail,2023-08-23,2023-09-02,10,12,Out for Delivery,4342.8,5,0,Clear,0.0,4,1,Equipment Failure,6.4,0.916,0.377,0.29,0.9384,1,70.6
SHP100639,Dubai,New York,Maersk,Sea,2023-10-22,2023-11-16,25,23,At Port,649.82,1,0,Snow,5.7,6,1,Equipment Failure,6.15,0.838,0.38,0.13,1.0,1,21.2
SHP100640,Los Angeles,Singapore,UPS,Rail,2023-06-17,2023-06-28,11,2,Customs Hold,567.3,2,1,Storm,7.62,2,5,Port Strike,8.57,0.92,0.313,0.43,1.0,1,36.4
SHP100641,Rotterdam,Chicago,Maersk,Air,2023-10-12,2023-10-14,2,2,Delayed,811.88,1,0,Snow,6.44,1,2,Equipment Failure,6.12,0.84,0.388,0.2,1.0,1,20.4
SHP100642,Dubai,Chicago,DHL,Rail,2024-02-03,2024-02-13,10,5,Out for Delivery,3854.31,5,1,Clear,0.27,2,8,Traffic Jam,4.24,0.9,0.337,0.44,0.9427,1,33.0
SHP100643,Los Angeles,London,FedEx,Air,2024-08-07,2024-08-11,4,6,Delayed,2964.63,1,1,Rain,1.82,4,9,None,0.34,0.92,0.246,0.13,0.6277,1,31.7
SHP100644,Rotterdam,Singapore,UPS,Air,2024-10-15,2024-10-19,4,6,At Port,1403.7,2,1,Blizzard,8.55,3,7,None,0.5,0.899,0.284,0.33,1.0,1,94.3
SHP100645,Rotterdam,Tokyo,FedEx,Rail,2024-02-21,2024-03-04,12,5,Out for Delivery,4442.1,3,0,Snow,6.43,2,6,Traffic Jam,3.6,0.91,0.12,0.23,0.6288,1,36.4
SHP100646,Rotterdam,New York,DHL,Air,2024-07-08,2024-07-10,2,4,Out for Delivery,684.89,1,0,Heavy Rain,5.43,3,5,Equipment Failure,5.92,0.906,0.27,0.42,1.0,1,91.4
SHP100647,Rotterdam,New York,FedEx,Rail,2024-02-20,2024-03-06,15,7,In Transit,3689.44,2,0,Storm,8.15,2,3,Traffic Jam,3.52,0.931,0.103,0.32,0.8015,1,76.2
SHP100648,Shanghai,Singapore,DB Schenker,Road,2024-05-19,2024-05-28,9,9,At Port,1347.17,3,0,Blizzard,9.03,8,10,Port Strike,9.47,0.863,0.176,0.15,1.0,1,69.6
SHP100649,Los Angeles,Singapore,DB Schenker,Rail,2024-08-27,2024-09-05,9,13,In Transit,3420.5,1,0,Clear,0.17,3,1,Natural Disaster,9.73,0.864,0.115,0.35,0.9777,1,90.8
SHP100650,Los Angeles,New York,DB Schenker,Air,2023-01-15,2023-01-20,5,7,Customs Hold,3315.77,4,0,Snow,6.29,3,5,None,0.0,0.89,0.271,0.21,0.8704,1,21.4
SHP100651,Los Angeles,London,XPO Logistics,Sea,2024-03-23,2024-04-18,26,29,Delayed,1417.59,2,0,Storm,8.33,6,5,Traffic Jam,3.7,0.849,0.062,0.28,1.0,1,44.4
SHP100652,Shanghai,Sydney,DB Schenker,Air,2023-11-07,2023-11-10,3,7,At Port,1094.76,4,0,Storm,7.98,4,8,Traffic Jam,3.52,0.885,0.109,0.42,1.0,1,15.9
SHP100653,Dubai,Tokyo,DB Schenker,Road,2023-11-14,2023-11-18,4,3,In Transit,3842.58,3,1,Heavy Rain,4.74,7,1,Equipment Failure,6.48,0.882,0.021,0.32,0.907,1,51.8
SHP100654,Shanghai,Sydney,DHL,Sea,2024-03-11,2024-04-06,26,22,In Transit,1667.48,5,0,Snow,5.7,4,4,Traffic Jam,4.36,0.909,0.156,0.21,0.8257,1,37.0
SHP100655,Rotterdam,New York,XPO Logistics,Air,2023-08-25,2023-08-30,5,6,In Transit,183.56,1,0,Fog,3.6,4,6,Port Strike,8.72,0.798,0.102,0.35,1.0,1,88.6
SHP100656,Mumbai,New York,UPS,Rail,2023-08-31,2023-09-15,15,20,Customs Hold,4085.42,4,0,Clear,0.0,4,1,Traffic Jam,4.16,0.924,0.284,0.29,0.8122,1,63.0
SHP100657,Los Angeles,New York,FedEx,Sea,2024-03-13,2024-04-11,29,10,At Port,3662.33,1,0,Heavy Rain,5.13,3,4,None,0.0,0.929,0.332,0.33,0.7742,1,62.3
SHP100658,Hamburg,London,UPS,Rail,2023-08-20,2023-08-30,10,11,In Transit,38.61,4,0,Snow,5.8,5,8,Natural Disaster,9.56,0.881,0.362,0.1,1.0,1,9.2
SHP100659,Hamburg,Singapore,Maersk,Air,2023-08-05,2023-08-07,2,6,In Transit,1078.33,5,1,Blizzard,8.77,3,9,Port Strike,8.66,0.855,0.399,0.41,1.0,1,44.2
SHP100660,Rotterdam,Sydney,UPS,Road,2023-01-21,2023-01-28,7,12,Out for Delivery,2800.54,1,1,Fog,4.37,6,9,Port Strike,8.63,0.865,0.04,0.38,1.0,1,87.8
SHP100661,Rotterdam,Singapore,XPO Logistics,Sea,2024-07-05,2024-07-27,22,16,In Transit,681.33,5,0,Fog,3.57,3,6,Port Strike,9.04,0.846,0.119,0.22,0.8684,1,8.7
SHP100662,Mumbai,London,DHL,Sea,2024-10-01,2024-10-21,20,2,In Transit,3876.63,1,0,Fog,3.66,5,1,Port Strike,8.84,0.889,0.033,0.45,0.9269,1,77.5
SHP100663,Dubai,New York,FedEx,Road,2023-03-25,2023-04-04,10,14,Customs Hold,3228.21,5,0,Blizzard,8.87,6,2,Equipment Failure,6.49,0.925,0.139,0.35,1.0,1,29.5
SHP100664,Shanghai,Chicago,DHL,Rail,2023-03-20,2023-04-04,15,19,Out for Delivery,1889.79,2,0,Storm,7.97,5,5,Equipment Failure,5.54,0.894,0.039,0.26,0.9059,1,12.7
SHP100665,Dubai,Chicago,UPS,Sea,2023-05-06,2023-06-06,31,32,Delayed,3571.58,5,1,Storm,8.16,5,1,Equipment Failure,5.67,0.912,0.239,0.21,1.0,1,10.8
SHP100666,Hamburg,London,Maersk,Rail,2024-10-01,2024-10-08,7,4,At Port,1308.41,1,0,Heavy Rain,5.37,4,9,None,0.0,0.865,0.231,0.1,0.5651,1,52.3
SHP100667,Dubai,London,DB Schenker,Rail,2023-07-18,2023-07-31,13,8,Delayed,2038.5,3,0,Rain,1.64,5,10,Equipment Failure,5.8,0.871,0.085,0.32,0.8865,1,7.0
SHP100668,Mumbai,Singapore,DHL,Road,2023-04-17,2023-04-21,4,0,At Port,933.35,1,0,Storm,8.48,9,5,Port Strike,9.45,0.897,0.162,0.15,0.9675,1,68.6
SHP100669,Los Angeles,Tokyo,DB Schenker,Sea,2024-11-15,2024-12-18,33,26,Out for Delivery,2593.98,5,0,Rain,2.01,3,9,None,0.23,0.88,0.16,0.25,0.5585,1,20.0
SHP100670,Hamburg,Sydney,DB Schenker,Air,2024-10-16,2024-10-18,2,3,Out for Delivery,4029.84,2,0,Clear,0.0,3,4,Traffic Jam,4.38,0.879,0.066,0.31,0.8313,1,12.1
SHP100671,Rotterdam,Sydney,DB Schenker,Rail,2024-09-13,2024-09-23,10,15,In Transit,4590.69,1,1,Fog,3.82,3,2,None,0.0,0.874,0.033,0.11,0.6044,1,44.9
SHP100672,Los Angeles,Sydney,FedEx,Rail,2024-07-19,2024-07-29,10,0,At Port,3442.14,2,0,Blizzard,8.61,5,1,Natural Disaster,9.63,0.925,0.247,0.14,0.9349,1,45.3
SHP100673,Dubai,Sydney,UPS,Road,2023-01-04,2023-01-12,8,2,At Port,1461.57,5,0,Clear,0.1,6,2,Natural Disaster,10.14,0.916,0.239,0.4,0.9852,1,41.1
SHP100674,Mumbai,Tokyo,FedEx,Sea,2023-06-11,2023-07-15,34,15,Delayed,2598.64,2,1,Rain,1.92,3,5,Port Strike,8.54,0.903,0.303,0.19,0.8523,1,77.3
SHP100675,Shanghai,Tokyo,XPO Logistics,Air,2024-02-09,2024-02-14,5,1,Out for Delivery,4424.74,5,0,Rain,2.28,1,1,Natural Disaster,10.44,0.838,0.352,0.43,1.0,1,41.2
SHP100676,Rotterdam,New York,FedEx,Rail,2023-03-16,2023-03-25,9,12,Customs Hold,2122.66,4,0,Snow,5.86,5,8,Natural Disaster,9.68,0.928,0.237,0.28,1.0,1,61.9
SHP100677,Rotterdam,Tokyo,UPS,Air,2024-07-21,2024-07-23,2,5,In Transit,267.47,1,0,Rain,2.17,2,10,Traffic Jam,3.71,0.903,0.265,0.24,0.959,1,44.7
SHP100678,Dubai,New York,DB Schenker,Air,2024-08-17,2024-08-19,2,0,At Port,2863.79,5,1,Heavy Rain,4.76,2,7,Equipment Failure,6.1,0.865,0.238,0.24,0.7837,1,66.0
SHP100679,Dubai,Tokyo,DB Schenker,Rail,2023-05-29,2023-06-07,9,5,In Transit,542.22,2,0,Fog,4.27,4,3,Traffic Jam,4.29,0.855,0.346,0.3,0.9707,1,31.5
SHP100680,Hamburg,Sydney,Maersk,Air,2024-07-25,2024-07-30,5,7,Delayed,3033.85,5,0,Fog,3.53,4,4,None,0.0,0.855,0.233,0.16,0.6433,1,42.7
SHP100681,Rotterdam,Tokyo,XPO Logistics,Sea,2023-01-18,2023-02-05,18,21,At Port,2952.77,4,0,Rain,2.2,6,3,Equipment Failure,6.05,0.838,0.343,0.22,1.0,1,55.0
SHP100682,Hamburg,Sydney,XPO Logistics,Road,2024-01-27,2024-02-05,9,14,In Transit,1568.82,5,0,Blizzard,8.98,9,4,Equipment Failure,6.33,0.832,0.355,0.13,1.0,1,94.2
SHP100683,Shanghai,Tokyo,DHL,Road,2023-09-04,2023-09-11,7,0,Delayed,313.49,4,0,Fog,4.25,6,7,Port Strike,9.35,0.896,0.185,0.1,0.783,1,12.9
SHP100684,Mumbai,Chicago,DHL,Air,2024-09-18,2024-09-22,4,6,In Transit,2039.25,4,0,Snow,5.78,3,1,Port Strike,8.57,0.863,0.3,0.32,1.0,1,83.7
SHP100685,Rotterdam,London,DB Schenker,Rail,2023-02-21,2023-03-04,11,0,Delayed,3814.95,4,1,Snow,6.1,5,3,Port Strike,9.21,0.887,0.191,0.16,0.8623,1,57.3
SHP100686,Rotterdam,London,UPS,Air,2024-05-18,2024-05-23,5,9,At Port,4851.5,1,0,Blizzard,9.27,3,5,None,0.44,0.901,0.276,0.11,0.8049,1,19.5
SHP100687,Hamburg,New York,DHL,Road,2023-07-27,2023-07-31,4,8,Out for Delivery,1094.75,1,1,Snow,5.7,7,7,Port Strike,8.58,0.91,0.082,0.34,1.0,1,27.4
SHP100688,Rotterdam,Singapore,UPS,Sea,2024-08-10,2024-09-09,30,13,Delayed,239.4,3,1,Storm,8.05,5,10,Equipment Failure,5.55,0.87,0.385,0.19,1.0,1,32.5
SHP100689,Shanghai,New York,Maersk,Road,2024-04-07,2024-04-11,4,7,Out for Delivery,3195.49,2,1,Clear,0.41,9,1,Port Strike,8.67,0.805,0.091,0.35,1.0,1,86.5
SHP100690,Rotterdam,Chicago,DHL,Air,2024-03-05,2024-03-08,3,7,Customs Hold,146.27,4,0,Heavy Rain,5.33,2,6,Equipment Failure,6.35,0.892,0.087,0.2,0.9681,1,55.7
SHP100691,Mumbai,Singapore,FedEx,Rail,2024-02-17,2024-02-24,7,6,At Port,718.58,5,0,Fog,4.4,3,7,Natural Disaster,9.52,0.935,0.311,0.4,1.0,1,22.2
SHP100692,Dubai,Tokyo,UPS,Sea,2023-01-16,2023-02-20,35,16,In Transit,3774.94,4,0,Storm,7.57,4,7,Traffic Jam,4.07,0.901,0.144,0.13,0.751,1,42.2
SHP100693,Rotterdam,Singapore,UPS,Sea,2024-07-08,2024-08-12,35,8,Delayed,4875.06,4,0,Fog,3.83,3,9,Equipment Failure,6.19,0.914,0.107,0.43,0.8564,1,44.2
SHP100694,Los Angeles,Singapore,DHL,Road,2024-06-08,2024-06-15,7,7,At Port,4476.03,2,1,Heavy Rain,5.46,6,3,Equipment Failure,5.94,0.873,0.156,0.34,1.0,1,46.3
SHP100695,Mumbai,London,DB Schenker,Sea,2023-10-09,2023-10-29,20,15,In Transit,2580.83,3,0,Fog,4.04,6,3,Natural Disaster,10.22,0.852,0.078,0.28,1.0,1,50.5
SHP100696,Dubai,New York,XPO Logistics,Road,2024-10-20,2024-10-28,8,11,At Port,2846.18,4,0,Clear,0.39,8,6,Natural Disaster,9.89,0.829,0.297,0.36,1.0,1,66.6
SHP100697,Hamburg,Tokyo,DB Schenker,Sea,2023-10-02,2023-10-25,23,18,Out for Delivery,4233.79,5,1,Blizzard,9.33,5,9,Traffic Jam,3.75,0.861,0.382,0.16,1.0,1,80.7
SHP100698,Hamburg,London,DB Schenker,Air,2023-09-24,2023-09-26,2,5,Out for Delivery,4341.74,2,0,Storm,7.68,3,10,Port Strike,9.47,0.862,0.085,0.1,0.9724,1,35.9
SHP100699,Rotterdam,Singapore,UPS,Air,2023-04-19,2023-04-24,5,10,Customs Hold,1121.42,3,0,Blizzard,8.89,3,5,Equipment Failure,5.82,0.894,0.205,0.11,0.9854,1,33.1
SHP100700,Rotterdam,New York,XPO Logistics,Air,2024-05-10,2024-05-13,3,5,In Transit,1634.18,1,0,Storm,7.54,3,8,Equipment Failure,5.81,0.816,0.144,0.17,1.0,1,24.2
SHP100701,Hamburg,Singapore,DHL,Road,2024-05-02,2024-05-11,9,13,At Port,3881.78,1,0,Rain,2.12,7,2,Natural Disaster,10.14,0.889,0.061,0.34,1.0,1,47.1
SHP100702,Rotterdam,Chicago,FedEx,Rail,2023-05-15,2023-05-27,12,4,At Port,2080.71,4,0,Clear,0.06,4,9,Equipment Failure,6.39,0.922,0.375,0.2,0.8202,1,68.7
SHP100703,Rotterdam,Chicago,Maersk,Rail,2023-11-02,2023-11-14,12,16,At Port,1440.52,5,0,Storm,8.17,4,6,Traffic Jam,3.92,0.833,0.158,0.2,1.0,1,33.4
SHP100704,Rotterdam,New York,FedEx,Rail,2023-01-07,2023-01-18,11,11,Out for Delivery,4342.49,3,0,Clear,0.38,2,2,Port Strike,8.63,0.903,0.353,0.44,1.0,1,24.8
SHP100705,Los Angeles,Tokyo,Maersk,Air,2024-07-22,2024-07-25,3,4,At Port,2245.3,4,1,Rain,1.88,4,4,Natural Disaster,10.46,0.864,0.282,0.25,1.0,1,70.7
SHP100706,Los Angeles,Singapore,Maersk,Sea,2024-06-11,2024-07-10,29,4,In Transit,716.49,5,0,Rain,1.67,3,4,Traffic Jam,3.69,0.814,0.044,0.36,0.7448,1,46.5
SHP100707,Rotterdam,New York,FedEx,Rail,2023-09-08,2023-09-17,9,3,In Transit,3934.72,2,0,Clear,0.0,3,8,Equipment Failure,5.9,0.915,0.288,0.37,0.7856,1,38.7
SHP100708,Los Angeles,Tokyo,XPO Logistics,Road,2024-05-10,2024-05-15,5,5,At Port,265.96,4,0,Snow,6.32,9,2,Traffic Jam,4.16,0.835,0.112,0.25,1.0,1,70.6
SHP100709,Shanghai,Singapore,Maersk,Sea,2023-07-23,2023-08-16,24,10,In Transit,3286.41,3,0,Storm,8.46,4,7,Port Strike,9.38,0.855,0.383,0.36,1.0,1,63.6
SHP100710,Hamburg,Chicago,DB Schenker,Sea,2024-10-30,2024-11-24,25,17,Customs Hold,1236.05,3,0,Rain,1.62,6,7,Traffic Jam,4.38,0.885,0.103,0.36,0.8273,1,47.5
SHP100711,Los Angeles,Tokyo,DB Schenker,Rail,2023-07-04,2023-07-13,9,9,At Port,1071.58,1,0,Snow,5.56,3,8,None,0.1,0.873,0.309,0.25,0.8531,1,15.7
SHP100712,Rotterdam,Chicago,DHL,Sea,2023-05-18,2023-06-17,30,12,Customs Hold,2529.82,5,1,Clear,0.0,6,9,None,0.44,0.909,0.356,0.2,0.7286,1,27.3
SHP100713,Hamburg,Singapore,XPO Logistics,Road,2023-08-31,2023-09-03,3,0,At Port,332.51,4,0,Heavy Rain,5.42,6,2,Port Strike,9.36,0.827,0.238,0.39,1.0,1,91.9
SHP100714,Dubai,Chicago,FedEx,Air,2023-06-21,2023-06-25,4,3,Customs Hold,4960.9,4,0,Snow,6.23,2,10,Equipment Failure,6.32,0.891,0.366,0.12,0.9021,1,22.5
SHP100715,Rotterdam,Sydney,FedEx,Air,2024-10-10,2024-10-13,3,2,Customs Hold,3857.0,5,0,Storm,8.2,4,2,None,0.25,0.942,0.073,0.24,0.7052,1,11.6
SHP100716,Mumbai,Sydney,FedEx,Sea,2024-09-24,2024-10-26,32,33,Customs Hold,2680.97,2,0,Clear,0.0,4,6,None,0.07,0.923,0.184,0.3,0.5352,1,25.1
SHP100717,Dubai,Tokyo,DB Schenker,Air,2023-06-30,2023-07-02,2,6,Customs Hold,1878.2,3,0,Blizzard,8.84,1,10,Traffic Jam,3.83,0.862,0.071,0.3,1.0,1,81.6
SHP100718,Rotterdam,London,XPO Logistics,Road,2023-03-09,2023-03-17,8,12,Out for Delivery,4675.88,4,0,Snow,5.52,6,4,Natural Disaster,9.95,0.822,0.074,0.18,1.0,1,54.6
SHP100719,Mumbai,Tokyo,DHL,Sea,2023-06-09,2023-07-01,22,13,In Transit,2156.39,1,0,Heavy Rain,4.98,6,8,None,0.0,0.91,0.255,0.2,0.7632,1,32.9
SHP100720,Hamburg,London,UPS,Air,2023-06-12,2023-06-14,2,3,Out for Delivery,2116.23,3,0,Heavy Rain,4.86,4,8,Traffic Jam,4.06,0.913,0.312,0.1,0.8394,1,52.1
SHP100721,Los Angeles,Sydney,DB Schenker,Road,2023-06-26,2023-07-06,10,4,Out for Delivery,194.13,1,0,Heavy Rain,4.93,6,9,Natural Disaster,9.56,0.878,0.065,0.12,0.8063,1,63.3
SHP100722,Dubai,Sydney,DB Schenker,Sea,2023-10-10,2023-11-12,33,33,In Transit,3521.67,3,1,Storm,7.6,5,2,Natural Disaster,9.65,0.873,0.032,0.26,1.0,1,13.6
SHP100723,Rotterdam,New York,Maersk,Rail,2024-04-18,2024-04-25,7,4,In Transit,87.64,1,1,Rain,1.78,4,4,None,0.0,0.834,0.063,0.17,0.5923,1,13.2
SHP100724,Rotterdam,Chicago,XPO Logistics,Road,2024-09-02,2024-09-05,3,1,Delayed,4191.73,3,1,Storm,8.5,7,8,Natural Disaster,9.66,0.813,0.328,0.2,1.0,1,45.3
SHP100725,Hamburg,New York,UPS,Air,2024-05-01,2024-05-03,2,6,At Port,3332.85,4,0,Rain,2.47,1,10,Port Strike,9.3,0.902,0.039,0.36,1.0,1,88.3
SHP100726,Shanghai,New York,XPO Logistics,Road,2024-07-19,2024-07-22,3,3,At Port,3233.1,3,1,Rain,1.82,7,10,Equipment Failure,6.11,0.814,0.211,0.35,1.0,1,89.6
SHP100727,Mumbai,Chicago,DB Schenker,Rail,2023-07-23,2023-08-05,13,12,Customs Hold,2399.72,4,0,Snow,5.6,5,1,None,0.0,0.843,0.204,0.43,0.947,1,26.8
SHP100728,Hamburg,Tokyo,Maersk,Sea,2024-11-16,2024-12-07,21,2,Customs Hold,255.38,4,1,Snow,5.67,6,4,Equipment Failure,6.46,0.839,0.073,0.4,0.9237,1,73.7
SHP100729,Rotterdam,London,FedEx,Air,2024-11-07,2024-11-09,2,1,Delayed,3654.92,1,0,Clear,0.25,4,8,Port Strike,9.4,0.923,0.052,0.42,0.9195,1,82.3
SHP100730,Rotterdam,New York,FedEx,Rail,2023-05-22,2023-06-03,12,16,Out for Delivery,309.04,2,0,Heavy Rain,5.07,5,9,Equipment Failure,5.87,0.874,0.374,0.44,1.0,1,29.4
SHP100731,Shanghai,Sydney,Maersk,Road,2023-07-04,2023-07-08,4,9,Delayed,2999.71,2,1,Snow,6.17,7,5,None,0.0,0.822,0.331,0.28,1.0,1,56.4
SHP100732,Rotterdam,London,Maersk,Rail,2024-11-11,2024-11-23,12,7,At Port,885.56,2,0,Snow,6.29,5,9,Natural Disaster,9.93,0.846,0.208,0.14,0.9851,1,65.7
SHP100733,Dubai,Chicago,DB Schenker,Sea,2023-12-29,2024-01-30,32,18,Out for Delivery,2146.83,5,0,Snow,6.43,5,5,Natural Disaster,9.88,0.843,0.228,0.39,1.0,1,46.8
SHP100734,Los Angeles,London,FedEx,Rail,2023-12-13,2023-12-22,9,14,In Transit,1329.96,2,1,Rain,2.33,5,10,Equipment Failure,6.05,0.899,0.02,0.2,0.8297,1,44.8
SHP100735,Rotterdam,London,DB Schenker,Air,2024-02-09,2024-02-14,5,6,Delayed,3306.08,3,0,Rain,1.59,1,4,Traffic Jam,4.33,0.907,0.243,0.18,0.7128,1,68.3
SHP100736,Hamburg,Singapore,Maersk,Air,2024-02-22,2024-02-24,2,0,Customs Hold,4532.19,3,0,Rain,2.01,4,3,Natural Disaster,10.33,0.865,0.028,0.22,0.757,1,55.7
SHP100737,Mumbai,London,UPS,Air,2023-11-22,2023-11-24,2,0,At Port,634.32,5,0,Clear,0.35,4,2,Natural Disaster,9.98,0.915,0.366,0.36,0.9374,1,55.8
SHP100738,Rotterdam,Chicago,XPO Logistics,Air,2024-02-15,2024-02-20,5,4,At Port,4735.95,4,1,Fog,4.02,1,7,None,0.34,0.844,0.257,0.2,0.7267,1,44.7
SHP100739,Rotterdam,Chicago,DHL,Rail,2023-11-16,2023-11-28,12,10,At Port,4224.17,1,1,Fog,4.3,2,3,Natural Disaster,10.11,0.843,0.295,0.2,0.9807,1,93.7
SHP100740,Hamburg,Singapore,Maersk,Air,2024-04-30,2024-05-02,2,6,Out for Delivery,1895.23,1,0,Clear,0.0,2,10,None,0.08,0.855,0.145,0.14,0.7487,1,7.8
SHP100741,Rotterdam,Singapore,XPO Logistics,Road,2024-08-17,2024-08-20,3,6,Customs Hold,809.57,3,0,Heavy Rain,4.77,9,7,Equipment Failure,5.91,0.86,0.144,0.25,1.0,1,34.3
SHP100742,Los Angeles,Sydney,Maersk,Road,2024-04-06,2024-04-12,6,8,At Port,3852.24,2,0,Clear,0.0,8,3,Equipment Failure,5.9,0.852,0.165,0.19,0.878,1,60.6
SHP100743,Shanghai,New York,Maersk,Road,2023-08-23,2023-09-01,9,13,At Port,2006.48,3,0,Fog,3.79,9,8,Traffic Jam,4.38,0.855,0.284,0.35,1.0,1,61.2
SHP100744,Mumbai,New York,FedEx,Air,2023-04-05,2023-04-09,4,8,Customs Hold,4958.19,4,0,Heavy Rain,4.51,1,8,None,0.09,0.879,0.393,0.14,0.7309,1,17.3
SHP100745,Shanghai,London,DB Schenker,Road,2023-10-07,2023-10-16,9,13,Delayed,1711.08,4,1,Blizzard,8.58,6,4,None,0.0,0.889,0.221,0.42,1.0,1,37.1
SHP100746,Rotterdam,Singapore,Maersk,Air,2024-10-12,2024-10-15,3,2,Delayed,157.66,1,1,Fog,4.06,2,5,Traffic Jam,4.38,0.846,0.158,0.28,0.8535,1,24.7
SHP100747,Dubai,Tokyo,UPS,Rail,2023-07-21,2023-07-31,10,4,Out for Delivery,2192.22,4,1,Snow,5.79,5,2,Port Strike,9.12,0.963,0.33,0.34,1.0,1,74.8
SHP100748,Hamburg,Singapore,UPS,Sea,2023-07-16,2023-08-08,23,11,Delayed,1645.09,3,0,Rain,1.56,3,1,None,0.0,0.903,0.114,0.31,0.5227,1,4.7
SHP100749,Rotterdam,London,UPS,Sea,2023-12-05,2024-01-01,27,6,Out for Delivery,4944.5,3,0,Fog,3.9,6,7,Port Strike,9.01,0.878,0.045,0.28,0.8836,1,25.5
SHP100750,Dubai,Tokyo,UPS,Road,2023-08-04,2023-08-14,10,14,Delayed,2562.71,5,0,Clear,0.0,8,8,Equipment Failure,6.1,0.903,0.076,0.18,0.7281,1,61.7
SHP100751,Dubai,Sydney,DB Schenker,Rail,2023-06-08,2023-06-22,14,18,At Port,2702.46,5,1,Fog,3.6,5,2,Equipment Failure,5.75,0.859,0.108,0.34,0.9126,1,63.8
SHP100752,Hamburg,Tokyo,DHL,Sea,2024-08-29,2024-09-21,23,18,At Port,4917.04,2,0,Snow,5.61,6,10,Port Strike,9.42,0.893,0.08,0.11,0.8446,1,59.2
SHP100753,Rotterdam,London,DHL,Sea,2023-01-16,2023-02-10,25,0,In Transit,4597.79,5,1,Clear,0.0,6,10,None,0.41,0.912,0.213,0.14,0.4956,0,0.0
SHP100754,Dubai,Sydney,FedEx,Air,2023-07-13,2023-07-17,4,0,At Port,3930.95,1,0,Clear,0.05,3,9,Traffic Jam,4.14,0.933,0.052,0.33,0.5382,1,23.6
SHP100755,Rotterdam,Singapore,DHL,Sea,2024-08-25,2024-09-15,21,6,Out for Delivery,4762.51,3,1,Heavy Rain,4.96,6,5,Natural Disaster,9.5,0.883,0.331,0.42,1.0,1,45.4
SHP100756,Shanghai,Tokyo,FedEx,Air,2024-03-08,2024-03-12,4,6,Delayed,4038.91,1,0,Storm,7.59,1,5,Natural Disaster,10.39,0.935,0.378,0.35,1.0,1,15.1
SHP100757,Rotterdam,Chicago,UPS,Rail,2023-01-16,2023-01-29,13,13,In Transit,2699.91,2,0,Fog,3.64,5,9,Equipment Failure,6.11,0.894,0.318,0.2,0.9301,1,45.1
SHP100758,Dubai,Singapore,XPO Logistics,Rail,2023-02-01,2023-02-13,12,14,At Port,2158.35,2,0,Clear,0.4,2,2,Traffic Jam,3.74,0.844,0.028,0.15,0.5522,1,25.9
SHP100759,Dubai,Chicago,DB Schenker,Sea,2023-03-22,2023-04-20,29,29,Delayed,1484.34,4,0,Clear,0.47,3,3,Traffic Jam,3.96,0.855,0.288,0.26,0.874,1,66.9
SHP100760,Shanghai,Chicago,XPO Logistics,Sea,2024-08-29,2024-09-20,22,5,Out for Delivery,1332.37,3,0,Clear,0.0,3,5,Equipment Failure,6.31,0.844,0.355,0.26,0.914,1,14.1
SHP100761,Rotterdam,Tokyo,XPO Logistics,Road,2023-11-23,2023-11-28,5,9,Out for Delivery,1098.18,4,0,Storm,7.87,6,2,None,0.0,0.854,0.299,0.35,1.0,1,42.9
SHP100762,Shanghai,Sydney,DHL,Sea,2023-07-01,2023-08-05,35,0,Customs Hold,4968.43,2,0,Heavy Rain,5.15,4,2,Natural Disaster,9.76,0.912,0.192,0.16,0.8474,1,34.8
SHP100763,Rotterdam,Tokyo,FedEx,Rail,2024-07-29,2024-08-10,12,0,In Transit,3737.78,1,0,Clear,0.39,2,7,Traffic Jam,4.16,0.89,0.14,0.44,0.6849,1,50.0
SHP100764,Hamburg,Sydney,FedEx,Sea,2024-04-18,2024-05-19,31,0,Customs Hold,1135.4,3,0,Clear,0.2,3,6,None,0.07,0.935,0.139,0.41,0.5481,1,42.6
SHP100765,Rotterdam,Sydney,Maersk,Sea,2024-09-01,2024-09-27,26,26,Delayed,1066.48,1,0,Heavy Rain,5.12,4,9,Port Strike,8.7,0.854,0.138,0.44,1.0,1,9.2
SHP100766,Los Angeles,New York,DHL,Road,2024-02-17,2024-02-21,4,4,At Port,4356.85,3,0,Snow,6.29,8,4,Equipment Failure,6.02,0.899,0.355,0.25,1.0,1,43.9
SHP100767,Shanghai,Sydney,UPS,Rail,2024-04-03,2024-04-14,11,9,In Transit,4575.06,4,0,Snow,6.05,3,5,Natural Disaster,9.73,0.931,0.37,0.21,1.0,1,35.8
SHP100768,Shanghai,Sydney,Maersk,Road,2024-04-04,2024-04-08,4,6,In Transit,213.0,1,0,Storm,8.23,6,6,Traffic Jam,4.04,0.864,0.147,0.31,1.0,1,71.8
SHP100769,Dubai,Chicago,FedEx,Sea,2024-04-18,2024-05-09,21,10,In Transit,3585.58,4,0,Clear,0.0,6,1,None,0.2,0.931,0.084,0.12,0.3437,0,0.0
SHP100770,Hamburg,Tokyo,UPS,Air,2024-11-13,2024-11-16,3,5,Customs Hold,1686.63,1,0,Clear,0.0,4,6,None,0.2,0.915,0.039,0.37,0.6636,1,58.1
SHP100771,Los Angeles,Singapore,XPO Logistics,Road,2023-12-14,2023-12-21,7,7,Delayed,3219.74,3,0,Snow,5.69,7,10,Equipment Failure,6.05,0.848,0.374,0.26,1.0,1,66.0
SHP100772,Shanghai,New York,FedEx,Rail,2023-08-10,2023-08-18,8,0,Out for Delivery,360.51,1,0,Snow,5.53,3,5,Equipment Failure,6.01,0.918,0.286,0.35,0.937,1,58.5
SHP100773,Shanghai,London,XPO Logistics,Road,2024-07-12,2024-07-18,6,10,At Port,3220.8,1,1,Fog,3.86,6,10,Port Strike,8.91,0.82,0.205,0.11,1.0,1,57.4
SHP100774,Rotterdam,New York,FedEx,Rail,2023-02-15,2023-02-24,9,11,Delayed,14.39,1,1,Storm,7.69,4,4,Traffic Jam,4.2,0.931,0.395,0.21,0.982,1,46.4
SHP100775,Hamburg,Tokyo,UPS,Air,2023-01-12,2023-01-14,2,5,Customs Hold,3512.43,5,0,Rain,1.68,1,3,Traffic Jam,3.75,0.909,0.241,0.26,0.9644,1,24.8
SHP100776,Hamburg,Tokyo,UPS,Air,2024-08-08,2024-08-10,2,3,In Transit,1920.44,1,1,Clear,0.04,4,2,None,0.0,0.944,0.078,0.28,0.5714,1,14.7
SHP100777,Hamburg,Chicago,FedEx,Road,2024-07-30,2024-08-04,5,2,Out for Delivery,3986.8,2,0,Storm,7.92,7,7,Traffic Jam,3.73,0.898,0.34,0.24,0.9711,1,45.8
SHP100778,Los Angeles,Chicago,DHL,Air,2023-01-26,2023-01-29,3,1,Out for Delivery,3627.92,5,0,Storm,7.73,1,2,Natural Disaster,9.93,0.902,0.384,0.16,0.9277,1,11.2
SHP100779,Rotterdam,New York,DB Schenker,Rail,2024-08-02,2024-08-10,8,8,In Transit,837.81,4,0,Snow,5.83,2,8,Traffic Jam,4.38,0.847,0.236,0.36,1.0,1,40.4
SHP100780,Rotterdam,New York,XPO Logistics,Air,2024-07-01,2024-07-04,3,8,Out for Delivery,690.94,5,1,Rain,1.67,3,2,Natural Disaster,10.38,0.849,0.349,0.22,1.0,1,20.6
SHP100781,Shanghai,London,DB Schenker,Sea,2023-05-11,2023-06-02,22,8,At Port,2107.59,1,0,Heavy Rain,5.49,4,2,Equipment Failure,6.42,0.884,0.347,0.36,1.0,1,58.0
SHP100782,Dubai,London,XPO Logistics,Air,2023-05-11,2023-05-13,2,2,Customs Hold,1864.97,2,0,Snow,6.22,4,2,None,0.43,0.832,0.284,0.23,0.9244,1,9.0
SHP100783,Hamburg,Chicago,FedEx,Rail,2023-09-17,2023-09-24,7,5,Out for Delivery,2686.58,5,0,Clear,0.43,5,2,Natural Disaster,9.86,0.914,0.363,0.26,0.9348,1,70.2
SHP100784,Dubai,New York,XPO Logistics,Sea,2024-11-30,2025-01-02,33,38,At Port,334.87,3,1,Clear,0.08,4,9,Natural Disaster,10.29,0.877,0.12,0.14,0.8413,1,34.7
SHP100785,Hamburg,Chicago,FedEx,Sea,2023-01-15,2023-02-13,29,23,In Transit,3502.28,2,0,Storm,8.47,6,7,Natural Disaster,10.25,0.94,0.359,0.26,1.0,1,13.6
SHP100786,Rotterdam,Sydney,UPS,Road,2023-10-21,2023-10-24,3,6,In Transit,1884.96,5,1,Heavy Rain,4.81,7,5,Equipment Failure,6.07,0.9,0.151,0.35,1.0,1,23.1
SHP100787,Hamburg,Sydney,DHL,Rail,2023-05-31,2023-06-09,9,14,In Transit,2669.24,1,1,Clear,0.15,4,9,Traffic Jam,3.65,0.899,0.278,0.19,0.7492,1,68.5
SHP100788,Rotterdam,Singapore,DB Schenker,Air,2024-10-16,2024-10-19,3,4,At Port,4444.87,2,0,Storm,8.3,2,8,Port Strike,9.46,0.875,0.127,0.35,1.0,1,38.8
SHP100789,Hamburg,London,DHL,Road,2023-09-04,2023-09-12,8,7,Customs Hold,2497.15,3,1,Blizzard,9.22,8,10,None,0.28,0.874,0.168,0.1,0.8395,1,35.4
SHP100790,Dubai,Singapore,UPS,Road,2024-03-23,2024-03-30,7,6,Customs Hold,1428.11,3,0,Heavy Rain,5.0,6,3,Port Strike,9.41,0.934,0.068,0.15,0.8117,1,44.0
SHP100791,Shanghai,Chicago,UPS,Road,2023-07-09,2023-07-17,8,9,At Port,1198.37,2,0,Clear,0.0,6,5,Traffic Jam,3.74,0.898,0.192,0.4,0.9178,1,27.5
SHP100792,Mumbai,New York,UPS,Air,2024-08-20,2024-08-23,3,1,Out for Delivery,521.7,2,0,Snow,5.81,1,8,Equipment Failure,5.91,0.905,0.27,0.26,0.8812,1,7.7
SHP100793,Dubai,Singapore,XPO Logistics,Air,2023-06-21,2023-06-24,3,8,Delayed,2165.01,2,1,Fog,4.06,3,5,Traffic Jam,3.86,0.788,0.388,0.15,1.0,1,29.4
SHP100794,Dubai,Singapore,XPO Logistics,Rail,2023-07-18,2023-07-30,12,4,In Transit,557.82,1,0,Clear,0.0,5,8,Natural Disaster,9.82,0.834,0.092,0.15,0.8254,1,52.9
SHP100795,Shanghai,Singapore,XPO Logistics,Road,2024-07-03,2024-07-11,8,10,Customs Hold,931.95,3,1,Blizzard,8.54,7,2,Natural Disaster,10.18,0.773,0.297,0.27,1.0,1,65.6
SHP100796,Hamburg,New York,Maersk,Air,2024-08-10,2024-08-12,2,1,At Port,3877.94,5,0,Heavy Rain,4.54,1,3,Port Strike,9.12,0.838,0.153,0.17,0.8619,1,75.5
SHP100797,Shanghai,Chicago,XPO Logistics,Sea,2023-09-10,2023-10-02,22,26,At Port,3496.7,2,0,Snow,5.71,4,8,Natural Disaster,9.65,0.853,0.283,0.15,1.0,1,86.4
SHP100798,Rotterdam,Chicago,DHL,Air,2023-08-16,2023-08-20,4,6,Out for Delivery,2557.5,1,1,Heavy Rain,5.47,4,8,Natural Disaster,10.41,0.869,0.229,0.2,1.0,1,60.6
SHP100799,Shanghai,Chicago,DHL,Sea,2023-01-15,2023-02-05,21,3,Delayed,4818.31,1,1,Clear,0.32,4,3,None,0.06,0.866,0.233,0.41,0.7939,1,52.4
SHP100800,Dubai,Sydney,XPO Logistics,Road,2024-02-17,2024-02-25,8,12,At Port,84.93,5,0,Blizzard,9.48,7,3,Traffic Jam,4.48,0.829,0.074,0.44,1.0,1,73.9
SHP100801,Los Angeles,Tokyo,DHL,Road,2023-06-07,2023-06-15,8,0,At Port,4322.53,4,0,Snow,6.12,8,4,Equipment Failure,6.16,0.863,0.362,0.25,1.0,1,12.0
SHP100802,Dubai,New York,DB Schenker,Air,2023-10-10,2023-10-12,2,5,Out for Delivery,3873.95,2,0,Storm,7.8,1,2,Natural Disaster,9.82,0.873,0.025,0.33,1.0,1,42.1
SHP100803,Shanghai,Chicago,UPS,Rail,2024-11-03,2024-11-15,12,8,Customs Hold,2140.88,1,0,Fog,3.82,2,6,Natural Disaster,10.44,0.912,0.271,0.38,1.0,1,12.5
SHP100804,Rotterdam,Singapore,UPS,Road,2024-08-06,2024-08-12,6,7,Delayed,4881.98,4,0,Heavy Rain,4.68,9,3,None,0.31,0.892,0.027,0.38,0.8612,1,10.7
SHP100805,Dubai,Sydney,FedEx,Sea,2023-03-17,2023-04-11,25,14,In Transit,399.97,2,0,Rain,1.91,6,8,Traffic Jam,3.66,0.892,0.206,0.18,0.7119,1,12.7
SHP100806,Dubai,Sydney,XPO Logistics,Air,2024-06-27,2024-07-02,5,3,Delayed,1544.18,3,0,Heavy Rain,5.44,3,7,Equipment Failure,6.1,0.855,0.259,0.17,0.8132,1,74.7
SHP100807,Dubai,Singapore,DB Schenker,Road,2023-05-29,2023-06-02,4,5,Customs Hold,34.93,4,0,Rain,1.99,9,5,None,0.0,0.889,0.263,0.15,0.708,1,4.3
SHP100808,Mumbai,Chicago,Maersk,Rail,2024-11-12,2024-11-23,11,14,Out for Delivery,1285.03,1,0,Heavy Rain,5.38,2,7,Equipment Failure,5.7,0.812,0.358,0.25,1.0,1,9.0
SHP100809,Mumbai,London,UPS,Road,2023-02-08,2023-02-17,9,7,Customs Hold,3473.76,1,1,Storm,8.13,8,4,Port Strike,9.2,0.901,0.105,0.15,1.0,1,70.7
SHP100810,Hamburg,Tokyo,UPS,Air,2024-04-18,2024-04-23,5,3,Customs Hold,1493.04,2,0,Fog,4.11,3,7,Port Strike,8.85,0.949,0.127,0.31,0.8498,1,62.7
SHP100811,Los Angeles,Singapore,DHL,Road,2023-11-09,2023-11-15,6,11,Out for Delivery,2629.36,1,0,Blizzard,9.08,8,5,None,0.38,0.905,0.353,0.18,1.0,1,19.1
SHP100812,Shanghai,Chicago,UPS,Rail,2023-08-12,2023-08-21,9,1,Customs Hold,2394.91,1,0,Fog,4.26,5,8,Natural Disaster,10.19,0.978,0.064,0.15,0.6593,1,57.3
SHP100813,Rotterdam,Tokyo,DHL,Road,2024-04-28,2024-05-01,3,0,Delayed,273.51,5,0,Heavy Rain,4.93,8,4,Traffic Jam,3.56,0.906,0.295,0.23,0.8653,1,16.2
SHP100814,Dubai,Tokyo,FedEx,Sea,2023-12-08,2024-01-06,29,21,In Transit,1092.4,5,0,Rain,2.34,3,10,Natural Disaster,9.93,0.896,0.326,0.29,0.9935,1,29.3
SHP100815,Los Angeles,Chicago,UPS,Sea,2024-02-11,2024-03-07,25,7,Out for Delivery,167.91,2,0,Snow,5.55,4,3,Traffic Jam,3.68,0.933,0.335,0.2,0.771,1,18.1
SHP100816,Mumbai,Tokyo,DHL,Road,2023-01-20,2023-01-30,10,12,Delayed,3766.44,4,0,Rain,1.53,8,5,None,0.4,0.895,0.236,0.35,0.8282,1,16.4
SHP100817,Dubai,New York,XPO Logistics,Rail,2024-04-21,2024-05-02,11,6,Delayed,2110.91,3,0,Heavy Rain,4.73,4,10,None,0.0,0.834,0.33,0.43,0.9823,1,21.9
SHP100818,Los Angeles,Singapore,DHL,Sea,2023-06-06,2023-06-24,18,4,Customs Hold,2342.5,4,0,Rain,1.61,4,5,Equipment Failure,5.73,0.877,0.103,0.41,0.886,1,63.9
SHP100819,Shanghai,Singapore,Maersk,Rail,2024-03-24,2024-04-05,12,10,Out for Delivery,2780.86,5,0,Blizzard,8.67,4,4,None,0.0,0.85,0.363,0.17,0.9803,1,77.9
SHP100820,Hamburg,London,FedEx,Sea,2023-02-17,2023-03-24,35,4,Out for Delivery,261.07,3,0,Snow,6.31,3,3,Port Strike,9.22,0.954,0.384,0.1,0.8293,1,9.3
SHP100821,Dubai,Sydney,UPS,Rail,2024-10-19,2024-11-01,13,3,In Transit,2684.35,2,1,Blizzard,9.44,3,9,Natural Disaster,9.55,0.883,0.157,0.42,1.0,1,19.9
SHP100822,Dubai,Sydney,XPO Logistics,Sea,2023-07-04,2023-08-01,28,24,Out for Delivery,3847.22,5,0,Fog,4.21,4,8,None,0.0,0.811,0.258,0.43,1.0,1,77.5
SHP100823,Shanghai,London,FedEx,Air,2024-04-13,2024-04-15,2,6,In Transit,3989.79,1,0,Clear,0.0,1,5,Equipment Failure,5.55,0.932,0.333,0.26,0.9031,1,54.0
SHP100824,Los Angeles,New York,DB Schenker,Road,2023-11-22,2023-11-26,4,2,Out for Delivery,4285.85,3,0,Rain,1.89,8,1,Equipment Failure,6.06,0.885,0.089,0.19,0.8066,1,15.3
SHP100825,Mumbai,London,Maersk,Road,2023-07-16,2023-07-22,6,4,Out for Delivery,4612.28,5,0,Fog,4.4,6,10,Natural Disaster,10.34,0.844,0.21,0.21,1.0,1,30.4
SHP100826,Shanghai,London,FedEx,Road,2024-06-03,2024-06-11,8,12,At Port,2070.87,3,0,Snow,6.12,7,10,Natural Disaster,10.13,0.91,0.099,0.24,1.0,1,22.6
SHP100827,Mumbai,Sydney,UPS,Sea,2023-06-07,2023-07-08,31,22,Customs Hold,1429.54,5,0,Heavy Rain,5.1,3,3,Equipment Failure,6.07,0.899,0.372,0.3,1.0,1,35.0
SHP100828,Mumbai,London,FedEx,Sea,2024-11-11,2024-12-06,25,14,At Port,2157.61,1,0,Heavy Rain,5.15,4,3,Traffic Jam,4.22,0.902,0.272,0.39,0.912,1,33.0
SHP100829,Los Angeles,Chicago,DB Schenker,Air,2023-07-19,2023-07-22,3,0,At Port,4252.59,2,0,Heavy Rain,5.35,2,2,None,0.0,0.895,0.331,0.35,0.7925,1,72.5
SHP100830,Hamburg,New York,UPS,Road,2024-01-17,2024-01-26,9,7,At Port,4944.11,3,0,Snow,5.51,6,7,None,0.0,0.927,0.224,0.29,0.7877,1,64.1
SHP100831,Dubai,New York,FedEx,Rail,2024-05-24,2024-06-03,10,10,Customs Hold,2177.0,5,0,Fog,4.46,5,2,Equipment Failure,6.37,0.886,0.305,0.2,0.9607,1,24.6
SHP100832,Dubai,London,FedEx,Sea,2023-07-03,2023-07-27,24,9,Delayed,4585.22,5,0,Blizzard,8.66,5,8,Port Strike,9.3,0.918,0.063,0.29,0.9712,1,13.7
SHP100833,Rotterdam,Sydney,DHL,Rail,2024-09-19,2024-09-28,9,8,At Port,312.41,1,0,Fog,4.05,2,3,Equipment Failure,5.93,0.887,0.176,0.18,0.763,1,68.9
SHP100834,Dubai,London,DB Schenker,Road,2023-07-13,2023-07-21,8,5,Customs Hold,4212.34,4,0,Fog,4.39,7,3,Natural Disaster,9.5,0.876,0.155,0.29,1.0,1,65.4
SHP100835,Rotterdam,Chicago,FedEx,Air,2024-03-18,2024-03-21,3,3,Delayed,4500.69,4,0,Storm,8.39,4,8,Equipment Failure,6.38,0.931,0.097,0.2,0.9151,1,47.1
SHP100836,Dubai,New York,XPO Logistics,Rail,2023-04-18,2023-04-26,8,0,Customs Hold,4245.82,5,0,Storm,8.16,3,2,Natural Disaster,9.73,0.843,0.251,0.17,1.0,1,37.4
SHP100837,Hamburg,Sydney,XPO Logistics,Air,2023-01-21,2023-01-26,5,1,At Port,502.71,5,0,Storm,8.13,3,9,Traffic Jam,3.67,0.818,0.261,0.39,1.0,1,28.3
SHP100838,Shanghai,Chicago,DHL,Rail,2023-04-30,2023-05-12,12,13,At Port,3507.63,2,1,Storm,7.75,4,1,Natural Disaster,10.0,0.868,0.299,0.22,1.0,1,39.2
SHP100839,Mumbai,Chicago,Maersk,Sea,2024-08-11,2024-09-02,22,6,At Port,3820.1,1,0,Blizzard,9.07,4,7,Traffic Jam,3.72,0.842,0.124,0.22,0.9226,1,79.2
SHP100840,Rotterdam,Chicago,FedEx,Rail,2023-05-27,2023-06-04,8,12,Out for Delivery,2795.97,3,0,Snow,5.98,2,8,Natural Disaster,10.1,0.894,0.137,0.2,1.0,1,42.5
SHP100841,Shanghai,Chicago,DHL,Road,2023-09-06,2023-09-14,8,6,In Transit,49.88,3,0,Storm,8.03,9,5,Natural Disaster,10.08,0.887,0.031,0.2,1.0,1,65.7
SHP100842,Rotterdam,Sydney,FedEx,Road,2023-06-17,2023-06-27,10,12,Customs Hold,2600.66,3,0,Clear,0.4,6,5,None,0.0,0.899,0.223,0.39,0.8468,1,5.1
SHP100843,Rotterdam,Chicago,DB Schenker,Sea,2023-11-09,2023-12-12,33,35,In Transit,3.66,1,0,Heavy Rain,4.74,4,1,Natural Disaster,9.95,0.837,0.161,0.2,1.0,1,67.2
SHP100844,Dubai,Sydney,XPO Logistics,Rail,2023-12-31,2024-01-13,13,9,In Transit,2244.4,4,0,Fog,4.07,5,5,Equipment Failure,6.16,0.843,0.361,0.44,1.0,1,51.2
SHP100845,Mumbai,Singapore,FedEx,Air,2024-02-29,2024-03-02,2,6,At Port,2976.73,5,0,Storm,7.55,3,3,Port Strike,8.8,0.899,0.388,0.42,1.0,1,41.4
SHP100846,Los Angeles,Singapore,UPS,Rail,2023-06-18,2023-06-27,9,12,At Port,4694.73,2,0,Storm,8.41,5,3,Traffic Jam,3.64,0.912,0.374,0.41,1.0,1,17.2
SHP100847,Shanghai,Tokyo,DHL,Sea,2023-09-22,2023-10-19,27,19,Out for Delivery,1126.51,5,0,Storm,7.83,4,4,None,0.0,0.861,0.057,0.31,0.7796,1,39.0
SHP100848,Shanghai,London,UPS,Road,2023-06-20,2023-06-26,6,2,Out for Delivery,2473.52,4,1,Rain,2.43,6,3,None,0.28,0.884,0.11,0.43,0.6899,1,52.1
SHP100849,Rotterdam,Singapore,DB Schenker,Sea,2023-11-25,2023-12-30,35,11,At Port,1638.79,5,0,Heavy Rain,5.18,5,2,Equipment Failure,6.36,0.855,0.059,0.15,0.7511,1,46.1
SHP100850,Mumbai,New York,FedEx,Road,2024-01-07,2024-01-14,7,7,In Transit,561.12,3,1,Fog,4.26,7,9,None,0.0,0.912,0.187,0.22,0.7826,1,13.1
SHP100851,Rotterdam,Tokyo,XPO Logistics,Rail,2024-09-09,2024-09-19,10,15,Customs Hold,4127.58,2,0,Heavy Rain,4.7,3,4,Traffic Jam,4.37,0.825,0.046,0.25,0.8868,1,39.4
SHP100852,Shanghai,Chicago,Maersk,Sea,2023-06-28,2023-08-02,35,0,At Port,4158.75,3,0,Clear,0.0,3,7,Traffic Jam,3.62,0.844,0.283,0.21,0.736,1,65.8
SHP100853,Dubai,London,Maersk,Air,2023-04-20,2023-04-24,4,4,In Transit,4660.75,5,0,Fog,3.59,4,7,Equipment Failure,5.88,0.846,0.082,0.25,0.9069,1,23.8
SHP100854,Mumbai,London,DB Schenker,Road,2023-09-26,2023-09-29,3,1,Delayed,476.45,2,0,Snow,5.84,7,6,Natural Disaster,10.03,0.896,0.109,0.3,1.0,1,54.6
SHP100855,Mumbai,Singapore,DB Schenker,Road,2024-02-04,2024-02-11,7,9,Out for Delivery,3771.29,3,0,Rain,2.41,8,10,Traffic Jam,4.39,0.862,0.145,0.39,1.0,1,91.1
SHP100856,Dubai,New York,DB Schenker,Air,2024-03-27,2024-04-01,5,4,Customs Hold,1496.59,5,0,Rain,2.11,4,10,None,0.0,0.857,0.372,0.41,0.9309,1,83.1
SHP100857,Shanghai,Tokyo,DHL,Rail,2024-06-19,2024-06-27,8,2,Delayed,1229.19,5,1,Blizzard,8.71,4,2,Port Strike,9.35,0.886,0.063,0.36,0.9908,1,80.3
SHP100858,Shanghai,Tokyo,UPS,Air,2024-11-03,2024-11-06,3,0,In Transit,3722.7,3,0,Snow,6.36,4,2,Equipment Failure,5.72,0.902,0.32,0.3,0.9652,1,71.3
SHP100859,Mumbai,Singapore,FedEx,Road,2023-01-21,2023-01-27,6,0,Customs Hold,3617.67,2,0,Rain,1.63,9,2,Natural Disaster,10.15,0.92,0.14,0.21,0.9319,1,53.7
SHP100860,Dubai,Chicago,UPS,Air,2023-02-13,2023-02-17,4,4,At Port,3787.75,4,0,Snow,5.9,3,4,None,0.3,0.915,0.222,0.43,0.9383,1,82.9
SHP100861,Shanghai,London,XPO Logistics,Road,2024-02-15,2024-02-23,8,12,At Port,1833.91,1,0,Snow,6.13,8,7,Equipment Failure,6.48,0.807,0.34,0.44,1.0,1,46.5
SHP100862,Hamburg,New York,XPO Logistics,Road,2023-09-03,2023-09-11,8,12,Delayed,2357.95,2,0,Blizzard,8.79,9,9,Natural Disaster,10.11,0.837,0.271,0.43,1.0,1,47.1
SHP100863,Hamburg,Chicago,DB Schenker,Rail,2023-12-18,2024-01-02,15,2,Delayed,3173.21,3,0,Storm,7.57,5,8,None,0.39,0.859,0.257,0.13,0.7622,1,27.5
SHP100864,Dubai,Tokyo,Maersk,Road,2023-02-08,2023-02-11,3,7,In Transit,3168.98,3,0,Heavy Rain,4.64,9,2,None,0.0,0.853,0.346,0.17,1.0,1,46.8
SHP100865,Rotterdam,Chicago,DHL,Road,2024-02-26,2024-03-07,10,8,Customs Hold,2545.98,5,0,Clear,0.16,6,5,Equipment Failure,5.67,0.877,0.224,0.2,0.73,1,61.6
SHP100866,Los Angeles,New York,XPO Logistics,Sea,2023-05-20,2023-06-10,21,6,Out for Delivery,1015.87,1,0,Fog,4.31,3,5,Natural Disaster,10.26,0.882,0.339,0.38,1.0,1,59.2
SHP100867,Rotterdam,New York,DB Schenker,Rail,2024-03-29,2024-04-08,10,6,Customs Hold,4710.43,1,0,Fog,3.95,4,10,Natural Disaster,10.22,0.842,0.25,0.13,1.0,1,23.4
SHP100868,Dubai,Sydney,FedEx,Sea,2023-05-17,2023-06-12,26,16,At Port,2309.4,4,0,Rain,2.36,4,6,Natural Disaster,10.11,0.955,0.295,0.41,1.0,1,30.2
SHP100869,Los Angeles,New York,FedEx,Air,2023-10-06,2023-10-08,2,5,Delayed,721.42,2,0,Snow,6.05,1,2,Equipment Failure,5.98,0.935,0.254,0.12,0.9147,1,50.3
SHP100870,Mumbai,New York,DB Schenker,Rail,2023-09-19,2023-09-28,9,5,Customs Hold,2096.37,2,0,Snow,5.8,3,4,Natural Disaster,9.51,0.891,0.336,0.16,1.0,1,54.0
SHP100871,Rotterdam,New York,FedEx,Sea,2024-03-17,2024-04-16,30,30,Out for Delivery,1676.44,5,0,Storm,7.95,4,1,Equipment Failure,6.43,0.945,0.316,0.12,0.9142,1,37.6
SHP100872,Mumbai,Singapore,DHL,Air,2024-02-24,2024-02-26,2,7,At Port,3992.75,1,0,Heavy Rain,4.6,2,1,Port Strike,9.46,0.886,0.234,0.15,1.0,1,61.4
SHP100873,Shanghai,London,FedEx,Rail,2023-04-22,2023-04-29,7,11,Customs Hold,4350.76,3,0,Rain,2.16,5,5,None,0.0,0.879,0.326,0.15,0.7671,1,55.9
SHP100874,Shanghai,Sydney,FedEx,Sea,2024-04-30,2024-06-01,32,15,At Port,1803.05,2,0,Blizzard,8.64,4,3,None,0.0,0.872,0.319,0.37,1.0,1,64.3
SHP100875,Shanghai,London,UPS,Sea,2023-03-26,2023-04-13,18,23,Customs Hold,1579.37,3,0,Fog,3.97,4,7,Traffic Jam,3.52,0.926,0.276,0.23,0.7799,1,69.5
SHP100876,Mumbai,Sydney,FedEx,Rail,2024-07-24,2024-08-05,12,11,At Port,4610.98,5,0,Blizzard,8.88,3,9,Traffic Jam,4.07,0.904,0.062,0.3,0.8612,1,18.4
SHP100877,Mumbai,Chicago,Maersk,Road,2024-02-28,2024-03-08,9,10,At Port,118.67,3,0,Blizzard,8.88,6,8,Equipment Failure,6.0,0.838,0.122,0.42,1.0,1,45.4
SHP100878,Dubai,Chicago,FedEx,Air,2023-10-26,2023-10-29,3,0,At Port,4898.25,3,0,Clear,0.23,2,4,Natural Disaster,10.46,0.945,0.258,0.24,0.7676,1,41.9
SHP100879,Rotterdam,Sydney,UPS,Rail,2023-05-01,2023-05-13,12,8,In Transit,4331.17,2,0,Fog,4.36,3,8,Port Strike,8.67,0.9,0.303,0.12,0.8856,1,77.3
SHP100880,Shanghai,London,DHL,Air,2024-07-15,2024-07-20,5,7,In Transit,4774.75,5,0,Clear,0.0,1,1,None,0.0,0.891,0.323,0.14,0.616,1,25.0
SHP100881,Dubai,Singapore,DHL,Sea,2023-07-26,2023-08-30,35,24,Customs Hold,1942.85,3,0,Snow,5.84,3,8,Natural Disaster,10.37,0.926,0.228,0.15,0.9145,1,9.7
SHP100882,Rotterdam,Chicago,DB Schenker,Road,2023-05-02,2023-05-12,10,3,Customs Hold,750.83,3,0,Rain,1.59,8,10,Natural Disaster,9.83,0.862,0.074,0.2,0.8725,1,20.1
SHP100883,Los Angeles,Singapore,FedEx,Air,2023-09-02,2023-09-06,4,7,Out for Delivery,2208.36,4,0,Rain,2.11,3,7,Traffic Jam,4.39,0.899,0.124,0.2,0.8526,1,12.4
SHP100884,Rotterdam,London,UPS,Air,2023-04-04,2023-04-07,3,7,Customs Hold,4436.27,5,1,Snow,6.47,2,6,Equipment Failure,5.89,0.882,0.033,0.44,1.0,1,29.6
SHP100885,Los Angeles,London,Maersk,Sea,2024-02-26,2024-03-20,23,14,Out for Delivery,2744.99,1,1,Snow,5.66,3,6,Port Strike,9.06,0.867,0.073,0.45,1.0,1,90.4
SHP100886,Dubai,London,XPO Logistics,Road,2023-10-21,2023-10-24,3,7,Out for Delivery,2291.68,2,0,Fog,3.76,9,9,None,0.0,0.819,0.233,0.11,0.9356,1,13.2
SHP100887,Dubai,London,DHL,Sea,2023-03-12,2023-04-01,20,20,At Port,1560.63,3,0,Snow,6.22,3,4,Natural Disaster,9.93,0.93,0.306,0.27,1.0,1,93.4
SHP100888,Los Angeles,Singapore,DHL,Sea,2024-10-11,2024-11-10,30,5,Delayed,1748.94,2,1,Storm,8.0,4,5,Port Strike,8.81,0.889,0.341,0.44,1.0,1,13.5
SHP100889,Mumbai,Chicago,DHL,Sea,2024-11-26,2024-12-28,32,28,Out for Delivery,1380.67,2,0,Blizzard,9.35,6,3,None,0.43,0.914,0.318,0.43,1.0,1,92.1
SHP100890,Rotterdam,Sydney,Maersk,Rail,2024-09-30,2024-10-08,8,10,At Port,2503.24,3,1,Blizzard,8.71,2,9,Traffic Jam,4.47,0.854,0.061,0.11,0.8196,1,78.2
SHP100891,Hamburg,London,DHL,Road,2023-11-11,2023-11-20,9,8,Out for Delivery,1284.26,3,0,Blizzard,8.59,9,3,Port Strike,9.1,0.896,0.305,0.1,1.0,1,7.5
SHP100892,Mumbai,Singapore,XPO Logistics,Road,2023-05-07,2023-05-13,6,8,Out for Delivery,4372.22,5,0,Snow,5.75,9,5,None,0.0,0.84,0.277,0.18,0.9702,1,69.0
SHP100893,Rotterdam,Chicago,UPS,Rail,2024-02-19,2024-02-27,8,13,At Port,4316.02,2,0,Clear,0.0,4,3,Natural Disaster,10.16,0.915,0.126,0.2,0.8717,1,60.8
SHP100894,Shanghai,Tokyo,DB Schenker,Rail,2024-05-23,2024-05-30,7,0,In Transit,401.37,1,0,Blizzard,9.2,2,10,Port Strike,9.05,0.872,0.245,0.31,1.0,1,8.9
SHP100895,Shanghai,London,UPS,Rail,2024-05-23,2024-05-30,7,12,In Transit,3608.93,1,0,Rain,2.26,3,10,None,0.44,0.91,0.28,0.37,0.7891,1,11.7
SHP100896,Dubai,Tokyo,XPO Logistics,Rail,2023-01-10,2023-01-24,14,10,At Port,3723.51,5,1,Heavy Rain,5.21,2,8,Traffic Jam,3.67,0.834,0.221,0.27,0.9407,1,17.3
SHP100897,Mumbai,Chicago,FedEx,Sea,2023-04-19,2023-05-07,18,4,Delayed,1694.57,4,0,Clear,0.1,6,4,Natural Disaster,9.99,0.929,0.066,0.19,0.7208,1,6.9
SHP100898,Mumbai,Chicago,FedEx,Air,2024-07-14,2024-07-16,2,7,Customs Hold,4381.76,2,0,Blizzard,8.51,3,3,Traffic Jam,3.79,0.936,0.323,0.33,1.0,1,20.6
SHP100899,Shanghai,Sydney,DB Schenker,Air,2024-07-18,2024-07-22,4,7,Delayed,3485.06,3,0,Fog,4.18,3,10,Natural Disaster,10.12,0.906,0.065,0.12,0.8796,1,12.4
SHP100900,Shanghai,Singapore,FedEx,Rail,2024-02-02,2024-02-09,7,3,Out for Delivery,2691.2,5,0,Blizzard,9.44,4,2,Port Strike,8.66,0.922,0.342,0.41,1.0,1,58.0
SHP100901,Los Angeles,Chicago,UPS,Air,2023-11-05,2023-11-07,2,5,Customs Hold,3491.58,4,1,Clear,0.0,1,9,None,0.22,0.914,0.31,0.23,0.7397,1,51.9
SHP100902,Hamburg,London,XPO Logistics,Road,2023-04-03,2023-04-11,8,13,Customs Hold,4277.69,4,0,Heavy Rain,5.41,9,10,Equipment Failure,6.49,0.855,0.206,0.1,1.0,1,34.8
SHP100903,Hamburg,Chicago,UPS,Road,2023-03-20,2023-03-28,8,2,In Transit,2309.57,5,0,Rain,2.06,6,1,Equipment Failure,5.76,0.912,0.163,0.22,0.7756,1,55.9
SHP100904,Shanghai,London,UPS,Road,2023-10-14,2023-10-24,10,1,Delayed,3773.62,3,1,Blizzard,8.53,7,7,Traffic Jam,4.0,0.896,0.067,0.12,0.7698,1,41.4
SHP100905,Dubai,London,Maersk,Air,2023-11-22,2023-11-26,4,7,Customs Hold,864.21,5,0,Clear,0.0,3,3,Natural Disaster,10.17,0.848,0.166,0.35,1.0,1,75.4
SHP100906,Mumbai,Singapore,DB Schenker,Rail,2024-07-22,2024-08-04,13,13,Customs Hold,1041.62,3,1,Storm,8.15,5,4,Port Strike,8.64,0.87,0.379,0.34,1.0,1,48.8
SHP100907,Dubai,London,UPS,Sea,2024-05-31,2024-06-19,19,8,Customs Hold,30.63,3,0,Fog,4.49,4,4,Natural Disaster,10.19,0.863,0.316,0.16,0.9917,1,67.3
SHP100908,Rotterdam,London,Maersk,Sea,2023-12-02,2024-01-02,31,20,At Port,3553.54,4,0,Storm,7.82,6,8,None,0.0,0.86,0.246,0.12,0.8462,1,24.5
SHP100909,Mumbai,New York,DB Schenker,Air,2023-09-23,2023-09-26,3,6,Customs Hold,516.89,4,0,Blizzard,9.23,2,3,Equipment Failure,5.68,0.87,0.379,0.12,1.0,1,81.2
SHP100910,Los Angeles,Singapore,Maersk,Rail,2023-04-20,2023-05-01,11,5,At Port,879.02,3,0,Clear,0.0,4,1,Natural Disaster,9.9,0.831,0.23,0.39,1.0,1,81.2
SHP100911,Rotterdam,New York,DHL,Sea,2024-02-28,2024-03-20,21,21,Customs Hold,4031.21,2,0,Clear,0.0,6,1,Port Strike,9.37,0.871,0.191,0.29,1.0,1,42.0
SHP100912,Hamburg,Sydney,FedEx,Road,2024-08-20,2024-08-25,5,7,In Transit,3912.71,3,1,Clear,0.0,7,10,Traffic Jam,4.36,0.938,0.187,0.4,0.9902,1,93.2
SHP100913,Rotterdam,New York,DB Schenker,Sea,2023-11-29,2023-12-18,19,19,At Port,3503.72,4,1,Clear,0.05,3,3,Natural Disaster,9.72,0.865,0.25,0.34,0.9443,1,21.0
SHP100914,Shanghai,London,DB Schenker,Air,2024-10-29,2024-10-31,2,2,Delayed,4886.16,3,1,Rain,1.95,3,5,Traffic Jam,3.95,0.885,0.083,0.39,0.7634,1,22.8
SHP100915,Dubai,Singapore,DB Schenker,Road,2024-06-01,2024-06-04,3,7,In Transit,4799.17,5,0,Storm,8.35,6,2,None,0.05,0.903,0.273,0.15,0.961,1,57.2
SHP100916,Hamburg,London,FedEx,Road,2024-09-26,2024-10-03,7,9,Out for Delivery,1223.77,2,0,Blizzard,8.67,7,1,Port Strike,8.69,0.943,0.098,0.1,0.9085,1,8.8
SHP100917,Los Angeles,Singapore,UPS,Road,2023-08-20,2023-08-28,8,3,In Transit,4375.8,2,0,Clear,0.31,8,4,Equipment Failure,5.71,0.926,0.094,0.34,0.7407,1,61.1
SHP100918,Mumbai,London,DB Schenker,Rail,2023-01-28,2023-02-05,8,2,Customs Hold,1964.41,5,0,Clear,0.25,2,6,Equipment Failure,6.08,0.887,0.189,0.16,0.557,1,51.0
SHP100919,Shanghai,London,DHL,Rail,2024-05-07,2024-05-18,11,5,Delayed,4929.93,5,0,Rain,1.68,4,6,None,0.07,0.893,0.363,0.32,0.7744,1,45.5
SHP100920,Hamburg,Sydney,Maersk,Air,2024-01-17,2024-01-20,3,4,Customs Hold,2128.9,5,1,Clear,0.35,4,1,Natural Disaster,9.6,0.839,0.364,0.19,1.0,1,78.8
SHP100921,Hamburg,New York,FedEx,Sea,2023-05-21,2023-06-09,19,22,At Port,2909.64,1,0,Heavy Rain,4.73,5,3,Traffic Jam,3.82,0.935,0.123,0.22,0.7919,1,26.1
SHP100922,Dubai,New York,DB Schenker,Rail,2024-10-15,2024-10-24,9,5,Delayed,3956.19,5,0,Fog,3.63,2,6,Natural Disaster,9.74,0.865,0.331,0.28,1.0,1,72.2
SHP100923,Shanghai,Tokyo,DB Schenker,Rail,2024-05-19,2024-05-29,10,5,Delayed,3582.2,4,0,Clear,0.0,2,6,Natural Disaster,10.12,0.82,0.042,0.23,0.7365,1,68.1
SHP100924,Los Angeles,New York,DB Schenker,Road,2024-06-23,2024-06-28,5,6,At Port,3894.7,5,0,Blizzard,8.9,7,3,Traffic Jam,4.01,0.864,0.171,0.11,0.9044,1,30.3
SHP100925,Hamburg,Singapore,UPS,Road,2024-02-06,2024-02-11,5,2,In Transit,3784.79,2,0,Blizzard,8.61,7,7,Equipment Failure,6.3,0.912,0.375,0.22,1.0,1,46.2
SHP100926,Rotterdam,Sydney,DHL,Road,2023-04-03,2023-04-09,6,1,Customs Hold,672.33,1,1,Snow,6.09,6,8,None,0.16,0.884,0.17,0.31,0.8334,1,5.0
SHP100927,Los Angeles,New York,DB Schenker,Road,2023-03-10,2023-03-13,3,3,Delayed,802.03,2,1,Rain,2.26,7,3,Port Strike,9.26,0.865,0.225,0.19,0.9963,1,14.4
SHP100928,Rotterdam,London,Maersk,Air,2024-06-25,2024-06-28,3,5,In Transit,1407.26,4,0,Storm,8.42,4,3,None,0.0,0.834,0.391,0.39,1.0,1,6.9
SHP100929,Rotterdam,Tokyo,DHL,Rail,2024-03-09,2024-03-18,9,13,Customs Hold,1415.93,3,0,Rain,2.48,3,10,Traffic Jam,3.61,0.892,0.264,0.38,0.9787,1,90.9
SHP100930,Los Angeles,London,DHL,Air,2023-10-22,2023-10-24,2,7,Delayed,3950.3,2,0,Heavy Rain,5.02,4,7,Traffic Jam,4.39,0.848,0.306,0.43,1.0,1,22.2
SHP100931,Shanghai,Tokyo,Maersk,Air,2023-04-13,2023-04-18,5,9,Delayed,1333.41,3,0,Heavy Rain,4.8,2,8,Traffic Jam,3.67,0.84,0.233,0.11,0.8454,1,11.0
SHP100932,Mumbai,London,DHL,Road,2023-07-21,2023-07-31,10,5,Out for Delivery,1404.73,1,1,Storm,8.04,7,10,Traffic Jam,4.26,0.879,0.179,0.23,0.9727,1,21.0
SHP100933,Rotterdam,Sydney,XPO Logistics,Road,2023-01-04,2023-01-12,8,7,In Transit,3905.17,5,1,Snow,5.59,8,1,None,0.28,0.829,0.249,0.18,0.8621,1,46.6
SHP100934,Los Angeles,Singapore,Maersk,Air,2023-04-07,2023-04-11,4,8,Out for Delivery,1282.41,4,1,Storm,7.55,4,6,Natural Disaster,10.25,0.849,0.34,0.13,1.0,1,82.4
SHP100935,Hamburg,Singapore,Maersk,Sea,2024-01-12,2024-02-01,20,23,Delayed,3885.47,1,0,Fog,3.56,6,2,None,0.2,0.846,0.239,0.27,0.8672,1,31.3
SHP100936,Dubai,Sydney,XPO Logistics,Rail,2024-01-08,2024-01-20,12,1,In Transit,3329.53,4,0,Heavy Rain,4.77,5,8,Port Strike,8.75,0.832,0.03,0.31,0.9701,1,77.2
SHP100937,Mumbai,Singapore,FedEx,Sea,2024-03-06,2024-04-08,33,1,Customs Hold,1936.36,1,0,Snow,6.15,6,10,Port Strike,9.0,0.923,0.145,0.22,0.8407,1,48.4
SHP100938,Hamburg,Tokyo,XPO Logistics,Sea,2024-05-30,2024-06-29,30,20,At Port,2113.23,5,0,Snow,6.14,4,5,Equipment Failure,5.62,0.852,0.193,0.15,0.808,1,44.5
SHP100939,Mumbai,Singapore,XPO Logistics,Rail,2023-07-30,2023-08-12,13,5,In Transit,4196.61,5,0,Storm,8.4,2,3,Natural Disaster,10.44,0.785,0.24,0.27,1.0,1,66.6
SHP100940,Rotterdam,Chicago,DHL,Rail,2024-03-04,2024-03-18,14,2,In Transit,1460.04,5,0,Fog,3.51,5,7,Port Strike,8.81,0.847,0.12,0.2,0.8877,1,21.8
SHP100941,Dubai,Chicago,DB Schenker,Sea,2023-12-01,2023-12-19,18,11,In Transit,2196.23,5,0,Snow,5.92,3,6,Port Strike,9.1,0.874,0.044,0.45,1.0,1,39.1
SHP100942,Rotterdam,Chicago,DHL,Road,2023-10-12,2023-10-17,5,7,Customs Hold,1719.03,1,0,Fog,3.97,6,4,Equipment Failure,5.88,0.888,0.264,0.2,0.9575,1,14.6
SHP100943,Dubai,Tokyo,DB Schenker,Sea,2023-01-02,2023-02-03,32,30,At Port,157.71,5,0,Clear,0.0,5,9,Traffic Jam,4.38,0.895,0.097,0.11,0.6067,1,28.4
SHP100944,Mumbai,London,DB Schenker,Sea,2023-06-28,2023-07-25,27,1,At Port,376.77,1,0,Storm,8.16,5,5,Equipment Failure,5.68,0.847,0.266,0.43,1.0,1,44.1
SHP100945,Rotterdam,Singapore,FedEx,Rail,2024-02-20,2024-03-06,15,1,In Transit,3362.75,2,0,Rain,1.74,2,7,Natural Disaster,10.14,0.882,0.326,0.26,0.9047,1,28.3
SHP100946,Hamburg,Tokyo,DB Schenker,Rail,2023-12-09,2023-12-18,9,0,Customs Hold,93.33,5,0,Snow,6.16,3,7,Traffic Jam,4.16,0.869,0.162,0.2,0.7116,1,64.4
SHP100947,Hamburg,London,Maersk,Road,2024-07-18,2024-07-27,9,3,Customs Hold,210.62,3,0,Clear,0.0,7,3,Port Strike,8.79,0.828,0.163,0.1,0.7667,1,19.9
SHP100948,Mumbai,Tokyo,DB Schenker,Air,2024-01-12,2024-01-16,4,4,At Port,2589.09,2,0,Blizzard,9.05,1,8,Natural Disaster,10.22,0.893,0.192,0.22,0.9798,1,88.7
SHP100949,Mumbai,Sydney,DHL,Sea,2023-02-09,2023-03-11,30,26,Customs Hold,3742.6,2,0,Rain,1.87,5,3,Natural Disaster,9.98,0.888,0.366,0.3,1.0,1,22.7
SHP100950,Rotterdam,Sydney,DHL,Sea,2023-05-12,2023-06-11,30,4,Delayed,3286.69,5,0,Fog,4.07,6,10,Equipment Failure,6.39,0.938,0.163,0.16,0.6938,1,40.9
SHP100951,Dubai,Chicago,XPO Logistics,Sea,2024-05-03,2024-06-07,35,28,Customs Hold,4737.66,5,0,Heavy Rain,5.28,3,1,Equipment Failure,5.75,0.815,0.22,0.21,0.9302,1,80.5
SHP100952,Hamburg,New York,UPS,Sea,2024-09-05,2024-09-27,22,0,At Port,4200.46,2,0,Fog,3.79,3,7,Port Strike,9.16,0.952,0.197,0.33,0.8667,1,79.8
SHP100953,Los Angeles,Singapore,XPO Logistics,Sea,2024-07-31,2024-08-24,24,0,In Transit,3064.68,5,1,Blizzard,9.0,4,1,Traffic Jam,4.34,0.84,0.199,0.42,1.0,1,64.0
SHP100954,Dubai,Sydney,UPS,Sea,2023-12-04,2023-12-23,19,10,Customs Hold,4528.77,5,1,Heavy Rain,5.43,6,5,None,0.44,0.912,0.059,0.25,0.653,1,11.3
SHP100955,Rotterdam,Chicago,FedEx,Road,2023-01-05,2023-01-13,8,10,Delayed,3788.6,2,0,Fog,3.91,6,8,Port Strike,8.93,0.94,0.147,0.2,0.8957,1,73.9
SHP100956,Shanghai,Tokyo,DHL,Road,2023-06-17,2023-06-21,4,7,Delayed,2481.9,1,0,Heavy Rain,4.9,6,3,None,0.0,0.881,0.095,0.12,0.6838,1,7.9
SHP100957,Mumbai,New York,DB Schenker,Sea,2024-09-28,2024-10-22,24,6,In Transit,3044.86,5,0,Rain,2.23,5,5,Traffic Jam,3.81,0.857,0.342,0.4,0.9907,1,49.9
SHP100958,Shanghai,Sydney,XPO Logistics,Rail,2023-11-19,2023-12-02,13,10,Customs Hold,2416.86,1,0,Blizzard,8.57,5,6,Port Strike,9.48,0.86,0.281,0.32,1.0,1,92.5
SHP100959,Hamburg,Chicago,DB Schenker,Road,2024-01-28,2024-01-31,3,8,In Transit,1356.61,3,1,Heavy Rain,4.84,6,8,Traffic Jam,4.31,0.877,0.142,0.36,1.0,1,66.2
SHP100960,Hamburg,Chicago,XPO Logistics,Air,2024-04-29,2024-05-01,2,3,Delayed,3021.23,2,0,Clear,0.22,3,1,Natural Disaster,9.62,0.858,0.125,0.41,1.0,1,22.0
SHP100961,Rotterdam,New York,XPO Logistics,Sea,2023-06-14,2023-07-09,25,17,At Port,787.66,3,0,Storm,8.13,3,7,Natural Disaster,10.03,0.791,0.025,0.33,1.0,1,14.1
SHP100962,Mumbai,Tokyo,XPO Logistics,Rail,2023-08-31,2023-09-10,10,1,At Port,2437.17,4,1,Rain,1.97,4,1,Port Strike,9.0,0.855,0.213,0.4,0.9906,1,94.4
SHP100963,Shanghai,Chicago,DHL,Air,2023-04-05,2023-04-09,4,3,In Transit,235.7,5,0,Fog,4.31,4,6,Equipment Failure,5.84,0.871,0.125,0.14,0.6884,1,53.7
SHP100964,Hamburg,London,XPO Logistics,Air,2023-02-03,2023-02-07,4,0,In Transit,2401.5,3,0,Fog,3.97,1,5,Natural Disaster,10.45,0.819,0.158,0.1,0.8538,1,71.5
SHP100965,Dubai,Singapore,DHL,Sea,2023-10-24,2023-11-13,20,18,In Transit,3515.76,3,1,Storm,7.99,6,4,None,0.0,0.884,0.175,0.15,0.8549,1,76.1
SHP100966,Los Angeles,London,FedEx,Sea,2023-11-05,2023-11-27,22,26,Delayed,1182.9,4,1,Clear,0.0,6,1,Equipment Failure,5.55,0.899,0.373,0.28,0.9477,1,39.4
SHP100967,Mumbai,New York,UPS,Air,2024-10-18,2024-10-20,2,1,Customs Hold,1824.5,2,0,Snow,5.54,1,1,Equipment Failure,5.56,0.924,0.301,0.45,0.9979,1,60.6
SHP100968,Los Angeles,London,XPO Logistics,Sea,2024-08-05,2024-09-03,29,11,Delayed,3308.1,3,0,Blizzard,9.12,6,8,Traffic Jam,4.36,0.836,0.196,0.12,0.9162,1,72.4
SHP100969,Dubai,Chicago,DHL,Air,2024-09-11,2024-09-15,4,8,Out for Delivery,1057.2,5,0,Heavy Rain,5.13,1,6,Equipment Failure,6.1,0.912,0.152,0.35,1.0,1,74.6
SHP100970,Mumbai,Sydney,DHL,Sea,2023-06-02,2023-07-05,33,20,At Port,152.9,4,0,Blizzard,8.73,6,9,Traffic Jam,3.92,0.884,0.073,0.3,0.8945,1,29.2
SHP100971,Dubai,London,Maersk,Rail,2023-12-28,2024-01-04,7,1,In Transit,4044.91,4,0,Rain,1.5,5,7,Port Strike,9.23,0.841,0.381,0.18,0.9925,1,43.8
SHP100972,Los Angeles,Chicago,Maersk,Air,2023-09-19,2023-09-23,4,9,Out for Delivery,3472.14,3,1,Rain,1.77,4,2,Port Strike,9.23,0.84,0.159,0.44,1.0,1,58.5
SHP100973,Los Angeles,Singapore,Maersk,Air,2024-10-20,2024-10-25,5,9,At Port,2300.3,5,0,Snow,6.39,2,5,None,0.0,0.854,0.251,0.17,0.8765,1,34.8
SHP100974,Mumbai,New York,DHL,Sea,2023-04-01,2023-04-26,25,18,Delayed,1063.9,4,0,Blizzard,8.86,6,10,Natural Disaster,9.69,0.892,0.331,0.18,1.0,1,24.9
SHP100975,Mumbai,Tokyo,UPS,Air,2023-05-17,2023-05-21,4,7,Customs Hold,3604.79,2,0,Blizzard,9.15,3,3,Equipment Failure,5.97,0.882,0.11,0.16,1.0,1,64.7
SHP100976,Shanghai,London,DHL,Sea,2023-09-15,2023-10-05,20,7,In Transit,2626.59,5,0,Fog,3.78,4,10,None,0.0,0.891,0.271,0.17,0.6141,1,47.9
SHP100977,Mumbai,Tokyo,UPS,Air,2023-12-17,2023-12-20,3,5,Out for Delivery,4923.41,3,0,Blizzard,9.12,2,7,Traffic Jam,3.72,0.882,0.031,0.29,0.9548,1,63.6
SHP100978,Hamburg,Sydney,XPO Logistics,Sea,2024-04-23,2024-05-17,24,13,Customs Hold,1037.07,1,0,Storm,8.46,6,8,Natural Disaster,9.8,0.848,0.202,0.24,1.0,1,10.7
SHP100979,Mumbai,New York,UPS,Road,2023-11-08,2023-11-12,4,7,Customs Hold,2531.94,3,1,Fog,3.55,9,8,Equipment Failure,6.18,0.914,0.35,0.19,1.0,1,46.8
SHP100980,Hamburg,Tokyo,DB Schenker,Air,2023-01-15,2023-01-17,2,5,Delayed,1575.65,3,1,Blizzard,9.44,3,8,Port Strike,9.23,0.846,0.127,0.43,1.0,1,64.1
SHP100981,Hamburg,New York,DB Schenker,Sea,2024-11-26,2024-12-31,35,16,At Port,4117.82,2,1,Snow,5.93,5,4,Equipment Failure,5.51,0.845,0.127,0.38,0.9781,1,32.0
SHP100982,Hamburg,London,XPO Logistics,Sea,2023-04-14,2023-05-05,21,18,At Port,4663.96,5,0,Heavy Rain,5.31,3,5,Natural Disaster,10.41,0.818,0.145,0.1,0.8763,1,25.1
SHP100983,Shanghai,Singapore,FedEx,Sea,2023-05-21,2023-06-24,34,19,Delayed,4236.3,1,0,Storm,8.14,5,8,Port Strike,8.96,0.94,0.212,0.24,1.0,1,87.8
SHP100984,Hamburg,London,Maersk,Rail,2023-10-25,2023-11-07,13,2,In Transit,4862.35,5,0,Heavy Rain,5.22,4,10,Equipment Failure,5.97,0.863,0.392,0.1,0.8705,1,35.9
SHP100985,Dubai,Tokyo,DB Schenker,Rail,2024-08-03,2024-08-10,7,9,Delayed,418.83,4,1,Fog,3.7,2,3,Traffic Jam,4.04,0.884,0.238,0.12,0.7184,1,12.9
SHP100986,Shanghai,Sydney,UPS,Road,2024-12-01,2024-12-09,8,10,Out for Delivery,2351.57,3,0,Snow,5.82,8,3,Natural Disaster,9.85,0.953,0.397,0.41,1.0,1,6.5
SHP100987,Shanghai,Sydney,DB Schenker,Rail,2024-06-27,2024-07-09,12,2,Out for Delivery,2943.85,5,1,Fog,3.83,3,2,Natural Disaster,9.76,0.854,0.135,0.16,0.849,1,76.4
SHP100988,Shanghai,London,DHL,Sea,2024-03-12,2024-04-15,34,30,At Port,4581.58,2,1,Storm,7.95,4,5,Equipment Failure,5.55,0.912,0.256,0.24,0.9256,1,10.6
SHP100989,Shanghai,Singapore,UPS,Air,2023-08-17,2023-08-19,2,4,At Port,675.08,4,0,Fog,4.27,1,10,Equipment Failure,5.98,0.908,0.204,0.39,1.0,1,36.3
SHP100990,Hamburg,Chicago,UPS,Air,2024-09-16,2024-09-20,4,5,Customs Hold,1609.68,5,0,Heavy Rain,4.85,4,1,Natural Disaster,9.99,0.929,0.395,0.36,1.0,1,57.6
SHP100991,Dubai,New York,UPS,Air,2023-01-02,2023-01-05,3,0,Customs Hold,956.45,4,0,Snow,5.85,2,1,Natural Disaster,9.78,0.927,0.34,0.22,0.8275,1,16.4
SHP100992,Hamburg,New York,DB Schenker,Rail,2024-06-29,2024-07-11,12,3,Delayed,2504.55,1,0,Storm,8.4,4,4,Traffic Jam,4.19,0.866,0.294,0.45,1.0,1,81.5
SHP100993,Los Angeles,Singapore,DB Schenker,Rail,2023-04-19,2023-04-29,10,5,At Port,2296.5,2,1,Blizzard,9.24,4,5,Traffic Jam,3.88,0.891,0.257,0.35,1.0,1,32.3
SHP100994,Rotterdam,London,FedEx,Rail,2024-01-29,2024-02-06,8,5,Customs Hold,4116.73,4,0,Snow,6.42,2,3,None,0.0,0.951,0.132,0.26,0.6491,1,36.8
SHP100995,Mumbai,Chicago,DB Schenker,Air,2023-05-17,2023-05-22,5,1,Delayed,180.04,1,1,Rain,2.08,2,10,Port Strike,8.73,0.848,0.278,0.41,1.0,1,34.5
SHP100996,Los Angeles,Singapore,DB Schenker,Rail,2023-10-15,2023-10-26,11,2,In Transit,3121.76,5,0,Snow,6.0,4,9,Equipment Failure,6.02,0.855,0.396,0.17,0.9332,1,76.4
SHP100997,Dubai,London,Maersk,Air,2023-11-25,2023-11-30,5,8,Out for Delivery,2216.75,5,0,Fog,4.13,2,9,None,0.05,0.884,0.212,0.24,0.7578,1,40.4
SHP100998,Hamburg,New York,XPO Logistics,Rail,2023-09-01,2023-09-09,8,10,Delayed,4642.03,2,1,Clear,0.13,4,2,Port Strike,9.05,0.836,0.327,0.36,1.0,1,82.3
SHP100999,Shanghai,Chicago,DHL,Air,2024-02-02,2024-02-04,2,2,Delayed,3313.94,5,1,Clear,0.09,2,5,Natural Disaster,10.11,0.897,0.108,0.24,0.874,1,57.3
SHP101000,Rotterdam,Sydney,FedEx,Sea,2024-05-17,2024-06-18,32,14,Out for Delivery,4199.4,2,0,Clear,0.0,6,2,Natural Disaster,9.99,0.933,0.11,0.1,0.6693,1,10.0
SHP101001,Los Angeles,Tokyo,XPO Logistics,Air,2024-01-02,2024-01-05,3,8,Out for Delivery,319.93,3,1,Storm,7.76,3,2,None,0.01,0.824,0.1,0.25,1.0,1,91.6
SHP101002,Dubai,Singapore,FedEx,Sea,2023-02-20,2023-03-22,30,20,Customs Hold,2232.32,5,0,Snow,6.43,3,8,Traffic Jam,4.08,0.906,0.186,0.15,0.7173,1,60.7
SHP101003,Hamburg,London,XPO Logistics,Road,2024-06-08,2024-06-17,9,9,Out for Delivery,332.44,1,0,Heavy Rain,5.26,7,5,Natural Disaster,9.92,0.832,0.345,0.1,1.0,1,90.4
SHP101004,Rotterdam,Tokyo,Maersk,Sea,2023-05-02,2023-06-04,33,10,Delayed,683.96,1,0,Fog,3.65,6,4,Port Strike,9.01,0.825,0.385,0.18,1.0,1,35.8
SHP101005,Los Angeles,Singapore,XPO Logistics,Road,2023-08-21,2023-08-25,4,5,Customs Hold,1499.81,2,1,Blizzard,9.24,7,8,Port Strike,9.3,0.847,0.029,0.3,1.0,1,82.2
SHP101006,Dubai,Tokyo,Maersk,Sea,2024-01-01,2024-01-21,20,23,In Transit,2568.34,1,0,Heavy Rain,4.61,3,3,Equipment Failure,5.84,0.892,0.38,0.25,0.9732,1,41.3
SHP101007,Rotterdam,New York,XPO Logistics,Road,2023-10-08,2023-10-11,3,8,In Transit,2025.64,5,0,Rain,1.95,6,3,Traffic Jam,3.63,0.837,0.328,0.36,1.0,1,93.4
SHP101008,Shanghai,London,Maersk,Road,2024-01-29,2024-02-04,6,6,In Transit,4576.4,4,0,Fog,4.25,9,6,Equipment Failure,6.45,0.84,0.021,0.24,0.9695,1,21.0
SHP101009,Shanghai,London,DHL,Sea,2024-08-25,2024-09-14,20,13,Customs Hold,3178.51,2,0,Heavy Rain,4.99,3,6,Equipment Failure,6.36,0.85,0.253,0.13,0.8357,1,66.3
SHP101010,Shanghai,Tokyo,UPS,Air,2023-09-09,2023-09-13,4,6,At Port,1898.36,2,0,Rain,1.81,4,8,Port Strike,8.61,0.928,0.166,0.38,0.983,1,56.1
SHP101011,Los Angeles,Singapore,XPO Logistics,Rail,2023-12-31,2024-01-14,14,12,At Port,12.9,3,0,Snow,5.59,2,9,Traffic Jam,4.43,0.839,0.388,0.11,0.8783,1,64.0
SHP101012,Los Angeles,Tokyo,FedEx,Sea,2024-11-30,2025-01-04,35,9,Out for Delivery,4625.79,3,0,Blizzard,8.73,3,2,Traffic Jam,4.26,0.939,0.384,0.25,1.0,1,40.0
SHP101013,Dubai,Singapore,FedEx,Road,2023-07-22,2023-07-26,4,4,Delayed,70.31,3,0,Heavy Rain,5.03,9,1,Equipment Failure,5.82,0.911,0.044,0.15,0.7716,1,24.4
SHP101014,Mumbai,Sydney,XPO Logistics,Rail,2023-07-18,2023-08-02,15,1,Delayed,1251.23,1,1,Clear,0.04,3,2,Equipment Failure,5.71,0.86,0.052,0.3,0.6903,1,34.0
SHP101015,Mumbai,London,XPO Logistics,Air,2023-03-21,2023-03-26,5,10,In Transit,4318.69,2,0,Storm,7.63,4,1,Equipment Failure,5.91,0.809,0.228,0.39,1.0,1,28.0
SHP101016,Dubai,New York,UPS,Road,2023-01-13,2023-01-16,3,3,Customs Hold,4577.6,3,0,Snow,5.93,8,1,Port Strike,9.19,0.958,0.147,0.44,1.0,1,21.1
SHP101017,Dubai,New York,FedEx,Road,2024-02-23,2024-02-27,4,1,Customs Hold,4244.1,2,0,Clear,0.07,6,4,Natural Disaster,10.36,0.919,0.181,0.13,0.8121,1,14.3
SHP101018,Hamburg,Tokyo,FedEx,Air,2023-05-14,2023-05-17,3,6,Out for Delivery,1045.77,3,0,Rain,2.46,1,9,Equipment Failure,5.61,0.923,0.099,0.4,0.9177,1,21.4
SHP101019,Dubai,London,UPS,Sea,2023-08-08,2023-09-02,25,26,At Port,2213.87,5,0,Storm,7.83,4,5,None,0.0,0.929,0.133,0.21,0.6663,1,14.4
SHP101020,Rotterdam,Chicago,Maersk,Rail,2023-02-25,2023-03-11,14,15,Customs Hold,1673.37,1,0,Heavy Rain,4.74,4,7,Port Strike,8.97,0.822,0.108,0.2,0.9384,1,89.9
SHP101021,Mumbai,Tokyo,UPS,Air,2023-06-11,2023-06-15,4,6,Out for Delivery,1443.07,2,1,Storm,8.28,3,6,Natural Disaster,9.9,0.905,0.241,0.18,1.0,1,76.0
SHP101022,Los Angeles,Sydney,Maersk,Road,2024-07-28,2024-08-05,8,2,Customs Hold,409.44,4,1,Heavy Rain,5.21,9,6,Port Strike,9.09,0.84,0.133,0.27,1.0,1,83.7
SHP101023,Dubai,Sydney,DHL,Sea,2024-11-06,2024-12-07,31,27,Out for Delivery,3194.76,5,0,Heavy Rain,4.91,3,8,Port Strike,9.04,0.891,0.132,0.24,0.9775,1,42.4
SHP101024,Los Angeles,London,XPO Logistics,Air,2024-11-02,2024-11-05,3,3,In Transit,1369.71,1,1,Storm,7.97,4,1,Equipment Failure,6.19,0.866,0.315,0.12,1.0,1,79.3
SHP101025,Rotterdam,Singapore,FedEx,Sea,2024-08-10,2024-08-31,21,9,Delayed,4957.48,5,0,Snow,6.27,6,3,Traffic Jam,3.82,0.909,0.126,0.24,0.8192,1,33.6
SHP101026,Dubai,Tokyo,UPS,Rail,2024-09-04,2024-09-15,11,0,Customs Hold,2836.0,3,0,Blizzard,8.76,2,7,Port Strike,8.61,0.918,0.264,0.45,1.0,1,61.8
SHP101027,Mumbai,Singapore,FedEx,Rail,2023-12-03,2023-12-11,8,6,At Port,3657.04,3,0,Rain,2.27,2,10,Port Strike,9.28,0.934,0.114,0.14,0.7144,1,53.2
SHP101028,Shanghai,London,DHL,Sea,2024-05-02,2024-06-04,33,34,Out for Delivery,3002.68,4,0,Heavy Rain,5.33,5,7,Port Strike,8.56,0.894,0.047,0.13,0.8041,1,10.2
SHP101029,Los Angeles,Chicago,FedEx,Air,2024-08-15,2024-08-17,2,2,Delayed,3740.07,1,0,Clear,0.03,4,9,Traffic Jam,4.43,0.924,0.174,0.4,0.8134,1,69.0
SHP101030,Rotterdam,New York,DHL,Road,2023-09-22,2023-09-29,7,0,Customs Hold,1027.44,1,1,Clear,0.0,9,10,Port Strike,9.17,0.893,0.205,0.3,0.9538,1,10.8
SHP101031,Los Angeles,Sydney,FedEx,Air,2023-05-19,2023-05-21,2,4,Delayed,1585.91,3,1,Clear,0.0,1,8,Port Strike,8.62,0.945,0.339,0.2,0.8577,1,77.2
SHP101032,Shanghai,Chicago,DHL,Rail,2024-01-13,2024-01-26,13,6,Delayed,611.01,4,0,Blizzard,9.29,2,2,Equipment Failure,6.14,0.878,0.135,0.11,0.7876,1,16.7
SHP101033,Dubai,London,FedEx,Road,2023-09-01,2023-09-07,6,0,Out for Delivery,836.52,3,0,Clear,0.47,7,6,None,0.0,0.895,0.116,0.24,0.5707,1,12.4
SHP101034,Dubai,Sydney,XPO Logistics,Road,2024-10-10,2024-10-20,10,14,In Transit,4905.82,2,0,Clear,0.11,8,10,Port Strike,9.1,0.807,0.213,0.25,1.0,1,39.2
SHP101035,Rotterdam,Singapore,XPO Logistics,Road,2024-11-10,2024-11-18,8,12,Delayed,666.78,4,0,Storm,8.35,7,7,Traffic Jam,4.22,0.788,0.193,0.26,1.0,1,42.5
SHP101036,Shanghai,Tokyo,Maersk,Air,2023-03-26,2023-03-30,4,0,Delayed,3890.26,4,0,Clear,0.15,4,9,None,0.0,0.869,0.319,0.4,0.7491,1,63.6
SHP101037,Shanghai,Singapore,Maersk,Rail,2024-11-19,2024-11-28,9,8,At Port,714.55,2,0,Fog,3.67,2,3,None,0.37,0.864,0.271,0.14,0.7037,1,15.7
SHP101038,Rotterdam,London,UPS,Air,2023-12-01,2023-12-04,3,4,At Port,4680.09,1,0,Heavy Rain,4.54,3,2,Natural Disaster,10.3,0.926,0.107,0.26,0.9626,1,63.6
SHP101039,Los Angeles,London,UPS,Rail,2024-08-29,2024-09-09,11,3,Customs Hold,146.54,2,0,Rain,1.86,5,9,Equipment Failure,5.54,0.88,0.308,0.29,0.8176,1,67.6
SHP101040,Shanghai,Tokyo,FedEx,Road,2023-03-21,2023-03-25,4,4,Out for Delivery,1116.75,5,1,Rain,1.95,7,9,Traffic Jam,3.68,0.9,0.264,0.29,0.91,1,23.6
SHP101041,Los Angeles,Sydney,DB Schenker,Air,2024-08-22,2024-08-24,2,7,Customs Hold,4789.13,3,1,Storm,7.74,4,9,Equipment Failure,5.51,0.87,0.329,0.31,1.0,1,76.6
SHP101042,Rotterdam,Chicago,UPS,Air,2023-07-11,2023-07-13,2,4,At Port,2298.76,4,0,Blizzard,9.11,4,6,Traffic Jam,3.57,0.903,0.038,0.2,0.9248,1,43.2
SHP101043,Los Angeles,Tokyo,Maersk,Air,2023-05-28,2023-06-02,5,6,In Transit,2394.81,2,1,Storm,8.09,1,5,Traffic Jam,3.72,0.846,0.028,0.25,0.835,1,51.3
SHP101044,Hamburg,Singapore,DB Schenker,Rail,2024-04-15,2024-04-22,7,8,Out for Delivery,400.54,3,0,Heavy Rain,5.24,4,1,Traffic Jam,3.8,0.867,0.022,0.16,0.7575,1,25.5
SHP101045,Dubai,Tokyo,UPS,Sea,2023-12-02,2023-12-30,28,1,Delayed,4983.75,2,0,Fog,4.06,6,1,None,0.0,0.882,0.16,0.11,0.6011,1,15.6
SHP101046,Hamburg,Chicago,UPS,Road,2023-03-26,2023-03-31,5,6,Out for Delivery,453.68,5,0,Rain,2.41,7,10,Port Strike,8.89,0.912,0.364,0.31,1.0,1,14.9
SHP101047,Los Angeles,London,DB Schenker,Sea,2023-03-31,2023-05-02,32,22,Customs Hold,1106.84,4,0,Clear,0.4,6,1,Traffic Jam,3.97,0.859,0.396,0.31,0.9157,1,73.0
SHP101048,Shanghai,London,FedEx,Sea,2023-02-16,2023-03-23,35,11,At Port,1128.85,5,1,Rain,2.17,3,6,Equipment Failure,5.74,0.932,0.113,0.14,0.6017,1,8.2
SHP101049,Shanghai,New York,FedEx,Air,2024-10-25,2024-10-29,4,2,Customs Hold,1545.87,5,1,Snow,6.22,3,6,Equipment Failure,5.56,0.927,0.301,0.35,1.0,1,58.1
SHP101050,Rotterdam,London,DHL,Air,2023-08-11,2023-08-14,3,7,Out for Delivery,64.74,4,0,Blizzard,9.27,3,4,Traffic Jam,3.79,0.856,0.299,0.22,1.0,1,61.3
SHP101051,Los Angeles,London,XPO Logistics,Air,2024-05-25,2024-05-30,5,0,In Transit,4106.92,1,0,Snow,6.15,4,9,Natural Disaster,9.53,0.814,0.239,0.12,1.0,1,48.9
SHP101052,Shanghai,Sydney,XPO Logistics,Air,2023-05-16,2023-05-19,3,7,At Port,677.85,2,0,Clear,0.0,4,6,Port Strike,8.98,0.809,0.182,0.32,1.0,1,67.6
SHP101053,Shanghai,Chicago,UPS,Sea,2024-01-23,2024-02-26,34,14,In Transit,4150.98,4,0,Blizzard,8.79,4,4,Port Strike,8.69,0.917,0.035,0.31,0.944,1,54.1
SHP101054,Rotterdam,Chicago,XPO Logistics,Sea,2023-08-01,2023-08-27,26,24,Customs Hold,1712.82,4,0,Snow,6.47,5,8,None,0.16,0.82,0.097,0.2,0.8115,1,69.3
SHP101055,Los Angeles,London,DB Schenker,Sea,2023-10-09,2023-11-08,30,27,In Transit,4967.12,2,0,Clear,0.0,4,8,None,0.0,0.86,0.326,0.41,0.8775,1,79.7
SHP101056,Hamburg,London,Maersk,Road,2024-09-20,2024-09-27,7,7,Delayed,1534.48,1,0,Heavy Rain,4.66,8,2,Natural Disaster,10.08,0.823,0.289,0.1,1.0,1,34.3
SHP101057,Mumbai,Chicago,DHL,Rail,2023-12-08,2023-12-21,13,4,Out for Delivery,2204.53,5,0,Storm,8.21,3,1,Equipment Failure,5.73,0.89,0.141,0.31,0.8394,1,24.5
SHP101058,Los Angeles,London,FedEx,Sea,2024-03-23,2024-04-10,18,6,At Port,4289.92,4,0,Clear,0.05,3,10,Traffic Jam,3.84,0.914,0.207,0.2,0.6345,1,25.1
SHP101059,Rotterdam,Tokyo,XPO Logistics,Air,2023-08-24,2023-08-27,3,8,Delayed,4632.36,1,0,Clear,0.49,2,3,Port Strike,8.69,0.81,0.265,0.37,1.0,1,34.5
SHP101060,Dubai,Sydney,Maersk,Rail,2023-07-21,2023-08-05,15,13,Delayed,2517.15,3,0,Clear,0.49,3,9,Natural Disaster,10.45,0.853,0.039,0.11,0.7579,1,13.2
SHP101061,Los Angeles,Chicago,DHL,Sea,2024-11-22,2024-12-10,18,19,Customs Hold,4586.81,5,1,Storm,8.14,4,5,Natural Disaster,10.35,0.863,0.263,0.23,1.0,1,84.9
SHP101062,Rotterdam,London,FedEx,Road,2023-02-23,2023-02-28,5,9,Delayed,541.85,1,0,Heavy Rain,5.41,7,1,Equipment Failure,6.32,0.893,0.388,0.23,1.0,1,32.3
SHP101063,Shanghai,Sydney,UPS,Air,2024-06-20,2024-06-22,2,0,At Port,955.07,3,0,Clear,0.0,4,4,Port Strike,9.01,0.907,0.049,0.23,0.6885,1,21.1
SHP101064,Dubai,London,Maersk,Road,2024-06-01,2024-06-04,3,1,Delayed,180.94,3,0,Heavy Rain,4.82,8,9,Traffic Jam,3.99,0.871,0.33,0.26,0.9637,1,19.2
SHP101065,Mumbai,Singapore,FedEx,Rail,2024-10-23,2024-11-05,13,2,At Port,1781.56,4,0,Fog,3.89,5,7,Equipment Failure,6.07,0.939,0.199,0.14,0.7171,1,47.2
SHP101066,Hamburg,Sydney,FedEx,Rail,2023-01-29,2023-02-10,12,6,In Transit,1824.05,2,0,Snow,5.57,4,6,Traffic Jam,3.94,0.919,0.077,0.25,0.7804,1,74.0
SHP101067,Rotterdam,Singapore,DB Schenker,Sea,2024-02-14,2024-03-06,21,10,Out for Delivery,4074.03,1,0,Rain,1.83,5,4,Natural Disaster,9.93,0.863,0.204,0.43,1.0,1,6.6
SHP101068,Rotterdam,Tokyo,DHL,Sea,2024-01-29,2024-03-04,35,20,Delayed,532.92,4,0,Rain,2.24,3,5,Natural Disaster,9.63,0.907,0.217,0.16,0.8289,1,5.3
SHP101069,Rotterdam,Sydney,DHL,Air,2023-05-09,2023-05-11,2,2,At Port,3466.62,2,1,Fog,3.97,1,6,Natural Disaster,10.26,0.924,0.131,0.14,0.7664,1,49.6
SHP101070,Mumbai,London,FedEx,Air,2023-05-30,2023-06-01,2,2,In Transit,470.13,4,1,Storm,7.99,1,8,None,0.16,0.93,0.343,0.22,0.8463,1,76.3
SHP101071,Dubai,Chicago,DB Schenker,Rail,2024-09-16,2024-09-29,13,14,In Transit,87.82,1,0,Storm,8.11,5,5,Traffic Jam,3.73,0.865,0.129,0.28,0.9847,1,19.4
SHP101072,Los Angeles,London,XPO Logistics,Rail,2024-10-01,2024-10-09,8,9,Out for Delivery,250.82,4,0,Rain,2.48,2,4,Natural Disaster,9.86,0.844,0.128,0.26,0.9768,1,35.3
SHP101073,Dubai,Chicago,FedEx,Air,2023-02-14,2023-02-16,2,0,Out for Delivery,4317.65,4,0,Clear,0.0,2,10,None,0.34,0.925,0.366,0.33,0.6251,1,16.2
SHP101074,Los Angeles,Chicago,DB Schenker,Sea,2024-09-06,2024-09-27,21,15,Out for Delivery,115.22,2,0,Storm,7.88,6,4,None,0.0,0.837,0.128,0.44,0.9813,1,14.0
SHP101075,Mumbai,Singapore,DHL,Rail,2024-06-14,2024-06-29,15,10,Delayed,104.45,2,1,Heavy Rain,5.4,5,1,Port Strike,8.79,0.886,0.035,0.33,1.0,1,65.8
SHP101076,Shanghai,Tokyo,XPO Logistics,Rail,2024-08-26,2024-09-06,11,6,In Transit,1601.68,2,1,Heavy Rain,4.61,3,4,None,0.38,0.84,0.285,0.36,0.8496,1,69.7
SHP101077,Hamburg,Sydney,DB Schenker,Sea,2023-02-28,2023-03-19,19,17,In Transit,1679.94,2,0,Clear,0.0,5,9,None,0.03,0.861,0.037,0.4,0.7062,1,8.3
SHP101078,Rotterdam,Chicago,DHL,Air,2023-02-20,2023-02-24,4,6,At Port,2599.8,4,0,Snow,5.89,1,3,Port Strike,9.31,0.919,0.073,0.2,0.9152,1,75.8
SHP101079,Rotterdam,Tokyo,Maersk,Road,2023-12-22,2023-12-26,4,5,Delayed,2239.6,5,0,Blizzard,9.17,7,4,None,0.11,0.83,0.209,0.1,0.8188,1,77.0
SHP101080,Shanghai,Chicago,DB Schenker,Air,2024-09-12,2024-09-15,3,0,Out for Delivery,4348.73,4,0,Rain,2.31,4,8,Natural Disaster,10.37,0.87,0.213,0.27,0.9092,1,59.3
SHP101081,Rotterdam,London,Maersk,Sea,2024-11-11,2024-11-29,18,20,Delayed,2849.59,1,0,Fog,3.67,4,9,Equipment Failure,5.93,0.874,0.189,0.16,0.9187,1,42.5
SHP101082,Mumbai,New York,Maersk,Road,2024-10-18,2024-10-25,7,12,Customs Hold,4179.81,5,1,Rain,1.64,8,6,Equipment Failure,5.98,0.84,0.078,0.32,1.0,1,32.7
SHP101083,Rotterdam,London,DB Schenker,Road,2023-01-31,2023-02-04,4,1,At Port,1754.92,4,0,Clear,0.0,7,6,Traffic Jam,4.45,0.897,0.073,0.3,0.6532,1,35.3
SHP101084,Mumbai,New York,XPO Logistics,Air,2023-02-10,2023-02-12,2,2,Out for Delivery,3132.48,1,0,Fog,4.14,4,8,Natural Disaster,10.39,0.828,0.153,0.3,1.0,1,75.7
SHP101085,Rotterdam,London,FedEx,Air,2023-12-15,2023-12-17,2,7,In Transit,1135.7,2,0,Snow,6.47,4,3,Port Strike,9.1,0.916,0.077,0.33,1.0,1,42.7
SHP101086,Hamburg,New York,XPO Logistics,Air,2023-01-14,2023-01-19,5,4,Delayed,2348.13,2,0,Rain,2.15,4,6,None,0.2,0.84,0.238,0.15,0.5896,1,56.3
SHP101087,Dubai,Tokyo,Maersk,Air,2024-11-10,2024-11-14,4,0,Out for Delivery,1651.87,3,0,Heavy Rain,4.99,2,4,Natural Disaster,9.8,0.845,0.377,0.23,0.9862,1,30.8
SHP101088,Dubai,Sydney,DB Schenker,Rail,2023-07-23,2023-08-03,11,7,Out for Delivery,4893.2,4,0,Blizzard,9.15,5,4,Equipment Failure,6.35,0.846,0.336,0.32,1.0,1,52.6
SHP101089,Hamburg,London,FedEx,Rail,2024-04-27,2024-05-07,10,5,Delayed,3452.7,5,0,Heavy Rain,5.27,3,7,Equipment Failure,6.15,0.924,0.134,0.1,0.6082,1,23.1
SHP101090,Dubai,Tokyo,UPS,Air,2024-09-02,2024-09-05,3,7,Out for Delivery,228.87,5,1,Snow,5.55,2,4,None,0.42,0.929,0.308,0.2,0.9179,1,42.4
SHP101091,Dubai,Sydney,DHL,Road,2024-11-13,2024-11-16,3,6,Out for Delivery,4962.29,3,0,Snow,5.85,8,1,Traffic Jam,3.63,0.907,0.285,0.11,1.0,1,65.2
SHP101092,Rotterdam,New York,UPS,Sea,2023-05-23,2023-06-18,26,31,Out for Delivery,3284.27,2,0,Rain,1.83,3,3,None,0.22,0.883,0.058,0.38,0.6584,1,20.2
SHP101093,Hamburg,Sydney,UPS,Sea,2023-06-02,2023-07-02,30,7,Delayed,1298.09,1,1,Blizzard,9.0,4,6,Traffic Jam,4.18,0.901,0.152,0.29,0.8419,1,79.1
SHP101094,Rotterdam,Singapore,FedEx,Sea,2024-05-03,2024-06-01,29,14,Out for Delivery,999.38,4,1,Clear,0.42,6,7,None,0.0,0.908,0.341,0.15,0.5564,1,15.9
SHP101095,Shanghai,London,FedEx,Road,2023-06-20,2023-06-24,4,6,Delayed,2855.31,4,0,Heavy Rain,4.62,9,1,Natural Disaster,9.51,0.935,0.256,0.24,1.0,1,60.3
SHP101096,Mumbai,London,FedEx,Sea,2023-03-17,2023-04-19,33,21,At Port,1138.21,4,0,Fog,4.12,4,7,Traffic Jam,3.63,0.938,0.277,0.42,0.9321,1,85.1
SHP101097,Hamburg,Tokyo,DHL,Air,2023-04-03,2023-04-07,4,5,Out for Delivery,1231.96,1,0,Fog,3.8,1,4,Traffic Jam,3.64,0.878,0.087,0.4,0.8418,1,40.8
SHP101098,Los Angeles,Sydney,Maersk,Rail,2023-03-07,2023-03-14,7,11,Customs Hold,4576.8,2,0,Fog,4.4,3,6,Equipment Failure,5.75,0.847,0.356,0.33,1.0,1,85.8
SHP101099,Dubai,Singapore,DHL,Rail,2023-11-25,2023-12-03,8,10,Delayed,558.16,5,1,Clear,0.0,4,3,None,0.41,0.915,0.101,0.15,0.4778,0,0.0
SHP101100,Hamburg,Singapore,DB Schenker,Air,2024-05-15,2024-05-18,3,8,In Transit,3864.49,1,0,Snow,5.58,3,8,Equipment Failure,6.18,0.871,0.185,0.25,1.0,1,18.3
SHP101101,Rotterdam,Singapore,Maersk,Rail,2023-12-21,2023-12-28,7,4,In Transit,2802.53,2,0,Storm,8.31,3,9,Traffic Jam,4.28,0.849,0.163,0.1,0.8165,1,70.1
SHP101102,Dubai,Tokyo,XPO Logistics,Road,2023-11-20,2023-11-29,9,3,In Transit,3127.36,3,0,Rain,1.51,7,6,Equipment Failure,6.18,0.826,0.195,0.2,0.8599,1,23.7
SHP101103,Mumbai,Chicago,DB Schenker,Air,2024-07-16,2024-07-19,3,0,In Transit,493.15,1,0,Clear,0.0,3,3,Port Strike,8.6,0.882,0.138,0.23,0.6841,1,26.4
SHP101104,Hamburg,London,FedEx,Sea,2024-06-19,2024-07-20,31,0,In Transit,63.65,5,0,Blizzard,9.17,3,7,Natural Disaster,10.2,0.922,0.396,0.1,1.0,1,64.3
SHP101105,Mumbai,Sydney,DHL,Air,2023-05-13,2023-05-15,2,7,In Transit,1603.54,5,0,Clear,0.0,3,9,Traffic Jam,4.37,0.909,0.03,0.3,0.8767,1,22.4
SHP101106,Shanghai,Chicago,UPS,Air,2023-03-24,2023-03-28,4,5,In Transit,2492.83,4,0,Blizzard,9.12,3,8,Equipment Failure,6.32,0.89,0.248,0.22,1.0,1,45.5
SHP101107,Dubai,Singapore,FedEx,Rail,2023-09-04,2023-09-13,9,11,Customs Hold,2294.1,2,0,Blizzard,9.42,5,8,Natural Disaster,10.44,0.889,0.161,0.15,1.0,1,55.0
SHP101108,Rotterdam,Sydney,XPO Logistics,Road,2023-08-11,2023-08-15,4,4,In Transit,4027.78,1,1,Rain,1.68,9,2,Port Strike,8.72,0.84,0.133,0.17,0.8929,1,68.0
SHP101109,Dubai,Tokyo,DHL,Air,2024-06-07,2024-06-10,3,6,Out for Delivery,2965.98,4,1,Rain,1.76,1,10,Traffic Jam,3.89,0.902,0.163,0.39,0.9877,1,88.3
SHP101110,Hamburg,Sydney,DB Schenker,Sea,2024-07-08,2024-08-10,33,14,In Transit,3306.77,1,0,Clear,0.0,4,10,Traffic Jam,3.64,0.867,0.383,0.36,0.8867,1,43.8
SHP101111,Shanghai,Sydney,UPS,Sea,2023-09-28,2023-10-28,30,5,Out for Delivery,2232.03,1,1,Clear,0.01,5,9,None,0.02,0.898,0.028,0.27,0.4661,0,0.0
SHP101112,Dubai,New York,Maersk,Road,2024-06-17,2024-06-24,7,9,Delayed,4939.23,3,0,Fog,4.43,7,7,Equipment Failure,5.62,0.836,0.126,0.14,0.9006,1,47.3
SHP101113,Shanghai,Chicago,DB Schenker,Air,2024-05-19,2024-05-22,3,1,In Transit,517.23,4,0,Storm,7.59,4,3,None,0.0,0.883,0.154,0.44,0.8867,1,53.9
SHP101114,Hamburg,Sydney,DB Schenker,Air,2024-06-22,2024-06-24,2,1,In Transit,1945.39,1,0,Fog,3.51,1,3,Port Strike,8.99,0.872,0.092,0.25,0.7611,1,33.4
SHP101115,Shanghai,London,FedEx,Rail,2023-12-04,2023-12-15,11,1,At Port,4519.07,4,0,Blizzard,9.1,4,6,Equipment Failure,6.28,0.921,0.211,0.23,0.9575,1,64.4
SHP101116,Rotterdam,Chicago,FedEx,Sea,2023-08-12,2023-09-03,22,3,Delayed,4338.3,4,0,Blizzard,9.33,4,5,Traffic Jam,4.38,0.905,0.045,0.2,0.7626,1,66.7
SHP101117,Shanghai,Singapore,DHL,Sea,2023-05-05,2023-05-30,25,8,Delayed,1212.19,5,1,Blizzard,9.27,5,1,None,0.0,0.901,0.168,0.21,0.7671,1,45.9
SHP101118,Rotterdam,Singapore,XPO Logistics,Road,2024-03-14,2024-03-24,10,8,At Port,3254.43,3,0,Clear,0.49,7,4,Equipment Failure,5.96,0.834,0.262,0.35,1.0,1,43.7
SHP101119,Rotterdam,New York,FedEx,Sea,2023-07-16,2023-08-17,32,8,Customs Hold,3675.01,2,0,Fog,4.21,3,3,Natural Disaster,9.68,0.941,0.07,0.35,0.8944,1,12.9
SHP101120,Rotterdam,Chicago,XPO Logistics,Sea,2023-07-09,2023-08-09,31,0,In Transit,776.93,3,0,Storm,8.15,5,9,Port Strike,8.67,0.851,0.309,0.2,1.0,1,20.2
SHP101121,Los Angeles,London,UPS,Air,2024-02-26,2024-03-01,4,6,At Port,1758.09,4,0,Heavy Rain,4.92,3,5,Natural Disaster,10.3,0.879,0.128,0.1,0.83,1,72.0
SHP101122,Mumbai,New York,UPS,Road,2023-04-06,2023-04-11,5,1,Customs Hold,4950.39,5,0,Heavy Rain,4.57,7,10,Traffic Jam,3.82,0.892,0.122,0.21,0.6875,1,43.4
SHP101123,Hamburg,London,Maersk,Rail,2024-11-10,2024-11-22,12,7,Delayed,3384.2,5,0,Storm,8.07,2,4,Equipment Failure,6.13,0.852,0.226,0.1,0.904,1,69.2
SHP101124,Los Angeles,London,UPS,Sea,2024-03-10,2024-04-13,34,26,Out for Delivery,1906.55,5,0,Clear,0.17,4,2,Natural Disaster,9.76,0.923,0.2,0.43,1.0,1,71.8
SHP101125,Rotterdam,Sydney,UPS,Road,2024-07-29,2024-08-03,5,5,Customs Hold,4034.9,5,0,Heavy Rain,4.7,6,9,Port Strike,8.85,0.898,0.39,0.3,1.0,1,60.8
SHP101126,Mumbai,Singapore,FedEx,Sea,2024-03-08,2024-04-05,28,6,At Port,3810.23,1,0,Storm,7.83,5,1,Equipment Failure,6.3,0.932,0.219,0.26,0.8764,1,26.9
SHP101127,Rotterdam,Chicago,Maersk,Sea,2024-10-22,2024-11-21,30,28,Out for Delivery,2921.42,4,0,Heavy Rain,4.76,3,1,Equipment Failure,5.61,0.827,0.286,0.2,0.9394,1,77.2
SHP101128,Rotterdam,Sydney,FedEx,Air,2024-06-20,2024-06-24,4,6,In Transit,4718.44,4,0,Blizzard,8.93,3,9,Port Strike,8.84,0.901,0.226,0.1,1.0,1,40.6
SHP101129,Dubai,Tokyo,UPS,Sea,2024-01-12,2024-02-15,34,17,Customs Hold,1716.11,4,0,Heavy Rain,5.15,6,4,Port Strike,9.21,0.89,0.321,0.24,1.0,1,18.2
SHP101130,Dubai,Singapore,UPS,Sea,2024-04-27,2024-05-25,28,19,At Port,3777.97,2,0,Storm,7.83,4,7,None,0.37,0.947,0.4,0.15,0.7579,1,39.6
SHP101131,Shanghai,Singapore,Maersk,Sea,2024-08-09,2024-09-09,31,12,At Port,2890.74,5,0,Snow,5.52,3,8,Traffic Jam,3.58,0.842,0.31,0.11,0.8339,1,11.3
SHP101132,Rotterdam,Singapore,DHL,Air,2024-01-13,2024-01-16,3,8,Out for Delivery,1269.02,2,0,Snow,6.39,4,7,Equipment Failure,5.65,0.874,0.379,0.21,1.0,1,25.0
SHP101133,Rotterdam,Tokyo,Maersk,Rail,2024-07-04,2024-07-14,10,11,Customs Hold,1400.06,3,0,Rain,1.98,2,8,None,0.0,0.831,0.067,0.26,0.666,1,31.6
SHP101134,Mumbai,London,XPO Logistics,Rail,2024-02-06,2024-02-13,7,8,Customs Hold,1363.44,5,0,Storm,8.41,5,6,Port Strike,8.76,0.797,0.208,0.38,1.0,1,64.5
SHP101135,Los Angeles,Chicago,XPO Logistics,Road,2023-07-14,2023-07-21,7,12,Customs Hold,2336.5,4,0,Fog,3.97,9,8,Traffic Jam,3.77,0.835,0.077,0.2,0.916,1,30.9
SHP101136,Mumbai,Tokyo,DHL,Road,2024-04-27,2024-04-30,3,0,In Transit,1211.22,2,0,Clear,0.35,6,9,Traffic Jam,3.87,0.886,0.156,0.38,0.7618,1,54.1
SHP101137,Los Angeles,London,DB Schenker,Road,2023-12-17,2023-12-22,5,6,Delayed,351.16,1,0,Heavy Rain,5.42,6,10,Port Strike,8.54,0.898,0.197,0.4,1.0,1,79.3
SHP101138,Rotterdam,Singapore,UPS,Rail,2024-09-04,2024-09-12,8,8,In Transit,2352.18,3,1,Clear,0.0,5,5,Equipment Failure,5.78,0.943,0.182,0.38,0.8933,1,79.6
SHP101139,Rotterdam,Singapore,XPO Logistics,Rail,2023-10-15,2023-10-28,13,17,At Port,1874.95,5,0,Storm,7.52,4,10,None,0.0,0.854,0.15,0.35,0.9026,1,27.9
SHP101140,Hamburg,Singapore,DHL,Sea,2024-08-11,2024-09-13,33,1,In Transit,1081.8,1,0,Snow,6.18,6,6,Port Strike,8.66,0.875,0.116,0.16,0.9376,1,50.5
SHP101141,Mumbai,New York,UPS,Rail,2023-08-07,2023-08-22,15,10,Out for Delivery,4650.15,1,0,Storm,8.36,3,2,Port Strike,8.83,0.921,0.12,0.1,0.868,1,76.8
SHP101142,Hamburg,Chicago,Maersk,Sea,2024-11-29,2024-12-30,31,30,Out for Delivery,1869.75,5,0,Clear,0.47,5,6,Equipment Failure,6.17,0.846,0.023,0.13,0.7094,1,61.8
SHP101143,Mumbai,Tokyo,DB Schenker,Air,2024-06-23,2024-06-27,4,8,Out for Delivery,4855.64,2,1,Rain,2.12,1,2,Equipment Failure,6.02,0.855,0.288,0.38,1.0,1,35.7
SHP101144,Rotterdam,New York,Maersk,Rail,2023-07-02,2023-07-10,8,9,Out for Delivery,4802.61,2,0,Blizzard,9.45,2,1,Equipment Failure,6.22,0.855,0.036,0.29,1.0,1,79.7
SHP101145,Mumbai,London,UPS,Sea,2023-11-16,2023-12-07,21,23,At Port,453.84,3,0,Blizzard,9.35,3,4,Port Strike,9.02,0.94,0.079,0.16,0.8103,1,26.4
SHP101146,Mumbai,New York,DHL,Sea,2024-01-07,2024-01-26,19,7,In Transit,3083.39,1,1,Heavy Rain,4.81,3,2,Traffic Jam,4.03,0.897,0.275,0.26,0.8299,1,31.9
SHP101147,Rotterdam,Tokyo,XPO Logistics,Road,2024-03-18,2024-03-26,8,1,Out for Delivery,1706.55,3,0,Storm,7.68,6,10,Natural Disaster,10.44,0.837,0.346,0.15,1.0,1,43.5
SHP101148,Dubai,New York,DB Schenker,Air,2024-01-27,2024-02-01,5,8,In Transit,3435.23,2,1,Storm,7.75,1,3,None,0.0,0.862,0.333,0.24,0.9133,1,34.7
SHP101149,Dubai,Sydney,DHL,Rail,2023-05-30,2023-06-10,11,15,At Port,647.97,4,0,Fog,3.59,2,6,Natural Disaster,10.07,0.848,0.073,0.1,0.8132,1,45.2
SHP101150,Mumbai,New York,XPO Logistics,Sea,2023-02-17,2023-03-15,26,8,Customs Hold,1656.25,1,0,Rain,1.96,3,3,None,0.0,0.83,0.132,0.15,0.569,1,39.6
SHP101151,Hamburg,Singapore,DB Schenker,Rail,2023-02-14,2023-02-23,9,12,In Transit,4830.21,5,0,Blizzard,8.51,4,7,Natural Disaster,10.39,0.882,0.12,0.4,1.0,1,70.6
SHP101152,Shanghai,Tokyo,FedEx,Road,2023-07-29,2023-08-07,9,10,Delayed,2128.13,3,0,Storm,7.63,9,7,Traffic Jam,4.43,0.932,0.188,0.29,0.9966,1,12.6
SHP101153,Mumbai,Singapore,FedEx,Rail,2023-01-24,2023-02-08,15,12,Customs Hold,77.61,5,0,Rain,2.33,4,10,Equipment Failure,5.95,0.936,0.355,0.33,0.9405,1,23.2
SHP101154,Shanghai,Singapore,XPO Logistics,Road,2023-09-09,2023-09-16,7,9,At Port,2942.83,2,0,Fog,3.96,6,9,Traffic Jam,3.73,0.828,0.187,0.43,1.0,1,92.2
SHP101155,Mumbai,Sydney,DHL,Air,2023-05-10,2023-05-15,5,4,At Port,4454.65,5,0,Heavy Rain,4.9,4,3,Port Strike,8.83,0.912,0.282,0.3,0.9938,1,75.2
SHP101156,Dubai,Chicago,XPO Logistics,Sea,2024-07-03,2024-07-24,21,7,Customs Hold,4533.29,4,1,Fog,4.4,5,7,Port Strike,9.23,0.826,0.279,0.25,1.0,1,51.2
SHP101157,Rotterdam,Sydney,UPS,Road,2023-10-03,2023-10-13,10,4,At Port,3142.73,5,1,Rain,1.7,9,6,Natural Disaster,9.84,0.927,0.319,0.21,1.0,1,30.7
SHP101158,Dubai,Sydney,UPS,Air,2024-06-23,2024-06-28,5,5,In Transit,3935.76,3,0,Snow,6.15,4,7,Traffic Jam,3.83,0.913,0.122,0.25,0.7423,1,55.7
SHP101159,Dubai,Sydney,UPS,Air,2024-06-26,2024-07-01,5,9,At Port,3793.13,1,0,Storm,8.0,2,1,Natural Disaster,9.61,0.928,0.318,0.12,1.0,1,57.8
SHP101160,Dubai,Singapore,DHL,Sea,2024-06-20,2024-07-25,35,38,Out for Delivery,1373.33,1,0,Rain,2.05,5,9,Port Strike,9.19,0.9,0.383,0.15,1.0,1,23.7
SHP101161,Los Angeles,Chicago,FedEx,Air,2024-03-25,2024-03-28,3,7,Out for Delivery,3075.46,1,1,Blizzard,8.76,4,7,Port Strike,8.85,0.935,0.243,0.41,1.0,1,49.6
SHP101162,Los Angeles,Singapore,Maersk,Sea,2024-10-06,2024-10-30,24,19,Delayed,1822.47,5,0,Rain,2.19,5,3,None,0.24,0.841,0.372,0.24,0.8382,1,17.9
SHP101163,Shanghai,Tokyo,UPS,Sea,2024-11-20,2024-12-22,32,35,At Port,1335.34,5,1,Rain,1.89,6,8,None,0.44,0.939,0.161,0.19,0.6786,1,4.2
SHP101164,Rotterdam,Chicago,FedEx,Rail,2024-08-06,2024-08-20,14,15,Out for Delivery,1030.44,3,0,Clear,0.07,4,3,Equipment Failure,6.29,0.915,0.25,0.2,0.7877,1,35.2
SHP101165,Los Angeles,Chicago,DB Schenker,Sea,2024-06-13,2024-07-16,33,28,At Port,3243.39,3,0,Blizzard,8.82,3,10,Port Strike,8.86,0.852,0.135,0.27,1.0,1,63.5
SHP101166,Los Angeles,London,Maersk,Rail,2024-02-25,2024-03-07,11,1,Delayed,625.38,4,0,Clear,0.19,4,8,Traffic Jam,3.85,0.802,0.157,0.4,0.8614,1,56.6
SHP101167,Shanghai,New York,UPS,Road,2023-10-22,2023-10-26,4,8,Delayed,1352.18,3,1,Storm,8.44,9,4,Port Strike,8.84,0.898,0.117,0.35,1.0,1,33.8
SHP101168,Mumbai,Chicago,UPS,Road,2024-11-12,2024-11-18,6,8,Delayed,489.06,5,1,Rain,2.05,8,6,Equipment Failure,6.1,0.897,0.336,0.27,1.0,1,42.2
SHP101169,Hamburg,Chicago,UPS,Air,2023-09-02,2023-09-05,3,4,Customs Hold,2445.95,5,0,Storm,7.9,4,8,Port Strike,8.6,0.919,0.297,0.32,1.0,1,93.7
SHP101170,Shanghai,Chicago,UPS,Road,2024-06-14,2024-06-21,7,11,At Port,3079.07,3,0,Heavy Rain,4.96,7,8,None,0.0,0.911,0.027,0.31,0.7812,1,51.0
SHP101171,Shanghai,New York,Maersk,Air,2024-10-23,2024-10-27,4,6,Delayed,2891.72,3,0,Storm,8.03,3,2,Equipment Failure,5.9,0.846,0.287,0.35,1.0,1,65.8
SHP101172,Rotterdam,Sydney,Maersk,Rail,2024-03-14,2024-03-26,12,16,Customs Hold,1152.8,2,0,Heavy Rain,4.56,3,2,Port Strike,9.04,0.845,0.123,0.15,0.9334,1,74.5
SHP101173,Hamburg,Chicago,FedEx,Air,2024-09-10,2024-09-15,5,10,Out for Delivery,3843.24,4,0,Rain,1.93,2,7,None,0.21,0.91,0.296,0.21,0.7991,1,73.2
SHP101174,Los Angeles,Chicago,FedEx,Sea,2024-04-12,2024-05-11,29,9,In Transit,4729.91,5,0,Snow,5.67,5,8,None,0.49,0.917,0.178,0.16,0.6267,1,11.7
SHP101175,Rotterdam,Chicago,Maersk,Rail,2023-05-10,2023-05-18,8,4,At Port,4030.24,5,0,Clear,0.37,5,9,None,0.0,0.842,0.206,0.2,0.6152,1,50.4
SHP101176,Rotterdam,Tokyo,Maersk,Road,2024-01-22,2024-01-27,5,10,Delayed,1069.54,1,1,Heavy Rain,5.42,6,6,Traffic Jam,4.3,0.857,0.281,0.28,1.0,1,22.9
SHP101177,Shanghai,Singapore,UPS,Sea,2024-10-25,2024-11-18,24,16,In Transit,139.99,2,0,Rain,2.28,5,3,Equipment Failure,6.44,0.907,0.119,0.4,0.9244,1,27.3
SHP101178,Rotterdam,London,DHL,Sea,2023-04-10,2023-05-03,23,17,Out for Delivery,3661.71,1,0,Heavy Rain,4.7,6,8,None,0.0,0.895,0.131,0.41,0.8823,1,84.0
SHP101179,Dubai,Singapore,Maersk,Rail,2024-04-21,2024-04-28,7,7,In Transit,2618.0,5,1,Fog,4.34,5,5,Port Strike,8.59,0.83,0.076,0.15,0.9405,1,53.1
SHP101180,Dubai,Tokyo,FedEx,Rail,2023-08-20,2023-09-01,12,12,At Port,3408.81,5,1,Rain,1.8,2,4,None,0.0,0.919,0.364,0.24,0.7349,1,56.3
SHP101181,Los Angeles,Chicago,FedEx,Rail,2023-05-14,2023-05-21,7,1,In Transit,4772.45,4,1,Rain,1.87,2,7,Traffic Jam,4.49,0.889,0.074,0.17,0.5192,1,16.1
SHP101182,Shanghai,Tokyo,DHL,Air,2023-05-22,2023-05-26,4,2,At Port,52.82,5,0,Rain,2.23,1,5,Natural Disaster,10.01,0.9,0.159,0.29,0.8907,1,21.3
SHP101183,Los Angeles,Chicago,DHL,Road,2024-10-16,2024-10-25,9,7,Customs Hold,611.03,3,0,Snow,6.35,9,4,Equipment Failure,6.42,0.892,0.163,0.21,1.0,1,72.1
SHP101184,Los Angeles,New York,FedEx,Sea,2023-03-30,2023-04-28,29,14,At Port,163.78,2,1,Rain,2.1,3,1,Port Strike,8.99,0.902,0.346,0.27,1.0,1,51.0
SHP101185,Shanghai,Chicago,UPS,Air,2023-01-05,2023-01-09,4,8,Customs Hold,2268.0,5,1,Heavy Rain,5.13,3,2,Natural Disaster,9.95,0.922,0.232,0.17,0.9726,1,45.9
SHP101186,Dubai,Sydney,FedEx,Air,2023-11-14,2023-11-18,4,7,Delayed,4562.09,3,1,Heavy Rain,4.73,3,8,Port Strike,8.92,0.92,0.335,0.3,1.0,1,86.7
SHP101187,Los Angeles,Tokyo,FedEx,Air,2024-06-30,2024-07-02,2,1,Out for Delivery,4455.06,5,0,Fog,3.89,3,10,Traffic Jam,3.66,0.861,0.04,0.25,0.669,1,53.2
SHP101188,Dubai,Tokyo,Maersk,Rail,2023-02-22,2023-03-05,11,14,In Transit,1937.31,2,0,Clear,0.0,4,3,None,0.01,0.831,0.32,0.26,0.856,1,27.9
SHP101189,Los Angeles,Tokyo,XPO Logistics,Air,2024-09-15,2024-09-19,4,0,Customs Hold,1092.81,1,0,Fog,4.09,2,7,None,0.45,0.841,0.293,0.25,0.6889,1,61.9
SHP101190,Rotterdam,Sydney,FedEx,Rail,2024-09-02,2024-09-12,10,13,Delayed,276.34,1,1,Storm,7.97,3,2,Natural Disaster,10.31,0.929,0.371,0.41,1.0,1,74.3
SHP101191,Los Angeles,New York,DHL,Rail,2024-02-21,2024-03-01,9,3,Customs Hold,113.28,4,1,Rain,1.74,3,5,None,0.09,0.907,0.107,0.18,0.5484,1,43.5
SHP101192,Shanghai,Sydney,DB Schenker,Road,2024-02-13,2024-02-19,6,7,Customs Hold,3927.46,1,0,Snow,6.28,8,1,None,0.01,0.851,0.112,0.13,0.7746,1,22.3
SHP101193,Rotterdam,Tokyo,UPS,Rail,2023-04-30,2023-05-12,12,11,Out for Delivery,1826.14,2,0,Rain,2.03,2,5,None,0.47,0.952,0.176,0.21,0.5068,1,24.9
SHP101194,Mumbai,Chicago,DB Schenker,Rail,2024-11-26,2024-12-05,9,2,At Port,2006.72,5,1,Storm,8.42,2,6,None,0.0,0.9,0.388,0.42,1.0,1,89.0
SHP101195,Rotterdam,Chicago,XPO Logistics,Sea,2024-08-02,2024-08-25,23,26,At Port,4578.61,4,1,Blizzard,9.3,5,2,Natural Disaster,10.3,0.832,0.086,0.2,1.0,1,33.9
SHP101196,Shanghai,Sydney,FedEx,Sea,2024-07-08,2024-08-10,33,20,Customs Hold,3653.25,2,0,Blizzard,9.03,5,3,Port Strike,8.58,0.925,0.377,0.22,1.0,1,13.4
SHP101197,Mumbai,Tokyo,UPS,Road,2023-10-10,2023-10-14,4,4,Out for Delivery,1264.69,4,0,Clear,0.0,6,10,Natural Disaster,9.86,0.901,0.174,0.37,1.0,1,80.3
SHP101198,Hamburg,Singapore,Maersk,Air,2023-10-27,2023-10-30,3,8,Delayed,4322.21,1,0,Fog,3.74,2,1,Traffic Jam,4.21,0.861,0.024,0.24,0.8847,1,40.8
SHP101199,Rotterdam,London,DHL,Sea,2023-10-02,2023-11-05,34,0,Delayed,3087.32,1,0,Storm,7.61,6,3,None,0.48,0.895,0.391,0.27,0.9071,1,11.5
SHP101200,Hamburg,New York,FedEx,Sea,2023-05-10,2023-06-04,25,26,At Port,1718.68,1,0,Snow,6.15,4,10,Traffic Jam,4.09,0.936,0.212,0.36,0.945,1,83.4
SHP101201,Shanghai,New York,Maersk,Sea,2023-03-27,2023-04-19,23,10,At Port,4053.61,5,0,Snow,6.2,3,5,Natural Disaster,10.46,0.861,0.368,0.35,1.0,1,58.5
SHP101202,Hamburg,Sydney,DHL,Road,2024-07-12,2024-07-17,5,10,At Port,2400.34,4,0,Clear,0.29,9,7,Equipment Failure,5.74,0.841,0.371,0.35,1.0,1,32.7
SHP101203,Dubai,Tokyo,DHL,Road,2024-06-15,2024-06-24,9,7,Out for Delivery,3067.11,2,0,Fog,4.25,8,1,Natural Disaster,10.02,0.923,0.277,0.18,1.0,1,74.7
SHP101204,Hamburg,Tokyo,DB Schenker,Air,2024-04-27,2024-05-02,5,9,Out for Delivery,1910.02,4,0,Rain,1.92,3,3,Traffic Jam,3.98,0.864,0.068,0.27,0.8722,1,15.1
SHP101205,Los Angeles,Chicago,DHL,Air,2023-08-25,2023-08-27,2,1,Customs Hold,1293.49,1,0,Storm,7.74,1,5,Equipment Failure,5.68,0.885,0.089,0.36,0.8815,1,38.7
SHP101206,Shanghai,New York,XPO Logistics,Air,2024-09-17,2024-09-20,3,4,At Port,2086.57,5,1,Heavy Rain,4.66,2,6,Port Strike,9.46,0.814,0.266,0.35,1.0,1,88.0
SHP101207,Mumbai,Sydney,FedEx,Road,2023-01-21,2023-01-30,9,11,Customs Hold,2873.46,1,0,Blizzard,8.74,8,10,Equipment Failure,6.22,0.91,0.074,0.3,1.0,1,44.9
SHP101208,Mumbai,Sydney,FedEx,Road,2024-05-30,2024-06-07,8,4,Out for Delivery,3620.73,2,0,Rain,2.42,7,10,Natural Disaster,9.62,0.916,0.255,0.3,1.0,1,72.1
SHP101209,Mumbai,Tokyo,UPS,Sea,2023-08-25,2023-09-12,18,6,At Port,991.04,4,0,Rain,2.37,5,6,Traffic Jam,3.97,0.908,0.284,0.16,0.653,1,56.3
SHP101210,Hamburg,New York,Maersk,Sea,2024-10-06,2024-10-25,19,13,Out for Delivery,3573.04,2,1,Heavy Rain,4.65,6,6,Port Strike,8.52,0.836,0.237,0.43,1.0,1,20.2
SHP101211,Hamburg,London,UPS,Air,2023-02-19,2023-02-22,3,1,Out for Delivery,3170.43,3,0,Clear,0.0,3,10,Natural Disaster,10.36,0.92,0.041,0.1,0.542,1,16.6
SHP101212,Hamburg,Singapore,XPO Logistics,Road,2023-03-14,2023-03-22,8,13,Out for Delivery,4111.57,2,0,Storm,8.01,6,2,Traffic Jam,4.27,0.845,0.049,0.43,1.0,1,87.3
SHP101213,Los Angeles,Singapore,XPO Logistics,Sea,2023-03-12,2023-04-02,21,24,Out for Delivery,2048.19,3,0,Fog,3.62,6,3,Traffic Jam,3.73,0.821,0.384,0.25,1.0,1,81.6
SHP101214,Mumbai,New York,XPO Logistics,Rail,2024-11-18,2024-11-30,12,4,Customs Hold,3297.82,5,0,Blizzard,8.96,2,10,None,0.0,0.865,0.041,0.21,0.656,1,43.4
SHP101215,Mumbai,Chicago,Maersk,Rail,2023-08-09,2023-08-16,7,1,In Transit,2428.22,2,0,Heavy Rain,5.27,5,10,Port Strike,9.35,0.893,0.298,0.36,1.0,1,54.4
SHP101216,Hamburg,New York,UPS,Rail,2024-07-22,2024-08-06,15,11,In Transit,1909.36,5,1,Storm,7.85,5,1,Port Strike,8.55,0.941,0.153,0.43,1.0,1,74.3
SHP101217,Rotterdam,London,Maersk,Rail,2023-01-13,2023-01-22,9,13,Customs Hold,1413.95,4,1,Fog,4.05,4,6,None,0.13,0.879,0.194,0.26,0.7996,1,41.9
SHP101218,Dubai,Singapore,XPO Logistics,Air,2024-02-14,2024-02-19,5,10,At Port,2821.71,3,1,Rain,2.11,2,8,None,0.39,0.828,0.119,0.15,0.8112,1,32.5
SHP101219,Rotterdam,Singapore,Maersk,Rail,2023-12-12,2023-12-25,13,9,Out for Delivery,244.55,5,1,Clear,0.17,4,2,Equipment Failure,5.71,0.846,0.135,0.39,0.9008,1,22.4
SHP101220,Hamburg,New York,XPO Logistics,Air,2023-12-21,2023-12-26,5,7,Customs Hold,3913.93,5,1,Heavy Rain,4.74,2,2,Equipment Failure,6.0,0.823,0.232,0.13,0.8782,1,13.8
SHP101221,Los Angeles,Chicago,Maersk,Sea,2023-05-28,2023-06-16,19,9,In Transit,2930.95,5,0,Blizzard,8.56,5,1,None,0.49,0.848,0.213,0.2,0.8528,1,48.7
SHP101222,Mumbai,Sydney,XPO Logistics,Rail,2024-05-04,2024-05-12,8,6,Customs Hold,2901.53,1,0,Fog,4.29,4,1,Equipment Failure,5.72,0.833,0.275,0.3,1.0,1,26.1
SHP101223,Hamburg,Chicago,UPS,Sea,2023-04-19,2023-05-20,31,26,In Transit,1684.45,2,1,Storm,8.12,4,3,Traffic Jam,4.02,0.91,0.323,0.23,0.9422,1,71.6
SHP101224,Dubai,Sydney,FedEx,Air,2023-02-08,2023-02-11,3,5,Customs Hold,4130.42,1,0,Rain,2.35,1,10,Port Strike,8.58,0.903,0.16,0.16,0.8564,1,76.3
SHP101225,Dubai,London,DB Schenker,Air,2024-02-17,2024-02-22,5,3,Out for Delivery,2081.71,2,0,Clear,0.05,3,7,Natural Disaster,10.11,0.85,0.242,0.27,0.9235,1,17.2
SHP101226,Mumbai,Chicago,UPS,Road,2023-01-16,2023-01-23,7,2,Out for Delivery,208.24,3,0,Heavy Rain,4.89,6,5,Port Strike,8.96,0.91,0.196,0.19,0.9494,1,77.3
SHP101227,Shanghai,Chicago,FedEx,Sea,2024-10-08,2024-11-03,26,26,Delayed,4021.29,5,0,Snow,5.76,3,2,Natural Disaster,10.07,0.928,0.303,0.41,1.0,1,72.0
SHP101228,Mumbai,Singapore,XPO Logistics,Sea,2024-02-24,2024-03-22,27,14,Out for Delivery,1560.6,1,0,Snow,5.7,3,9,Natural Disaster,9.61,0.829,0.346,0.28,1.0,1,88.9
SHP101229,Dubai,Singapore,DHL,Sea,2024-03-31,2024-04-27,27,2,Out for Delivery,1479.91,1,1,Snow,6.07,5,8,None,0.31,0.869,0.363,0.15,0.7622,1,40.7
SHP101230,Shanghai,New York,DHL,Air,2024-02-04,2024-02-08,4,2,Out for Delivery,4289.33,2,1,Blizzard,8.97,3,4,Traffic Jam,3.95,0.862,0.122,0.35,0.9791,1,29.3
SHP101231,Rotterdam,Singapore,DB Schenker,Rail,2023-09-10,2023-09-21,11,2,In Transit,1753.29,4,0,Fog,4.46,2,7,Port Strike,8.89,0.881,0.105,0.1,0.7563,1,52.4
SHP101232,Rotterdam,New York,UPS,Rail,2023-02-07,2023-02-19,12,9,Delayed,1453.32,4,1,Rain,1.82,5,5,None,0.43,0.903,0.028,0.11,0.4636,0,0.0
SHP101233,Mumbai,Chicago,UPS,Rail,2024-08-28,2024-09-12,15,2,At Port,3767.59,1,1,Blizzard,8.75,2,8,Equipment Failure,5.55,0.868,0.359,0.11,0.9067,1,45.1
SHP101234,Hamburg,Singapore,Maersk,Road,2023-07-22,2023-08-01,10,3,At Port,4609.61,2,0,Heavy Rain,4.94,9,1,Equipment Failure,6.49,0.882,0.126,0.39,1.0,1,31.8
SHP101235,Shanghai,Tokyo,UPS,Rail,2023-08-26,2023-09-08,13,10,Delayed,1219.39,3,0,Heavy Rain,5.07,2,4,Port Strike,9.18,0.902,0.331,0.27,1.0,1,84.9
SHP101236,Shanghai,Tokyo,DB Schenker,Sea,2023-12-23,2024-01-22,30,29,Delayed,3588.43,4,0,Snow,5.72,5,9,Natural Disaster,10.19,0.876,0.079,0.37,1.0,1,89.6
SHP101237,Hamburg,Singapore,DB Schenker,Road,2024-11-08,2024-11-18,10,14,At Port,1952.89,5,0,Storm,7.58,7,8,Traffic Jam,3.7,0.862,0.067,0.2,0.9123,1,40.8
SHP101238,Los Angeles,Tokyo,DB Schenker,Air,2023-11-24,2023-11-29,5,6,Delayed,1043.53,4,1,Blizzard,9.2,2,5,Port Strike,8.87,0.873,0.12,0.25,1.0,1,7.4
SHP101239,Los Angeles,Singapore,XPO Logistics,Road,2023-08-25,2023-08-30,5,1,Out for Delivery,119.76,3,0,Storm,7.9,7,1,None,0.0,0.821,0.337,0.23,0.8436,1,34.6
SHP101240,Shanghai,New York,FedEx,Air,2023-03-27,2023-03-31,4,1,In Transit,4737.82,2,0,Snow,6.06,3,2,None,0.25,0.933,0.258,0.35,0.7222,1,4.4
SHP101241,Dubai,Singapore,DB Schenker,Sea,2024-11-12,2024-12-01,19,4,Customs Hold,3140.83,2,1,Fog,3.57,5,8,Traffic Jam,4.03,0.885,0.208,0.15,0.7936,1,65.9
SHP101242,Los Angeles,Tokyo,XPO Logistics,Rail,2023-05-10,2023-05-19,9,0,In Transit,778.13,1,1,Fog,4.03,5,4,Port Strike,8.62,0.802,0.166,0.25,1.0,1,29.6
SHP101243,Shanghai,Singapore,XPO Logistics,Rail,2024-06-02,2024-06-15,13,14,At Port,4887.57,2,0,Rain,1.74,3,4,Natural Disaster,10.17,0.827,0.291,0.37,1.0,1,77.0
SHP101244,Rotterdam,London,XPO Logistics,Rail,2024-01-25,2024-02-06,12,5,Delayed,4007.27,2,1,Clear,0.41,5,5,Port Strike,8.76,0.846,0.28,0.37,1.0,1,75.0
SHP101245,Dubai,Chicago,Maersk,Air,2023-08-16,2023-08-19,3,0,In Transit,3374.23,5,0,Clear,0.0,4,6,Traffic Jam,4.34,0.831,0.141,0.27,0.6752,1,50.9
SHP101246,Mumbai,Singapore,DHL,Rail,2023-02-23,2023-03-04,9,0,At Port,3624.37,4,0,Storm,7.89,3,7,Equipment Failure,5.62,0.886,0.088,0.26,0.7816,1,14.9
SHP101247,Los Angeles,Chicago,UPS,Air,2023-06-29,2023-07-03,4,3,At Port,3818.32,3,0,Blizzard,9.3,2,10,None,0.0,0.901,0.206,0.31,0.7336,1,41.7
SHP101248,Dubai,London,UPS,Rail,2023-03-17,2023-03-30,13,14,Out for Delivery,801.98,1,0,Snow,5.93,4,2,None,0.15,0.941,0.348,0.24,0.8164,1,58.6
SHP101249,Hamburg,London,DHL,Air,2024-01-06,2024-01-11,5,2,In Transit,197.06,1,1,Fog,3.75,2,3,None,0.0,0.879,0.365,0.1,0.6066,1,40.9
SHP101250,Rotterdam,Chicago,DHL,Air,2023-08-24,2023-08-29,5,5,Customs Hold,2350.07,5,0,Snow,5.63,1,3,Natural Disaster,10.34,0.891,0.229,0.2,0.9808,1,44.4
SHP101251,Dubai,London,Maersk,Rail,2023-12-01,2023-12-13,12,10,Customs Hold,3843.03,5,0,Snow,5.52,4,5,Natural Disaster,9.53,0.876,0.064,0.41,1.0,1,17.6
SHP101252,Hamburg,London,XPO Logistics,Air,2023-01-11,2023-01-16,5,5,In Transit,987.86,3,1,Rain,2.03,1,3,Natural Disaster,9.69,0.862,0.123,0.1,0.7772,1,27.8
SHP101253,Hamburg,Chicago,FedEx,Rail,2023-01-31,2023-02-10,10,3,At Port,1032.1,2,0,Rain,1.93,5,1,Equipment Failure,5.97,0.882,0.277,0.39,1.0,1,28.9
SHP101254,Los Angeles,Tokyo,FedEx,Air,2024-02-05,2024-02-09,4,8,Delayed,713.94,3,1,Clear,0.0,1,7,Natural Disaster,10.23,0.912,0.056,0.25,0.9142,1,73.8
SHP101255,Hamburg,Chicago,FedEx,Sea,2024-01-03,2024-01-31,28,26,Out for Delivery,666.23,2,0,Clear,0.0,5,4,None,0.21,0.946,0.162,0.39,0.7098,1,25.0
SHP101256,Rotterdam,London,Maersk,Rail,2023-10-05,2023-10-18,13,5,Out for Delivery,4085.45,2,0,Rain,2.18,4,6,Traffic Jam,3.61,0.881,0.064,0.12,0.5262,1,27.1
SHP101257,Mumbai,London,Maersk,Rail,2023-07-01,2023-07-09,8,7,At Port,35.46,5,1,Fog,4.47,2,9,Equipment Failure,6.46,0.846,0.325,0.19,1.0,1,16.6
SHP101258,Rotterdam,Sydney,FedEx,Road,2023-08-14,2023-08-21,7,9,Customs Hold,4912.78,5,0,Rain,2.24,8,10,Equipment Failure,5.94,0.924,0.189,0.3,0.9471,1,14.8
SHP101259,Hamburg,Sydney,DB Schenker,Sea,2023-12-06,2024-01-06,31,16,In Transit,2852.42,5,0,Snow,5.6,6,6,Traffic Jam,4.07,0.852,0.359,0.1,0.9703,1,75.5
SHP101260,Shanghai,Tokyo,XPO Logistics,Sea,2023-07-26,2023-08-29,34,0,Customs Hold,3087.33,5,0,Clear,0.0,3,9,Port Strike,9.01,0.841,0.24,0.15,0.7537,1,5.0
SHP101261,Mumbai,Tokyo,Maersk,Air,2024-08-08,2024-08-13,5,10,In Transit,3740.97,4,0,Snow,5.89,1,9,Port Strike,9.36,0.865,0.104,0.42,1.0,1,85.4
SHP101262,Hamburg,Chicago,UPS,Rail,2024-07-13,2024-07-26,13,7,At Port,4248.34,5,0,Snow,6.07,2,10,None,0.0,0.952,0.128,0.26,0.6157,1,47.0
SHP101263,Los Angeles,Sydney,XPO Logistics,Road,2023-02-14,2023-02-19,5,2,Out for Delivery,3447.0,1,0,Heavy Rain,4.84,7,10,None,0.0,0.804,0.155,0.2,0.8344,1,75.4
SHP101264,Dubai,Tokyo,DHL,Road,2023-08-03,2023-08-13,10,11,At Port,1892.39,1,0,Snow,6.01,7,9,Equipment Failure,6.0,0.873,0.178,0.42,1.0,1,95.6
SHP101265,Hamburg,Tokyo,XPO Logistics,Air,2023-02-28,2023-03-05,5,6,Delayed,2673.24,5,1,Blizzard,9.14,2,8,Port Strike,8.53,0.867,0.258,0.21,1.0,1,58.5
SHP101266,Hamburg,London,DHL,Road,2023-07-13,2023-07-18,5,5,Out for Delivery,978.24,3,1,Clear,0.0,6,7,Port Strike,9.46,0.888,0.373,0.1,0.9123,1,25.0
SHP101267,Dubai,Singapore,XPO Logistics,Road,2024-04-06,2024-04-09,3,2,In Transit,1215.51,5,0,Heavy Rain,4.98,6,1,Equipment Failure,6.29,0.845,0.145,0.15,0.8744,1,30.0
SHP101268,Los Angeles,Singapore,Maersk,Air,2024-02-25,2024-02-27,2,3,Customs Hold,539.31,2,0,Clear,0.44,3,2,None,0.3,0.835,0.324,0.3,0.8787,1,78.6
SHP101269,Rotterdam,New York,XPO Logistics,Sea,2024-03-04,2024-03-22,18,3,Delayed,2096.52,3,0,Snow,5.65,4,5,None,0.13,0.84,0.159,0.33,0.7794,1,22.1
SHP101270,Shanghai,Tokyo,UPS,Road,2024-08-17,2024-08-22,5,3,Out for Delivery,3231.01,2,1,Blizzard,9.0,9,4,Traffic Jam,4.11,0.904,0.275,0.37,1.0,1,42.9
SHP101271,Hamburg,Chicago,XPO Logistics,Air,2023-02-06,2023-02-08,2,6,Out for Delivery,4734.76,2,0,Snow,6.48,2,1,Natural Disaster,9.92,0.801,0.373,0.43,1.0,1,19.5
SHP101272,Rotterdam,Sydney,UPS,Road,2024-04-13,2024-04-23,10,2,In Transit,2285.75,1,1,Storm,7.67,6,10,None,0.35,0.939,0.116,0.17,0.604,1,52.2
SHP101273,Shanghai,Sydney,DHL,Air,2023-09-01,2023-09-04,3,2,At Port,630.05,5,0,Snow,5.72,4,1,Port Strike,8.67,0.92,0.179,0.13,0.8904,1,46.3
SHP101274,Dubai,Sydney,Maersk,Road,2023-11-20,2023-11-28,8,11,Customs Hold,4799.95,1,0,Storm,8.29,7,9,None,0.0,0.809,0.08,0.12,0.8363,1,36.7
SHP101275,Rotterdam,Chicago,FedEx,Road,2024-01-10,2024-01-17,7,6,Out for Delivery,3474.03,2,0,Storm,8.32,6,8,Natural Disaster,10.39,0.946,0.381,0.2,1.0,1,88.5
SHP101276,Los Angeles,London,UPS,Rail,2024-04-21,2024-05-06,15,17,Customs Hold,432.51,4,1,Storm,8.31,4,1,Equipment Failure,5.98,0.909,0.194,0.25,1.0,1,91.8
SHP101277,Hamburg,Chicago,UPS,Sea,2024-09-05,2024-10-09,34,4,Delayed,4707.56,5,0,Fog,3.76,6,2,None,0.0,0.901,0.349,0.11,0.5772,1,20.8
SHP101278,Dubai,Singapore,Maersk,Air,2024-01-23,2024-01-27,4,2,Customs Hold,4914.92,2,0,Clear,0.4,2,6,Natural Disaster,10.5,0.826,0.071,0.15,0.7757,1,10.5
SHP101279,Mumbai,New York,FedEx,Air,2024-07-23,2024-07-25,2,1,At Port,2336.96,4,0,Fog,4.28,4,1,Traffic Jam,4.4,0.89,0.159,0.27,0.8146,1,58.0
SHP101280,Shanghai,Sydney,UPS,Air,2024-03-10,2024-03-14,4,2,Out for Delivery,256.68,1,1,Rain,1.58,1,10,Port Strike,8.57,0.9,0.033,0.21,0.6305,1,6.7
SHP101281,Shanghai,Sydney,DB Schenker,Road,2023-01-13,2023-01-18,5,10,In Transit,3100.71,2,1,Snow,6.19,7,1,Port Strike,9.12,0.864,0.032,0.35,1.0,1,38.8
SHP101282,Rotterdam,Chicago,Maersk,Road,2024-10-17,2024-10-25,8,11,Delayed,281.25,2,0,Snow,5.67,7,5,Traffic Jam,4.18,0.836,0.254,0.2,1.0,1,42.4
SHP101283,Shanghai,Tokyo,XPO Logistics,Sea,2024-11-27,2024-12-17,20,14,Delayed,2236.72,5,0,Heavy Rain,5.27,6,10,None,0.3,0.883,0.17,0.38,0.8327,1,60.7
SHP101284,Mumbai,New York,DB Schenker,Road,2024-04-13,2024-04-21,8,4,Out for Delivery,2516.83,3,0,Storm,8.01,8,4,None,0.11,0.855,0.216,0.2,0.8505,1,26.8
SHP101285,Shanghai,Singapore,UPS,Rail,2023-01-28,2023-02-08,11,11,Out for Delivery,1860.04,5,0,Heavy Rain,5.47,2,1,Traffic Jam,3.62,0.912,0.283,0.13,0.7227,1,66.9
SHP101286,Los Angeles,Sydney,XPO Logistics,Rail,2024-11-15,2024-11-23,8,3,At Port,3466.05,3,0,Fog,3.62,3,4,Equipment Failure,6.16,0.814,0.295,0.12,0.8977,1,76.3
SHP101287,Shanghai,London,DHL,Rail,2024-09-22,2024-10-04,12,10,Out for Delivery,4841.94,2,0,Rain,2.32,5,10,Traffic Jam,4.05,0.879,0.059,0.42,0.943,1,45.6
SHP101288,Dubai,Tokyo,DB Schenker,Road,2023-01-06,2023-01-12,6,1,Delayed,2290.33,1,1,Heavy Rain,4.75,9,7,Natural Disaster,10.38,0.845,0.051,0.45,1.0,1,36.2
SHP101289,Shanghai,Tokyo,UPS,Sea,2024-03-09,2024-04-09,31,33,At Port,1388.54,2,0,Blizzard,8.79,5,2,Port Strike,9.38,0.888,0.308,0.28,1.0,1,88.6
SHP101290,Hamburg,Singapore,DB Schenker,Sea,2024-09-08,2024-10-01,23,21,Delayed,4201.56,2,0,Clear,0.08,5,2,Traffic Jam,3.75,0.929,0.249,0.23,0.7102,1,54.6
SHP101291,Mumbai,Chicago,DHL,Rail,2023-03-13,2023-03-22,9,11,Out for Delivery,3066.64,3,0,Storm,8.37,2,7,None,0.31,0.92,0.031,0.44,0.9134,1,76.7
SHP101292,Hamburg,New York,Maersk,Air,2024-04-05,2024-04-09,4,3,Customs Hold,2283.11,3,0,Snow,5.68,4,5,Port Strike,8.91,0.876,0.267,0.12,0.8647,1,37.7
SHP101293,Shanghai,New York,DHL,Air,2024-05-18,2024-05-21,3,0,Customs Hold,1158.62,4,1,Fog,3.82,3,7,None,0.36,0.907,0.146,0.35,0.6217,1,22.0
SHP101294,Los Angeles,New York,DB Schenker,Air,2024-11-27,2024-11-30,3,2,Customs Hold,1950.87,3,0,Snow,6.04,4,10,Equipment Failure,6.41,0.891,0.14,0.3,0.9071,1,19.8
SHP101295,Rotterdam,London,XPO Logistics,Road,2023-06-07,2023-06-11,4,2,Delayed,4589.86,2,0,Clear,0.37,9,4,Traffic Jam,4.23,0.84,0.349,0.13,0.8173,1,68.7
SHP101296,Mumbai,Chicago,Maersk,Road,2024-05-07,2024-05-16,9,11,Customs Hold,2529.34,1,1,Blizzard,8.97,9,3,Natural Disaster,10.48,0.841,0.295,0.36,1.0,1,46.4
SHP101297,Hamburg,Tokyo,Maersk,Air,2024-11-12,2024-11-15,3,5,In Transit,3221.76,4,0,Storm,7.93,2,8,Port Strike,8.63,0.832,0.326,0.43,1.0,1,11.0
SHP101298,Los Angeles,London,UPS,Road,2023-03-04,2023-03-10,6,2,At Port,1711.24,3,0,Storm,8.31,6,3,Port Strike,8.66,0.875,0.117,0.21,0.9687,1,85.0
SHP101299,Rotterdam,Chicago,XPO Logistics,Sea,2024-04-14,2024-05-11,27,26,At Port,4347.29,4,1,Blizzard,9.35,3,5,Natural Disaster,10.08,0.805,0.262,0.2,1.0,1,27.0
SHP101300,Mumbai,Tokyo,Maersk,Air,2024-11-18,2024-11-22,4,3,Out for Delivery,145.52,4,1,Heavy Rain,5.35,2,8,Equipment Failure,6.1,0.855,0.154,0.2,0.8691,1,74.9
SHP101301,Hamburg,Singapore,DB Schenker,Road,2024-11-24,2024-12-03,9,0,Out for Delivery,4297.34,2,0,Fog,4.06,8,1,Equipment Failure,5.59,0.866,0.379,0.17,0.9429,1,54.5
SHP101302,Shanghai,Singapore,FedEx,Sea,2024-01-20,2024-02-24,35,22,At Port,1033.93,2,0,Storm,7.82,3,6,None,0.17,0.895,0.38,0.11,0.7908,1,64.4
SHP101303,Hamburg,Tokyo,Maersk,Rail,2024-05-17,2024-05-25,8,5,In Transit,4803.59,3,0,Rain,1.93,4,5,Natural Disaster,10.42,0.867,0.274,0.26,0.9974,1,57.0
SHP101304,Rotterdam,Chicago,UPS,Road,2024-10-26,2024-10-31,5,7,In Transit,655.34,3,0,Heavy Rain,5.38,8,3,Traffic Jam,4.06,0.928,0.257,0.2,0.9805,1,18.5
SHP101305,Shanghai,Sydney,XPO Logistics,Sea,2023-04-09,2023-05-02,23,26,In Transit,3153.56,4,0,Storm,8.21,5,3,Traffic Jam,4.3,0.849,0.035,0.15,0.8354,1,39.8
SHP101306,Shanghai,Chicago,XPO Logistics,Sea,2024-01-07,2024-01-30,23,23,Out for Delivery,2879.58,1,0,Clear,0.0,4,5,Port Strike,9.5,0.871,0.186,0.3,0.9483,1,20.7
SHP101307,Dubai,New York,DB Schenker,Air,2023-12-29,2024-01-03,5,4,Out for Delivery,1512.78,3,0,Snow,6.41,1,3,Port Strike,9.41,0.89,0.11,0.15,0.821,1,11.3
SHP101308,Rotterdam,New York,FedEx,Sea,2023-09-26,2023-10-29,33,13,Out for Delivery,1196.46,4,0,Snow,5.93,4,3,Port Strike,8.93,0.895,0.178,0.41,1.0,1,16.4
SHP101309,Shanghai,London,FedEx,Sea,2024-05-29,2024-06-23,25,9,At Port,3387.3,4,0,Clear,0.0,3,10,Port Strike,9.14,0.906,0.29,0.29,0.8521,1,67.2
SHP101310,Hamburg,London,FedEx,Air,2023-02-06,2023-02-09,3,5,At Port,2445.54,4,0,Blizzard,9.32,2,7,Equipment Failure,6.46,0.9,0.109,0.1,0.9181,1,86.0
SHP101311,Dubai,Singapore,FedEx,Rail,2024-07-15,2024-07-26,11,1,In Transit,4763.45,3,0,Clear,0.0,3,4,Port Strike,8.52,0.903,0.357,0.15,0.8307,1,49.3
SHP101312,Mumbai,New York,Maersk,Air,2024-02-05,2024-02-09,4,5,Out for Delivery,1972.17,1,0,Fog,4.21,4,4,Natural Disaster,9.58,0.85,0.163,0.15,0.9532,1,62.5
SHP101313,Dubai,Chicago,XPO Logistics,Air,2023-11-20,2023-11-25,5,3,In Transit,1986.37,4,0,Snow,5.96,1,10,None,0.11,0.849,0.173,0.22,0.708,1,59.1
SHP101314,Hamburg,London,DHL,Rail,2023-04-21,2023-04-28,7,9,In Transit,4221.98,2,1,Clear,0.0,2,5,Natural Disaster,9.7,0.846,0.089,0.1,0.7609,1,27.7
SHP101315,Rotterdam,Sydney,UPS,Road,2024-07-19,2024-07-25,6,5,At Port,3429.64,2,0,Snow,6.08,7,9,Equipment Failure,6.35,0.908,0.144,0.15,0.8675,1,63.2
SHP101316,Los Angeles,Tokyo,FedEx,Sea,2024-08-12,2024-08-30,18,16,At Port,1982.2,2,0,Blizzard,8.74,6,8,None,0.41,0.942,0.228,0.25,0.7923,1,15.1
SHP101317,Hamburg,Chicago,FedEx,Air,2024-02-26,2024-03-01,4,4,Out for Delivery,2455.72,2,0,Snow,5.77,4,7,Port Strike,9.44,0.883,0.121,0.36,1.0,1,17.7
SHP101318,Mumbai,London,FedEx,Rail,2024-08-11,2024-08-18,7,1,Out for Delivery,2197.34,3,0,Heavy Rain,4.5,2,2,Port Strike,9.28,0.918,0.116,0.14,0.7545,1,52.5
SHP101319,Dubai,London,XPO Logistics,Rail,2024-07-05,2024-07-16,11,12,In Transit,1708.8,3,0,Clear,0.38,2,1,Natural Disaster,10.11,0.864,0.172,0.13,0.7728,1,31.0
SHP101320,Los Angeles,Tokyo,DHL,Rail,2024-06-02,2024-06-16,14,2,At Port,3373.0,3,1,Rain,1.7,4,10,Natural Disaster,9.81,0.926,0.397,0.25,0.9333,1,8.0
SHP101321,Hamburg,New York,FedEx,Air,2023-06-05,2023-06-10,5,6,At Port,1953.2,2,0,Storm,7.77,2,8,Port Strike,9.15,0.927,0.296,0.34,1.0,1,54.2
SHP101322,Dubai,New York,DB Schenker,Road,2023-07-18,2023-07-22,4,5,Delayed,4081.32,3,0,Clear,0.0,8,4,Equipment Failure,6.25,0.88,0.38,0.4,1.0,1,56.6
SHP101323,Hamburg,Singapore,Maersk,Rail,2023-06-26,2023-07-04,8,4,In Transit,4176.62,2,1,Clear,0.0,4,5,Natural Disaster,9.89,0.86,0.239,0.31,0.9166,1,75.0
SHP101324,Dubai,Tokyo,Maersk,Sea,2024-05-27,2024-06-14,18,23,Delayed,3311.49,5,0,Heavy Rain,5.22,3,8,Port Strike,8.95,0.882,0.123,0.33,0.9945,1,68.4
SHP101325,Los Angeles,Chicago,DHL,Sea,2024-02-24,2024-03-30,35,27,Out for Delivery,64.29,4,0,Snow,6.11,3,2,None,0.18,0.884,0.038,0.34,0.7928,1,13.7
SHP101326,Dubai,Chicago,UPS,Road,2023-09-03,2023-09-10,7,4,Delayed,3199.71,2,1,Storm,7.79,7,9,None,0.0,0.948,0.077,0.21,0.7167,1,15.2
SHP101327,Rotterdam,Sydney,XPO Logistics,Road,2024-08-10,2024-08-13,3,6,Delayed,4179.04,1,1,Snow,6.14,9,3,Natural Disaster,9.58,0.845,0.217,0.13,1.0,1,92.4
SHP101328,Dubai,Chicago,DB Schenker,Road,2024-05-14,2024-05-23,9,1,In Transit,3791.36,1,1,Snow,5.75,6,4,None,0.5,0.864,0.345,0.44,1.0,1,38.7
SHP101329,Los Angeles,London,XPO Logistics,Road,2024-07-13,2024-07-19,6,11,Delayed,1703.51,2,0,Rain,2.06,9,2,Equipment Failure,5.56,0.804,0.233,0.26,1.0,1,36.1
SHP101330,Shanghai,London,FedEx,Air,2024-02-20,2024-02-25,5,6,At Port,316.35,4,0,Rain,1.93,2,6,Port Strike,8.72,0.918,0.237,0.29,0.9026,1,38.1
SHP101331,Dubai,Chicago,DHL,Air,2023-07-13,2023-07-18,5,0,In Transit,821.52,2,1,Blizzard,9.28,4,10,None,0.21,0.899,0.185,0.42,0.8432,1,65.8
SHP101332,Dubai,New York,DB Schenker,Sea,2024-08-31,2024-10-01,31,34,Out for Delivery,1975.14,3,1,Fog,4.18,6,5,Traffic Jam,4.35,0.851,0.323,0.22,1.0,1,18.0
SHP101333,Mumbai,Sydney,UPS,Road,2024-06-06,2024-06-10,4,9,In Transit,929.92,1,0,Blizzard,8.85,6,3,Equipment Failure,5.83,0.907,0.07,0.3,1.0,1,41.7
SHP101334,Hamburg,New York,DHL,Sea,2023-12-20,2024-01-18,29,15,Delayed,1135.89,4,0,Snow,6.26,6,1,Traffic Jam,4.32,0.934,0.315,0.36,1.0,1,44.9
SHP101335,Los Angeles,London,XPO Logistics,Sea,2024-05-05,2024-05-26,21,22,Out for Delivery,3616.79,4,1,Storm,8.13,3,4,Natural Disaster,10.3,0.809,0.339,0.12,1.0,1,60.0
SHP101336,Hamburg,London,DHL,Rail,2023-09-22,2023-10-05,13,5,Delayed,931.6,2,0,Rain,1.73,3,8,Port Strike,9.33,0.895,0.329,0.1,0.7384,1,11.2
SHP101337,Hamburg,London,XPO Logistics,Rail,2024-08-21,2024-09-01,11,1,In Transit,1053.11,5,0,Clear,0.0,3,9,Equipment Failure,6.26,0.836,0.279,0.1,0.7303,1,28.5
SHP101338,Dubai,New York,DHL,Road,2023-10-03,2023-10-13,10,11,Delayed,1847.96,3,0,Fog,3.61,9,7,None,0.0,0.891,0.026,0.3,0.7057,1,23.7
SHP101339,Dubai,Singapore,DHL,Air,2023-08-16,2023-08-21,5,0,Out for Delivery,2646.83,5,0,Storm,8.13,4,7,Equipment Failure,6.47,0.876,0.388,0.15,1.0,1,29.7
SHP101340,Hamburg,Chicago,DB Schenker,Sea,2024-09-09,2024-10-11,32,5,At Port,3897.0,3,0,Clear,0.0,5,6,Port Strike,9.32,0.869,0.18,0.37,0.9297,1,16.3
SHP101341,Shanghai,Sydney,Maersk,Rail,2024-02-17,2024-03-02,14,13,At Port,4452.94,1,0,Storm,8.33,5,10,None,0.06,0.81,0.156,0.19,0.891,1,23.9
SHP101342,Los Angeles,London,UPS,Sea,2023-06-06,2023-07-04,28,15,Delayed,36.61,3,0,Storm,7.71,6,10,Port Strike,9.1,0.928,0.254,0.18,0.9802,1,34.1
SHP101343,Dubai,Tokyo,Maersk,Road,2023-07-23,2023-07-26,3,7,Delayed,1901.16,2,1,Blizzard,9.24,6,8,Traffic Jam,3.65,0.851,0.327,0.11,1.0,1,25.9
SHP101344,Dubai,London,UPS,Rail,2023-06-24,2023-07-05,11,6,Delayed,2743.8,3,1,Rain,2.17,2,1,Port Strike,9.08,0.904,0.033,0.38,0.8335,1,34.7
SHP101345,Dubai,New York,XPO Logistics,Rail,2024-02-28,2024-03-14,15,18,Customs Hold,3974.9,4,0,Blizzard,8.97,4,8,Port Strike,9.13,0.821,0.126,0.31,1.0,1,60.0
SHP101346,Mumbai,New York,Maersk,Road,2023-04-21,2023-04-29,8,13,Out for Delivery,2202.68,5,0,Snow,5.94,8,4,Equipment Failure,5.99,0.85,0.101,0.19,1.0,1,73.0
SHP101347,Dubai,Tokyo,DHL,Air,2023-12-20,2023-12-22,2,4,Out for Delivery,3031.35,1,1,Storm,8.09,2,6,Natural Disaster,9.77,0.889,0.33,0.44,1.0,1,51.7
SHP101348,Rotterdam,London,DB Schenker,Air,2023-03-01,2023-03-04,3,6,Delayed,1256.05,3,1,Rain,2.45,2,4,Traffic Jam,3.72,0.863,0.314,0.19,0.9809,1,58.4
SHP101349,Hamburg,New York,DHL,Air,2023-08-29,2023-09-03,5,8,Out for Delivery,2384.96,2,0,Storm,7.81,3,1,None,0.0,0.907,0.134,0.23,0.8012,1,36.6
SHP101350,Mumbai,Sydney,XPO Logistics,Air,2023-07-10,2023-07-13,3,3,In Transit,3192.55,1,0,Storm,7.91,3,9,None,0.05,0.825,0.175,0.3,0.8413,1,8.3
SHP101351,Los Angeles,New York,UPS,Sea,2023-05-15,2023-06-14,30,14,Customs Hold,58.3,5,0,Rain,1.5,3,4,Traffic Jam,3.84,0.893,0.345,0.16,0.7117,1,8.7
SHP101352,Los Angeles,Tokyo,Maersk,Air,2024-07-26,2024-07-28,2,1,At Port,1113.44,5,1,Clear,0.28,3,2,Traffic Jam,3.86,0.857,0.066,0.25,0.6739,1,36.3
SHP101353,Shanghai,Chicago,Maersk,Rail,2024-07-03,2024-07-13,10,5,In Transit,419.1,4,0,Storm,8.35,4,10,None,0.42,0.85,0.287,0.11,0.6935,1,17.1
SHP101354,Hamburg,New York,DHL,Road,2023-05-19,2023-05-22,3,3,At Port,1274.81,4,0,Heavy Rain,5.44,9,3,Port Strike,9.02,0.86,0.153,0.27,1.0,1,41.0
SHP101355,Shanghai,New York,XPO Logistics,Sea,2023-02-03,2023-02-22,19,2,Delayed,409.8,5,0,Blizzard,8.59,3,2,Port Strike,8.93,0.809,0.336,0.35,1.0,1,66.1
SHP101356,Hamburg,Singapore,XPO Logistics,Sea,2023-08-15,2023-09-03,19,11,At Port,3000.36,3,0,Blizzard,9.27,4,5,Equipment Failure,6.29,0.801,0.104,0.12,0.9097,1,74.7
SHP101357,Rotterdam,Singapore,Maersk,Air,2024-07-14,2024-07-16,2,5,At Port,4707.15,1,0,Blizzard,9.25,2,5,Natural Disaster,9.51,0.854,0.067,0.38,1.0,1,28.8
SHP101358,Dubai,Sydney,FedEx,Air,2023-09-20,2023-09-22,2,6,At Port,174.14,5,0,Storm,8.07,3,6,None,0.0,0.906,0.244,0.11,0.8967,1,61.3
SHP101359,Mumbai,Tokyo,UPS,Rail,2023-08-14,2023-08-25,11,4,Delayed,896.12,4,0,Fog,3.81,2,8,Equipment Failure,5.86,0.898,0.373,0.2,0.8217,1,54.8
SHP101360,Dubai,Chicago,UPS,Rail,2024-09-11,2024-09-18,7,1,Delayed,4450.74,4,0,Blizzard,8.79,3,5,Natural Disaster,10.13,0.88,0.067,0.28,1.0,1,58.4
SHP101361,Shanghai,London,XPO Logistics,Rail,2024-02-02,2024-02-15,13,4,Customs Hold,2972.68,5,1,Fog,3.94,3,7,Natural Disaster,10.02,0.833,0.123,0.21,0.8625,1,42.7
SHP101362,Shanghai,New York,Maersk,Road,2024-05-17,2024-05-22,5,5,Delayed,1701.34,2,0,Rain,1.63,6,3,Natural Disaster,9.65,0.86,0.076,0.35,0.9823,1,79.1
SHP101363,Mumbai,New York,FedEx,Road,2023-11-13,2023-11-23,10,3,At Port,996.49,3,0,Blizzard,8.84,7,4,Equipment Failure,5.86,0.895,0.298,0.1,0.9992,1,22.9
SHP101364,Shanghai,Chicago,UPS,Road,2024-09-19,2024-09-24,5,2,Delayed,3627.82,2,0,Clear,0.0,6,5,Traffic Jam,4.42,0.932,0.24,0.41,0.8829,1,77.5
SHP101365,Dubai,New York,UPS,Air,2024-06-08,2024-06-11,3,7,At Port,736.79,5,0,Blizzard,9.19,3,7,Natural Disaster,9.65,0.889,0.373,0.12,1.0,1,25.5
SHP101366,Rotterdam,Chicago,XPO Logistics,Air,2023-02-13,2023-02-18,5,6,At Port,4862.03,4,0,Clear,0.27,4,8,None,0.18,0.818,0.157,0.2,0.7215,1,60.6
SHP101367,Mumbai,London,XPO Logistics,Road,2023-05-28,2023-06-02,5,4,At Port,3786.26,5,0,Fog,4.14,7,9,Equipment Failure,5.57,0.826,0.197,0.21,0.9991,1,35.8
SHP101368,Hamburg,Tokyo,UPS,Road,2023-07-11,2023-07-14,3,7,Customs Hold,3533.99,3,1,Fog,4.42,6,5,Equipment Failure,6.04,0.893,0.389,0.29,1.0,1,13.1
SHP101369,Dubai,London,FedEx,Rail,2024-12-01,2024-12-11,10,3,Out for Delivery,1284.99,1,0,Rain,1.64,3,5,None,0.15,0.897,0.203,0.13,0.5327,1,13.7
SHP101370,Dubai,New York,FedEx,Rail,2023-12-31,2024-01-12,12,14,In Transit,4093.53,2,0,Heavy Rain,4.71,5,4,Traffic Jam,3.62,0.902,0.343,0.13,0.9489,1,72.8
SHP101371,Mumbai,London,DB Schenker,Rail,2023-04-05,2023-04-16,11,7,At Port,2533.19,5,1,Storm,8.0,4,9,None,0.22,0.863,0.258,0.38,1.0,1,52.1
SHP101372,Shanghai,Singapore,DHL,Air,2023-06-07,2023-06-12,5,6,Out for Delivery,801.31,1,0,Fog,3.63,3,4,Equipment Failure,5.55,0.904,0.37,0.3,0.9994,1,26.6
SHP101373,Rotterdam,Tokyo,UPS,Air,2024-04-06,2024-04-09,3,3,Delayed,2013.75,2,1,Clear,0.0,4,1,Traffic Jam,4.0,0.917,0.022,0.35,0.6361,1,53.0
SHP101374,Los Angeles,Sydney,FedEx,Air,2023-06-15,2023-06-18,3,2,Delayed,668.75,4,0,Storm,7.71,4,5,Port Strike,9.04,0.947,0.203,0.4,1.0,1,69.7
SHP101375,Hamburg,Chicago,DHL,Sea,2024-10-21,2024-11-13,23,12,In Transit,4992.41,2,0,Heavy Rain,5.39,5,5,Traffic Jam,3.59,0.879,0.097,0.45,0.9169,1,53.2
SHP101376,Rotterdam,New York,FedEx,Road,2023-06-07,2023-06-11,4,6,Delayed,1262.48,4,0,Heavy Rain,5.18,9,4,None,0.0,0.92,0.232,0.36,0.9378,1,12.6
SHP101377,Mumbai,Singapore,UPS,Road,2024-10-02,2024-10-07,5,9,Out for Delivery,2881.21,3,0,Snow,5.7,6,7,Equipment Failure,6.35,0.911,0.094,0.17,0.9717,1,48.6
SHP101378,Mumbai,Sydney,DB Schenker,Rail,2024-08-04,2024-08-12,8,3,Delayed,4799.69,1,0,Storm,7.99,2,9,Traffic Jam,3.72,0.879,0.329,0.3,0.9343,1,20.7
SHP101379,Mumbai,London,DHL,Sea,2024-11-26,2024-12-26,30,1,At Port,3747.04,2,1,Fog,3.72,3,5,None,0.03,0.898,0.02,0.22,0.4708,0,0.0
SHP101380,Los Angeles,Sydney,DB Schenker,Sea,2024-09-10,2024-09-30,20,12,In Transit,4778.62,5,0,Heavy Rain,5.28,5,10,Equipment Failure,6.2,0.908,0.027,0.39,0.9577,1,90.3
SHP101381,Mumbai,London,DB Schenker,Air,2024-08-09,2024-08-14,5,7,Delayed,1528.11,4,0,Storm,8.18,1,3,Equipment Failure,5.68,0.872,0.094,0.12,0.8395,1,9.4
SHP101382,Rotterdam,Sydney,DB Schenker,Rail,2024-09-27,2024-10-09,12,14,Customs Hold,4167.77,1,1,Heavy Rain,5.38,5,10,Traffic Jam,3.62,0.861,0.148,0.1,0.7723,1,51.6
SHP101383,Hamburg,Singapore,DHL,Rail,2024-03-10,2024-03-18,8,0,In Transit,1467.07,5,0,Blizzard,9.17,5,8,Equipment Failure,5.85,0.912,0.164,0.17,0.8117,1,74.2
SHP101384,Hamburg,Sydney,UPS,Road,2024-01-27,2024-02-06,10,15,Delayed,2222.53,5,1,Clear,0.27,8,6,Port Strike,9.31,0.887,0.323,0.31,1.0,1,40.7
SHP101385,Los Angeles,Chicago,XPO Logistics,Road,2023-12-24,2023-12-31,7,4,Delayed,3002.78,2,0,Snow,6.22,7,8,None,0.27,0.849,0.112,0.19,0.7169,1,40.4
SHP101386,Los Angeles,Singapore,XPO Logistics,Rail,2023-09-22,2023-10-06,14,11,Out for Delivery,1859.68,5,1,Rain,1.53,5,4,Equipment Failure,5.87,0.823,0.222,0.28,1.0,1,58.2
SHP101387,Hamburg,Singapore,DB Schenker,Air,2024-01-24,2024-01-28,4,0,Customs Hold,4054.08,2,0,Storm,7.56,3,4,Equipment Failure,5.5,0.848,0.354,0.13,0.9088,1,74.0
SHP101388,Los Angeles,New York,FedEx,Sea,2023-08-24,2023-09-24,31,18,Delayed,3727.96,4,0,Heavy Rain,5.15,5,7,Equipment Failure,6.5,0.94,0.382,0.34,1.0,1,25.7
SHP101389,Hamburg,Sydney,DHL,Rail,2024-08-31,2024-09-08,8,0,Out for Delivery,575.37,3,0,Clear,0.13,5,10,Traffic Jam,4.3,0.893,0.062,0.12,0.4795,0,0.0
SHP101390,Rotterdam,Tokyo,DB Schenker,Rail,2023-07-27,2023-08-09,13,2,Delayed,115.12,3,0,Fog,3.82,4,4,Natural Disaster,10.45,0.869,0.221,0.19,0.953,1,63.1
SHP101391,Dubai,Singapore,DHL,Rail,2023-01-30,2023-02-11,12,13,In Transit,4313.55,1,0,Rain,1.59,2,7,Natural Disaster,10.1,0.89,0.111,0.15,0.7754,1,13.5
SHP101392,Mumbai,Sydney,UPS,Road,2024-06-17,2024-06-23,6,7,At Port,595.97,3,0,Snow,5.51,6,7,Equipment Failure,5.57,0.89,0.037,0.3,0.9495,1,75.7
SHP101393,Los Angeles,New York,Maersk,Air,2024-07-04,2024-07-08,4,3,Delayed,4339.95,1,0,Fog,4.02,3,5,Port Strike,8.93,0.855,0.349,0.26,1.0,1,61.8
SHP101394,Mumbai,London,DB Schenker,Air,2023-05-01,2023-05-06,5,4,At Port,4443.84,3,0,Clear,0.0,3,5,Port Strike,9.0,0.871,0.121,0.36,1.0,1,95.7
SHP101395,Rotterdam,London,FedEx,Sea,2024-04-17,2024-05-18,31,9,Customs Hold,4737.93,5,1,Snow,5.55,5,3,None,0.33,0.895,0.267,0.16,0.7172,1,28.9
SHP101396,Hamburg,New York,DB Schenker,Sea,2023-12-28,2024-01-15,18,14,Customs Hold,4621.99,2,0,Heavy Rain,5.3,5,8,Natural Disaster,10.34,0.848,0.326,0.38,1.0,1,16.6
SHP101397,Dubai,Chicago,UPS,Sea,2023-01-05,2023-02-01,27,5,In Transit,4372.49,5,0,Fog,4.2,6,5,Traffic Jam,3.63,0.897,0.365,0.43,0.9895,1,56.4
SHP101398,Shanghai,Tokyo,UPS,Road,2024-01-03,2024-01-13,10,4,Delayed,784.49,5,0,Rain,2.14,8,2,Equipment Failure,6.33,0.906,0.162,0.18,0.8477,1,70.7
SHP101399,Hamburg,Chicago,DHL,Rail,2024-08-23,2024-09-01,9,13,Out for Delivery,620.11,5,1,Blizzard,9.19,2,1,Port Strike,8.84,0.871,0.036,0.22,1.0,1,71.5
SHP101400,Rotterdam,Tokyo,UPS,Road,2023-04-16,2023-04-23,7,8,At Port,2036.41,3,0,Storm,8.38,8,5,Natural Disaster,10.01,0.904,0.072,0.36,1.0,1,9.7
SHP101401,Los Angeles,New York,Maersk,Rail,2023-12-27,2024-01-11,15,16,At Port,3838.31,4,1,Heavy Rain,5.26,3,5,Traffic Jam,3.95,0.856,0.315,0.33,1.0,1,62.5
SHP101402,Mumbai,Tokyo,UPS,Sea,2023-05-10,2023-06-13,34,18,Out for Delivery,4463.59,3,0,Heavy Rain,4.75,6,5,None,0.0,0.907,0.044,0.32,0.6128,1,33.9
SHP101403,Los Angeles,Chicago,XPO Logistics,Rail,2024-03-22,2024-04-03,12,13,Delayed,2154.91,4,0,Heavy Rain,4.65,4,3,None,0.0,0.817,0.031,0.31,0.7518,1,46.7
SHP101404,Shanghai,Sydney,UPS,Air,2024-05-17,2024-05-20,3,3,Customs Hold,1695.25,1,0,Blizzard,9.32,1,1,Port Strike,8.7,0.926,0.059,0.34,0.9031,1,32.8
SHP101405,Hamburg,Tokyo,UPS,Road,2024-03-21,2024-03-30,9,10,At Port,2802.67,1,0,Heavy Rain,5.47,9,9,Traffic Jam,4.36,0.914,0.178,0.34,1.0,1,74.3
SHP101406,Los Angeles,Singapore,DB Schenker,Air,2023-02-22,2023-02-26,4,1,In Transit,1157.95,5,1,Fog,3.97,3,8,Natural Disaster,9.59,0.858,0.293,0.37,1.0,1,56.0
SHP101407,Shanghai,Chicago,XPO Logistics,Sea,2023-02-06,2023-02-24,18,11,In Transit,2029.78,2,0,Snow,5.7,3,1,Natural Disaster,9.87,0.807,0.098,0.13,0.9833,1,8.8
SHP101408,Dubai,London,XPO Logistics,Sea,2023-09-06,2023-09-25,19,21,Customs Hold,2661.71,5,0,Fog,4.06,6,2,Natural Disaster,10.44,0.823,0.398,0.28,1.0,1,53.5
SHP101409,Los Angeles,Sydney,DB Schenker,Air,2024-03-18,2024-03-23,5,0,Delayed,1390.83,4,1,Blizzard,9.2,2,5,Natural Disaster,10.24,0.854,0.174,0.2,0.9872,1,33.2
SHP101410,Shanghai,Tokyo,Maersk,Sea,2024-09-05,2024-10-06,31,20,Customs Hold,1941.16,3,1,Blizzard,9.05,6,3,Natural Disaster,9.8,0.82,0.252,0.39,1.0,1,65.7
SHP101411,Los Angeles,Tokyo,Maersk,Sea,2023-09-13,2023-10-11,28,25,At Port,4234.53,1,1,Fog,4.12,3,10,Traffic Jam,4.13,0.846,0.321,0.25,0.966,1,29.1
SHP101412,Rotterdam,Sydney,Maersk,Rail,2024-11-08,2024-11-18,10,4,At Port,266.64,3,1,Clear,0.0,2,9,None,0.0,0.847,0.205,0.18,0.5816,1,38.8
SHP101413,Shanghai,London,DB Schenker,Rail,2023-12-01,2023-12-08,7,4,Delayed,2512.33,4,0,Heavy Rain,4.89,4,6,Equipment Failure,5.95,0.874,0.172,0.34,0.9177,1,10.0
SHP101414,Los Angeles,Tokyo,FedEx,Sea,2024-10-29,2024-11-24,26,13,Delayed,4414.11,2,0,Snow,5.67,3,6,Natural Disaster,9.61,0.964,0.386,0.25,0.9779,1,21.5
SHP101415,Shanghai,Tokyo,DHL,Air,2023-09-14,2023-09-19,5,0,At Port,3136.93,3,0,Storm,8.07,3,7,Natural Disaster,10.16,0.89,0.326,0.33,1.0,1,26.1
SHP101416,Rotterdam,Tokyo,FedEx,Air,2023-07-10,2023-07-15,5,2,Out for Delivery,2011.36,1,0,Rain,2.19,1,2,Port Strike,8.63,0.938,0.098,0.37,0.7382,1,53.4
SHP101417,Mumbai,New York,FedEx,Road,2023-03-25,2023-04-04,10,13,Customs Hold,478.86,4,0,Rain,1.83,7,10,Equipment Failure,6.2,0.903,0.154,0.27,0.9554,1,74.7
SHP101418,Hamburg,Tokyo,DB Schenker,Sea,2024-10-04,2024-11-06,33,14,In Transit,2279.14,5,0,Heavy Rain,5.1,4,9,None,0.48,0.878,0.061,0.41,0.7784,1,61.0
SHP101419,Hamburg,Sydney,FedEx,Road,2023-02-14,2023-02-18,4,7,Delayed,2008.83,2,1,Rain,1.68,9,4,Port Strike,8.9,0.913,0.036,0.24,1.0,1,93.1
SHP101420,Los Angeles,Chicago,FedEx,Rail,2023-11-30,2023-12-13,13,14,Customs Hold,564.12,3,0,Heavy Rain,5.17,5,8,Natural Disaster,9.97,0.959,0.042,0.32,0.9154,1,78.8
SHP101421,Los Angeles,Singapore,XPO Logistics,Rail,2024-03-12,2024-03-20,8,12,At Port,4859.21,2,0,Storm,8.2,2,4,None,0.0,0.841,0.281,0.4,1.0,1,77.9
SHP101422,Hamburg,Chicago,DHL,Sea,2023-10-07,2023-11-04,28,21,In Transit,739.95,1,0,Snow,5.94,5,4,Traffic Jam,4.36,0.883,0.288,0.17,0.8971,1,37.3
SHP101423,Los Angeles,Sydney,XPO Logistics,Road,2024-08-10,2024-08-13,3,1,Out for Delivery,1107.18,5,0,Snow,5.56,8,1,None,0.0,0.848,0.14,0.29,0.7851,1,32.4
SHP101424,Los Angeles,Singapore,DHL,Sea,2023-01-07,2023-02-09,33,12,Delayed,165.51,4,0,Rain,1.5,5,8,Port Strike,9.27,0.851,0.12,0.14,0.8136,1,11.9
SHP101425,Mumbai,New York,XPO Logistics,Road,2023-07-08,2023-07-14,6,10,Delayed,184.53,3,0,Clear,0.0,8,8,None,0.0,0.844,0.164,0.23,0.7364,1,37.1
SHP101426,Dubai,London,XPO Logistics,Sea,2023-02-28,2023-03-29,29,12,In Transit,3010.99,5,0,Blizzard,8.99,4,1,None,0.0,0.83,0.265,0.45,1.0,1,71.0
SHP101427,Shanghai,Sydney,UPS,Road,2023-12-09,2023-12-19,10,15,Out for Delivery,4403.74,5,0,Blizzard,9.37,6,8,Port Strike,8.89,0.947,0.35,0.3,1.0,1,44.3
SHP101428,Dubai,Singapore,DHL,Rail,2024-02-25,2024-03-04,8,1,In Transit,4192.27,4,0,Fog,4.37,2,4,Port Strike,9.11,0.868,0.377,0.15,0.9035,1,53.4
SHP101429,Rotterdam,New York,DB Schenker,Air,2023-07-21,2023-07-24,3,8,Delayed,1388.01,1,1,Clear,0.3,4,1,None,0.0,0.915,0.208,0.26,0.8029,1,14.5
SHP101430,Mumbai,Chicago,DHL,Air,2024-03-13,2024-03-18,5,7,In Transit,746.91,2,0,Fog,4.46,3,10,Traffic Jam,4.3,0.863,0.281,0.24,0.9746,1,81.7
SHP101431,Shanghai,London,UPS,Rail,2024-11-09,2024-11-21,12,1,Customs Hold,1815.85,2,0,Blizzard,8.92,4,8,Equipment Failure,6.22,0.928,0.178,0.41,1.0,1,55.6
SHP101432,Dubai,New York,Maersk,Rail,2023-10-16,2023-10-28,12,10,Out for Delivery,1753.66,2,0,Fog,4.04,4,2,Natural Disaster,10.08,0.84,0.198,0.24,1.0,1,81.8
SHP101433,Rotterdam,London,FedEx,Rail,2023-05-07,2023-05-15,8,9,Out for Delivery,3823.4,2,1,Storm,8.09,3,2,Equipment Failure,5.74,0.938,0.034,0.17,0.7884,1,44.2
SHP101434,Shanghai,Tokyo,XPO Logistics,Rail,2024-05-03,2024-05-15,12,10,At Port,569.13,1,0,Rain,1.55,4,9,Equipment Failure,6.46,0.843,0.116,0.37,0.992,1,42.0
SHP101435,Dubai,Chicago,DHL,Road,2023-08-25,2023-08-30,5,1,Out for Delivery,4182.57,3,0,Clear,0.0,6,8,Natural Disaster,10.07,0.869,0.125,0.38,0.9744,1,33.6
SHP101436,Mumbai,Singapore,XPO Logistics,Rail,2023-03-22,2023-03-30,8,2,Delayed,2475.02,3,0,Blizzard,9.14,3,2,Equipment Failure,6.0,0.823,0.284,0.22,1.0,1,83.1
SHP101437,Hamburg,Sydney,DHL,Air,2023-02-05,2023-02-08,3,5,At Port,4033.03,1,0,Heavy Rain,5.11,2,8,Equipment Failure,5.6,0.903,0.224,0.17,0.8767,1,30.9
SHP101438,Mumbai,Chicago,UPS,Sea,2023-09-30,2023-10-19,19,9,At Port,574.1,2,0,Snow,6.25,6,10,Traffic Jam,3.69,0.924,0.126,0.19,0.7824,1,12.2
SHP101439,Rotterdam,New York,DB Schenker,Rail,2023-08-08,2023-08-22,14,10,At Port,2290.55,3,1,Fog,4.0,2,4,None,0.0,0.874,0.21,0.14,0.6338,1,6.8
SHP101440,Shanghai,Sydney,UPS,Sea,2023-12-09,2024-01-05,27,0,Delayed,3318.22,2,0,Rain,2.33,5,3,Traffic Jam,4.29,0.953,0.257,0.35,0.7154,1,4.5
SHP101441,Shanghai,Sydney,DHL,Road,2024-01-28,2024-02-04,7,10,Customs Hold,2890.66,4,0,Heavy Rain,4.92,7,1,Natural Disaster,10.03,0.918,0.394,0.42,1.0,1,15.8
SHP101442,Hamburg,Tokyo,DHL,Air,2023-07-01,2023-07-03,2,1,Out for Delivery,3659.79,5,0,Snow,5.88,1,2,None,0.0,0.87,0.116,0.42,0.7817,1,23.7
SHP101443,Hamburg,London,XPO Logistics,Sea,2023-01-13,2023-02-16,34,21,Delayed,852.59,5,0,Storm,8.38,3,8,Traffic Jam,4.11,0.856,0.273,0.1,0.8282,1,57.4
SHP101444,Hamburg,Singapore,UPS,Sea,2023-04-29,2023-05-26,27,32,Customs Hold,2905.61,5,0,Clear,0.0,3,7,Equipment Failure,6.01,0.917,0.157,0.18,0.6972,1,22.0
SHP101445,Hamburg,Sydney,UPS,Sea,2023-02-01,2023-03-05,32,9,In Transit,2016.53,4,0,Clear,0.15,5,9,Port Strike,9.48,0.951,0.215,0.25,0.8126,1,44.6
SHP101446,Dubai,Chicago,DHL,Rail,2023-05-08,2023-05-20,12,3,Customs Hold,2798.95,1,0,Blizzard,8.77,2,3,Equipment Failure,6.47,0.905,0.093,0.45,0.9772,1,84.4
SHP101447,Shanghai,London,FedEx,Road,2024-01-03,2024-01-08,5,4,Customs Hold,871.19,4,1,Rain,2.22,6,5,None,0.0,0.926,0.296,0.35,0.8296,1,40.6
SHP101448,Shanghai,Singapore,DHL,Sea,2023-09-10,2023-10-03,23,13,In Transit,3756.6,5,1,Rain,1.95,6,4,Traffic Jam,4.27,0.885,0.255,0.11,0.7279,1,46.3
SHP101449,Mumbai,Singapore,Maersk,Rail,2024-05-26,2024-06-02,7,7,Out for Delivery,93.84,1,1,Clear,0.0,2,6,Equipment Failure,6.33,0.843,0.286,0.11,0.7449,1,69.3
SHP101450,Hamburg,Tokyo,Maersk,Sea,2024-03-18,2024-04-14,27,13,Out for Delivery,4024.79,1,0,Heavy Rain,5.34,4,9,Port Strike,8.82,0.831,0.09,0.3,0.9798,1,76.0
SHP101451,Rotterdam,Chicago,DHL,Rail,2024-04-15,2024-04-29,14,1,Customs Hold,2894.28,3,0,Snow,5.73,5,10,Port Strike,8.73,0.886,0.218,0.2,0.9798,1,78.2
SHP101452,Dubai,Sydney,XPO Logistics,Sea,2023-11-23,2023-12-20,27,22,In Transit,2831.93,3,1,Snow,6.35,3,9,Port Strike,8.87,0.852,0.295,0.27,1.0,1,23.8
SHP101453,Los Angeles,Sydney,Maersk,Rail,2023-09-01,2023-09-09,8,9,Delayed,1683.57,3,0,Rain,1.78,4,10,None,0.0,0.853,0.362,0.2,0.7603,1,60.5
SHP101454,Hamburg,Singapore,FedEx,Road,2023-10-29,2023-11-04,6,1,At Port,1147.28,4,0,Clear,0.42,6,4,Traffic Jam,4.0,0.947,0.15,0.31,0.6309,1,45.5
SHP101455,Shanghai,Tokyo,XPO Logistics,Air,2023-09-01,2023-09-06,5,4,Out for Delivery,1082.79,2,0,Clear,0.0,4,4,Natural Disaster,10.46,0.857,0.397,0.4,1.0,1,18.6
SHP101456,Shanghai,Sydney,FedEx,Sea,2024-11-21,2024-12-19,28,4,Out for Delivery,438.85,1,0,Blizzard,8.82,6,4,Traffic Jam,4.36,0.938,0.359,0.19,0.894,1,24.6
SHP101457,Shanghai,New York,DB Schenker,Rail,2024-03-18,2024-03-25,7,3,Customs Hold,3387.71,1,0,Rain,2.01,2,6,None,0.0,0.88,0.228,0.35,0.6485,1,11.4
SHP101458,Rotterdam,London,UPS,Air,2023-03-31,2023-04-05,5,4,Out for Delivery,1408.1,1,1,Clear,0.13,4,3,Equipment Failure,6.14,0.917,0.26,0.29,0.8203,1,68.6
SHP101459,Shanghai,London,XPO Logistics,Sea,2024-10-21,2024-11-23,33,13,In Transit,328.65,1,0,Heavy Rain,4.54,5,7,Port Strike,8.54,0.826,0.028,0.12,0.8334,1,13.3
SHP101460,Shanghai,London,UPS,Road,2024-08-07,2024-08-10,3,2,Out for Delivery,2445.86,1,0,Snow,5.73,8,3,Natural Disaster,10.36,0.906,0.283,0.25,1.0,1,70.0
SHP101461,Rotterdam,Chicago,DB Schenker,Rail,2024-05-17,2024-05-29,12,2,At Port,3073.81,2,0,Blizzard,9.16,3,10,Natural Disaster,10.11,0.875,0.052,0.2,0.9748,1,9.5
SHP101462,Rotterdam,Sydney,DHL,Air,2024-08-24,2024-08-28,4,6,Out for Delivery,2493.41,1,1,Heavy Rain,4.58,4,9,None,0.0,0.923,0.063,0.39,0.7555,1,57.5
SHP101463,Dubai,Singapore,FedEx,Sea,2023-11-23,2023-12-17,24,20,In Transit,2917.85,2,1,Heavy Rain,5.22,3,4,Natural Disaster,9.78,0.907,0.136,0.15,0.9133,1,12.2
SHP101464,Rotterdam,Tokyo,UPS,Air,2023-11-18,2023-11-23,5,0,Delayed,1795.53,3,0,Rain,1.57,3,1,Equipment Failure,6.06,0.906,0.126,0.17,0.4906,0,0.0
SHP101465,Dubai,Tokyo,DHL,Road,2024-04-05,2024-04-15,10,5,Out for Delivery,4627.87,1,0,Heavy Rain,4.64,6,3,None,0.0,0.864,0.035,0.37,0.699,1,52.6
SHP101466,Rotterdam,Tokyo,Maersk,Air,2023-10-30,2023-11-04,5,10,In Transit,2137.9,5,1,Blizzard,9.39,3,5,Port Strike,9.39,0.819,0.382,0.13,1.0,1,13.4
SHP101467,Mumbai,Tokyo,UPS,Sea,2023-11-04,2023-11-23,19,13,Delayed,1631.84,2,0,Rain,1.52,3,4,Traffic Jam,3.97,0.9,0.025,0.28,0.6403,1,43.8
SHP101468,Dubai,Tokyo,DHL,Air,2023-11-12,2023-11-17,5,9,Delayed,2211.83,4,0,Rain,2.25,1,2,Port Strike,9.46,0.901,0.215,0.19,0.865,1,25.5
SHP101469,Rotterdam,London,UPS,Rail,2023-05-05,2023-05-13,8,8,In Transit,484.94,3,0,Heavy Rain,4.75,3,7,Equipment Failure,5.76,0.861,0.156,0.13,0.8539,1,17.9
SHP101470,Los Angeles,Chicago,FedEx,Rail,2023-10-05,2023-10-15,10,4,In Transit,1900.02,2,0,Clear,0.18,4,6,Port Strike,9.31,0.908,0.388,0.11,0.8475,1,12.1
SHP101471,Dubai,Singapore,DHL,Sea,2023-09-22,2023-10-12,20,20,In Transit,4355.78,3,0,Clear,0.0,4,1,Traffic Jam,4.15,0.903,0.097,0.15,0.6205,1,7.9
SHP101472,Dubai,Tokyo,UPS,Sea,2024-10-31,2024-11-29,29,16,Delayed,3577.26,5,0,Blizzard,8.92,3,10,Natural Disaster,9.61,0.902,0.28,0.39,1.0,1,30.3
SHP101473,Hamburg,Sydney,XPO Logistics,Air,2023-11-19,2023-11-22,3,2,At Port,4837.45,3,0,Heavy Rain,5.14,3,10,Traffic Jam,3.61,0.822,0.344,0.12,0.8844,1,68.9
SHP101474,Hamburg,London,UPS,Road,2024-06-07,2024-06-15,8,8,At Port,2929.75,1,1,Rain,2.43,9,9,Traffic Jam,4.37,0.892,0.292,0.1,0.8439,1,66.5
SHP101475,Los Angeles,Tokyo,UPS,Sea,2024-04-29,2024-06-01,33,18,Out for Delivery,44.04,4,0,Rain,1.89,4,1,Traffic Jam,3.93,0.913,0.327,0.25,0.761,1,31.3
SHP101476,Rotterdam,Sydney,DHL,Rail,2023-08-01,2023-08-16,15,11,Out for Delivery,2339.21,1,0,Blizzard,9.15,5,5,Traffic Jam,3.6,0.923,0.066,0.11,0.6771,1,19.5
SHP101477,Los Angeles,Singapore,DHL,Rail,2023-03-03,2023-03-17,14,0,In Transit,1006.86,3,1,Clear,0.45,4,8,Natural Disaster,10.39,0.88,0.06,0.33,0.8343,1,63.1
SHP101478,Hamburg,London,UPS,Air,2023-11-01,2023-11-04,3,2,Customs Hold,2070.99,5,0,Snow,5.66,2,5,Equipment Failure,6.29,0.885,0.21,0.1,0.7813,1,28.3
SHP101479,Los Angeles,Chicago,XPO Logistics,Road,2024-06-03,2024-06-13,10,3,At Port,4511.22,3,0,Heavy Rain,5.18,7,3,Natural Disaster,9.61,0.789,0.107,0.25,1.0,1,25.2
SHP101480,Hamburg,Sydney,XPO Logistics,Sea,2024-04-17,2024-05-13,26,2,Delayed,4785.03,1,0,Storm,7.84,5,9,None,0.0,0.822,0.164,0.13,0.8089,1,30.3
SHP101481,Hamburg,Singapore,DHL,Sea,2024-11-26,2024-12-25,29,8,In Transit,1085.51,3,0,Storm,7.92,6,6,Traffic Jam,3.68,0.847,0.257,0.38,1.0,1,79.8
SHP101482,Mumbai,London,XPO Logistics,Sea,2024-09-14,2024-10-07,23,3,Delayed,1927.14,5,1,Fog,3.5,6,5,Port Strike,8.57,0.841,0.094,0.36,1.0,1,93.4
SHP101483,Los Angeles,London,Maersk,Air,2023-09-12,2023-09-14,2,0,Out for Delivery,2381.81,1,0,Heavy Rain,4.57,4,6,Natural Disaster,10.17,0.826,0.236,0.18,0.9545,1,78.0
SHP101484,Mumbai,Sydney,DHL,Air,2023-07-17,2023-07-21,4,5,Customs Hold,747.31,5,0,Fog,3.66,4,1,Natural Disaster,10.5,0.943,0.25,0.3,1.0,1,6.0
SHP101485,Shanghai,Sydney,DHL,Sea,2023-03-29,2023-04-19,21,5,In Transit,4534.71,5,1,Fog,4.2,6,6,Natural Disaster,9.63,0.892,0.1,0.37,1.0,1,91.1
SHP101486,Shanghai,Sydney,UPS,Rail,2023-06-21,2023-07-04,13,0,At Port,4663.81,2,0,Clear,0.0,4,2,Port Strike,9.45,0.922,0.299,0.1,0.6762,1,31.1
SHP101487,Dubai,Chicago,Maersk,Rail,2023-11-29,2023-12-06,7,9,Out for Delivery,2061.8,4,0,Fog,3.8,2,4,Natural Disaster,10.33,0.832,0.186,0.2,1.0,1,66.9
SHP101488,Hamburg,Sydney,DHL,Rail,2023-05-08,2023-05-19,11,7,Out for Delivery,2435.23,1,1,Clear,0.16,2,3,Equipment Failure,6.19,0.881,0.365,0.34,0.8889,1,26.2
SHP101489,Hamburg,Tokyo,DB Schenker,Sea,2024-03-11,2024-04-12,32,28,At Port,1573.67,5,0,Heavy Rain,5.17,6,6,None,0.24,0.842,0.349,0.3,0.9617,1,59.5
SHP101490,Shanghai,New York,Maersk,Rail,2024-03-15,2024-03-25,10,14,Delayed,2156.08,1,0,Snow,5.72,5,4,Port Strike,9.47,0.809,0.126,0.35,1.0,1,38.1
SHP101491,Dubai,Chicago,DB Schenker,Sea,2024-07-13,2024-08-08,26,18,Out for Delivery,892.58,5,1,Rain,1.7,5,7,Natural Disaster,10.01,0.897,0.19,0.12,0.8394,1,73.0
SHP101492,Rotterdam,London,FedEx,Sea,2023-12-17,2024-01-07,21,12,Customs Hold,3298.83,4,0,Storm,8.49,4,6,Port Strike,8.5,0.967,0.23,0.4,1.0,1,76.9
SHP101493,Shanghai,Tokyo,DHL,Sea,2024-02-02,2024-02-20,18,23,Out for Delivery,154.62,2,0,Rain,1.83,6,1,Traffic Jam,3.71,0.915,0.268,0.38,0.8994,1,11.3
SHP101494,Hamburg,Singapore,Maersk,Road,2024-06-11,2024-06-18,7,11,Customs Hold,497.02,4,0,Rain,1.53,9,5,Equipment Failure,5.93,0.862,0.029,0.38,0.9588,1,73.7
SHP101495,Hamburg,Sydney,FedEx,Air,2023-03-23,2023-03-28,5,6,Out for Delivery,4532.77,1,1,Snow,6.23,4,3,Equipment Failure,6.41,0.912,0.194,0.18,0.8951,1,62.4
SHP101496,Los Angeles,New York,XPO Logistics,Road,2024-03-23,2024-03-28,5,8,Out for Delivery,3629.1,1,1,Heavy Rain,4.77,9,5,Equipment Failure,6.38,0.827,0.259,0.28,1.0,1,21.6
SHP101497,Hamburg,Singapore,UPS,Sea,2023-05-20,2023-06-14,25,10,In Transit,3592.01,3,0,Snow,5.96,3,1,Port Strike,9.47,0.906,0.271,0.17,0.9222,1,82.1
SHP101498,Los Angeles,Sydney,Maersk,Rail,2023-04-24,2023-05-01,7,4,In Transit,2201.14,3,1,Heavy Rain,5.34,2,5,Traffic Jam,3.9,0.84,0.331,0.41,1.0,1,50.2
SHP101499,Dubai,Sydney,Maersk,Road,2024-01-30,2024-02-09,10,1,Delayed,4632.9,3,0,Snow,6.0,8,6,Natural Disaster,9.64,0.84,0.186,0.4,1.0,1,50.2
SHP101500,Shanghai,Tokyo,DB Schenker,Rail,2024-07-25,2024-08-06,12,9,At Port,851.25,5,1,Rain,1.5,2,7,Equipment Failure,6.05,0.869,0.283,0.34,0.8988,1,68.8
SHP101501,Hamburg,Singapore,DB Schenker,Rail,2024-01-25,2024-02-07,13,13,Out for Delivery,4103.9,5,0,Clear,0.0,2,4,None,0.0,0.872,0.054,0.19,0.4886,0,0.0
SHP101502,Hamburg,New York,FedEx,Air,2023-09-27,2023-09-29,2,5,In Transit,964.69,3,1,Blizzard,8.87,3,2,Equipment Failure,6.07,0.907,0.06,0.22,1.0,1,90.3
SHP101503,Los Angeles,Sydney,XPO Logistics,Sea,2024-08-08,2024-09-11,34,15,Out for Delivery,1777.33,5,1,Clear,0.46,6,9,Natural Disaster,9.75,0.805,0.395,0.44,1.0,1,65.8
SHP101504,Shanghai,Sydney,XPO Logistics,Sea,2023-02-17,2023-03-10,21,8,Out for Delivery,1420.14,5,1,Snow,5.81,6,7,Natural Disaster,10.45,0.86,0.245,0.25,1.0,1,53.3
SHP101505,Los Angeles,New York,Maersk,Rail,2024-08-01,2024-08-10,9,10,Customs Hold,4280.38,3,0,Storm,7.99,2,10,Natural Disaster,9.56,0.887,0.319,0.31,1.0,1,81.3
SHP101506,Hamburg,Chicago,XPO Logistics,Rail,2023-05-08,2023-05-19,11,11,Customs Hold,2125.4,3,0,Clear,0.33,4,7,Port Strike,8.68,0.828,0.034,0.25,0.8191,1,51.5
SHP101507,Hamburg,Chicago,DHL,Road,2023-10-22,2023-10-31,9,5,In Transit,4191.0,5,0,Fog,4.45,6,10,Port Strike,9.14,0.891,0.139,0.18,0.9506,1,63.2
SHP101508,Hamburg,New York,DHL,Road,2023-12-21,2023-12-28,7,0,At Port,3956.19,5,0,Heavy Rain,4.71,7,10,Port Strike,9.02,0.892,0.345,0.43,1.0,1,18.6
SHP101509,Los Angeles,New York,UPS,Sea,2023-01-13,2023-02-15,33,11,In Transit,2181.11,4,0,Clear,0.19,4,4,Equipment Failure,5.99,0.912,0.259,0.36,0.8704,1,25.4
SHP101510,Mumbai,New York,Maersk,Sea,2023-08-19,2023-09-16,28,6,Delayed,1086.17,5,0,Heavy Rain,4.68,6,4,Natural Disaster,9.61,0.839,0.359,0.24,1.0,1,60.6
SHP101511,Hamburg,Sydney,XPO Logistics,Air,2023-03-02,2023-03-04,2,3,Customs Hold,1076.48,2,0,Clear,0.0,3,8,Traffic Jam,4.39,0.811,0.329,0.28,0.963,1,77.8
SHP101512,Rotterdam,Chicago,FedEx,Sea,2023-04-23,2023-05-25,32,36,Delayed,4702.09,4,0,Clear,0.0,3,2,Equipment Failure,6.3,0.914,0.052,0.2,0.6074,1,57.4
SHP101513,Shanghai,Singapore,Maersk,Road,2023-01-04,2023-01-10,6,4,At Port,464.98,5,0,Clear,0.0,7,7,None,0.25,0.864,0.234,0.39,0.8013,1,16.1
SHP101514,Dubai,New York,XPO Logistics,Air,2023-06-19,2023-06-24,5,2,Delayed,4580.05,5,0,Snow,6.13,4,1,Port Strike,8.82,0.824,0.203,0.42,1.0,1,54.6
SHP101515,Los Angeles,London,FedEx,Air,2023-03-03,2023-03-08,5,8,In Transit,2397.43,1,0,Fog,4.46,4,7,None,0.0,0.917,0.16,0.41,0.8334,1,77.3
SHP101516,Dubai,New York,DHL,Road,2024-10-15,2024-10-20,5,6,Out for Delivery,1483.78,3,1,Blizzard,9.26,9,2,Natural Disaster,10.03,0.869,0.377,0.4,1.0,1,72.1
SHP101517,Los Angeles,New York,Maersk,Road,2023-03-11,2023-03-21,10,12,Delayed,2238.79,2,0,Rain,1.86,9,4,Traffic Jam,3.91,0.827,0.036,0.21,0.9103,1,18.0
SHP101518,Rotterdam,Sydney,XPO Logistics,Road,2023-04-01,2023-04-06,5,5,At Port,1982.8,4,0,Heavy Rain,4.85,8,4,Port Strike,8.7,0.843,0.264,0.39,1.0,1,30.6
SHP101519,Los Angeles,London,Maersk,Road,2024-09-25,2024-09-29,4,7,Customs Hold,4462.51,3,0,Clear,0.0,6,3,Port Strike,8.7,0.865,0.263,0.32,1.0,1,60.5
SHP101520,Hamburg,Chicago,XPO Logistics,Road,2024-08-04,2024-08-11,7,7,In Transit,3296.32,2,0,Clear,0.17,8,9,Traffic Jam,3.55,0.84,0.227,0.17,0.7713,1,56.8
SHP101521,Mumbai,Sydney,XPO Logistics,Air,2023-06-09,2023-06-13,4,6,In Transit,1052.2,3,1,Storm,8.06,4,10,Equipment Failure,6.32,0.818,0.278,0.3,1.0,1,51.5
SHP101522,Dubai,Singapore,UPS,Air,2024-08-16,2024-08-19,3,7,At Port,2439.46,2,0,Heavy Rain,5.07,2,8,Traffic Jam,4.41,0.915,0.074,0.15,0.7524,1,53.1
SHP101523,Mumbai,Chicago,XPO Logistics,Sea,2024-04-23,2024-05-17,24,20,Delayed,3644.47,5,1,Clear,0.0,6,5,Traffic Jam,3.85,0.83,0.376,0.14,0.9347,1,12.9
SHP101524,Shanghai,Sydney,DB Schenker,Rail,2024-01-31,2024-02-11,11,8,Customs Hold,4000.11,4,0,Fog,4.18,4,6,Equipment Failure,6.46,0.896,0.256,0.13,0.7776,1,51.4
SHP101525,Los Angeles,New York,DB Schenker,Sea,2024-07-11,2024-08-15,35,25,Customs Hold,4827.8,4,0,Blizzard,8.97,3,4,None,0.15,0.859,0.32,0.38,1.0,1,62.8
SHP101526,Rotterdam,Chicago,FedEx,Air,2023-03-20,2023-03-25,5,5,Customs Hold,3185.98,4,0,Rain,1.65,1,4,None,0.0,0.921,0.373,0.2,0.6438,1,43.2
SHP101527,Los Angeles,New York,DB Schenker,Sea,2023-02-16,2023-03-13,25,19,In Transit,3315.6,1,1,Rain,1.53,3,4,Natural Disaster,9.85,0.89,0.027,0.16,0.7029,1,35.0
SHP101528,Los Angeles,Sydney,DB Schenker,Air,2023-04-18,2023-04-20,2,3,In Transit,569.11,4,0,Snow,5.79,3,9,None,0.0,0.875,0.103,0.29,0.7762,1,26.5
SHP101529,Dubai,Sydney,UPS,Rail,2024-04-21,2024-04-28,7,2,At Port,4305.31,1,0,Clear,0.0,2,9,None,0.0,0.885,0.257,0.4,0.6861,1,21.6
SHP101530,Dubai,Chicago,XPO Logistics,Air,2023-06-21,2023-06-23,2,5,Customs Hold,3557.14,2,1,Blizzard,8.71,3,6,Port Strike,9.05,0.856,0.073,0.34,1.0,1,20.4
SHP101531,Hamburg,Singapore,FedEx,Sea,2023-04-12,2023-05-14,32,10,In Transit,2229.95,4,0,Rain,1.72,6,2,None,0.0,0.877,0.305,0.27,0.725,1,11.7
SHP101532,Mumbai,Sydney,XPO Logistics,Rail,2023-07-03,2023-07-13,10,12,Customs Hold,418.8,3,0,Fog,3.93,3,10,None,0.0,0.854,0.036,0.3,0.6676,1,16.5
SHP101533,Shanghai,Tokyo,XPO Logistics,Air,2023-03-21,2023-03-25,4,0,Out for Delivery,311.89,4,1,Blizzard,8.5,3,8,Port Strike,8.66,0.796,0.131,0.28,1.0,1,51.4
SHP101534,Mumbai,Sydney,DB Schenker,Rail,2024-07-26,2024-08-08,13,8,In Transit,2209.61,2,1,Snow,5.84,3,8,None,0.22,0.85,0.023,0.3,0.6439,1,41.0
SHP101535,Mumbai,London,XPO Logistics,Sea,2023-01-27,2023-03-03,35,0,At Port,155.65,5,0,Rain,1.66,4,7,Equipment Failure,5.93,0.824,0.094,0.19,0.7205,1,27.9
SHP101536,Hamburg,Tokyo,FedEx,Rail,2024-11-21,2024-11-29,8,11,Out for Delivery,2027.99,5,0,Clear,0.0,4,9,None,0.36,0.925,0.235,0.43,0.8093,1,50.8
SHP101537,Shanghai,London,UPS,Air,2023-01-26,2023-01-30,4,8,Delayed,2499.49,4,1,Snow,6.08,1,6,Equipment Failure,6.25,0.934,0.341,0.13,0.9295,1,44.5
SHP101538,Mumbai,New York,DB Schenker,Road,2024-02-13,2024-02-23,10,4,Customs Hold,4421.61,2,0,Heavy Rain,4.81,6,1,Equipment Failure,5.98,0.875,0.38,0.43,1.0,1,56.0
SHP101539,Los Angeles,Singapore,UPS,Sea,2023-06-16,2023-07-18,32,12,Out for Delivery,3543.91,3,1,Storm,8.42,4,4,Equipment Failure,6.02,0.909,0.231,0.29,0.9625,1,20.9
SHP101540,Mumbai,London,DB Schenker,Sea,2024-04-28,2024-05-21,23,28,Customs Hold,2668.81,3,0,Snow,6.0,6,7,Traffic Jam,4.11,0.876,0.221,0.17,0.8969,1,16.3
SHP101541,Mumbai,London,DB Schenker,Sea,2024-11-24,2024-12-16,22,17,Out for Delivery,4284.51,2,0,Snow,5.95,4,4,Natural Disaster,9.66,0.868,0.115,0.38,1.0,1,90.5
SHP101542,Dubai,London,FedEx,Air,2023-09-09,2023-09-13,4,2,Delayed,2783.25,5,0,Storm,7.7,3,3,Port Strike,9.37,0.937,0.1,0.16,0.8505,1,73.0
SHP101543,Hamburg,Tokyo,Maersk,Air,2024-01-08,2024-01-12,4,4,Out for Delivery,1662.58,5,0,Heavy Rain,4.58,1,5,Traffic Jam,3.77,0.882,0.239,0.26,0.7656,1,16.1
SHP101544,Shanghai,Singapore,DB Schenker,Road,2024-01-23,2024-01-27,4,1,Customs Hold,1441.72,4,1,Blizzard,9.48,9,5,Traffic Jam,3.99,0.875,0.252,0.2,1.0,1,21.6
SHP101545,Mumbai,Singapore,DHL,Road,2024-09-25,2024-09-29,4,3,Customs Hold,4283.23,2,1,Snow,5.82,6,9,Equipment Failure,6.48,0.894,0.267,0.19,0.9501,1,81.2
SHP101546,Hamburg,Singapore,DHL,Air,2023-06-25,2023-06-29,4,0,Out for Delivery,1543.04,2,0,Storm,7.75,3,7,Equipment Failure,5.74,0.889,0.202,0.42,0.9875,1,93.7
SHP101547,Dubai,New York,UPS,Rail,2024-08-27,2024-09-09,13,13,In Transit,4564.35,5,0,Storm,7.81,2,2,Natural Disaster,9.65,0.911,0.346,0.41,1.0,1,40.7
SHP101548,Shanghai,Sydney,FedEx,Road,2024-08-18,2024-08-22,4,5,Delayed,825.7,4,1,Clear,0.0,9,3,Traffic Jam,4.41,0.952,0.309,0.12,0.7684,1,59.2
SHP101549,Rotterdam,London,XPO Logistics,Sea,2024-07-21,2024-08-10,20,9,In Transit,4375.54,5,0,Rain,1.96,6,8,None,0.12,0.833,0.329,0.37,0.9196,1,8.2
SHP101550,Shanghai,Singapore,FedEx,Road,2023-05-20,2023-05-23,3,3,In Transit,3523.3,5,0,Heavy Rain,5.21,9,3,Traffic Jam,4.48,0.927,0.24,0.12,0.8429,1,61.2
SHP101551,Dubai,Chicago,UPS,Rail,2024-03-23,2024-04-02,10,0,Out for Delivery,1845.17,1,0,Snow,6.07,3,2,Natural Disaster,9.93,0.897,0.198,0.24,0.9639,1,58.3
SHP101552,Dubai,Singapore,DB Schenker,Air,2023-08-24,2023-08-26,2,0,Out for Delivery,2096.01,5,0,Clear,0.27,4,1,Traffic Jam,4.46,0.887,0.182,0.15,0.5415,1,18.2
SHP101553,Mumbai,Sydney,FedEx,Rail,2023-06-25,2023-07-10,15,9,Out for Delivery,4273.1,2,0,Blizzard,8.64,4,1,None,0.0,0.928,0.059,0.3,0.7353,1,43.0
SHP101554,Shanghai,Chicago,UPS,Sea,2023-09-04,2023-09-27,23,15,Out for Delivery,2294.01,3,0,Storm,8.45,5,6,Traffic Jam,3.95,0.915,0.36,0.11,0.8258,1,41.1
SHP101555,Los Angeles,Chicago,XPO Logistics,Road,2023-06-24,2023-07-01,7,7,Customs Hold,3757.69,5,0,Heavy Rain,4.55,9,8,None,0.27,0.84,0.344,0.38,1.0,1,61.9
SHP101556,Rotterdam,Singapore,Maersk,Road,2024-02-11,2024-02-14,3,0,Customs Hold,2851.96,3,0,Rain,1.84,6,2,Equipment Failure,5.56,0.863,0.12,0.25,0.7046,1,63.9
SHP101557,Los Angeles,London,Maersk,Road,2024-07-10,2024-07-16,6,6,Delayed,1355.96,1,0,Heavy Rain,5.12,9,3,Port Strike,8.63,0.845,0.185,0.12,1.0,1,18.7
SHP101558,Mumbai,London,DHL,Road,2024-06-23,2024-07-03,10,14,Delayed,205.81,5,0,Clear,0.0,8,4,None,0.39,0.898,0.092,0.45,0.8683,1,60.8
SHP101559,Rotterdam,New York,Maersk,Air,2023-07-27,2023-07-30,3,4,Delayed,436.27,2,1,Clear,0.0,4,10,Port Strike,8.68,0.875,0.026,0.12,0.7481,1,65.8
SHP101560,Rotterdam,New York,XPO Logistics,Sea,2023-09-04,2023-10-07,33,29,In Transit,1654.46,3,0,Clear,0.35,5,6,Equipment Failure,5.96,0.835,0.138,0.37,0.8972,1,22.2
SHP101561,Rotterdam,New York,DB Schenker,Road,2023-04-24,2023-04-29,5,9,Out for Delivery,3264.18,2,0,Rain,1.71,6,4,Traffic Jam,4.23,0.875,0.071,0.29,0.9192,1,22.5
SHP101562,Dubai,Singapore,FedEx,Road,2023-01-30,2023-02-04,5,4,At Port,1528.9,3,1,Heavy Rain,5.3,6,2,Traffic Jam,3.78,0.931,0.06,0.15,0.6795,1,30.8
SHP101563,Shanghai,Sydney,UPS,Sea,2024-04-09,2024-05-04,25,18,Out for Delivery,3702.76,2,0,Snow,5.83,6,3,Port Strike,8.84,0.906,0.273,0.42,1.0,1,51.7
SHP101564,Hamburg,Sydney,Maersk,Air,2023-07-05,2023-07-09,4,9,Customs Hold,1568.18,3,1,Heavy Rain,5.18,3,10,Equipment Failure,5.57,0.845,0.289,0.32,1.0,1,65.1
SHP101565,Los Angeles,Tokyo,Maersk,Road,2024-08-21,2024-08-28,7,5,Out for Delivery,2510.78,1,1,Rain,2.48,9,1,Port Strike,8.87,0.87,0.117,0.25,1.0,1,74.6
SHP101566,Rotterdam,Singapore,UPS,Air,2024-01-20,2024-01-25,5,7,In Transit,3330.32,3,1,Snow,5.84,1,1,Traffic Jam,4.41,0.928,0.285,0.36,1.0,1,49.5
SHP101567,Dubai,New York,XPO Logistics,Rail,2023-02-13,2023-02-21,8,3,Customs Hold,2407.42,3,0,Heavy Rain,4.99,3,5,Natural Disaster,10.25,0.828,0.166,0.38,1.0,1,49.9
SHP101568,Los Angeles,Singapore,DHL,Sea,2024-02-14,2024-03-19,34,22,Customs Hold,4179.34,3,1,Blizzard,9.38,3,6,Equipment Failure,6.24,0.881,0.062,0.22,0.852,1,11.3
SHP101569,Mumbai,Sydney,DB Schenker,Road,2024-03-06,2024-03-13,7,10,In Transit,2935.27,2,1,Fog,3.87,6,4,Port Strike,8.62,0.896,0.364,0.3,1.0,1,94.6
SHP101570,Hamburg,London,UPS,Road,2024-01-18,2024-01-22,4,1,In Transit,2430.68,5,0,Fog,3.93,9,7,Port Strike,9.39,0.937,0.232,0.1,0.8429,1,44.9
SHP101571,Rotterdam,Chicago,XPO Logistics,Rail,2024-03-11,2024-03-20,9,7,Customs Hold,1252.57,4,0,Clear,0.0,3,2,Equipment Failure,5.85,0.819,0.234,0.2,0.797,1,5.1
SHP101572,Shanghai,London,Maersk,Road,2023-04-24,2023-04-30,6,9,Delayed,3336.95,3,0,Fog,4.36,7,9,None,0.18,0.881,0.026,0.26,0.8107,1,64.1
SHP101573,Shanghai,Sydney,DHL,Sea,2023-07-13,2023-08-13,31,22,Customs Hold,3996.4,1,0,Clear,0.12,5,2,Natural Disaster,10.11,0.871,0.138,0.16,0.825,1,67.2
SHP101574,Dubai,New York,DHL,Sea,2023-08-12,2023-09-08,27,19,Delayed,580.12,1,0,Rain,1.71,5,7,None,0.22,0.929,0.319,0.14,0.5194,1,3.7
SHP101575,Hamburg,Chicago,FedEx,Rail,2024-11-13,2024-11-28,15,10,At Port,2333.43,1,0,Heavy Rain,5.16,2,9,Equipment Failure,5.59,0.929,0.373,0.35,1.0,1,78.9
SHP101576,Hamburg,Singapore,Maersk,Rail,2024-02-06,2024-02-21,15,2,Delayed,3055.75,4,0,Storm,8.45,4,4,Port Strike,8.78,0.843,0.024,0.3,0.9742,1,64.4
SHP101577,Rotterdam,Tokyo,FedEx,Sea,2023-12-20,2024-01-10,21,22,Delayed,3156.98,5,0,Heavy Rain,5.35,6,2,Port Strike,8.83,0.92,0.192,0.43,1.0,1,79.2
SHP101578,Dubai,London,FedEx,Road,2024-07-22,2024-07-26,4,6,Delayed,4781.02,5,0,Fog,4.35,8,3,Natural Disaster,10.1,0.912,0.21,0.38,1.0,1,51.7
SHP101579,Hamburg,New York,XPO Logistics,Air,2024-08-24,2024-08-29,5,4,Out for Delivery,4511.18,5,0,Clear,0.23,4,3,Traffic Jam,3.94,0.817,0.339,0.4,1.0,1,92.3
SHP101580,Dubai,Sydney,FedEx,Road,2024-11-13,2024-11-20,7,4,Out for Delivery,384.58,4,0,Snow,6.17,8,7,Equipment Failure,5.82,0.905,0.202,0.36,1.0,1,88.7
SHP101581,Rotterdam,Sydney,UPS,Road,2024-08-19,2024-08-27,8,11,In Transit,4618.45,1,0,Blizzard,9.45,8,7,None,0.26,0.898,0.308,0.44,1.0,1,13.8
SHP101582,Dubai,Sydney,FedEx,Rail,2023-12-02,2023-12-17,15,15,Delayed,2753.13,2,0,Clear,0.0,2,4,Equipment Failure,5.53,0.856,0.346,0.33,0.9108,1,82.8
SHP101583,Hamburg,New York,DB Schenker,Rail,2024-03-14,2024-03-21,7,3,Delayed,3203.18,4,0,Blizzard,9.27,3,1,Natural Disaster,9.88,0.861,0.18,0.45,1.0,1,37.3
SHP101584,Dubai,Tokyo,Maersk,Road,2024-05-15,2024-05-23,8,6,Customs Hold,4938.67,3,1,Fog,3.74,9,6,Natural Disaster,10.1,0.856,0.244,0.19,1.0,1,73.2
SHP101585,Hamburg,Singapore,XPO Logistics,Air,2024-03-15,2024-03-17,2,3,Out for Delivery,3886.89,4,0,Fog,4.09,2,5,Equipment Failure,6.38,0.841,0.069,0.25,0.9005,1,61.0
SHP101586,Rotterdam,Tokyo,DB Schenker,Air,2023-10-28,2023-11-02,5,0,Out for Delivery,4690.95,5,0,Clear,0.08,1,9,None,0.43,0.877,0.191,0.44,0.6521,1,26.9
SHP101587,Dubai,London,XPO Logistics,Road,2024-02-16,2024-02-23,7,3,Delayed,1751.09,1,0,Heavy Rain,5.45,9,4,Port Strike,9.02,0.849,0.075,0.27,1.0,1,89.9
SHP101588,Rotterdam,Singapore,UPS,Sea,2023-04-17,2023-05-06,19,19,Out for Delivery,2242.68,5,0,Snow,6.08,4,6,None,0.0,0.9,0.334,0.33,0.9795,1,70.1
SHP101589,Hamburg,London,DHL,Rail,2024-03-16,2024-03-31,15,18,Delayed,3059.66,5,1,Storm,8.34,3,4,Natural Disaster,10.33,0.929,0.026,0.1,0.8262,1,45.9
SHP101590,Rotterdam,Sydney,UPS,Road,2023-04-13,2023-04-19,6,11,Customs Hold,834.64,5,0,Clear,0.13,9,4,Equipment Failure,5.68,0.911,0.306,0.35,1.0,1,48.5
SHP101591,Los Angeles,Tokyo,DB Schenker,Air,2023-08-16,2023-08-19,3,8,At Port,3034.07,5,0,Heavy Rain,5.33,4,9,None,0.0,0.854,0.245,0.25,1.0,1,84.7
SHP101592,Shanghai,London,DB Schenker,Rail,2023-10-04,2023-10-14,10,0,Out for Delivery,3312.12,4,0,Blizzard,8.94,5,10,Natural Disaster,10.37,0.871,0.085,0.14,0.9379,1,37.5
SHP101593,Los Angeles,Sydney,FedEx,Sea,2024-02-29,2024-03-26,26,19,Delayed,731.51,5,0,Heavy Rain,5.27,5,9,Equipment Failure,5.8,0.911,0.327,0.26,1.0,1,18.6
SHP101594,Mumbai,Singapore,DB Schenker,Air,2024-01-10,2024-01-12,2,6,In Transit,4965.94,4,0,Blizzard,8.73,3,7,Equipment Failure,5.96,0.855,0.129,0.13,1.0,1,11.4
SHP101595,Mumbai,Chicago,FedEx,Sea,2023-03-11,2023-04-06,26,3,At Port,1014.15,4,0,Snow,6.01,6,6,Port Strike,9.42,0.93,0.134,0.12,0.8473,1,70.2
SHP101596,Rotterdam,Chicago,DHL,Sea,2023-05-22,2023-06-19,28,21,Out for Delivery,2677.3,2,0,Fog,4.37,6,7,Traffic Jam,4.44,0.925,0.262,0.2,0.873,1,70.0
SHP101597,Hamburg,London,UPS,Sea,2023-04-23,2023-05-16,23,23,Delayed,2348.18,3,1,Clear,0.31,4,6,Natural Disaster,9.52,0.91,0.28,0.1,0.8519,1,62.8
SHP101598,Dubai,London,Maersk,Air,2023-05-06,2023-05-09,3,2,At Port,1203.64,3,0,Blizzard,8.64,1,3,Port Strike,9.26,0.878,0.345,0.4,1.0,1,84.1
SHP101599,Shanghai,Chicago,UPS,Road,2023-03-07,2023-03-13,6,4,Out for Delivery,2155.75,2,0,Heavy Rain,4.73,9,9,Traffic Jam,3.7,0.911,0.368,0.18,0.9272,1,32.8
SHP101600,Los Angeles,Chicago,FedEx,Road,2024-01-25,2024-01-29,4,8,Delayed,863.51,4,1,Fog,3.64,7,9,Equipment Failure,6.24,0.902,0.159,0.15,0.9171,1,80.4
SHP101601,Los Angeles,Sydney,UPS,Sea,2023-02-21,2023-03-17,24,27,Out for Delivery,390.63,2,0,Storm,8.02,5,7,Natural Disaster,10.43,0.896,0.272,0.24,1.0,1,28.0
SHP101602,Rotterdam,Tokyo,Maersk,Air,2024-02-08,2024-02-11,3,3,In Transit,2165.82,1,0,Storm,8.11,3,2,Port Strike,9.17,0.844,0.127,0.37,1.0,1,28.9
SHP101603,Dubai,Singapore,DHL,Air,2023-04-11,2023-04-16,5,6,Customs Hold,3178.49,5,1,Clear,0.0,3,1,None,0.0,0.904,0.048,0.15,0.5042,1,30.9
SHP101604,Mumbai,London,DHL,Road,2024-10-11,2024-10-18,7,6,In Transit,4455.11,4,0,Blizzard,9.48,9,3,None,0.24,0.907,0.32,0.36,1.0,1,43.7
SHP101605,Shanghai,Singapore,FedEx,Rail,2023-07-24,2023-08-04,11,8,Out for Delivery,4545.93,2,1,Fog,3.89,5,4,Traffic Jam,3.79,0.924,0.395,0.29,0.9402,1,35.2
SHP101606,Hamburg,Singapore,UPS,Sea,2024-08-08,2024-09-06,29,0,Customs Hold,845.07,1,0,Blizzard,9.14,3,6,Equipment Failure,6.26,0.875,0.254,0.34,1.0,1,95.1
SHP101607,Dubai,Singapore,FedEx,Rail,2023-09-16,2023-09-26,10,3,Delayed,3475.15,5,0,Storm,7.96,4,10,None,0.24,0.912,0.045,0.15,0.5684,1,42.0
SHP101608,Rotterdam,London,DHL,Air,2023-03-15,2023-03-19,4,9,Customs Hold,3036.58,4,0,Fog,3.64,4,3,Equipment Failure,6.05,0.909,0.066,0.41,0.9956,1,35.9
SHP101609,Shanghai,Tokyo,FedEx,Rail,2023-10-13,2023-10-23,10,1,Customs Hold,4070.51,4,0,Snow,6.25,4,10,Port Strike,9.26,0.921,0.205,0.12,0.9225,1,52.1
SHP101610,Rotterdam,Tokyo,UPS,Air,2023-12-30,2024-01-03,4,8,Customs Hold,2783.35,3,0,Storm,7.52,2,2,Natural Disaster,10.02,0.912,0.263,0.44,1.0,1,80.7
SHP101611,Rotterdam,Singapore,FedEx,Road,2023-10-06,2023-10-14,8,13,In Transit,1445.06,3,1,Heavy Rain,5.41,9,8,None,0.0,0.91,0.253,0.27,1.0,1,57.5
SHP101612,Hamburg,Chicago,FedEx,Air,2023-09-15,2023-09-17,2,5,Delayed,2394.57,2,0,Clear,0.0,3,8,Natural Disaster,10.03,0.896,0.145,0.42,1.0,1,59.9
SHP101613,Mumbai,Sydney,FedEx,Rail,2024-01-23,2024-02-03,11,3,Customs Hold,4201.05,3,0,Rain,2.04,3,3,Natural Disaster,10.09,0.935,0.21,0.3,0.9058,1,69.9
SHP101614,Dubai,Chicago,XPO Logistics,Road,2024-08-17,2024-08-21,4,0,In Transit,2803.41,4,0,Heavy Rain,5.21,9,7,Port Strike,8.87,0.848,0.282,0.44,1.0,1,25.5
SHP101615,Dubai,New York,Maersk,Sea,2023-03-13,2023-04-10,28,4,Delayed,1101.46,5,0,Storm,7.89,5,4,Equipment Failure,6.33,0.85,0.38,0.15,1.0,1,92.1
SHP101616,Los Angeles,London,DB Schenker,Road,2023-02-12,2023-02-17,5,7,Customs Hold,4891.38,4,0,Snow,6.37,6,5,Natural Disaster,10.12,0.882,0.249,0.13,1.0,1,71.5
SHP101617,Hamburg,Singapore,XPO Logistics,Rail,2024-08-25,2024-09-09,15,2,Delayed,3899.09,1,0,Clear,0.29,4,7,Traffic Jam,4.45,0.815,0.109,0.3,0.7296,1,47.9
SHP101618,Dubai,Tokyo,FedEx,Road,2024-07-08,2024-07-11,3,1,Delayed,4025.68,2,1,Rain,2.38,9,8,Natural Disaster,9.78,0.914,0.102,0.32,0.922,1,60.4
SHP101619,Shanghai,Singapore,XPO Logistics,Rail,2024-02-01,2024-02-10,9,3,At Port,2246.54,4,0,Fog,3.57,2,9,None,0.36,0.815,0.187,0.19,0.6772,1,61.4
SHP101620,Mumbai,Tokyo,Maersk,Sea,2024-07-20,2024-08-10,21,24,At Port,3122.79,1,1,Blizzard,9.03,5,10,None,0.0,0.824,0.239,0.42,1.0,1,8.3
SHP101621,Rotterdam,Tokyo,FedEx,Road,2024-01-12,2024-01-18,6,11,At Port,2465.5,1,0,Blizzard,9.4,7,8,Traffic Jam,3.82,0.924,0.235,0.14,0.9828,1,44.4
SHP101622,Rotterdam,Tokyo,UPS,Air,2023-01-03,2023-01-05,2,7,Out for Delivery,3843.77,4,1,Snow,5.74,1,1,Traffic Jam,3.92,0.906,0.388,0.12,1.0,1,20.3
SHP101623,Mumbai,Chicago,XPO Logistics,Sea,2024-05-30,2024-06-26,27,13,Customs Hold,3984.91,1,1,Snow,6.09,6,6,Equipment Failure,6.24,0.829,0.077,0.3,0.9556,1,65.0
SHP101624,Mumbai,Sydney,XPO Logistics,Road,2024-06-04,2024-06-10,6,1,Out for Delivery,2298.22,4,0,Storm,7.82,7,7,Traffic Jam,4.21,0.862,0.041,0.3,0.8594,1,20.2
SHP101625,Mumbai,New York,XPO Logistics,Air,2023-01-21,2023-01-25,4,6,Delayed,1760.94,4,1,Heavy Rain,4.79,2,8,Port Strike,8.91,0.837,0.171,0.42,1.0,1,75.9
SHP101626,Shanghai,Sydney,FedEx,Sea,2023-04-16,2023-05-17,31,0,Delayed,2558.85,2,0,Fog,3.8,6,5,Natural Disaster,10.22,0.89,0.368,0.16,1.0,1,49.8
SHP101627,Dubai,Sydney,Maersk,Rail,2024-03-24,2024-04-04,11,7,Customs Hold,4429.01,3,0,Blizzard,9.48,3,7,Port Strike,8.82,0.869,0.137,0.3,1.0,1,36.2
SHP101628,Shanghai,Tokyo,Maersk,Rail,2024-11-29,2024-12-12,13,3,At Port,1132.56,4,0,Rain,1.85,3,10,None,0.0,0.835,0.118,0.24,0.6546,1,13.0
SHP101629,Dubai,New York,XPO Logistics,Rail,2024-02-20,2024-03-03,12,7,Delayed,1118.71,3,0,Storm,7.66,2,4,Natural Disaster,9.91,0.829,0.235,0.34,1.0,1,91.1
SHP101630,Rotterdam,Singapore,Maersk,Air,2024-01-10,2024-01-12,2,7,Delayed,1483.41,4,0,Fog,3.88,4,9,None,0.26,0.852,0.367,0.4,1.0,1,80.9
SHP101631,Hamburg,Sydney,FedEx,Road,2023-01-12,2023-01-22,10,11,In Transit,463.5,3,0,Clear,0.45,6,5,Natural Disaster,10.03,0.931,0.358,0.3,1.0,1,36.9
SHP101632,Dubai,Chicago,DB Schenker,Rail,2024-02-11,2024-02-23,12,13,Customs Hold,3474.09,4,0,Heavy Rain,4.69,4,10,Equipment Failure,5.59,0.889,0.324,0.12,0.8918,1,11.4
SHP101633,Rotterdam,London,Maersk,Road,2023-03-10,2023-03-16,6,4,At Port,4689.62,2,1,Heavy Rain,5.15,6,2,Port Strike,8.99,0.856,0.281,0.32,1.0,1,74.7
SHP101634,Mumbai,Tokyo,XPO Logistics,Rail,2024-03-17,2024-03-26,9,2,In Transit,1349.22,1,0,Heavy Rain,5.4,5,1,Port Strike,9.18,0.85,0.056,0.11,0.7578,1,16.0
SHP101635,Dubai,Sydney,FedEx,Road,2024-09-07,2024-09-17,10,3,In Transit,4258.46,5,0,Blizzard,9.02,9,1,Equipment Failure,6.1,0.935,0.023,0.36,0.9072,1,47.5
SHP101636,Rotterdam,Chicago,FedEx,Road,2023-05-04,2023-05-10,6,4,At Port,4786.0,3,1,Clear,0.49,6,4,Equipment Failure,6.39,0.919,0.149,0.2,0.7157,1,56.5
SHP101637,Rotterdam,Chicago,FedEx,Sea,2023-03-12,2023-04-12,31,26,In Transit,3879.01,4,0,Blizzard,9.14,4,8,Port Strike,9.38,0.931,0.364,0.2,1.0,1,51.5
SHP101638,Hamburg,Singapore,XPO Logistics,Road,2024-02-11,2024-02-21,10,8,At Port,1223.83,1,0,Fog,3.82,6,3,Port Strike,8.89,0.804,0.348,0.4,1.0,1,71.2
SHP101639,Los Angeles,Singapore,Maersk,Road,2024-05-22,2024-05-31,9,7,Delayed,1175.99,3,1,Snow,6.13,7,1,Traffic Jam,4.48,0.876,0.257,0.11,0.8151,1,26.2
SHP101640,Shanghai,Sydney,UPS,Road,2023-05-28,2023-06-02,5,3,In Transit,3347.67,2,0,Fog,4.49,9,2,Natural Disaster,9.59,0.976,0.091,0.23,0.9074,1,72.0
SHP101641,Los Angeles,Sydney,UPS,Road,2024-05-31,2024-06-06,6,4,At Port,2652.24,5,0,Storm,7.72,8,8,None,0.43,0.914,0.339,0.32,0.9871,1,58.3
SHP101642,Shanghai,Sydney,DB Schenker,Rail,2023-07-20,2023-07-29,9,7,Out for Delivery,2662.35,1,0,Storm,7.74,3,5,Equipment Failure,5.67,0.859,0.149,0.13,0.862,1,80.1
SHP101643,Dubai,Sydney,DB Schenker,Air,2024-06-10,2024-06-12,2,1,Customs Hold,1431.67,5,1,Blizzard,8.63,3,7,Port Strike,9.41,0.868,0.071,0.23,0.9659,1,25.2
SHP101644,Los Angeles,Singapore,DHL,Road,2023-09-10,2023-09-16,6,3,In Transit,3198.84,4,0,Blizzard,9.03,9,7,Traffic Jam,4.36,0.889,0.262,0.44,1.0,1,48.4
SHP101645,Dubai,Singapore,DHL,Air,2023-10-30,2023-11-01,2,4,In Transit,3929.35,4,0,Clear,0.06,4,8,None,0.0,0.89,0.228,0.15,0.7152,1,45.8
SHP101646,Hamburg,Singapore,UPS,Sea,2024-08-28,2024-09-19,22,4,Customs Hold,824.7,1,0,Heavy Rain,4.98,4,6,Port Strike,8.75,0.888,0.189,0.26,0.9758,1,63.7
SHP101647,Rotterdam,Chicago,UPS,Sea,2024-06-22,2024-07-23,31,24,In Transit,2310.88,3,0,Clear,0.33,6,1,Traffic Jam,4.01,0.915,0.133,0.2,0.6866,1,26.9
SHP101648,Rotterdam,Chicago,UPS,Rail,2024-08-13,2024-08-23,10,4,Delayed,4751.3,5,1,Clear,0.49,4,8,Natural Disaster,9.58,0.906,0.179,0.2,0.7701,1,56.3
SHP101649,Mumbai,Singapore,Maersk,Air,2024-06-13,2024-06-18,5,3,At Port,3561.85,1,0,Blizzard,9.22,3,2,Equipment Failure,6.09,0.862,0.288,0.44,1.0,1,73.3
SHP101650,Hamburg,London,XPO Logistics,Road,2023-10-15,2023-10-25,10,13,In Transit,4389.36,5,1,Clear,0.01,9,10,Equipment Failure,5.85,0.849,0.311,0.1,0.9675,1,55.5
SHP101651,Dubai,Sydney,DB Schenker,Sea,2024-07-17,2024-08-04,18,23,Customs Hold,1617.15,4,0,Clear,0.0,6,6,None,0.0,0.869,0.141,0.31,0.785,1,12.3
SHP101652,Rotterdam,New York,DB Schenker,Rail,2024-11-10,2024-11-22,12,16,Delayed,2117.98,4,0,Clear,0.0,3,10,None,0.17,0.855,0.264,0.27,0.6658,1,41.1
SHP101653,Rotterdam,London,FedEx,Road,2024-08-23,2024-08-31,8,2,In Transit,2488.78,4,0,Storm,7.76,7,8,None,0.44,0.897,0.196,0.21,0.7151,1,20.4
SHP101654,Dubai,London,Maersk,Road,2023-11-27,2023-12-01,4,4,At Port,149.72,5,1,Blizzard,9.1,8,3,Natural Disaster,10.41,0.843,0.049,0.1,1.0,1,13.7
SHP101655,Dubai,Chicago,DB Schenker,Air,2024-02-08,2024-02-13,5,7,Delayed,1950.55,3,0,Blizzard,9.42,1,4,Traffic Jam,4.25,0.892,0.085,0.26,0.966,1,73.8
SHP101656,Dubai,New York,DHL,Sea,2024-02-01,2024-02-23,22,17,Out for Delivery,3306.1,1,0,Blizzard,8.88,4,2,Port Strike,8.51,0.859,0.388,0.21,1.0,1,53.0
SHP101657,Hamburg,Singapore,DB Schenker,Road,2023-10-02,2023-10-07,5,1,Delayed,880.69,4,1,Blizzard,9.29,7,10,Natural Disaster,10.17,0.868,0.11,0.33,1.0,1,36.0
SHP101658,Dubai,Tokyo,UPS,Sea,2024-08-20,2024-09-09,20,12,At Port,3394.27,3,1,Blizzard,9.15,4,1,None,0.21,0.911,0.065,0.24,0.7196,1,21.1
SHP101659,Mumbai,Chicago,Maersk,Air,2023-04-21,2023-04-23,2,7,Out for Delivery,1584.86,5,1,Blizzard,9.13,4,3,Equipment Failure,5.66,0.849,0.37,0.23,1.0,1,45.7
SHP101660,Mumbai,Singapore,FedEx,Road,2024-08-29,2024-09-02,4,9,Out for Delivery,248.61,1,0,Heavy Rain,5.27,6,8,Equipment Failure,6.2,0.937,0.09,0.21,0.929,1,53.6
SHP101661,Hamburg,Singapore,FedEx,Sea,2024-08-08,2024-09-10,33,1,Customs Hold,4954.13,5,0,Storm,8.26,5,3,Equipment Failure,6.0,0.928,0.052,0.13,0.7244,1,15.6
SHP101662,Dubai,Singapore,UPS,Air,2023-03-29,2023-04-03,5,8,At Port,4348.2,1,1,Heavy Rain,5.19,3,8,Natural Disaster,10.19,0.901,0.143,0.15,0.946,1,22.3
SHP101663,Dubai,London,DHL,Sea,2024-01-01,2024-02-05,35,39,At Port,2052.99,2,0,Rain,2.39,5,8,Port Strike,9.1,0.871,0.176,0.38,1.0,1,82.5
SHP101664,Mumbai,Tokyo,Maersk,Road,2024-04-10,2024-04-16,6,0,Out for Delivery,1580.8,4,0,Heavy Rain,5.05,8,9,None,0.0,0.859,0.228,0.35,0.8628,1,68.8
SHP101665,Los Angeles,New York,XPO Logistics,Road,2023-11-24,2023-11-27,3,8,At Port,1061.12,5,1,Clear,0.0,9,2,None,0.0,0.859,0.21,0.38,0.9982,1,39.9
SHP101666,Mumbai,Singapore,UPS,Rail,2023-08-28,2023-09-08,11,13,Out for Delivery,572.66,5,0,Rain,1.98,3,3,Port Strike,9.37,0.923,0.283,0.15,0.8679,1,32.2
SHP101667,Hamburg,London,Maersk,Road,2023-09-08,2023-09-11,3,2,Customs Hold,4321.56,4,1,Fog,3.82,6,10,Natural Disaster,9.63,0.862,0.178,0.1,0.9261,1,19.2
SHP101668,Shanghai,Tokyo,UPS,Rail,2024-01-22,2024-01-30,8,9,Delayed,1750.7,5,1,Rain,1.8,3,9,Natural Disaster,9.86,0.89,0.253,0.24,0.9544,1,75.0
SHP101669,Rotterdam,Singapore,DB Schenker,Road,2023-09-08,2023-09-15,7,4,Out for Delivery,2394.72,3,1,Storm,8.43,6,3,None,0.0,0.901,0.235,0.42,0.967,1,47.3
SHP101670,Los Angeles,London,Maersk,Sea,2024-06-03,2024-07-07,34,23,In Transit,1866.88,3,0,Rain,2.29,3,8,Port Strike,9.26,0.823,0.336,0.42,1.0,1,17.4
SHP101671,Hamburg,Chicago,FedEx,Air,2023-01-13,2023-01-17,4,7,In Transit,4627.83,3,0,Heavy Rain,4.86,1,5,Equipment Failure,6.07,0.922,0.237,0.21,0.9253,1,39.6
SHP101672,Dubai,Singapore,Maersk,Air,2023-08-28,2023-08-31,3,3,Customs Hold,101.17,5,1,Rain,1.69,3,10,Equipment Failure,5.97,0.862,0.374,0.15,0.9577,1,91.7
SHP101673,Hamburg,Chicago,DHL,Air,2024-06-21,2024-06-26,5,10,At Port,2940.15,1,1,Storm,8.05,4,4,None,0.0,0.861,0.377,0.44,1.0,1,47.0
SHP101674,Rotterdam,Singapore,DB Schenker,Sea,2024-02-26,2024-03-30,33,20,Delayed,3521.43,4,1,Blizzard,9.29,3,1,Natural Disaster,9.79,0.919,0.398,0.34,1.0,1,20.1
SHP101675,Rotterdam,Singapore,XPO Logistics,Air,2024-09-18,2024-09-21,3,5,In Transit,2127.06,3,0,Clear,0.0,4,2,Natural Disaster,9.83,0.844,0.136,0.18,0.9733,1,11.8
SHP101676,Mumbai,Tokyo,DHL,Rail,2024-07-20,2024-07-27,7,8,Customs Hold,3708.4,2,0,Heavy Rain,4.99,4,6,Traffic Jam,4.19,0.882,0.326,0.37,1.0,1,61.7
SHP101677,Mumbai,London,Maersk,Sea,2024-04-09,2024-05-08,29,2,At Port,3907.05,4,0,Heavy Rain,4.68,4,9,None,0.0,0.833,0.228,0.29,0.7956,1,39.4
SHP101678,Rotterdam,Tokyo,DHL,Rail,2023-06-09,2023-06-20,11,2,At Port,2653.71,3,0,Blizzard,8.74,5,9,Equipment Failure,6.07,0.892,0.335,0.34,1.0,1,42.7
SHP101679,Los Angeles,Singapore,DB Schenker,Sea,2023-05-07,2023-06-08,32,34,Delayed,2244.79,3,0,Blizzard,8.91,6,10,Equipment Failure,5.87,0.856,0.375,0.27,1.0,1,72.2
SHP101680,Los Angeles,Tokyo,FedEx,Air,2024-05-07,2024-05-10,3,0,Out for Delivery,2238.05,5,0,Snow,6.3,1,6,Natural Disaster,10.04,0.933,0.142,0.25,0.8793,1,32.4
SHP101681,Rotterdam,Tokyo,UPS,Rail,2023-01-22,2023-01-29,7,12,Customs Hold,2140.9,1,0,Clear,0.29,4,9,Equipment Failure,5.62,0.906,0.164,0.3,0.9047,1,12.4
SHP101682,Dubai,Tokyo,XPO Logistics,Rail,2024-10-25,2024-11-08,14,11,Delayed,651.05,2,1,Clear,0.33,4,10,Port Strike,8.53,0.836,0.263,0.29,0.9955,1,8.0
SHP101683,Rotterdam,Chicago,XPO Logistics,Air,2023-11-12,2023-11-15,3,8,Delayed,1522.35,2,0,Heavy Rain,4.73,4,3,Equipment Failure,5.72,0.872,0.131,0.2,0.987,1,74.4
SHP101684,Dubai,New York,Maersk,Air,2023-08-30,2023-09-03,4,4,At Port,1299.62,1,0,Snow,6.28,4,1,Port Strike,8.75,0.846,0.251,0.24,1.0,1,59.3
SHP101685,Dubai,Chicago,FedEx,Road,2024-03-03,2024-03-11,8,4,At Port,2489.33,1,0,Blizzard,8.61,9,4,Equipment Failure,6.08,0.946,0.379,0.12,1.0,1,91.7
SHP101686,Rotterdam,New York,Maersk,Rail,2023-08-17,2023-08-30,13,3,At Port,1848.78,2,0,Fog,3.86,2,7,None,0.0,0.839,0.372,0.23,0.7144,1,11.5
SHP101687,Los Angeles,London,Maersk,Air,2024-08-30,2024-09-04,5,9,Customs Hold,3084.67,5,1,Storm,8.25,3,10,Natural Disaster,9.86,0.836,0.231,0.27,1.0,1,16.8
SHP101688,Hamburg,Singapore,DHL,Air,2023-04-07,2023-04-12,5,6,Out for Delivery,3830.42,3,0,Blizzard,8.77,3,5,Natural Disaster,10.4,0.925,0.147,0.26,1.0,1,22.7
SHP101689,Los Angeles,Tokyo,UPS,Sea,2024-09-02,2024-10-01,29,7,At Port,3014.9,1,0,Blizzard,9.32,3,3,Natural Disaster,10.01,0.934,0.335,0.25,0.9978,1,45.9
SHP101690,Rotterdam,Sydney,UPS,Sea,2024-11-17,2024-12-05,18,21,Out for Delivery,956.81,3,0,Rain,1.76,5,4,Natural Disaster,9.67,0.902,0.284,0.1,0.8686,1,30.7
SHP101691,Los Angeles,Sydney,FedEx,Sea,2023-06-06,2023-06-30,24,27,Customs Hold,4331.42,2,0,Blizzard,9.34,5,6,Natural Disaster,9.63,0.913,0.388,0.2,1.0,1,6.6
SHP101692,Mumbai,Chicago,DB Schenker,Air,2023-06-26,2023-06-28,2,1,At Port,757.66,2,1,Heavy Rain,4.81,2,2,Equipment Failure,5.71,0.878,0.221,0.33,0.9341,1,18.9
SHP101693,Hamburg,London,DHL,Rail,2024-03-15,2024-03-27,12,16,Customs Hold,2918.06,3,0,Storm,8.08,4,8,Natural Disaster,10.04,0.901,0.19,0.1,0.9329,1,87.5
SHP101694,Los Angeles,Tokyo,DB Schenker,Sea,2024-05-15,2024-06-17,33,26,In Transit,3231.01,4,0,Rain,2.1,3,7,Natural Disaster,9.83,0.839,0.174,0.25,0.9623,1,71.9
SHP101695,Shanghai,London,FedEx,Rail,2023-04-20,2023-05-02,12,7,In Transit,79.11,5,1,Snow,6.05,3,2,Port Strike,8.6,0.906,0.141,0.17,0.9279,1,39.2
SHP101696,Rotterdam,New York,DHL,Sea,2023-03-01,2023-03-26,25,2,Delayed,1300.82,2,0,Rain,2.39,4,8,Equipment Failure,6.04,0.902,0.056,0.3,0.7286,1,60.8
SHP101697,Rotterdam,New York,FedEx,Rail,2024-03-06,2024-03-18,12,1,Delayed,659.57,5,0,Clear,0.0,3,9,Equipment Failure,5.81,0.919,0.382,0.38,0.8722,1,13.5
SHP101698,Rotterdam,Singapore,DHL,Rail,2023-12-12,2023-12-20,8,0,In Transit,680.17,4,0,Blizzard,8.82,5,1,Port Strike,9.39,0.885,0.209,0.4,1.0,1,9.3
SHP101699,Rotterdam,Sydney,XPO Logistics,Road,2024-06-27,2024-07-05,8,8,Customs Hold,270.06,2,1,Blizzard,9.26,7,8,Natural Disaster,9.54,0.836,0.382,0.14,1.0,1,13.4
SHP101700,Los Angeles,London,DB Schenker,Air,2024-09-09,2024-09-12,3,6,Customs Hold,4464.12,3,1,Fog,3.98,2,9,None,0.44,0.886,0.207,0.44,1.0,1,62.1
SHP101701,Dubai,Chicago,DB Schenker,Sea,2024-04-17,2024-05-22,35,11,In Transit,186.34,3,0,Rain,1.71,4,6,Port Strike,9.17,0.89,0.086,0.3,0.8919,1,52.9
SHP101702,Dubai,London,DB Schenker,Road,2023-10-26,2023-11-04,9,5,Delayed,1083.82,4,1,Blizzard,8.55,9,5,Traffic Jam,4.33,0.852,0.238,0.38,1.0,1,94.8
SHP101703,Rotterdam,London,Maersk,Road,2024-10-25,2024-11-02,8,3,Out for Delivery,578.29,2,0,Snow,5.51,9,1,Traffic Jam,4.47,0.832,0.254,0.36,1.0,1,14.5
SHP101704,Shanghai,London,UPS,Air,2023-08-31,2023-09-02,2,4,Out for Delivery,928.37,3,1,Rain,1.81,1,4,Port Strike,9.12,0.916,0.096,0.13,0.7845,1,16.5
SHP101705,Hamburg,Sydney,FedEx,Sea,2023-05-14,2023-06-13,30,7,In Transit,3010.53,1,0,Storm,8.4,4,8,Traffic Jam,3.51,0.908,0.201,0.17,0.8015,1,27.6
SHP101706,Dubai,Tokyo,FedEx,Road,2024-01-06,2024-01-10,4,0,In Transit,1824.33,2,0,Fog,3.83,9,7,Equipment Failure,5.73,0.938,0.156,0.38,0.8517,1,11.8
SHP101707,Mumbai,London,UPS,Sea,2024-10-29,2024-11-20,22,25,Out for Delivery,838.46,5,0,Clear,0.0,6,5,Port Strike,9.24,0.911,0.028,0.24,0.7623,1,29.7
SHP101708,Mumbai,Sydney,Maersk,Road,2024-08-16,2024-08-26,10,15,In Transit,1579.88,1,1,Snow,6.21,9,7,Traffic Jam,4.18,0.844,0.152,0.3,1.0,1,90.9
SHP101709,Rotterdam,Chicago,XPO Logistics,Air,2023-09-13,2023-09-15,2,1,Delayed,4830.78,3,1,Blizzard,9.22,1,6,Equipment Failure,6.2,0.843,0.21,0.2,0.9656,1,24.6
SHP101710,Dubai,London,Maersk,Air,2023-04-05,2023-04-07,2,4,Delayed,3247.82,1,0,Blizzard,8.55,3,1,Traffic Jam,4.31,0.864,0.093,0.27,1.0,1,90.0
SHP101711,Mumbai,New York,Maersk,Air,2024-10-27,2024-10-29,2,7,Delayed,2935.86,4,0,Clear,0.0,1,6,Port Strike,8.53,0.853,0.113,0.26,1.0,1,92.0
SHP101712,Mumbai,Tokyo,FedEx,Air,2024-11-12,2024-11-16,4,0,In Transit,1356.54,2,0,Fog,4.05,2,5,None,0.0,0.91,0.18,0.4,0.5986,1,19.9
SHP101713,Dubai,Singapore,FedEx,Air,2023-10-26,2023-10-31,5,8,Out for Delivery,2113.93,1,0,Storm,8.34,4,2,Traffic Jam,4.38,0.929,0.068,0.15,0.84,1,35.3
SHP101714,Hamburg,Chicago,DB Schenker,Road,2024-09-20,2024-09-27,7,6,In Transit,4732.84,1,0,Snow,6.25,8,4,Traffic Jam,3.82,0.867,0.309,0.25,1.0,1,58.2
SHP101715,Los Angeles,New York,Maersk,Air,2023-04-16,2023-04-18,2,3,Out for Delivery,2993.31,5,0,Snow,5.93,2,8,Traffic Jam,4.26,0.84,0.025,0.32,0.8947,1,56.8
SHP101716,Rotterdam,Sydney,DB Schenker,Road,2023-02-24,2023-03-02,6,4,Delayed,1337.69,2,0,Snow,6.13,8,4,Natural Disaster,9.99,0.893,0.338,0.32,1.0,1,39.4
SHP101717,Dubai,Singapore,DB Schenker,Rail,2024-05-04,2024-05-19,15,11,Customs Hold,1270.94,1,0,Storm,8.34,2,6,Equipment Failure,6.34,0.897,0.204,0.15,0.9471,1,73.5
SHP101718,Hamburg,Sydney,FedEx,Air,2024-09-28,2024-10-03,5,10,In Transit,1750.83,5,0,Fog,3.67,1,1,Traffic Jam,4.29,0.948,0.376,0.21,0.8941,1,45.8
SHP101719,Rotterdam,Tokyo,Maersk,Sea,2023-02-20,2023-03-16,24,2,Delayed,3698.5,2,0,Storm,7.59,5,7,Equipment Failure,5.54,0.825,0.282,0.4,1.0,1,51.9
SHP101720,Rotterdam,Singapore,XPO Logistics,Air,2023-04-02,2023-04-04,2,5,Delayed,2492.1,4,0,Fog,3.65,2,7,Port Strike,9.46,0.797,0.09,0.17,1.0,1,6.2
SHP101721,Dubai,Singapore,DHL,Road,2023-06-29,2023-07-06,7,3,Delayed,4314.66,4,0,Clear,0.15,9,4,Natural Disaster,9.7,0.888,0.267,0.15,0.9372,1,82.2
SHP101722,Shanghai,Singapore,UPS,Sea,2023-07-09,2023-08-10,32,16,In Transit,680.14,5,0,Fog,3.96,5,6,Traffic Jam,3.55,0.932,0.347,0.15,0.7957,1,21.0
SHP101723,Dubai,New York,DB Schenker,Road,2024-05-18,2024-05-27,9,10,Out for Delivery,4804.49,4,0,Snow,5.96,8,2,Equipment Failure,5.72,0.875,0.294,0.26,1.0,1,17.5
SHP101724,Hamburg,New York,DHL,Road,2023-09-03,2023-09-07,4,7,In Transit,4161.51,5,0,Clear,0.26,6,5,None,0.0,0.881,0.39,0.16,0.8404,1,58.9
SHP101725,Shanghai,London,DHL,Sea,2023-06-24,2023-07-29,35,33,Customs Hold,1036.39,3,0,Rain,2.36,6,10,Port Strike,9.27,0.891,0.31,0.12,0.8622,1,24.5
SHP101726,Shanghai,Chicago,UPS,Rail,2024-09-24,2024-10-02,8,6,At Port,2232.14,2,0,Rain,1.69,5,10,Natural Disaster,10.02,0.923,0.255,0.33,0.947,1,14.8
SHP101727,Hamburg,New York,Maersk,Road,2024-07-11,2024-07-14,3,7,Out for Delivery,3355.88,1,0,Snow,5.94,7,8,Equipment Failure,5.6,0.813,0.321,0.29,1.0,1,41.6
SHP101728,Los Angeles,Tokyo,UPS,Road,2023-01-16,2023-01-22,6,5,In Transit,137.65,5,0,Storm,7.63,7,2,Natural Disaster,10.05,0.896,0.058,0.25,1.0,1,56.8
SHP101729,Dubai,London,DB Schenker,Road,2024-07-01,2024-07-11,10,5,In Transit,1605.98,1,0,Blizzard,9.24,7,5,Port Strike,9.49,0.893,0.182,0.26,1.0,1,25.5
SHP101730,Shanghai,Sydney,FedEx,Rail,2023-03-04,2023-03-12,8,1,Delayed,128.3,2,0,Storm,8.22,2,6,Natural Disaster,10.49,0.867,0.244,0.45,1.0,1,50.1
SHP101731,Dubai,New York,DHL,Road,2024-05-19,2024-05-22,3,7,In Transit,4924.83,3,0,Rain,1.53,6,1,Natural Disaster,10.08,0.864,0.354,0.38,1.0,1,52.6
SHP101732,Shanghai,Sydney,DHL,Air,2024-04-04,2024-04-08,4,8,Delayed,3303.02,5,0,Rain,1.65,3,3,Traffic Jam,3.92,0.887,0.145,0.12,0.7749,1,28.0
SHP101733,Hamburg,Sydney,Maersk,Air,2023-06-12,2023-06-14,2,0,Customs Hold,2698.27,4,0,Clear,0.48,3,10,Natural Disaster,10.48,0.86,0.058,0.1,0.6198,1,19.2
SHP101734,Mumbai,Tokyo,XPO Logistics,Rail,2024-04-02,2024-04-09,7,5,At Port,2421.98,4,0,Blizzard,9.14,2,6,None,0.42,0.827,0.371,0.44,1.0,1,6.9
SHP101735,Hamburg,New York,FedEx,Rail,2024-09-07,2024-09-15,8,3,Delayed,2854.77,1,0,Blizzard,8.58,2,8,Traffic Jam,4.13,0.95,0.04,0.22,0.6145,1,47.0
SHP101736,Los Angeles,Sydney,UPS,Road,2023-02-20,2023-02-27,7,0,At Port,4048.74,5,0,Heavy Rain,5.35,8,5,None,0.0,0.905,0.321,0.32,0.8961,1,19.1
SHP101737,Mumbai,New York,UPS,Sea,2023-05-18,2023-06-19,32,5,Out for Delivery,3963.2,1,1,Storm,8.2,5,3,Natural Disaster,9.59,0.934,0.213,0.36,1.0,1,37.8
SHP101738,Dubai,Singapore,UPS,Air,2024-01-12,2024-01-16,4,1,At Port,4747.05,4,1,Snow,6.37,1,5,None,0.0,0.908,0.26,0.15,0.5977,1,49.7
SHP101739,Dubai,Singapore,Maersk,Sea,2023-08-23,2023-09-17,25,12,In Transit,2968.77,4,0,Snow,5.81,6,5,None,0.01,0.838,0.37,0.15,0.8541,1,33.2
SHP101740,Dubai,Chicago,DB Schenker,Sea,2023-03-28,2023-04-20,23,27,Out for Delivery,4085.2,5,0,Snow,5.94,4,8,Traffic Jam,4.25,0.875,0.279,0.2,0.9139,1,69.7
SHP101741,Mumbai,Singapore,XPO Logistics,Road,2023-11-03,2023-11-06,3,6,At Port,3707.38,5,1,Clear,0.04,9,5,Traffic Jam,4.47,0.812,0.24,0.18,1.0,1,56.4
SHP101742,Dubai,Sydney,DHL,Rail,2024-03-04,2024-03-18,14,16,Delayed,634.42,4,1,Snow,6.36,4,2,Natural Disaster,9.6,0.905,0.224,0.14,0.991,1,33.3
SHP101743,Mumbai,Sydney,Maersk,Rail,2024-09-17,2024-09-29,12,5,Delayed,3967.85,5,1,Blizzard,8.84,3,1,None,0.0,0.839,0.24,0.3,0.9207,1,67.8
SHP101744,Mumbai,Tokyo,DB Schenker,Air,2024-10-30,2024-11-04,5,0,In Transit,1777.51,1,1,Snow,6.29,4,5,Traffic Jam,4.42,0.849,0.398,0.44,1.0,1,82.1
SHP101745,Mumbai,New York,DHL,Road,2024-01-04,2024-01-11,7,0,In Transit,1292.05,4,0,Snow,6.19,8,4,None,0.0,0.868,0.161,0.26,0.7238,1,65.2
SHP101746,Rotterdam,Tokyo,UPS,Road,2024-02-04,2024-02-10,6,11,Out for Delivery,3429.29,1,0,Snow,6.21,8,4,Natural Disaster,10.07,0.908,0.15,0.11,1.0,1,48.3
SHP101747,Dubai,Sydney,DHL,Sea,2023-12-01,2023-12-20,19,23,Delayed,3939.9,1,0,Storm,8.32,3,9,Equipment Failure,6.43,0.932,0.328,0.18,0.9143,1,69.5
SHP101748,Mumbai,Singapore,UPS,Road,2023-10-20,2023-10-23,3,7,At Port,698.26,3,1,Rain,1.6,8,9,Equipment Failure,6.0,0.894,0.317,0.18,1.0,1,15.6
SHP101749,Los Angeles,Chicago,FedEx,Air,2024-08-18,2024-08-22,4,5,Delayed,2548.37,5,0,Rain,1.6,1,8,Natural Disaster,10.11,0.906,0.221,0.22,0.8665,1,9.4
SHP101750,Dubai,New York,FedEx,Air,2024-08-16,2024-08-18,2,4,Customs Hold,451.89,1,1,Rain,1.93,2,9,Traffic Jam,3.78,0.924,0.127,0.37,0.9324,1,62.1
SHP101751,Dubai,Tokyo,DB Schenker,Air,2024-08-09,2024-08-13,4,3,In Transit,1744.72,5,0,Snow,5.66,4,6,Port Strike,9.41,0.879,0.12,0.45,1.0,1,64.8
SHP101752,Shanghai,London,DHL,Air,2024-03-18,2024-03-23,5,9,Out for Delivery,2649.74,2,0,Fog,3.69,2,5,Natural Disaster,9.86,0.906,0.347,0.35,1.0,1,40.6
SHP101753,Mumbai,Singapore,Maersk,Sea,2024-10-07,2024-10-26,19,23,Out for Delivery,1789.07,2,0,Snow,6.29,3,7,Equipment Failure,6.08,0.859,0.329,0.45,1.0,1,37.7
SHP101754,Hamburg,Sydney,Maersk,Sea,2024-11-22,2024-12-24,32,35,Out for Delivery,396.75,5,0,Blizzard,8.99,4,5,Traffic Jam,4.38,0.843,0.22,0.36,1.0,1,83.0
SHP101755,Mumbai,Sydney,DHL,Rail,2024-07-05,2024-07-16,11,0,Delayed,913.61,3,0,Heavy Rain,5.36,3,7,Natural Disaster,10.37,0.861,0.384,0.3,1.0,1,15.0
SHP101756,Los Angeles,Sydney,DHL,Air,2023-01-19,2023-01-23,4,0,At Port,1822.38,4,0,Clear,0.0,3,3,Port Strike,9.19,0.881,0.193,0.19,0.7325,1,23.6
SHP101757,Mumbai,London,UPS,Road,2023-08-03,2023-08-07,4,0,In Transit,2386.01,2,0,Clear,0.01,8,2,Equipment Failure,6.34,0.934,0.383,0.24,0.7958,1,56.6
SHP101758,Dubai,New York,XPO Logistics,Rail,2023-04-05,2023-04-12,7,12,Out for Delivery,2265.99,2,0,Fog,3.68,2,8,Port Strike,9.2,0.815,0.399,0.35,1.0,1,81.0
SHP101759,Mumbai,Singapore,XPO Logistics,Air,2023-04-11,2023-04-15,4,1,In Transit,4914.14,1,1,Blizzard,9.12,2,5,None,0.0,0.856,0.296,0.42,0.8807,1,11.4
SHP101760,Rotterdam,Sydney,UPS,Road,2023-02-24,2023-02-28,4,3,At Port,4784.29,1,0,Storm,8.33,9,1,Natural Disaster,10.33,0.893,0.29,0.13,1.0,1,10.7
SHP101761,Los Angeles,Singapore,DHL,Air,2024-09-17,2024-09-22,5,6,In Transit,2185.39,5,0,Fog,4.39,3,8,Traffic Jam,4.48,0.879,0.208,0.38,0.9738,1,80.1
SHP101762,Los Angeles,Chicago,UPS,Rail,2023-12-25,2024-01-03,9,4,Customs Hold,1687.88,4,0,Heavy Rain,4.56,4,2,Natural Disaster,10.19,0.897,0.178,0.33,1.0,1,85.2
SHP101763,Dubai,Chicago,DHL,Rail,2023-11-04,2023-11-16,12,17,Delayed,3690.22,4,1,Clear,0.0,4,7,None,0.0,0.898,0.232,0.22,0.6614,1,54.6
SHP101764,Los Angeles,New York,UPS,Road,2023-10-13,2023-10-18,5,7,Out for Delivery,3345.57,4,1,Clear,0.04,8,4,Traffic Jam,3.56,0.911,0.331,0.4,1.0,1,94.2
SHP101765,Hamburg,Sydney,DB Schenker,Road,2023-10-28,2023-11-01,4,9,At Port,220.93,1,0,Storm,7.65,6,8,None,0.0,0.865,0.225,0.26,1.0,1,87.2
SHP101766,Hamburg,Sydney,UPS,Rail,2024-09-02,2024-09-10,8,10,Customs Hold,3439.22,1,1,Snow,6.37,2,1,Port Strike,8.53,0.925,0.208,0.21,0.9548,1,35.6
SHP101767,Shanghai,Singapore,XPO Logistics,Air,2024-07-20,2024-07-24,4,5,In Transit,3020.76,1,0,Storm,8.13,4,3,Natural Disaster,9.55,0.821,0.183,0.27,1.0,1,77.9
SHP101768,Hamburg,Chicago,DHL,Road,2023-09-23,2023-09-28,5,5,At Port,3925.84,3,0,Blizzard,9.25,9,8,None,0.0,0.917,0.382,0.29,1.0,1,86.6
SHP101769,Dubai,Chicago,FedEx,Sea,2024-08-21,2024-09-17,27,1,In Transit,4298.55,1,0,Heavy Rain,4.67,6,2,Equipment Failure,5.56,0.945,0.102,0.38,0.8595,1,16.7
SHP101770,Mumbai,Singapore,FedEx,Air,2023-02-18,2023-02-23,5,3,Delayed,3526.56,4,0,Blizzard,9.12,1,2,Port Strike,8.89,0.957,0.362,0.21,0.9406,1,88.8
SHP101771,Mumbai,Tokyo,DB Schenker,Rail,2023-05-16,2023-05-31,15,15,Customs Hold,1936.36,1,0,Storm,7.56,3,9,None,0.37,0.874,0.157,0.16,0.7534,1,5.8
SHP101772,Mumbai,Chicago,Maersk,Sea,2024-07-02,2024-07-29,27,3,At Port,1157.58,5,0,Storm,7.82,5,4,None,0.49,0.836,0.388,0.28,0.9409,1,69.7
SHP101773,Los Angeles,Sydney,FedEx,Sea,2023-01-02,2023-01-21,19,18,Out for Delivery,3738.01,3,0,Blizzard,8.97,3,1,Natural Disaster,9.97,0.94,0.252,0.2,0.9952,1,11.1
SHP101774,Mumbai,New York,DHL,Rail,2023-06-13,2023-06-25,12,3,At Port,2727.32,5,0,Fog,4.44,2,2,None,0.13,0.892,0.039,0.21,0.5006,1,44.3
SHP101775,Los Angeles,Tokyo,Maersk,Sea,2024-07-08,2024-07-31,23,0,At Port,3467.49,3,0,Fog,4.0,3,1,None,0.0,0.832,0.105,0.25,0.6567,1,8.3
SHP101776,Los Angeles,New York,FedEx,Sea,2024-04-24,2024-05-14,20,16,Out for Delivery,4386.26,1,0,Rain,2.27,3,10,Traffic Jam,3.62,0.887,0.394,0.35,0.9611,1,13.4
SHP101777,Shanghai,Tokyo,XPO Logistics,Air,2023-01-23,2023-01-25,2,4,Out for Delivery,3923.08,2,1,Clear,0.0,2,10,Port Strike,9.27,0.828,0.2,0.18,0.9314,1,52.7
SHP101778,Rotterdam,Tokyo,Maersk,Sea,2023-07-27,2023-08-18,22,27,At Port,1508.7,2,0,Storm,8.48,5,2,Equipment Failure,5.91,0.852,0.037,0.24,1.0,1,24.3
SHP101779,Hamburg,Chicago,UPS,Air,2024-07-02,2024-07-04,2,4,Customs Hold,3465.07,3,0,Snow,5.71,4,5,Traffic Jam,4.19,0.924,0.052,0.22,0.8075,1,31.9
SHP101780,Mumbai,Chicago,FedEx,Road,2024-08-20,2024-08-27,7,11,In Transit,4878.67,2,0,Blizzard,9.48,9,4,Equipment Failure,6.08,0.923,0.353,0.32,1.0,1,17.6
SHP101781,Shanghai,Tokyo,DHL,Sea,2024-06-14,2024-07-05,21,24,Customs Hold,3874.03,2,1,Blizzard,9.23,4,5,Port Strike,8.76,0.893,0.029,0.27,1.0,1,89.6
SHP101782,Mumbai,Chicago,UPS,Rail,2024-10-29,2024-11-07,9,7,In Transit,2649.81,2,0,Blizzard,9.11,5,8,Natural Disaster,10.0,0.897,0.156,0.17,1.0,1,24.1
SHP101783,Shanghai,Chicago,Maersk,Air,2024-07-09,2024-07-12,3,0,In Transit,2019.12,2,0,Fog,3.6,4,7,Equipment Failure,5.5,0.835,0.213,0.15,0.7369,1,37.9
SHP101784,Dubai,New York,Maersk,Rail,2024-02-13,2024-02-20,7,4,In Transit,3388.24,1,0,Clear,0.0,4,9,Natural Disaster,10.0,0.848,0.029,0.23,0.7773,1,15.6
SHP101785,Los Angeles,New York,XPO Logistics,Rail,2023-08-11,2023-08-26,15,6,At Port,2867.79,5,0,Storm,8.12,4,8,None,0.0,0.827,0.365,0.41,1.0,1,86.8
SHP101786,Rotterdam,London,DHL,Road,2024-07-06,2024-07-11,5,0,Delayed,1601.22,1,1,Blizzard,9.17,6,5,Traffic Jam,3.92,0.896,0.296,0.25,0.9869,1,62.4
SHP101787,Los Angeles,London,XPO Logistics,Air,2023-01-09,2023-01-12,3,3,At Port,2702.79,4,0,Storm,8.23,4,6,Equipment Failure,6.49,0.82,0.051,0.11,0.9099,1,24.7
SHP101788,Dubai,Sydney,DHL,Air,2023-05-03,2023-05-08,5,4,Out for Delivery,2248.19,2,0,Blizzard,9.47,3,9,Port Strike,9.34,0.863,0.209,0.19,1.0,1,37.7
SHP101789,Rotterdam,Sydney,Maersk,Rail,2023-11-13,2023-11-26,13,8,Customs Hold,3490.01,5,0,Clear,0.0,5,10,Equipment Failure,6.47,0.877,0.073,0.2,0.6531,1,53.4
SHP101790,Los Angeles,Singapore,DHL,Road,2023-06-03,2023-06-12,9,7,Out for Delivery,218.84,3,0,Snow,6.11,9,10,Traffic Jam,4.48,0.896,0.18,0.16,0.9191,1,13.7
SHP101791,Los Angeles,New York,DHL,Sea,2024-07-24,2024-08-28,35,39,Delayed,3698.33,5,0,Snow,6.04,6,7,Port Strike,8.86,0.899,0.355,0.15,1.0,1,56.7
SHP101792,Mumbai,New York,FedEx,Sea,2024-05-24,2024-06-28,35,19,Out for Delivery,3134.67,2,0,Storm,7.58,5,8,Traffic Jam,4.08,0.929,0.176,0.39,1.0,1,64.3
SHP101793,Shanghai,New York,XPO Logistics,Air,2024-02-27,2024-03-02,4,1,Customs Hold,4365.09,5,0,Blizzard,9.07,1,6,Natural Disaster,10.1,0.822,0.183,0.35,1.0,1,36.6
SHP101794,Los Angeles,Singapore,DHL,Air,2024-06-15,2024-06-19,4,4,In Transit,3326.24,3,1,Clear,0.0,1,3,Natural Disaster,9.81,0.909,0.332,0.42,0.9949,1,67.4
SHP101795,Hamburg,New York,Maersk,Sea,2024-02-11,2024-03-12,30,28,Customs Hold,3196.83,1,0,Clear,0.17,3,5,Natural Disaster,10.31,0.873,0.055,0.4,0.9696,1,8.7
SHP101796,Shanghai,Sydney,UPS,Sea,2023-09-21,2023-10-18,27,21,Customs Hold,3359.72,4,0,Storm,8.19,5,8,Natural Disaster,9.82,0.924,0.093,0.12,0.9332,1,12.3
SHP101797,Mumbai,New York,DHL,Road,2024-07-16,2024-07-24,8,7,At Port,4811.32,2,0,Heavy Rain,5.24,6,6,Port Strike,8.57,0.913,0.151,0.19,0.9015,1,67.3
SHP101798,Shanghai,New York,Maersk,Road,2024-10-04,2024-10-14,10,9,Customs Hold,4743.53,4,1,Clear,0.0,7,9,Port Strike,8.81,0.84,0.278,0.35,1.0,1,68.4
SHP101799,Dubai,Tokyo,XPO Logistics,Air,2024-04-10,2024-04-13,3,7,Out for Delivery,2253.69,4,0,Blizzard,9.24,2,1,Natural Disaster,9.8,0.854,0.234,0.33,1.0,1,8.0
SHP101800,Rotterdam,Chicago,Maersk,Road,2024-06-04,2024-06-08,4,4,Out for Delivery,1421.29,2,0,Rain,1.63,8,1,Equipment Failure,6.46,0.857,0.199,0.2,0.948,1,5.8
SHP101801,Dubai,Tokyo,Maersk,Air,2023-09-25,2023-09-28,3,5,Out for Delivery,2570.81,1,0,Blizzard,9.49,2,8,Equipment Failure,6.42,0.878,0.125,0.2,0.9911,1,42.9
SHP101802,Dubai,London,FedEx,Sea,2024-10-26,2024-11-20,25,17,At Port,2615.47,2,0,Heavy Rain,4.77,5,2,Equipment Failure,6.24,0.92,0.1,0.32,0.8155,1,51.7
SHP101803,Shanghai,London,Maersk,Road,2023-03-22,2023-03-29,7,8,Customs Hold,3108.77,1,0,Clear,0.0,9,8,Equipment Failure,5.56,0.836,0.345,0.12,0.9488,1,60.2
SHP101804,Hamburg,Sydney,XPO Logistics,Sea,2023-07-03,2023-07-27,24,10,Customs Hold,2204.93,2,1,Storm,8.27,3,10,Natural Disaster,9.99,0.828,0.203,0.19,1.0,1,50.5
SHP101805,Los Angeles,London,XPO Logistics,Sea,2024-03-21,2024-04-20,30,19,At Port,2636.78,2,1,Fog,4.37,4,10,Equipment Failure,6.41,0.82,0.192,0.44,1.0,1,78.8
SHP101806,Dubai,Chicago,FedEx,Air,2023-04-18,2023-04-22,4,4,Delayed,4805.94,2,0,Blizzard,9.33,4,4,Traffic Jam,3.86,0.886,0.146,0.44,1.0,1,93.8
SHP101807,Mumbai,Chicago,DHL,Air,2024-05-21,2024-05-25,4,1,Customs Hold,2493.81,2,1,Snow,6.13,2,1,Traffic Jam,3.52,0.902,0.028,0.14,0.533,1,18.0
SHP101808,Rotterdam,Chicago,UPS,Rail,2023-12-26,2024-01-05,10,1,In Transit,1041.37,5,1,Blizzard,8.69,2,7,None,0.0,0.935,0.208,0.2,0.5803,1,36.6
SHP101809,Dubai,London,XPO Logistics,Rail,2023-07-11,2023-07-23,12,6,Out for Delivery,1626.2,4,0,Snow,5.85,4,1,Natural Disaster,9.71,0.858,0.207,0.37,1.0,1,72.0
SHP101810,Los Angeles,Singapore,UPS,Road,2024-08-30,2024-09-07,8,2,At Port,2234.05,4,0,Heavy Rain,5.05,6,3,None,0.45,0.89,0.292,0.44,0.8989,1,73.7
SHP101811,Mumbai,London,XPO Logistics,Rail,2024-10-24,2024-11-01,8,8,At Port,4986.09,2,1,Heavy Rain,5.41,2,8,None,0.0,0.835,0.222,0.43,0.9648,1,36.6
SHP101812,Shanghai,Tokyo,UPS,Road,2024-09-26,2024-10-06,10,0,Delayed,1961.36,2,0,Storm,7.55,8,1,None,0.49,0.941,0.312,0.18,0.752,1,27.7
SHP101813,Mumbai,Singapore,UPS,Rail,2024-01-07,2024-01-21,14,15,Out for Delivery,1218.69,2,0,Storm,7.56,2,3,Natural Disaster,9.82,0.918,0.028,0.25,0.9236,1,79.6
SHP101814,Mumbai,Singapore,DHL,Air,2024-10-13,2024-10-15,2,5,Out for Delivery,2982.26,5,1,Snow,5.96,1,3,Natural Disaster,10.28,0.897,0.352,0.21,1.0,1,69.8
SHP101815,Shanghai,Singapore,Maersk,Sea,2024-08-12,2024-09-02,21,15,At Port,1658.64,1,0,Rain,1.93,3,8,None,0.0,0.879,0.185,0.24,0.6775,1,20.5
SHP101816,Shanghai,Sydney,XPO Logistics,Rail,2024-11-21,2024-12-04,13,14,Delayed,748.3,2,0,Fog,3.89,2,2,Natural Disaster,9.77,0.875,0.18,0.29,1.0,1,7.7
SHP101817,Dubai,Sydney,DB Schenker,Road,2024-07-06,2024-07-12,6,5,Delayed,4694.09,2,0,Storm,8.24,9,9,Equipment Failure,5.95,0.828,0.116,0.45,1.0,1,7.1
SHP101818,Shanghai,Chicago,XPO Logistics,Rail,2024-05-14,2024-05-22,8,12,In Transit,4176.53,1,1,Heavy Rain,5.3,3,2,Traffic Jam,4.36,0.869,0.296,0.23,0.9806,1,45.2
SHP101819,Dubai,Chicago,FedEx,Road,2024-07-01,2024-07-10,9,9,In Transit,2839.71,1,0,Fog,4.31,6,6,Port Strike,8.95,0.896,0.18,0.32,1.0,1,65.8
SHP101820,Hamburg,Singapore,FedEx,Road,2024-04-25,2024-04-29,4,5,At Port,241.27,5,1,Storm,8.21,9,8,Port Strike,9.3,0.945,0.03,0.38,1.0,1,72.0
SHP101821,Los Angeles,Chicago,UPS,Air,2023-03-08,2023-03-12,4,2,Out for Delivery,272.21,5,1,Snow,5.59,1,9,Equipment Failure,6.19,0.884,0.185,0.32,0.891,1,82.1
SHP101822,Shanghai,Singapore,Maersk,Air,2024-03-15,2024-03-20,5,7,Out for Delivery,2785.82,1,0,Heavy Rain,5.34,3,8,None,0.0,0.852,0.358,0.16,0.7932,1,29.2
SHP101823,Rotterdam,Singapore,UPS,Sea,2023-09-19,2023-10-22,33,11,Out for Delivery,2236.89,1,1,Snow,5.73,4,7,None,0.0,0.909,0.319,0.13,0.6657,1,14.7
SHP101824,Hamburg,Singapore,UPS,Road,2024-10-22,2024-10-30,8,3,Delayed,1061.65,2,0,Storm,8.1,6,7,Traffic Jam,3.64,0.918,0.347,0.13,0.907,1,85.7
SHP101825,Mumbai,Sydney,XPO Logistics,Rail,2024-08-14,2024-08-29,15,5,In Transit,1205.59,1,0,Fog,3.86,4,3,Traffic Jam,4.19,0.833,0.117,0.3,0.8961,1,14.8
SHP101826,Los Angeles,Singapore,UPS,Rail,2023-04-13,2023-04-28,15,11,Delayed,1211.45,4,1,Fog,3.75,3,10,Traffic Jam,3.51,0.946,0.308,0.26,0.7751,1,26.9
SHP101827,Hamburg,Tokyo,DHL,Sea,2023-09-15,2023-10-06,21,25,Customs Hold,1869.24,2,0,Heavy Rain,5.39,5,4,Port Strike,8.67,0.888,0.022,0.43,1.0,1,43.8
SHP101828,Los Angeles,Singapore,UPS,Road,2024-06-14,2024-06-17,3,8,At Port,3830.88,1,0,Clear,0.0,8,8,Traffic Jam,4.25,0.921,0.239,0.28,1.0,1,62.7
SHP101829,Los Angeles,Chicago,Maersk,Sea,2023-03-03,2023-04-01,29,26,Delayed,422.24,1,0,Clear,0.21,3,1,Equipment Failure,6.49,0.858,0.162,0.44,0.9774,1,80.6
SHP101830,Dubai,Sydney,XPO Logistics,Air,2023-04-08,2023-04-12,4,6,Customs Hold,2939.46,5,1,Blizzard,9.2,4,8,Traffic Jam,3.99,0.845,0.11,0.17,0.9193,1,6.2
SHP101831,Shanghai,Singapore,UPS,Sea,2024-08-20,2024-09-12,23,21,At Port,1349.51,4,0,Rain,2.33,6,8,Equipment Failure,5.86,0.924,0.094,0.34,0.824,1,29.6
SHP101832,Hamburg,Singapore,UPS,Rail,2023-01-13,2023-01-24,11,8,Customs Hold,222.3,4,1,Rain,2.07,5,9,Port Strike,9.02,0.913,0.19,0.14,0.7872,1,45.1
SHP101833,Dubai,London,DB Schenker,Road,2024-01-29,2024-02-03,5,1,Out for Delivery,3975.07,4,0,Clear,0.02,9,6,None,0.19,0.83,0.204,0.11,0.6938,1,51.0
SHP101834,Hamburg,Sydney,XPO Logistics,Sea,2024-09-04,2024-10-05,31,2,In Transit,3375.72,5,0,Heavy Rain,4.8,4,10,Natural Disaster,9.67,0.822,0.221,0.17,0.9232,1,61.8
SHP101835,Rotterdam,Chicago,DB Schenker,Rail,2023-04-04,2023-04-15,11,5,In Transit,3311.89,5,0,Fog,3.9,3,6,None,0.0,0.882,0.031,0.2,0.5093,1,15.0
SHP101836,Los Angeles,London,Maersk,Sea,2023-06-27,2023-07-30,33,13,In Transit,1165.06,3,0,Blizzard,8.72,3,1,Port Strike,8.58,0.873,0.37,0.35,1.0,1,68.9
SHP101837,Shanghai,Chicago,Maersk,Rail,2024-06-08,2024-06-23,15,3,Out for Delivery,615.65,1,1,Blizzard,8.57,5,4,Natural Disaster,9.67,0.802,0.055,0.2,1.0,1,38.1
SHP101838,Dubai,Sydney,UPS,Rail,2023-05-15,2023-05-23,8,7,In Transit,2722.45,5,0,Rain,2.25,4,6,None,0.0,0.889,0.073,0.16,0.5212,1,44.1
SHP101839,Rotterdam,Tokyo,DB Schenker,Sea,2023-01-25,2023-02-15,21,4,In Transit,4867.88,1,0,Storm,7.9,3,1,Port Strike,8.84,0.878,0.057,0.1,0.7666,1,36.3
SHP101840,Dubai,London,UPS,Air,2023-06-09,2023-06-12,3,3,Customs Hold,3080.85,4,0,Storm,7.68,1,5,Port Strike,8.81,0.884,0.048,0.39,0.9537,1,80.0
SHP101841,Hamburg,Sydney,FedEx,Rail,2023-06-10,2023-06-17,7,11,Delayed,1812.42,2,0,Rain,1.51,3,4,Natural Disaster,10.39,0.908,0.153,0.34,0.9228,1,84.8
SHP101842,Dubai,London,Maersk,Sea,2023-11-16,2023-12-16,30,15,Out for Delivery,2215.93,4,0,Clear,0.17,5,10,None,0.0,0.891,0.068,0.14,0.4566,0,0.0
SHP101843,Rotterdam,London,UPS,Air,2024-10-15,2024-10-18,3,5,Delayed,1390.11,4,0,Heavy Rain,4.72,4,6,None,0.48,0.912,0.383,0.18,0.9089,1,54.9
SHP101844,Rotterdam,Tokyo,DB Schenker,Air,2023-11-02,2023-11-04,2,7,In Transit,2887.94,2,0,Clear,0.0,2,1,Equipment Failure,5.77,0.864,0.158,0.33,1.0,1,84.1
SHP101845,Los Angeles,Chicago,XPO Logistics,Road,2024-10-20,2024-10-24,4,1,Delayed,2611.75,5,0,Blizzard,8.52,7,2,Traffic Jam,3.59,0.834,0.391,0.16,0.9518,1,40.5
SHP101846,Shanghai,Chicago,FedEx,Rail,2023-12-18,2024-01-01,14,15,Out for Delivery,4958.02,3,1,Clear,0.0,2,9,Natural Disaster,10.15,0.896,0.272,0.41,0.9936,1,36.9
SHP101847,Rotterdam,Singapore,XPO Logistics,Rail,2023-01-04,2023-01-12,8,0,Customs Hold,3926.08,3,1,Clear,0.17,3,5,Port Strike,8.88,0.839,0.132,0.2,0.7106,1,11.6
SHP101848,Rotterdam,Sydney,UPS,Road,2024-01-08,2024-01-11,3,0,Customs Hold,4556.4,4,0,Clear,0.4,9,6,Traffic Jam,3.85,0.937,0.199,0.35,0.7901,1,14.4
SHP101849,Mumbai,Singapore,DHL,Road,2023-02-08,2023-02-13,5,5,Customs Hold,30.65,4,0,Storm,7.76,9,4,None,0.0,0.913,0.077,0.33,0.9055,1,14.6
SHP101850,Shanghai,Sydney,FedEx,Sea,2023-12-10,2024-01-03,24,8,Customs Hold,1850.2,4,0,Heavy Rain,4.69,4,2,Port Strike,9.41,0.919,0.152,0.29,0.8708,1,12.8
SHP101851,Hamburg,Sydney,DB Schenker,Air,2023-10-02,2023-10-05,3,3,Out for Delivery,4006.86,2,1,Blizzard,9.35,4,9,Equipment Failure,6.4,0.86,0.03,0.32,1.0,1,64.7
SHP101852,Los Angeles,Sydney,FedEx,Sea,2023-10-19,2023-11-14,26,24,In Transit,3723.52,1,0,Blizzard,8.86,4,6,Natural Disaster,9.55,0.918,0.119,0.22,1.0,1,64.4
SHP101853,Los Angeles,London,DB Schenker,Sea,2024-08-17,2024-09-20,34,0,Out for Delivery,705.21,3,0,Storm,7.83,3,6,None,0.03,0.881,0.346,0.19,0.7879,1,17.9
SHP101854,Dubai,Singapore,DB Schenker,Rail,2023-05-01,2023-05-13,12,5,Out for Delivery,1096.96,4,0,Blizzard,9.1,2,7,Equipment Failure,5.84,0.857,0.026,0.15,0.7748,1,55.8
SHP101855,Rotterdam,London,FedEx,Sea,2023-01-20,2023-02-20,31,25,At Port,2291.26,5,0,Fog,4.37,3,2,Traffic Jam,3.83,0.894,0.341,0.36,0.9431,1,88.7
SHP101856,Los Angeles,Tokyo,UPS,Road,2024-08-28,2024-09-03,6,7,In Transit,2066.05,3,1,Blizzard,9.05,8,6,Natural Disaster,10.27,0.917,0.372,0.25,1.0,1,60.7
SHP101857,Rotterdam,Sydney,DB Schenker,Sea,2024-02-23,2024-03-17,23,5,At Port,1632.66,1,1,Storm,7.99,3,10,Port Strike,9.36,0.917,0.254,0.17,0.9093,1,68.0
SHP101858,Dubai,New York,UPS,Air,2023-01-22,2023-01-27,5,9,Customs Hold,2915.27,1,1,Heavy Rain,5.31,1,6,Port Strike,9.25,0.914,0.033,0.32,0.9282,1,71.8
SHP101859,Hamburg,Singapore,UPS,Sea,2024-03-28,2024-04-21,24,17,Customs Hold,4024.06,1,0,Storm,7.58,5,8,Port Strike,8.58,0.923,0.151,0.17,0.9274,1,40.1
SHP101860,Shanghai,New York,XPO Logistics,Road,2023-01-26,2023-02-02,7,8,Delayed,4354.17,4,1,Storm,7.73,8,6,Port Strike,8.78,0.795,0.386,0.35,1.0,1,87.2
SHP101861,Hamburg,New York,XPO Logistics,Air,2023-12-01,2023-12-04,3,7,Delayed,2369.88,3,0,Fog,4.05,3,9,Equipment Failure,5.69,0.827,0.067,0.18,0.9398,1,39.9
SHP101862,Mumbai,New York,DB Schenker,Air,2024-12-01,2024-12-03,2,6,Out for Delivery,4637.56,1,1,Clear,0.03,2,7,Equipment Failure,5.97,0.874,0.12,0.25,0.9071,1,23.2
SHP101863,Mumbai,London,FedEx,Road,2024-06-12,2024-06-22,10,4,At Port,1386.28,2,0,Rain,2.24,6,9,None,0.0,0.909,0.107,0.21,0.5431,1,35.3
SHP101864,Mumbai,Tokyo,Maersk,Rail,2024-05-03,2024-05-18,15,3,Out for Delivery,2791.55,1,0,Fog,4.23,3,9,Port Strike,8.66,0.854,0.205,0.41,1.0,1,37.1
SHP101865,Hamburg,Singapore,DB Schenker,Sea,2024-07-01,2024-07-20,19,6,Out for Delivery,2275.66,5,0,Snow,5.55,4,8,Equipment Failure,5.81,0.864,0.367,0.19,0.9571,1,19.1
SHP101866,Mumbai,Tokyo,DB Schenker,Air,2023-09-14,2023-09-16,2,3,Delayed,3240.77,5,0,Rain,2.04,2,4,Natural Disaster,10.17,0.852,0.189,0.29,1.0,1,87.5
SHP101867,Rotterdam,London,FedEx,Sea,2024-10-23,2024-11-18,26,15,Customs Hold,3161.88,2,1,Blizzard,9.27,4,8,Natural Disaster,10.47,0.908,0.086,0.19,0.96,1,14.3
SHP101868,Dubai,New York,UPS,Rail,2024-02-03,2024-02-11,8,10,Customs Hold,1276.99,1,1,Rain,1.54,2,9,None,0.48,0.892,0.343,0.2,0.6942,1,10.7
SHP101869,Hamburg,New York,DB Schenker,Sea,2024-07-15,2024-08-11,27,11,Delayed,2296.23,4,1,Rain,2.15,6,3,Traffic Jam,3.98,0.875,0.104,0.35,0.8609,1,7.1
SHP101870,Mumbai,London,DB Schenker,Road,2024-02-22,2024-03-01,8,4,In Transit,2378.4,2,0,Snow,6.05,7,4,Port Strike,8.92,0.888,0.374,0.44,1.0,1,43.5
SHP101871,Shanghai,Chicago,UPS,Road,2024-04-08,2024-04-16,8,11,Customs Hold,2199.34,2,0,Heavy Rain,5.01,9,9,Natural Disaster,10.47,0.87,0.373,0.13,1.0,1,54.7
SHP101872,Rotterdam,London,DHL,Rail,2023-10-03,2023-10-12,9,5,In Transit,3947.52,3,0,Heavy Rain,5.14,3,10,Port Strike,8.98,0.9,0.216,0.14,0.8226,1,72.5
SHP101873,Shanghai,Singapore,FedEx,Sea,2023-08-02,2023-08-29,27,32,Delayed,4689.1,5,1,Snow,5.53,4,10,Natural Disaster,9.59,0.952,0.08,0.27,0.924,1,32.1
SHP101874,Shanghai,New York,DB Schenker,Rail,2024-04-18,2024-04-28,10,2,In Transit,4436.81,1,1,Fog,3.53,5,1,Equipment Failure,6.09,0.873,0.089,0.35,0.9202,1,36.5
SHP101875,Los Angeles,Tokyo,UPS,Rail,2023-08-06,2023-08-13,7,10,Out for Delivery,2394.49,3,0,Fog,4.25,2,6,Natural Disaster,9.89,0.929,0.351,0.25,1.0,1,16.4
SHP101876,Rotterdam,Sydney,FedEx,Air,2024-02-22,2024-02-24,2,7,Delayed,2551.57,1,0,Storm,8.19,3,10,None,0.0,0.917,0.248,0.2,1.0,1,25.2
SHP101877,Dubai,Sydney,DB Schenker,Rail,2024-01-06,2024-01-19,13,17,Out for Delivery,3040.2,3,1,Storm,7.68,2,3,Traffic Jam,3.74,0.883,0.219,0.23,0.9876,1,58.2
SHP101878,Mumbai,Singapore,FedEx,Air,2024-06-13,2024-06-15,2,0,At Port,4539.17,1,0,Storm,8.44,4,7,Traffic Jam,3.61,0.94,0.325,0.19,0.9166,1,77.0
SHP101879,Rotterdam,New York,DHL,Sea,2024-09-07,2024-10-04,27,10,At Port,2377.57,1,0,Rain,2.49,5,1,None,0.0,0.901,0.252,0.22,0.6588,1,27.7
SHP101880,Rotterdam,Sydney,DHL,Sea,2024-03-05,2024-04-06,32,4,In Transit,4983.85,4,0,Storm,8.46,3,8,Port Strike,8.74,0.878,0.205,0.2,0.9274,1,72.7
SHP101881,Dubai,Singapore,XPO Logistics,Sea,2023-10-05,2023-11-07,33,5,Customs Hold,1672.75,3,0,Snow,5.83,6,10,Port Strike,8.62,0.811,0.07,0.15,0.887,1,79.0
SHP101882,Rotterdam,Singapore,DB Schenker,Road,2024-06-25,2024-07-05,10,8,Out for Delivery,4950.84,5,1,Rain,1.89,9,9,Equipment Failure,6.05,0.884,0.182,0.19,0.869,1,52.3
SHP101883,Shanghai,Chicago,Maersk,Rail,2023-11-01,2023-11-13,12,1,Customs Hold,2290.48,2,1,Fog,3.79,2,5,None,0.29,0.849,0.119,0.34,0.5901,1,10.9
SHP101884,Los Angeles,Tokyo,UPS,Sea,2023-03-07,2023-04-04,28,10,Delayed,1909.46,3,0,Fog,3.55,5,2,Natural Disaster,10.37,0.895,0.113,0.25,0.8987,1,24.7
SHP101885,Rotterdam,London,DB Schenker,Air,2024-06-19,2024-06-21,2,7,Customs Hold,4190.28,2,0,Heavy Rain,5.22,3,10,Natural Disaster,9.69,0.869,0.269,0.11,1.0,1,94.7
SHP101886,Mumbai,Sydney,DB Schenker,Rail,2023-09-08,2023-09-16,8,8,Out for Delivery,1038.54,4,0,Blizzard,9.23,5,9,Natural Disaster,10.4,0.853,0.322,0.3,1.0,1,27.8
SHP101887,Hamburg,London,XPO Logistics,Rail,2024-06-12,2024-06-23,11,12,Customs Hold,4818.93,3,0,Heavy Rain,4.78,5,5,Equipment Failure,6.28,0.801,0.105,0.1,0.9303,1,74.0
SHP101888,Rotterdam,Singapore,UPS,Road,2024-10-30,2024-11-04,5,8,In Transit,3949.39,1,0,Rain,2.2,7,1,None,0.42,0.888,0.082,0.41,0.815,1,65.2
SHP101889,Los Angeles,London,Maersk,Road,2024-02-13,2024-02-16,3,1,In Transit,3186.5,3,0,Heavy Rain,4.69,8,2,Traffic Jam,3.8,0.817,0.381,0.15,0.9366,1,49.0
SHP101890,Los Angeles,Singapore,DHL,Rail,2023-04-06,2023-04-16,10,7,Delayed,2239.01,3,1,Fog,3.94,4,5,Natural Disaster,9.52,0.896,0.23,0.42,1.0,1,13.6
SHP101891,Dubai,Singapore,DHL,Road,2023-10-16,2023-10-22,6,8,In Transit,1060.15,2,1,Snow,6.44,9,6,Natural Disaster,10.17,0.88,0.263,0.15,1.0,1,39.3
SHP101892,Los Angeles,Tokyo,Maersk,Air,2023-08-14,2023-08-18,4,6,Customs Hold,4136.86,2,0,Blizzard,8.58,2,5,None,0.01,0.848,0.249,0.25,0.9964,1,36.4
SHP101893,Dubai,Tokyo,DHL,Road,2024-11-15,2024-11-25,10,2,Delayed,3694.99,2,0,Rain,2.46,8,2,Equipment Failure,5.95,0.898,0.147,0.44,0.9448,1,71.5
SHP101894,Mumbai,Singapore,UPS,Air,2023-01-19,2023-01-23,4,0,At Port,115.91,5,1,Blizzard,8.82,3,7,Traffic Jam,3.85,0.912,0.07,0.25,0.6763,1,10.7
SHP101895,Rotterdam,Singapore,UPS,Rail,2023-06-09,2023-06-19,10,3,Customs Hold,1271.25,3,0,Snow,5.81,4,1,Natural Disaster,10.33,0.904,0.069,0.2,0.8903,1,10.2
SHP101896,Hamburg,Singapore,DHL,Air,2024-04-28,2024-05-03,5,10,At Port,795.71,5,1,Heavy Rain,4.54,3,3,None,0.26,0.892,0.099,0.32,0.8345,1,15.7
SHP101897,Los Angeles,Singapore,UPS,Road,2023-06-01,2023-06-09,8,12,Out for Delivery,3864.51,5,0,Snow,6.05,7,10,Natural Disaster,10.31,0.884,0.246,0.39,1.0,1,12.4
SHP101898,Rotterdam,Singapore,UPS,Air,2023-12-28,2024-01-02,5,2,At Port,2228.77,5,0,Fog,4.36,3,4,Equipment Failure,6.23,0.915,0.336,0.27,0.8551,1,6.1
SHP101899,Shanghai,Chicago,DB Schenker,Rail,2024-11-27,2024-12-11,14,9,Out for Delivery,497.48,4,1,Snow,6.17,5,3,Equipment Failure,5.5,0.859,0.099,0.32,0.9922,1,37.8
SHP101900,Mumbai,Tokyo,FedEx,Air,2023-12-16,2023-12-19,3,0,Customs Hold,4978.06,4,0,Clear,0.0,1,5,Natural Disaster,10.33,0.963,0.369,0.32,0.7575,1,46.4
SHP101901,Shanghai,London,UPS,Road,2023-08-30,2023-09-03,4,9,Out for Delivery,3405.81,5,0,Clear,0.0,6,3,Natural Disaster,10.26,0.91,0.206,0.37,1.0,1,72.1
SHP101902,Rotterdam,Singapore,UPS,Sea,2024-03-01,2024-03-27,26,1,Delayed,1240.2,5,0,Clear,0.0,6,1,Natural Disaster,9.87,0.884,0.396,0.22,0.9567,1,6.7
SHP101903,Shanghai,New York,XPO Logistics,Rail,2023-08-15,2023-08-24,9,9,In Transit,4747.03,2,1,Snow,6.45,4,5,Equipment Failure,6.24,0.836,0.353,0.35,1.0,1,8.2
SHP101904,Los Angeles,London,DB Schenker,Sea,2023-05-24,2023-06-15,22,26,In Transit,2457.47,2,1,Storm,7.97,3,8,Natural Disaster,10.29,0.866,0.043,0.23,0.92,1,49.3
SHP101905,Rotterdam,London,FedEx,Road,2023-02-10,2023-02-15,5,8,In Transit,1357.48,4,1,Fog,4.31,6,6,None,0.16,0.908,0.193,0.35,0.8602,1,62.5
SHP101906,Rotterdam,Singapore,UPS,Rail,2023-01-22,2023-02-05,14,10,Out for Delivery,3804.88,5,0,Storm,8.42,5,1,Equipment Failure,6.48,0.888,0.337,0.43,1.0,1,72.8
SHP101907,Mumbai,Chicago,UPS,Rail,2023-02-14,2023-02-24,10,6,Out for Delivery,1963.55,2,1,Rain,1.76,3,1,Port Strike,8.96,0.909,0.032,0.11,0.6588,1,24.7
SHP101908,Los Angeles,Sydney,UPS,Sea,2023-04-02,2023-04-26,24,2,At Port,2373.76,1,0,Storm,7.64,4,3,Traffic Jam,4.34,0.941,0.153,0.12,0.7072,1,66.7
SHP101909,Hamburg,Singapore,DHL,Air,2023-09-22,2023-09-24,2,1,At Port,4613.0,4,0,Blizzard,8.52,3,6,None,0.0,0.9,0.171,0.35,0.8587,1,12.3
SHP101910,Hamburg,Sydney,FedEx,Rail,2024-08-01,2024-08-14,13,7,At Port,2260.27,1,0,Clear,0.0,5,2,None,0.33,0.929,0.192,0.27,0.5686,1,51.3
SHP101911,Rotterdam,Sydney,DB Schenker,Rail,2023-04-14,2023-04-26,12,9,Out for Delivery,4626.96,4,1,Storm,7.69,5,8,Traffic Jam,3.69,0.847,0.086,0.2,0.8885,1,62.7
SHP101912,Hamburg,Singapore,DB Schenker,Road,2023-02-04,2023-02-10,6,11,In Transit,3980.21,4,0,Storm,8.18,6,1,Natural Disaster,9.85,0.874,0.266,0.41,1.0,1,37.6
SHP101913,Shanghai,Chicago,DB Schenker,Rail,2023-03-01,2023-03-10,9,5,Customs Hold,1150.9,2,0,Rain,2.2,4,6,Port Strike,9.14,0.866,0.391,0.32,1.0,1,14.2
SHP101914,Hamburg,Singapore,DB Schenker,Air,2024-06-05,2024-06-07,2,0,Delayed,1370.92,2,0,Rain,1.69,1,5,Equipment Failure,5.58,0.851,0.218,0.22,0.6439,1,27.5
SHP101915,Los Angeles,Sydney,DB Schenker,Air,2024-09-22,2024-09-25,3,4,At Port,103.44,2,1,Storm,8.2,4,5,Natural Disaster,9.59,0.883,0.224,0.24,1.0,1,31.7
SHP101916,Los Angeles,London,DB Schenker,Sea,2023-08-30,2023-10-03,34,38,Customs Hold,2782.66,1,0,Storm,8.08,5,10,Equipment Failure,6.17,0.865,0.233,0.14,0.9443,1,28.2
SHP101917,Hamburg,Sydney,DHL,Rail,2023-04-15,2023-04-24,9,10,Delayed,2211.9,5,0,Rain,2.41,5,2,Port Strike,8.72,0.894,0.023,0.44,0.9323,1,27.5
SHP101918,Mumbai,Sydney,UPS,Sea,2024-09-17,2024-10-21,34,26,Customs Hold,1638.86,3,1,Heavy Rain,4.87,6,9,Natural Disaster,9.87,0.904,0.27,0.3,1.0,1,8.6
SHP101919,Dubai,Tokyo,FedEx,Air,2023-09-24,2023-09-28,4,6,Out for Delivery,232.79,4,0,Blizzard,9.02,1,8,Natural Disaster,10.17,0.898,0.065,0.18,1.0,1,23.7
SHP101920,Rotterdam,Tokyo,DB Schenker,Sea,2023-05-10,2023-06-14,35,0,Customs Hold,533.61,4,0,Heavy Rain,5.31,5,5,Traffic Jam,3.92,0.849,0.335,0.14,0.7663,1,11.4
SHP101921,Dubai,Chicago,XPO Logistics,Air,2023-10-27,2023-11-01,5,9,In Transit,673.78,1,1,Snow,6.44,3,1,None,0.0,0.801,0.394,0.28,1.0,1,12.6
SHP101922,Mumbai,Sydney,XPO Logistics,Air,2023-12-13,2023-12-16,3,4,Out for Delivery,3668.26,5,0,Storm,8.44,1,9,Equipment Failure,5.5,0.827,0.093,0.3,1.0,1,57.0
SHP101923,Shanghai,Sydney,UPS,Air,2023-11-30,2023-12-04,4,7,At Port,2750.91,2,1,Fog,4.32,3,3,Natural Disaster,10.47,0.895,0.219,0.29,1.0,1,34.8
SHP101924,Hamburg,Sydney,FedEx,Air,2024-08-16,2024-08-18,2,3,At Port,3929.99,2,0,Clear,0.0,2,8,Traffic Jam,3.9,0.938,0.219,0.29,0.737,1,7.8
SHP101925,Hamburg,New York,Maersk,Air,2023-03-06,2023-03-11,5,9,In Transit,4960.68,5,0,Blizzard,8.89,1,2,Equipment Failure,5.57,0.803,0.343,0.23,1.0,1,46.1
SHP101926,Dubai,London,Maersk,Sea,2024-08-31,2024-09-22,22,10,At Port,3224.5,4,0,Snow,5.81,4,9,Port Strike,8.89,0.812,0.233,0.35,1.0,1,61.4
SHP101927,Los Angeles,Chicago,FedEx,Air,2023-09-03,2023-09-07,4,2,At Port,3313.23,1,0,Rain,1.76,2,7,Port Strike,9.32,0.943,0.057,0.33,0.7253,1,27.2
SHP101928,Rotterdam,Sydney,UPS,Sea,2024-08-24,2024-09-13,20,25,In Transit,935.92,1,0,Snow,6.43,5,3,Port Strike,8.97,0.938,0.145,0.12,0.8385,1,25.8
SHP101929,Los Angeles,Chicago,FedEx,Air,2024-04-29,2024-05-02,3,8,At Port,2763.36,2,1,Fog,3.77,3,7,None,0.0,0.91,0.35,0.12,0.8971,1,33.4
SHP101930,Rotterdam,New York,Maersk,Sea,2024-07-24,2024-08-22,29,5,In Transit,1651.21,2,0,Blizzard,9.36,5,10,None,0.19,0.829,0.27,0.26,0.9118,1,77.1
SHP101931,Mumbai,Chicago,FedEx,Road,2023-01-14,2023-01-22,8,1,Delayed,3392.08,4,0,Blizzard,9.36,8,5,Equipment Failure,5.79,0.93,0.265,0.35,1.0,1,18.2
SHP101932,Los Angeles,New York,DB Schenker,Air,2023-05-23,2023-05-27,4,9,Delayed,2290.66,3,0,Snow,5.97,4,8,Natural Disaster,10.34,0.904,0.222,0.41,1.0,1,91.7
SHP101933,Shanghai,Singapore,DB Schenker,Sea,2024-11-16,2024-12-07,21,22,Out for Delivery,4446.94,3,0,Storm,7.77,6,1,Port Strike,9.27,0.862,0.051,0.21,1.0,1,10.1
SHP101934,Hamburg,London,DHL,Air,2024-05-03,2024-05-07,4,6,Out for Delivery,694.34,3,1,Blizzard,9.25,4,6,Equipment Failure,6.46,0.924,0.157,0.1,0.9043,1,50.8
SHP101935,Mumbai,Chicago,UPS,Air,2023-10-01,2023-10-06,5,4,Delayed,1703.19,3,0,Blizzard,8.61,1,7,Natural Disaster,9.68,0.927,0.154,0.12,0.8285,1,22.8
SHP101936,Mumbai,Chicago,DB Schenker,Road,2024-10-12,2024-10-22,10,9,Customs Hold,202.34,4,0,Fog,3.81,6,4,Traffic Jam,4.25,0.883,0.101,0.22,0.7456,1,48.0
SHP101937,Shanghai,Chicago,FedEx,Rail,2024-10-22,2024-11-03,12,8,In Transit,3338.83,5,1,Rain,2.44,3,2,Equipment Failure,6.43,0.934,0.078,0.19,0.6905,1,56.8
SHP101938,Mumbai,Singapore,FedEx,Air,2024-01-22,2024-01-27,5,6,At Port,4973.85,1,0,Clear,0.12,1,8,None,0.02,0.935,0.249,0.4,0.7009,1,47.4
SHP101939,Rotterdam,Tokyo,Maersk,Road,2024-05-06,2024-05-12,6,6,At Port,3369.63,5,0,Rain,1.59,9,6,Traffic Jam,3.88,0.875,0.388,0.38,1.0,1,23.0
SHP101940,Rotterdam,Sydney,XPO Logistics,Road,2024-04-02,2024-04-10,8,10,Customs Hold,4632.22,3,0,Snow,5.52,8,9,None,0.0,0.888,0.044,0.34,0.9056,1,49.3
SHP101941,Mumbai,Sydney,DB Schenker,Road,2024-10-17,2024-10-21,4,0,Out for Delivery,546.01,3,0,Fog,4.37,6,10,None,0.19,0.855,0.112,0.3,0.7165,1,53.6
SHP101942,Los Angeles,Tokyo,DB Schenker,Sea,2024-06-12,2024-07-05,23,10,Customs Hold,513.87,3,0,Rain,1.6,6,4,Traffic Jam,4.31,0.874,0.197,0.25,0.7798,1,46.6
SHP101943,Rotterdam,Sydney,DHL,Sea,2023-06-07,2023-06-28,21,20,Delayed,1162.46,4,0,Snow,6.02,3,8,None,0.0,0.894,0.317,0.12,0.7132,1,21.9
SHP101944,Hamburg,Tokyo,XPO Logistics,Rail,2023-08-02,2023-08-13,11,2,In Transit,1345.28,1,0,Rain,2.09,5,6,Natural Disaster,9.67,0.823,0.077,0.11,0.7325,1,66.8
SHP101945,Shanghai,Sydney,DHL,Sea,2023-02-14,2023-03-13,27,24,Delayed,178.14,3,0,Fog,3.64,4,3,Traffic Jam,4.16,0.929,0.078,0.22,0.7106,1,63.6
SHP101946,Los Angeles,London,FedEx,Rail,2024-09-19,2024-10-01,12,16,In Transit,2812.26,4,0,Clear,0.0,3,6,Port Strike,8.55,0.929,0.207,0.17,0.7669,1,19.7
SHP101947,Los Angeles,Tokyo,Maersk,Sea,2024-07-22,2024-08-25,34,16,At Port,3583.0,3,1,Heavy Rain,5.28,5,1,Equipment Failure,5.89,0.87,0.233,0.25,0.9028,1,63.2
SHP101948,Hamburg,London,DB Schenker,Air,2024-02-20,2024-02-25,5,4,Delayed,3908.96,3,0,Fog,3.87,1,7,Port Strike,8.81,0.87,0.147,0.1,0.8507,1,54.5
SHP101949,Los Angeles,Chicago,Maersk,Rail,2023-06-23,2023-07-04,11,7,Customs Hold,3695.07,1,0,Rain,2.19,2,8,Port Strike,9.33,0.87,0.344,0.4,1.0,1,40.4
SHP101950,Hamburg,Tokyo,DB Schenker,Air,2023-05-31,2023-06-02,2,2,In Transit,1490.08,3,0,Blizzard,9.05,1,5,Traffic Jam,4.22,0.876,0.07,0.19,0.7816,1,23.1
SHP101951,Rotterdam,London,DHL,Road,2023-08-25,2023-08-28,3,1,Customs Hold,307.33,3,1,Clear,0.44,7,4,Port Strike,9.17,0.898,0.121,0.29,0.9087,1,51.8
SHP101952,Dubai,London,UPS,Sea,2024-01-25,2024-02-27,33,37,Customs Hold,4341.07,5,1,Fog,4.02,6,9,Traffic Jam,4.3,0.904,0.129,0.36,0.9977,1,58.1
SHP101953,Los Angeles,London,Maersk,Air,2023-07-13,2023-07-15,2,6,Out for Delivery,2349.68,4,0,Clear,0.0,2,6,Equipment Failure,5.69,0.851,0.066,0.27,1.0,1,43.9
SHP101954,Mumbai,Singapore,DHL,Rail,2023-10-26,2023-11-09,14,14,Customs Hold,2970.24,2,0,Fog,3.68,4,7,Port Strike,9.0,0.901,0.044,0.17,0.8658,1,19.7
SHP101955,Hamburg,Chicago,DHL,Sea,2023-07-21,2023-08-13,23,10,At Port,4993.36,1,0,Snow,5.64,3,1,None,0.36,0.886,0.131,0.37,0.7603,1,9.7
SHP101956,Los Angeles,Tokyo,DHL,Sea,2024-01-14,2024-02-15,32,36,At Port,983.48,2,1,Rain,2.41,5,10,Traffic Jam,3.91,0.896,0.079,0.25,0.816,1,25.3
SHP101957,Los Angeles,London,UPS,Sea,2024-04-02,2024-04-22,20,7,Customs Hold,1727.15,2,1,Snow,6.24,5,9,Equipment Failure,5.86,0.912,0.151,0.3,0.8388,1,14.8
SHP101958,Hamburg,Singapore,XPO Logistics,Sea,2023-01-05,2023-01-25,20,16,In Transit,1344.75,1,0,Clear,0.0,6,10,Natural Disaster,10.25,0.839,0.084,0.35,0.975,1,70.8
SHP101959,Dubai,Sydney,UPS,Air,2024-08-08,2024-08-11,3,2,At Port,1775.76,3,1,Snow,6.18,3,1,Natural Disaster,9.6,0.905,0.062,0.41,1.0,1,22.0
SHP101960,Los Angeles,New York,DHL,Rail,2024-10-22,2024-11-03,12,12,Delayed,117.8,2,0,Storm,7.7,4,4,Natural Disaster,9.79,0.888,0.311,0.16,1.0,1,30.4
SHP101961,Dubai,Singapore,DHL,Sea,2023-10-30,2023-11-26,27,30,Delayed,2667.72,4,0,Snow,6.34,5,6,None,0.0,0.9,0.251,0.15,0.7701,1,47.5
SHP101962,Dubai,Tokyo,DHL,Air,2023-06-17,2023-06-22,5,7,Customs Hold,2333.67,1,0,Rain,1.94,4,4,Traffic Jam,3.66,0.883,0.177,0.2,0.7733,1,36.7
SHP101963,Shanghai,Singapore,FedEx,Air,2023-10-29,2023-11-02,4,6,In Transit,1397.69,1,0,Clear,0.0,1,1,Port Strike,8.98,0.907,0.292,0.36,0.9755,1,78.4
SHP101964,Dubai,Singapore,FedEx,Rail,2023-03-15,2023-03-26,11,6,Customs Hold,375.66,2,0,Snow,5.79,4,5,Port Strike,8.57,0.97,0.194,0.15,0.8019,1,31.5
SHP101965,Shanghai,London,FedEx,Road,2024-07-16,2024-07-25,9,0,At Port,2015.99,3,0,Fog,4.31,6,2,Natural Disaster,9.76,0.923,0.107,0.19,0.7666,1,12.9
SHP101966,Dubai,London,Maersk,Rail,2023-03-08,2023-03-16,8,1,In Transit,3757.15,2,0,Snow,5.58,5,5,Port Strike,9.22,0.86,0.342,0.16,1.0,1,29.7
SHP101967,Shanghai,Sydney,FedEx,Rail,2024-05-25,2024-06-04,10,3,Out for Delivery,3239.93,5,0,Clear,0.0,2,1,Traffic Jam,3.51,0.923,0.075,0.17,0.4329,0,0.0
SHP101968,Los Angeles,Singapore,XPO Logistics,Sea,2024-06-13,2024-07-02,19,10,Out for Delivery,1188.14,5,0,Clear,0.0,3,10,Equipment Failure,5.51,0.831,0.374,0.13,0.7693,1,62.3
SHP101969,Rotterdam,New York,XPO Logistics,Road,2024-09-17,2024-09-27,10,4,In Transit,3113.3,3,0,Clear,0.14,9,10,Equipment Failure,5.81,0.81,0.049,0.4,0.8979,1,26.8
SHP101970,Hamburg,Tokyo,XPO Logistics,Road,2024-03-12,2024-03-22,10,13,In Transit,2827.85,2,0,Rain,2.34,8,2,Natural Disaster,10.38,0.802,0.034,0.29,1.0,1,68.9
SHP101971,Mumbai,London,UPS,Sea,2024-05-19,2024-06-21,33,29,In Transit,416.68,3,0,Snow,5.99,4,4,Natural Disaster,9.55,0.903,0.252,0.19,1.0,1,23.2
SHP101972,Shanghai,Tokyo,Maersk,Sea,2024-11-18,2024-12-19,31,24,In Transit,3222.24,4,1,Fog,3.95,4,3,Port Strike,9.47,0.848,0.299,0.31,1.0,1,11.2
SHP101973,Dubai,Chicago,Maersk,Rail,2024-07-21,2024-07-28,7,11,In Transit,2087.39,5,0,Clear,0.17,5,1,None,0.0,0.823,0.308,0.24,0.8263,1,21.2
SHP101974,Rotterdam,Chicago,XPO Logistics,Road,2024-02-19,2024-02-22,3,5,In Transit,215.73,2,0,Storm,8.15,8,9,Natural Disaster,9.55,0.859,0.251,0.2,1.0,1,38.5
SHP101975,Dubai,Singapore,DB Schenker,Air,2023-10-30,2023-11-03,4,2,Out for Delivery,4843.38,5,1,Heavy Rain,4.89,3,10,Natural Disaster,9.68,0.869,0.262,0.15,0.9792,1,41.0
SHP101976,Rotterdam,New York,XPO Logistics,Air,2023-08-04,2023-08-09,5,3,Out for Delivery,2177.55,4,0,Fog,3.95,3,2,Equipment Failure,6.46,0.862,0.056,0.3,0.9108,1,35.9
SHP101977,Dubai,Singapore,FedEx,Road,2023-12-14,2023-12-22,8,5,Customs Hold,179.37,4,0,Blizzard,8.63,7,9,Natural Disaster,9.55,0.902,0.225,0.15,1.0,1,91.2
SHP101978,Shanghai,London,Maersk,Rail,2024-03-28,2024-04-09,12,6,Out for Delivery,1010.1,3,0,Fog,3.58,4,8,Natural Disaster,10.16,0.852,0.393,0.19,1.0,1,50.7
SHP101979,Rotterdam,New York,DHL,Air,2023-01-27,2023-01-30,3,1,Delayed,48.64,4,0,Fog,4.3,1,2,None,0.35,0.918,0.118,0.28,0.5649,1,32.7
SHP101980,Los Angeles,Sydney,XPO Logistics,Road,2023-03-28,2023-04-06,9,4,In Transit,4793.07,4,0,Storm,7.78,8,2,Natural Disaster,10.21,0.827,0.357,0.36,1.0,1,17.3
SHP101981,Hamburg,Sydney,XPO Logistics,Rail,2023-01-20,2023-01-29,9,11,Customs Hold,4514.24,2,0,Storm,7.68,4,10,None,0.0,0.806,0.294,0.4,1.0,1,40.5
SHP101982,Rotterdam,Sydney,UPS,Sea,2024-04-05,2024-05-04,29,34,Customs Hold,3659.72,2,0,Snow,5.79,6,5,Equipment Failure,6.28,0.924,0.135,0.24,0.9298,1,61.6
SHP101983,Mumbai,London,Maersk,Air,2024-06-08,2024-06-12,4,7,At Port,65.64,1,0,Blizzard,9.25,1,10,None,0.0,0.833,0.117,0.29,0.9028,1,81.2
SHP101984,Hamburg,Singapore,Maersk,Road,2023-10-30,2023-11-07,8,12,Customs Hold,221.6,4,0,Blizzard,8.61,9,10,Port Strike,9.24,0.9,0.332,0.27,1.0,1,40.0
SHP101985,Mumbai,Tokyo,DB Schenker,Rail,2023-11-14,2023-11-26,12,17,At Port,3130.22,3,0,Snow,6.06,4,5,Port Strike,9.14,0.888,0.036,0.19,0.9755,1,66.4
SHP101986,Rotterdam,Chicago,Maersk,Sea,2024-01-22,2024-02-09,18,9,At Port,4329.01,2,0,Rain,1.54,6,9,Traffic Jam,4.49,0.834,0.09,0.2,0.7226,1,47.4
SHP101987,Hamburg,New York,Maersk,Air,2024-09-24,2024-09-26,2,6,Delayed,897.15,1,0,Fog,3.56,2,6,None,0.0,0.857,0.399,0.42,1.0,1,60.3
SHP101988,Dubai,Singapore,UPS,Road,2024-06-04,2024-06-14,10,3,Out for Delivery,2632.04,2,0,Blizzard,9.41,8,5,None,0.0,0.902,0.194,0.15,0.8231,1,8.3
SHP101989,Hamburg,Chicago,UPS,Air,2024-03-14,2024-03-19,5,0,In Transit,3261.73,1,1,Storm,8.47,3,7,Equipment Failure,6.41,0.927,0.262,0.27,0.9196,1,76.6
SHP101990,Hamburg,London,Maersk,Air,2024-04-28,2024-05-02,4,6,Out for Delivery,3263.09,3,1,Rain,1.82,4,3,Traffic Jam,4.14,0.849,0.213,0.1,0.7577,1,25.1
SHP101991,Los Angeles,New York,Maersk,Sea,2024-05-22,2024-06-15,24,2,Delayed,4490.82,1,0,Snow,5.53,6,5,Traffic Jam,4.27,0.847,0.246,0.33,1.0,1,11.5
SHP101992,Dubai,Chicago,DHL,Road,2023-07-27,2023-08-01,5,8,Delayed,4694.53,3,1,Snow,6.06,9,4,Equipment Failure,5.83,0.89,0.02,0.27,1.0,1,74.6
SHP101993,Los Angeles,Tokyo,FedEx,Sea,2023-05-11,2023-06-11,31,21,Delayed,3371.21,3,0,Heavy Rain,5.17,6,5,None,0.0,0.926,0.161,0.25,0.7281,1,5.3
SHP101994,Los Angeles,Chicago,XPO Logistics,Sea,2024-09-27,2024-10-25,28,19,At Port,1790.58,4,0,Storm,8.19,5,8,Traffic Jam,3.83,0.822,0.356,0.25,1.0,1,60.9
SHP101995,Dubai,New York,FedEx,Rail,2023-06-18,2023-06-28,10,10,Delayed,1357.46,2,0,Blizzard,9.37,5,9,Equipment Failure,6.38,0.929,0.312,0.12,0.9686,1,25.4
SHP101996,Hamburg,Chicago,DB Schenker,Rail,2023-11-15,2023-11-22,7,2,Customs Hold,3181.54,5,0,Fog,3.76,2,10,Traffic Jam,3.92,0.821,0.22,0.21,0.7001,1,38.2
SHP101997,Mumbai,Sydney,DHL,Road,2023-11-11,2023-11-15,4,5,Customs Hold,325.36,2,1,Storm,7.98,6,7,Port Strike,8.91,0.869,0.339,0.3,1.0,1,25.0
SHP101998,Mumbai,New York,DHL,Rail,2023-01-21,2023-02-03,13,13,Customs Hold,3615.04,5,1,Clear,0.0,3,9,Traffic Jam,4.17,0.86,0.171,0.21,0.7504,1,36.9
SHP101999,Mumbai,London,XPO Logistics,Air,2023-11-16,2023-11-21,5,7,At Port,460.47,4,0,Rain,2.43,4,7,Port Strike,9.49,0.785,0.193,0.25,1.0,1,52.7
SHP102000,Rotterdam,Tokyo,Maersk,Sea,2024-01-15,2024-02-08,24,19,Out for Delivery,1705.92,3,0,Storm,7.53,4,4,Equipment Failure,5.57,0.794,0.315,0.2,1.0,1,95.6
SHP102001,Mumbai,New York,FedEx,Road,2023-07-05,2023-07-09,4,1,Out for Delivery,987.5,5,0,Fog,4.47,9,7,Port Strike,8.93,0.887,0.199,0.39,1.0,1,24.9
SHP102002,Mumbai,Tokyo,UPS,Sea,2024-02-14,2024-03-08,23,0,At Port,3490.69,3,1,Rain,1.74,4,6,Port Strike,8.59,0.941,0.058,0.39,0.7012,1,24.9
SHP102003,Rotterdam,New York,UPS,Road,2024-04-27,2024-05-01,4,0,At Port,1649.09,2,0,Blizzard,9.23,8,5,Natural Disaster,9.69,0.894,0.045,0.29,1.0,1,41.0
SHP102004,Hamburg,Sydney,Maersk,Sea,2023-08-29,2023-09-25,27,32,Delayed,698.51,5,0,Fog,3.9,4,4,Natural Disaster,10.28,0.854,0.347,0.36,1.0,1,39.9
SHP102005,Dubai,New York,UPS,Sea,2024-09-22,2024-10-12,20,8,At Port,2879.47,1,0,Heavy Rain,5.14,5,3,Port Strike,9.1,0.863,0.204,0.12,0.939,1,48.1
SHP102006,Hamburg,New York,FedEx,Sea,2023-06-04,2023-06-23,19,0,In Transit,2173.17,1,0,Rain,2.18,5,7,Equipment Failure,6.44,0.929,0.206,0.32,0.7034,1,50.0
SHP102007,Mumbai,Chicago,FedEx,Sea,2023-01-07,2023-02-02,26,1,In Transit,1310.32,4,0,Heavy Rain,4.7,5,6,None,0.0,0.947,0.02,0.17,0.4626,0,0.0
SHP102008,Shanghai,Singapore,FedEx,Air,2023-12-07,2023-12-10,3,6,Out for Delivery,3217.39,4,0,Heavy Rain,5.12,1,2,Equipment Failure,5.57,0.955,0.164,0.31,0.7992,1,73.4
SHP102009,Rotterdam,London,FedEx,Road,2024-10-11,2024-10-14,3,1,At Port,3120.53,1,0,Heavy Rain,4.61,6,7,Equipment Failure,6.48,0.899,0.271,0.22,0.933,1,23.3
SHP102010,Los Angeles,Tokyo,XPO Logistics,Sea,2023-08-01,2023-08-20,19,1,Out for Delivery,4635.37,2,0,Fog,3.83,3,7,Natural Disaster,9.68,0.848,0.313,0.25,0.9894,1,82.9
SHP102011,Los Angeles,Chicago,Maersk,Air,2024-07-18,2024-07-22,4,6,Out for Delivery,499.16,3,0,Storm,8.22,1,8,Traffic Jam,4.39,0.838,0.263,0.4,1.0,1,39.3
SHP102012,Rotterdam,New York,XPO Logistics,Air,2023-03-17,2023-03-22,5,10,Customs Hold,2653.45,4,0,Fog,4.48,2,9,Equipment Failure,6.01,0.87,0.336,0.13,0.9952,1,29.4
SHP102013,Hamburg,Chicago,UPS,Sea,2024-06-11,2024-07-09,28,32,At Port,767.45,1,0,Clear,0.32,3,4,None,0.0,0.917,0.192,0.17,0.4801,0,0.0
SHP102014,Rotterdam,Chicago,Maersk,Road,2023-03-05,2023-03-15,10,2,At Port,3718.25,1,0,Heavy Rain,4.52,8,6,Port Strike,8.62,0.855,0.124,0.2,0.9137,1,25.4
SHP102015,Dubai,Sydney,FedEx,Rail,2023-10-10,2023-10-19,9,10,In Transit,1634.48,3,0,Clear,0.43,2,3,None,0.08,0.925,0.278,0.41,0.7773,1,53.6
SHP102016,Mumbai,London,UPS,Road,2023-10-03,2023-10-13,10,2,Delayed,548.39,4,0,Clear,0.0,7,8,Traffic Jam,3.65,0.916,0.117,0.14,0.5379,1,46.1
SHP102017,Los Angeles,Chicago,DHL,Sea,2024-09-05,2024-10-03,28,4,Out for Delivery,385.54,1,0,Blizzard,9.29,5,1,None,0.42,0.903,0.341,0.28,0.9325,1,65.1
SHP102018,Hamburg,Singapore,FedEx,Air,2024-01-26,2024-01-30,4,3,Delayed,1965.71,3,0,Storm,8.15,2,5,Equipment Failure,5.81,0.93,0.132,0.24,0.8831,1,19.2
SHP102019,Rotterdam,New York,XPO Logistics,Rail,2024-10-20,2024-11-04,15,18,Out for Delivery,2623.78,2,0,Snow,6.23,4,5,Equipment Failure,6.26,0.831,0.37,0.1,1.0,1,45.2
SHP102020,Hamburg,Sydney,DHL,Road,2023-03-29,2023-04-08,10,14,Delayed,2544.92,5,0,Storm,8.45,8,8,Port Strike,9.42,0.88,0.367,0.3,1.0,1,39.6
SHP102021,Los Angeles,New York,DB Schenker,Road,2023-06-21,2023-06-27,6,2,At Port,2673.94,5,0,Heavy Rain,4.63,8,3,Traffic Jam,4.28,0.885,0.202,0.15,0.8432,1,6.8
SHP102022,Hamburg,Chicago,FedEx,Rail,2023-04-19,2023-04-26,7,4,Customs Hold,3608.47,2,0,Storm,8.02,2,7,Traffic Jam,3.74,0.893,0.131,0.45,0.9151,1,10.5
SHP102023,Shanghai,London,UPS,Air,2023-04-29,2023-05-01,2,6,Customs Hold,1679.42,3,0,Clear,0.0,2,1,None,0.0,0.904,0.278,0.26,0.8624,1,62.5
SHP102024,Mumbai,Sydney,FedEx,Sea,2024-07-30,2024-08-29,30,28,Delayed,4270.31,1,1,Clear,0.17,6,6,Traffic Jam,3.81,0.914,0.044,0.3,0.6588,1,50.6
SHP102025,Rotterdam,Chicago,Maersk,Rail,2024-02-17,2024-03-03,15,0,Customs Hold,641.12,2,0,Snow,6.41,4,6,Natural Disaster,9.55,0.87,0.381,0.2,1.0,1,11.9
SHP102026,Mumbai,New York,XPO Logistics,Road,2024-08-06,2024-08-11,5,8,Customs Hold,4398.57,5,1,Rain,1.71,9,7,Traffic Jam,4.45,0.845,0.184,0.41,1.0,1,33.7
SHP102027,Los Angeles,Sydney,DB Schenker,Rail,2023-04-25,2023-05-03,8,5,In Transit,2003.55,5,0,Storm,7.63,2,6,None,0.0,0.827,0.142,0.42,0.9253,1,39.1
SHP102028,Hamburg,London,Maersk,Sea,2024-07-04,2024-08-03,30,4,Out for Delivery,337.96,1,1,Heavy Rain,5.05,5,8,Equipment Failure,6.02,0.859,0.029,0.1,0.6336,1,33.9
SHP102029,Dubai,Tokyo,UPS,Air,2023-09-24,2023-09-28,4,3,In Transit,584.08,4,0,Rain,1.91,4,7,Natural Disaster,9.79,0.875,0.225,0.43,1.0,1,42.6
SHP102030,Rotterdam,London,XPO Logistics,Rail,2023-10-30,2023-11-12,13,14,Delayed,4147.74,5,0,Snow,5.87,3,2,Port Strike,8.74,0.862,0.395,0.26,1.0,1,34.6
SHP102031,Mumbai,Tokyo,UPS,Air,2023-10-11,2023-10-15,4,0,Customs Hold,4843.57,3,0,Blizzard,9.22,4,6,Traffic Jam,4.14,0.906,0.336,0.41,1.0,1,95.2
SHP102032,Shanghai,Sydney,DHL,Air,2024-04-27,2024-04-30,3,2,Out for Delivery,4256.42,3,0,Clear,0.0,2,3,Port Strike,8.87,0.867,0.15,0.19,0.7336,1,37.3
SHP102033,Los Angeles,Singapore,DB Schenker,Road,2024-10-27,2024-11-01,5,3,Delayed,1463.21,4,1,Heavy Rain,5.24,7,1,Port Strike,8.63,0.859,0.125,0.11,0.9137,1,8.9
SHP102034,Hamburg,Sydney,UPS,Sea,2023-10-13,2023-11-13,31,28,In Transit,1948.92,3,0,Blizzard,8.87,3,10,None,0.49,0.93,0.39,0.3,0.9307,1,71.7
SHP102035,Shanghai,Tokyo,XPO Logistics,Air,2023-02-12,2023-02-17,5,8,Delayed,4002.01,1,0,Snow,5.85,2,2,Traffic Jam,4.08,0.814,0.12,0.24,0.9437,1,8.5
SHP102036,Rotterdam,Sydney,Maersk,Rail,2024-02-26,2024-03-05,8,13,In Transit,2039.02,5,0,Heavy Rain,5.33,4,3,None,0.0,0.83,0.244,0.14,0.8851,1,47.0
SHP102037,Los Angeles,London,FedEx,Road,2023-07-03,2023-07-06,3,3,Customs Hold,4351.94,5,0,Heavy Rain,5.43,9,10,Port Strike,8.64,0.947,0.197,0.16,0.9963,1,71.8
SHP102038,Mumbai,Tokyo,DHL,Rail,2024-02-06,2024-02-16,10,1,In Transit,1113.0,5,0,Clear,0.0,4,4,Natural Disaster,10.43,0.895,0.077,0.16,0.692,1,13.4
SHP102039,Mumbai,Sydney,UPS,Air,2023-01-31,2023-02-05,5,4,Out for Delivery,524.6,4,0,Heavy Rain,5.05,4,3,Equipment Failure,6.34,0.884,0.372,0.3,1.0,1,35.2
SHP102040,Los Angeles,London,Maersk,Sea,2024-08-07,2024-08-26,19,9,Customs Hold,4286.58,5,0,Snow,5.89,3,3,Equipment Failure,6.17,0.846,0.048,0.21,0.7949,1,23.6
SHP102041,Shanghai,Chicago,XPO Logistics,Air,2024-04-21,2024-04-23,2,0,Out for Delivery,3337.91,4,0,Rain,1.91,2,5,Natural Disaster,9.95,0.823,0.091,0.18,0.8011,1,75.6
SHP102042,Mumbai,New York,UPS,Road,2024-08-30,2024-09-07,8,11,In Transit,1684.26,5,0,Clear,0.17,9,8,Equipment Failure,6.26,0.914,0.049,0.31,0.9568,1,35.7
SHP102043,Dubai,London,XPO Logistics,Rail,2023-03-21,2023-03-30,9,2,Customs Hold,433.65,4,1,Blizzard,9.42,3,8,Equipment Failure,5.57,0.85,0.188,0.29,0.9611,1,38.2
SHP102044,Mumbai,London,DHL,Road,2024-06-16,2024-06-25,9,7,Out for Delivery,2556.47,4,1,Blizzard,9.5,8,4,Equipment Failure,5.7,0.878,0.329,0.12,1.0,1,82.5
SHP102045,Shanghai,Tokyo,XPO Logistics,Sea,2024-02-20,2024-03-25,34,1,Delayed,3079.76,1,1,Storm,7.84,3,6,Equipment Failure,5.69,0.811,0.074,0.11,0.782,1,51.1
SHP102046,Shanghai,Tokyo,Maersk,Air,2023-02-06,2023-02-09,3,4,At Port,877.53,5,0,Rain,2.3,3,4,Equipment Failure,5.68,0.856,0.335,0.26,1.0,1,67.7
SHP102047,Dubai,Singapore,DB Schenker,Road,2023-06-11,2023-06-16,5,3,At Port,427.82,5,0,Heavy Rain,5.37,7,3,Traffic Jam,3.81,0.9,0.278,0.15,0.8238,1,50.3
SHP102048,Shanghai,Singapore,XPO Logistics,Rail,2023-01-27,2023-02-07,11,0,In Transit,2419.78,2,0,Snow,6.22,5,3,Equipment Failure,5.77,0.82,0.135,0.15,0.8136,1,14.8
SHP102049,Mumbai,London,DHL,Rail,2023-04-15,2023-04-24,9,5,Customs Hold,1807.78,3,0,Rain,2.12,3,8,Port Strike,8.69,0.899,0.374,0.37,1.0,1,69.4
SHP102050,Mumbai,Tokyo,XPO Logistics,Air,2024-02-13,2024-02-16,3,3,Delayed,3207.22,2,1,Clear,0.31,1,6,Equipment Failure,6.45,0.837,0.335,0.43,1.0,1,41.6
SHP102051,Los Angeles,Sydney,FedEx,Air,2023-05-18,2023-05-20,2,1,At Port,2163.44,2,0,Clear,0.0,4,7,Port Strike,8.86,0.913,0.041,0.22,0.6746,1,64.6
SHP102052,Shanghai,Sydney,Maersk,Rail,2024-09-25,2024-10-09,14,12,Out for Delivery,4237.81,1,0,Heavy Rain,4.7,4,6,Equipment Failure,6.07,0.862,0.238,0.44,1.0,1,46.5
SHP102053,Shanghai,Singapore,UPS,Sea,2024-09-13,2024-10-14,31,12,Out for Delivery,4835.33,2,0,Rain,2.26,5,5,Traffic Jam,3.65,0.926,0.346,0.15,0.7445,1,58.7
SHP102054,Rotterdam,Sydney,DHL,Air,2023-09-21,2023-09-26,5,5,At Port,1176.13,2,1,Clear,0.09,3,9,Port Strike,9.23,0.914,0.144,0.29,0.8772,1,13.2
SHP102055,Los Angeles,Tokyo,DHL,Road,2024-10-27,2024-11-03,7,1,In Transit,1306.33,3,0,Rain,2.11,6,4,Traffic Jam,3.88,0.873,0.373,0.25,0.7748,1,53.6
SHP102056,Los Angeles,London,DHL,Sea,2024-05-11,2024-06-15,35,2,Out for Delivery,1733.19,3,0,Heavy Rain,5.07,5,9,None,0.05,0.87,0.036,0.22,0.6172,1,41.2
SHP102057,Mumbai,Chicago,XPO Logistics,Air,2023-03-29,2023-04-03,5,9,At Port,555.34,4,0,Snow,5.8,2,9,Equipment Failure,5.84,0.822,0.096,0.36,1.0,1,43.3
SHP102058,Dubai,Tokyo,Maersk,Air,2023-01-12,2023-01-16,4,7,Delayed,20.8,4,0,Clear,0.17,2,5,Natural Disaster,9.58,0.84,0.209,0.23,0.947,1,87.8
SHP102059,Shanghai,London,FedEx,Rail,2023-11-06,2023-11-15,9,9,At Port,3779.68,5,0,Blizzard,9.35,4,2,Equipment Failure,5.93,0.868,0.253,0.13,1.0,1,64.0
SHP102060,Mumbai,Chicago,XPO Logistics,Rail,2024-01-30,2024-02-06,7,12,Out for Delivery,3996.38,3,0,Snow,5.64,4,6,Equipment Failure,6.38,0.85,0.192,0.22,1.0,1,41.2
SHP102061,Shanghai,Sydney,FedEx,Road,2023-02-20,2023-02-25,5,7,Customs Hold,1763.49,5,0,Fog,3.92,6,1,Traffic Jam,3.59,0.91,0.069,0.3,0.8795,1,37.6
SHP102062,Dubai,New York,DHL,Road,2024-06-19,2024-06-23,4,2,Out for Delivery,3496.55,5,0,Rain,1.99,7,6,Equipment Failure,6.36,0.844,0.097,0.41,0.9077,1,55.9
SHP102063,Shanghai,Chicago,Maersk,Rail,2024-01-06,2024-01-18,12,8,Delayed,1854.89,4,0,Rain,1.7,5,2,Equipment Failure,6.0,0.855,0.049,0.16,0.7693,1,71.4
SHP102064,Los Angeles,Chicago,UPS,Road,2024-01-14,2024-01-22,8,12,Customs Hold,2602.79,2,0,Fog,4.04,7,8,Traffic Jam,3.56,0.895,0.238,0.37,1.0,1,68.5
SHP102065,Los Angeles,New York,Maersk,Sea,2023-03-29,2023-04-19,21,2,At Port,2751.45,2,0,Heavy Rain,5.37,3,5,Port Strike,8.96,0.839,0.168,0.3,1.0,1,50.5
SHP102066,Shanghai,Tokyo,FedEx,Road,2024-10-13,2024-10-19,6,4,Customs Hold,4059.74,5,1,Snow,6.43,7,8,Natural Disaster,9.95,0.939,0.387,0.12,1.0,1,34.8
SHP102067,Dubai,Singapore,FedEx,Air,2023-04-11,2023-04-15,4,3,Delayed,765.12,5,0,Snow,5.6,1,1,Traffic Jam,4.21,0.913,0.044,0.15,0.6747,1,12.5
SHP102068,Rotterdam,London,UPS,Air,2023-01-05,2023-01-08,3,1,Customs Hold,633.18,3,1,Fog,4.17,4,6,None,0.07,0.905,0.289,0.16,0.664,1,34.1
SHP102069,Dubai,Chicago,FedEx,Road,2024-05-06,2024-05-15,9,4,At Port,4458.18,5,1,Storm,7.73,7,9,Traffic Jam,3.75,0.912,0.362,0.39,1.0,1,36.8
SHP102070,Rotterdam,New York,DHL,Road,2024-07-26,2024-07-30,4,0,At Port,1831.02,2,0,Rain,1.91,8,1,None,0.24,0.916,0.326,0.33,0.8228,1,69.7
SHP102071,Los Angeles,New York,Maersk,Rail,2024-10-29,2024-11-06,8,8,Customs Hold,2845.1,2,0,Rain,2.48,3,7,Traffic Jam,3.88,0.848,0.026,0.13,0.6101,1,7.3
SHP102072,Mumbai,Sydney,XPO Logistics,Air,2024-07-11,2024-07-13,2,3,In Transit,3040.94,4,0,Snow,6.18,1,6,None,0.0,0.882,0.339,0.3,0.8202,1,22.6
SHP102073,Los Angeles,Sydney,UPS,Road,2024-11-02,2024-11-09,7,11,In Transit,3512.1,5,0,Clear,0.09,9,4,Equipment Failure,6.31,0.918,0.272,0.16,0.9422,1,10.5
SHP102074,Shanghai,Sydney,XPO Logistics,Road,2023-11-25,2023-11-28,3,5,At Port,1915.04,1,1,Clear,0.39,7,2,Traffic Jam,3.74,0.831,0.381,0.32,1.0,1,26.4
SHP102075,Hamburg,Chicago,DHL,Rail,2023-10-30,2023-11-12,13,12,Delayed,8.58,1,0,Heavy Rain,4.67,4,1,Port Strike,9.22,0.864,0.301,0.29,1.0,1,94.4
SHP102076,Dubai,Singapore,XPO Logistics,Road,2024-07-17,2024-07-22,5,7,Out for Delivery,2281.59,4,0,Heavy Rain,5.3,9,2,Traffic Jam,3.69,0.827,0.071,0.15,0.9639,1,17.4
SHP102077,Los Angeles,Singapore,XPO Logistics,Sea,2023-08-02,2023-08-20,18,23,At Port,862.03,4,0,Clear,0.0,3,10,None,0.0,0.857,0.306,0.12,0.6574,1,52.3
SHP102078,Mumbai,Tokyo,UPS,Air,2024-04-19,2024-04-21,2,3,Customs Hold,3055.98,5,0,Storm,7.68,3,9,Port Strike,8.89,0.911,0.186,0.14,0.9897,1,86.6
SHP102079,Mumbai,Tokyo,Maersk,Sea,2023-08-08,2023-09-06,29,11,In Transit,4224.98,3,0,Blizzard,9.46,5,10,Port Strike,8.56,0.819,0.383,0.24,1.0,1,58.5
SHP102080,Dubai,Chicago,UPS,Road,2024-05-25,2024-06-04,10,6,In Transit,2717.22,3,0,Blizzard,9.41,7,9,Traffic Jam,3.92,0.911,0.131,0.22,0.8388,1,80.2
SHP102081,Mumbai,Sydney,DB Schenker,Road,2024-05-12,2024-05-16,4,6,Out for Delivery,333.57,3,0,Snow,5.55,9,5,Natural Disaster,10.27,0.901,0.177,0.3,1.0,1,58.7
SHP102082,Shanghai,Tokyo,DB Schenker,Sea,2024-04-12,2024-05-09,27,16,Out for Delivery,2036.46,4,0,Storm,8.12,3,5,Equipment Failure,6.05,0.85,0.318,0.4,1.0,1,68.3
SHP102083,Dubai,Sydney,DHL,Sea,2023-10-30,2023-11-30,31,21,At Port,3829.88,2,0,Heavy Rain,5.14,3,2,None,0.0,0.926,0.147,0.32,0.6893,1,38.9
SHP102084,Hamburg,Chicago,XPO Logistics,Road,2023-05-18,2023-05-24,6,11,Out for Delivery,3364.79,2,0,Snow,6.01,8,2,Natural Disaster,9.97,0.863,0.055,0.31,1.0,1,30.8
SHP102085,Rotterdam,Chicago,DHL,Road,2023-12-06,2023-12-15,9,3,Customs Hold,649.18,1,0,Snow,6.15,8,6,Port Strike,9.05,0.932,0.2,0.2,0.9309,1,53.5
SHP102086,Shanghai,New York,DB Schenker,Air,2024-08-11,2024-08-16,5,1,Delayed,1572.89,1,0,Snow,5.74,4,2,Traffic Jam,4.06,0.864,0.252,0.35,1.0,1,31.4
SHP102087,Los Angeles,Chicago,Maersk,Air,2024-10-26,2024-10-30,4,9,At Port,814.97,3,0,Snow,5.71,3,1,Natural Disaster,10.24,0.815,0.084,0.23,1.0,1,79.2
SHP102088,Rotterdam,London,DB Schenker,Rail,2023-02-06,2023-02-15,9,5,Out for Delivery,1848.67,4,1,Heavy Rain,4.81,4,4,Equipment Failure,5.62,0.855,0.038,0.45,1.0,1,74.3
SHP102089,Shanghai,Sydney,DB Schenker,Rail,2023-04-05,2023-04-15,10,11,In Transit,4148.94,5,0,Blizzard,9.04,3,6,Natural Disaster,10.1,0.875,0.392,0.23,1.0,1,49.6
SHP102090,Dubai,New York,XPO Logistics,Rail,2023-05-20,2023-06-02,13,18,At Port,622.53,4,0,Fog,4.1,5,8,Port Strike,9.35,0.81,0.265,0.41,1.0,1,21.3
SHP102091,Hamburg,Tokyo,FedEx,Sea,2024-01-10,2024-01-31,21,6,In Transit,2835.66,3,0,Fog,4.38,5,8,Traffic Jam,4.16,0.912,0.096,0.42,0.8018,1,47.5
SHP102092,Shanghai,London,XPO Logistics,Rail,2023-04-26,2023-05-06,10,7,At Port,3147.68,1,1,Storm,8.38,3,5,None,0.0,0.838,0.109,0.17,0.6827,1,4.9
SHP102093,Mumbai,New York,DHL,Rail,2024-03-02,2024-03-09,7,8,At Port,1526.53,1,0,Storm,8.45,3,3,Equipment Failure,6.33,0.888,0.377,0.36,1.0,1,65.3
SHP102094,Dubai,London,UPS,Air,2024-07-29,2024-07-31,2,7,At Port,3516.66,1,0,Storm,8.3,2,1,Equipment Failure,5.84,0.936,0.256,0.33,1.0,1,52.0
SHP102095,Hamburg,London,UPS,Air,2024-07-06,2024-07-09,3,7,Delayed,3536.19,3,0,Clear,0.0,1,3,None,0.24,0.904,0.2,0.1,0.5507,1,28.0
SHP102096,Hamburg,London,UPS,Air,2023-06-17,2023-06-20,3,2,Customs Hold,1927.18,1,1,Storm,7.99,4,2,Equipment Failure,6.5,0.875,0.174,0.1,0.803,1,5.4
SHP102097,Shanghai,Sydney,DHL,Air,2023-05-16,2023-05-20,4,6,At Port,219.61,3,0,Rain,1.84,2,4,None,0.33,0.884,0.069,0.24,0.6734,1,10.4
SHP102098,Los Angeles,Tokyo,DB Schenker,Rail,2023-12-01,2023-12-16,15,9,At Port,704.43,4,0,Snow,6.09,4,10,Equipment Failure,6.41,0.843,0.242,0.25,1.0,1,48.0
SHP102099,Hamburg,Singapore,FedEx,Road,2023-05-09,2023-05-17,8,3,Delayed,3468.98,4,0,Heavy Rain,5.44,9,5,Traffic Jam,4.37,0.896,0.134,0.21,0.8267,1,41.0
SHP102100,Rotterdam,New York,UPS,Road,2024-06-07,2024-06-16,9,13,Customs Hold,776.7,3,0,Heavy Rain,4.73,6,9,Port Strike,9.48,0.935,0.201,0.19,1.0,1,90.5
SHP102101,Shanghai,London,Maersk,Rail,2023-08-13,2023-08-27,14,4,Out for Delivery,4853.46,3,0,Heavy Rain,5.24,4,3,Equipment Failure,5.65,0.849,0.118,0.19,0.6673,1,47.0
SHP102102,Rotterdam,Singapore,DHL,Road,2024-05-01,2024-05-07,6,2,In Transit,1181.42,4,0,Rain,1.57,9,1,Traffic Jam,4.32,0.906,0.039,0.22,0.6948,1,41.4
SHP102103,Rotterdam,Chicago,XPO Logistics,Rail,2024-01-17,2024-02-01,15,10,Delayed,4720.96,4,0,Rain,2.14,4,3,Port Strike,9.43,0.841,0.359,0.2,1.0,1,91.3
SHP102104,Rotterdam,Chicago,UPS,Road,2024-07-24,2024-07-28,4,1,In Transit,1426.9,2,0,Snow,6.1,8,9,None,0.0,0.94,0.331,0.2,0.7304,1,31.5
SHP102105,Hamburg,London,XPO Logistics,Road,2023-07-20,2023-07-30,10,14,Out for Delivery,3064.74,1,0,Rain,1.55,7,1,Traffic Jam,3.65,0.832,0.315,0.1,0.8961,1,60.3
SHP102106,Mumbai,London,FedEx,Rail,2023-10-28,2023-11-06,9,4,Customs Hold,2479.05,3,1,Rain,2.34,2,3,Port Strike,8.62,0.919,0.071,0.42,0.9074,1,81.8
SHP102107,Shanghai,New York,DHL,Road,2024-11-05,2024-11-10,5,4,In Transit,4080.68,2,0,Fog,4.5,9,6,Equipment Failure,6.08,0.879,0.33,0.35,1.0,1,13.7
SHP102108,Rotterdam,Sydney,Maersk,Road,2024-01-02,2024-01-05,3,5,In Transit,486.97,2,0,Storm,8.25,9,3,Natural Disaster,9.56,0.841,0.273,0.25,1.0,1,36.6
SHP102109,Mumbai,Tokyo,FedEx,Air,2024-01-31,2024-02-05,5,4,In Transit,1347.78,5,0,Clear,0.49,2,2,Port Strike,9.36,0.922,0.191,0.29,0.9038,1,46.3
SHP102110,Mumbai,London,FedEx,Sea,2023-03-21,2023-04-14,24,27,In Transit,264.06,1,1,Rain,2.33,3,4,Equipment Failure,6.16,0.909,0.375,0.15,0.8608,1,17.0
SHP102111,Mumbai,New York,UPS,Air,2024-11-20,2024-11-24,4,2,Delayed,1880.61,4,0,Blizzard,8.66,3,5,Natural Disaster,10.3,0.918,0.148,0.4,1.0,1,44.9
SHP102112,Shanghai,Tokyo,UPS,Road,2023-07-31,2023-08-06,6,11,At Port,4334.68,4,0,Blizzard,8.66,7,7,None,0.49,0.947,0.117,0.25,0.8494,1,17.9
SHP102113,Dubai,Sydney,Maersk,Air,2024-08-25,2024-08-27,2,2,Delayed,1445.23,3,1,Heavy Rain,5.26,1,3,Natural Disaster,10.28,0.851,0.119,0.23,0.9402,1,50.7
SHP102114,Mumbai,Tokyo,DHL,Rail,2023-02-10,2023-02-20,10,2,In Transit,479.79,1,0,Fog,3.85,4,3,Natural Disaster,10.38,0.895,0.249,0.18,0.9141,1,28.5
SHP102115,Hamburg,Tokyo,FedEx,Air,2023-08-07,2023-08-12,5,0,Out for Delivery,1304.67,4,0,Clear,0.0,3,4,Traffic Jam,4.49,0.897,0.265,0.41,0.787,1,49.6
SHP102116,Mumbai,Tokyo,DB Schenker,Rail,2023-09-24,2023-10-03,9,10,At Port,2575.9,4,1,Fog,4.23,4,6,Natural Disaster,10.03,0.82,0.323,0.17,1.0,1,85.8
SHP102117,Rotterdam,Tokyo,FedEx,Rail,2024-05-07,2024-05-14,7,12,At Port,1865.98,3,0,Blizzard,8.51,5,10,Natural Disaster,10.02,0.902,0.316,0.44,1.0,1,82.2
SHP102118,Rotterdam,London,XPO Logistics,Sea,2023-03-14,2023-04-15,32,13,Out for Delivery,953.07,4,0,Storm,8.38,4,10,Natural Disaster,10.12,0.821,0.321,0.35,1.0,1,78.1
SHP102119,Rotterdam,Sydney,UPS,Rail,2023-07-05,2023-07-13,8,3,In Transit,3550.37,2,0,Heavy Rain,4.79,5,8,Port Strike,9.47,0.908,0.256,0.2,0.939,1,11.6
SHP102120,Shanghai,London,Maersk,Rail,2024-02-01,2024-02-08,7,1,Out for Delivery,507.16,4,0,Fog,4.33,2,10,None,0.45,0.871,0.204,0.36,0.7294,1,31.4
SHP102121,Mumbai,Chicago,FedEx,Rail,2024-05-02,2024-05-11,9,7,Delayed,2353.51,4,0,Blizzard,8.81,2,10,Port Strike,8.52,0.913,0.172,0.13,0.9083,1,5.6
SHP102122,Dubai,Sydney,FedEx,Air,2024-01-15,2024-01-20,5,0,At Port,31.35,1,0,Rain,2.41,2,1,Port Strike,8.54,0.919,0.21,0.38,0.8688,1,63.9
SHP102123,Hamburg,Singapore,FedEx,Sea,2024-09-20,2024-10-18,28,7,Delayed,26.45,1,1,Fog,4.26,3,10,Port Strike,9.07,0.953,0.32,0.36,0.9466,1,83.7
SHP102124,Mumbai,Chicago,DB Schenker,Rail,2023-10-16,2023-10-29,13,7,In Transit,2534.59,3,1,Clear,0.24,4,10,None,0.0,0.883,0.314,0.14,0.5368,1,9.1
SHP102125,Mumbai,London,FedEx,Air,2023-12-01,2023-12-05,4,5,Delayed,4169.24,3,0,Clear,0.0,2,3,Port Strike,8.58,0.931,0.217,0.42,0.9595,1,60.7
SHP102126,Shanghai,Tokyo,XPO Logistics,Rail,2023-01-03,2023-01-14,11,4,Out for Delivery,2488.94,4,0,Fog,3.87,3,9,Traffic Jam,3.96,0.817,0.142,0.14,0.7354,1,60.3
SHP102127,Hamburg,London,FedEx,Sea,2023-07-31,2023-08-18,18,16,In Transit,2773.42,4,1,Storm,8.23,6,9,None,0.02,0.902,0.084,0.1,0.6846,1,60.3
SHP102128,Rotterdam,New York,FedEx,Road,2023-02-02,2023-02-11,9,12,At Port,2991.29,5,0,Storm,7.88,7,5,Port Strike,9.21,0.926,0.343,0.43,1.0,1,29.1
SHP102129,Dubai,Sydney,FedEx,Rail,2023-12-02,2023-12-13,11,13,Out for Delivery,1273.71,2,1,Blizzard,9.45,3,6,Equipment Failure,6.4,0.908,0.191,0.34,1.0,1,51.2
SHP102130,Rotterdam,London,XPO Logistics,Sea,2023-08-09,2023-09-01,23,13,At Port,3443.12,4,0,Blizzard,9.23,5,5,Natural Disaster,10.36,0.845,0.312,0.14,1.0,1,62.5
SHP102131,Dubai,New York,DHL,Air,2023-11-04,2023-11-07,3,4,In Transit,3616.36,3,0,Rain,2.05,2,5,None,0.0,0.862,0.392,0.44,1.0,1,37.4
SHP102132,Mumbai,Chicago,DHL,Sea,2024-01-09,2024-02-07,29,0,At Port,3961.79,1,0,Fog,4.34,3,7,Natural Disaster,9.73,0.944,0.262,0.14,0.7588,1,66.0
SHP102133,Dubai,Sydney,Maersk,Air,2023-04-28,2023-04-30,2,2,In Transit,195.74,3,0,Heavy Rain,5.11,2,7,None,0.0,0.854,0.227,0.29,0.8475,1,33.8
SHP102134,Rotterdam,Sydney,XPO Logistics,Road,2024-09-12,2024-09-20,8,0,In Transit,177.94,1,1,Heavy Rain,5.33,6,4,Natural Disaster,10.08,0.815,0.121,0.11,0.873,1,43.6
SHP102135,Hamburg,New York,XPO Logistics,Rail,2023-10-24,2023-11-03,10,0,Out for Delivery,3475.03,2,0,Storm,7.88,3,7,Equipment Failure,6.37,0.842,0.328,0.43,1.0,1,13.9
SHP102136,Hamburg,New York,XPO Logistics,Air,2024-09-03,2024-09-08,5,4,Delayed,4443.11,4,0,Heavy Rain,4.93,3,5,Port Strike,8.72,0.861,0.322,0.15,0.9039,1,81.9
SHP102137,Rotterdam,Singapore,DHL,Air,2023-05-18,2023-05-22,4,8,Delayed,4005.74,4,0,Storm,7.75,3,10,Traffic Jam,3.84,0.885,0.323,0.27,1.0,1,64.7
SHP102138,Los Angeles,Chicago,Maersk,Sea,2023-12-15,2024-01-11,27,9,Customs Hold,1608.95,5,0,Blizzard,8.8,6,8,Traffic Jam,4.26,0.852,0.338,0.14,0.9888,1,39.0
SHP102139,Rotterdam,Singapore,XPO Logistics,Air,2024-07-13,2024-07-18,5,9,Out for Delivery,3730.41,1,0,Storm,7.74,3,1,Equipment Failure,6.43,0.846,0.298,0.38,1.0,1,64.9
SHP102140,Dubai,Tokyo,DHL,Road,2024-02-14,2024-02-24,10,3,Customs Hold,2224.82,1,0,Blizzard,8.81,9,2,Traffic Jam,3.62,0.898,0.4,0.38,1.0,1,50.1
SHP102141,Dubai,London,UPS,Sea,2024-07-30,2024-08-20,21,10,Delayed,1618.63,2,0,Rain,1.72,6,2,Traffic Jam,3.98,0.894,0.194,0.41,0.9085,1,34.0
SHP102142,Dubai,Singapore,DB Schenker,Air,2024-07-05,2024-07-08,3,7,In Transit,3082.12,5,1,Heavy Rain,4.78,2,1,Traffic Jam,3.93,0.875,0.312,0.15,1.0,1,65.5
SHP102143,Dubai,Singapore,XPO Logistics,Rail,2024-11-13,2024-11-21,8,5,At Port,4134.52,1,1,Heavy Rain,5.29,2,6,Port Strike,8.94,0.835,0.379,0.15,1.0,1,61.4
SHP102144,Shanghai,Singapore,XPO Logistics,Sea,2024-06-14,2024-07-10,26,26,At Port,1561.22,3,0,Heavy Rain,4.71,3,9,Natural Disaster,9.88,0.824,0.262,0.13,1.0,1,21.3
SHP102145,Dubai,London,FedEx,Air,2023-09-09,2023-09-14,5,10,Delayed,466.82,4,0,Snow,5.83,2,6,None,0.16,0.913,0.182,0.15,0.7388,1,60.1
SHP102146,Dubai,London,DB Schenker,Rail,2024-06-07,2024-06-18,11,6,In Transit,4601.44,4,0,Snow,5.79,4,8,Traffic Jam,4.26,0.892,0.387,0.39,1.0,1,64.3
SHP102147,Los Angeles,Sydney,XPO Logistics,Road,2023-04-10,2023-04-16,6,5,In Transit,4068.25,5,1,Fog,4.39,9,8,Port Strike,8.83,0.836,0.299,0.17,1.0,1,84.7
SHP102148,Mumbai,New York,DHL,Road,2024-03-13,2024-03-22,9,0,In Transit,4297.64,3,0,Storm,7.65,6,6,Natural Disaster,9.92,0.871,0.254,0.43,1.0,1,18.2
SHP102149,Los Angeles,Sydney,UPS,Air,2024-11-19,2024-11-23,4,9,Out for Delivery,2761.09,1,0,Clear,0.34,3,1,Port Strike,9.27,0.895,0.039,0.3,0.9553,1,6.4
SHP102150,Rotterdam,Sydney,FedEx,Rail,2023-05-05,2023-05-13,8,9,Customs Hold,2066.87,1,0,Fog,4.31,2,3,Equipment Failure,6.03,0.942,0.353,0.43,1.0,1,14.8
SHP102151,Rotterdam,New York,Maersk,Road,2023-04-16,2023-04-25,9,10,Delayed,1124.62,5,0,Storm,7.63,7,9,None,0.28,0.868,0.147,0.21,0.8086,1,70.9
SHP102152,Mumbai,Sydney,UPS,Air,2023-03-21,2023-03-24,3,3,Delayed,3084.44,3,1,Storm,8.21,4,6,Port Strike,8.93,0.923,0.089,0.3,1.0,1,44.1
SHP102153,Los Angeles,New York,FedEx,Sea,2024-10-03,2024-10-24,21,19,Out for Delivery,4342.31,1,0,Storm,7.6,5,9,Natural Disaster,10.19,0.929,0.177,0.19,1.0,1,31.9
SHP102154,Hamburg,Tokyo,FedEx,Sea,2023-01-13,2023-02-09,27,28,Customs Hold,2576.65,1,1,Heavy Rain,5.24,6,3,Natural Disaster,9.8,0.912,0.116,0.34,1.0,1,25.6
SHP102155,Rotterdam,Singapore,DHL,Air,2024-06-06,2024-06-11,5,5,Customs Hold,1616.42,4,1,Heavy Rain,4.84,2,9,Traffic Jam,4.17,0.922,0.162,0.21,0.761,1,47.0
SHP102156,Mumbai,Singapore,XPO Logistics,Sea,2023-10-28,2023-11-30,33,19,At Port,4135.13,4,0,Storm,7.74,4,6,Traffic Jam,4.33,0.846,0.03,0.19,0.826,1,50.4
SHP102157,Dubai,Chicago,Maersk,Rail,2023-06-10,2023-06-17,7,3,Delayed,4311.75,1,0,Heavy Rain,5.48,5,2,Natural Disaster,9.99,0.861,0.117,0.4,1.0,1,24.3
SHP102158,Mumbai,New York,XPO Logistics,Air,2023-01-13,2023-01-16,3,5,At Port,1056.22,1,0,Rain,1.98,1,3,None,0.0,0.828,0.281,0.42,0.8995,1,40.8
SHP102159,Mumbai,Tokyo,Maersk,Road,2023-10-01,2023-10-11,10,9,In Transit,426.97,4,0,Blizzard,9.2,9,10,Equipment Failure,6.38,0.836,0.197,0.32,1.0,1,84.6
SHP102160,Shanghai,Sydney,DB Schenker,Road,2023-02-25,2023-03-03,6,1,Delayed,2601.36,4,1,Clear,0.46,7,7,Equipment Failure,6.26,0.909,0.275,0.43,0.972,1,53.2
SHP102161,Dubai,Chicago,DB Schenker,Road,2023-08-23,2023-08-31,8,10,Customs Hold,4988.47,4,0,Clear,0.0,7,1,None,0.0,0.871,0.307,0.19,0.7687,1,63.0
SHP102162,Hamburg,London,UPS,Sea,2024-01-18,2024-02-18,31,36,At Port,2389.53,5,0,Heavy Rain,5.49,5,3,Equipment Failure,6.44,0.883,0.278,0.1,0.9512,1,71.9
SHP102163,Hamburg,Chicago,Maersk,Rail,2024-08-04,2024-08-17,13,4,Delayed,4935.72,2,0,Clear,0.36,4,5,Port Strike,8.82,0.872,0.305,0.21,0.9086,1,33.6
SHP102164,Hamburg,Singapore,DB Schenker,Sea,2024-08-23,2024-09-17,25,27,Out for Delivery,1398.7,2,1,Fog,4.02,5,1,Equipment Failure,5.54,0.876,0.038,0.3,0.874,1,7.8
SHP102165,Mumbai,Singapore,UPS,Sea,2023-09-12,2023-10-02,20,20,Customs Hold,4225.28,2,1,Blizzard,9.38,6,7,Natural Disaster,10.01,0.914,0.361,0.14,1.0,1,76.5
SHP102166,Mumbai,Chicago,XPO Logistics,Road,2023-07-01,2023-07-05,4,2,Customs Hold,3660.34,1,1,Snow,6.27,6,6,Equipment Failure,6.39,0.814,0.363,0.35,1.0,1,67.5
SHP102167,Mumbai,London,FedEx,Sea,2024-11-09,2024-12-09,30,20,Customs Hold,4508.74,5,1,Heavy Rain,4.67,3,6,None,0.0,0.937,0.396,0.2,0.7386,1,56.2
SHP102168,Mumbai,London,DHL,Rail,2024-04-18,2024-04-27,9,1,At Port,7.72,1,0,Heavy Rain,4.69,2,8,Natural Disaster,10.22,0.867,0.202,0.27,0.9276,1,59.6
SHP102169,Rotterdam,Sydney,DHL,Road,2024-03-29,2024-04-01,3,3,Out for Delivery,1537.93,5,0,Heavy Rain,5.14,6,6,Port Strike,9.28,0.872,0.129,0.25,1.0,1,65.3
SHP102170,Rotterdam,Sydney,DB Schenker,Road,2024-05-13,2024-05-18,5,3,At Port,1861.1,3,1,Snow,5.88,9,8,Equipment Failure,5.53,0.868,0.28,0.28,1.0,1,53.8
SHP102171,Los Angeles,Tokyo,Maersk,Rail,2024-08-16,2024-08-27,11,6,Out for Delivery,691.05,1,1,Rain,1.72,3,5,None,0.48,0.874,0.161,0.25,0.6242,1,25.8
SHP102172,Hamburg,Singapore,UPS,Air,2024-01-14,2024-01-19,5,9,At Port,4900.26,2,0,Heavy Rain,4.92,2,1,Traffic Jam,3.75,0.939,0.187,0.38,1.0,1,78.5
SHP102173,Rotterdam,New York,Maersk,Air,2023-09-19,2023-09-23,4,1,In Transit,3829.12,5,0,Clear,0.0,4,4,Port Strike,9.1,0.83,0.27,0.31,0.9315,1,48.0
SHP102174,Dubai,London,DB Schenker,Rail,2023-08-04,2023-08-16,12,16,Delayed,3714.02,2,0,Fog,4.06,5,6,Equipment Failure,5.6,0.886,0.399,0.44,1.0,1,35.9
SHP102175,Mumbai,Singapore,DB Schenker,Sea,2023-08-27,2023-09-18,22,0,Delayed,2971.48,2,0,Fog,4.42,6,5,Natural Disaster,9.7,0.853,0.099,0.11,0.8596,1,9.6
SHP102176,Mumbai,Sydney,DHL,Sea,2023-07-09,2023-07-28,19,14,Delayed,376.64,4,0,Snow,6.31,6,10,Natural Disaster,10.17,0.836,0.107,0.3,1.0,1,94.5
SHP102177,Shanghai,Tokyo,XPO Logistics,Rail,2024-08-10,2024-08-22,12,6,Out for Delivery,757.55,2,1,Storm,8.17,3,4,Equipment Failure,5.64,0.824,0.065,0.44,1.0,1,50.8
SHP102178,Mumbai,Tokyo,FedEx,Road,2024-07-03,2024-07-07,4,2,At Port,2753.89,5,1,Clear,0.0,8,4,Equipment Failure,5.68,0.916,0.198,0.44,0.9366,1,70.1
SHP102179,Mumbai,Singapore,XPO Logistics,Road,2023-05-24,2023-06-01,8,12,In Transit,3224.54,3,0,Clear,0.08,9,3,Natural Disaster,10.19,0.832,0.286,0.25,1.0,1,68.1
SHP102180,Los Angeles,New York,UPS,Air,2023-08-17,2023-08-21,4,3,Out for Delivery,2497.59,4,1,Fog,3.82,4,1,Natural Disaster,10.12,0.935,0.169,0.39,0.941,1,44.3
SHP102181,Hamburg,London,DHL,Rail,2024-11-22,2024-12-02,10,1,Out for Delivery,2352.12,5,1,Blizzard,8.64,4,7,Natural Disaster,10.36,0.913,0.201,0.1,0.9042,1,61.9
SHP102182,Hamburg,Chicago,XPO Logistics,Air,2024-01-02,2024-01-05,3,1,Out for Delivery,126.97,1,0,Clear,0.37,2,1,Traffic Jam,4.39,0.852,0.209,0.37,0.7842,1,71.8
SHP102183,Los Angeles,Chicago,UPS,Sea,2023-05-28,2023-06-23,26,27,At Port,948.08,1,0,Snow,5.63,5,5,Port Strike,9.04,0.903,0.254,0.36,1.0,1,65.0
SHP102184,Mumbai,Sydney,DB Schenker,Sea,2024-07-18,2024-08-15,28,2,Customs Hold,2056.31,2,0,Clear,0.16,6,7,Port Strike,9.21,0.852,0.025,0.3,0.8259,1,53.3
SHP102185,Shanghai,London,DB Schenker,Rail,2024-10-25,2024-11-04,10,0,Out for Delivery,3012.68,5,1,Clear,0.1,3,9,Equipment Failure,5.81,0.86,0.227,0.12,0.5769,1,10.5
SHP102186,Rotterdam,London,FedEx,Sea,2024-01-05,2024-01-25,20,10,At Port,1769.75,5,1,Heavy Rain,5.44,3,5,None,0.0,0.915,0.175,0.3,0.7018,1,24.8
SHP102187,Rotterdam,Chicago,FedEx,Road,2023-09-05,2023-09-12,7,1,Out for Delivery,2359.89,5,0,Clear,0.0,6,5,Equipment Failure,5.87,0.911,0.214,0.2,0.676,1,28.3
SHP102188,Hamburg,London,FedEx,Air,2024-08-21,2024-08-25,4,5,Out for Delivery,2164.11,4,0,Storm,8.34,2,6,None,0.0,0.929,0.17,0.1,0.6419,1,52.8
SHP102189,Los Angeles,New York,UPS,Air,2024-10-21,2024-10-25,4,7,At Port,2437.83,3,0,Blizzard,9.33,4,10,Traffic Jam,4.47,0.885,0.242,0.3,1.0,1,47.6
SHP102190,Rotterdam,Chicago,FedEx,Sea,2023-03-26,2023-04-13,18,4,Out for Delivery,842.1,2,0,Blizzard,8.77,3,5,Port Strike,9.27,0.878,0.137,0.2,0.9736,1,12.3
SHP102191,Dubai,Chicago,FedEx,Sea,2024-11-20,2024-12-15,25,6,Delayed,489.14,2,0,Snow,5.61,4,9,Natural Disaster,10.29,0.966,0.023,0.43,0.9263,1,36.4
SHP102192,Hamburg,London,Maersk,Air,2023-08-11,2023-08-14,3,2,Customs Hold,204.16,5,0,Heavy Rain,4.9,4,6,Natural Disaster,10.03,0.857,0.304,0.1,0.9448,1,66.5
SHP102193,Rotterdam,Chicago,XPO Logistics,Road,2023-12-02,2023-12-05,3,5,Customs Hold,3105.16,4,0,Fog,4.49,8,8,None,0.0,0.826,0.262,0.2,1.0,1,61.7
SHP102194,Dubai,New York,UPS,Air,2023-10-30,2023-11-03,4,9,Out for Delivery,4217.15,4,1,Snow,5.61,1,6,None,0.37,0.9,0.175,0.11,0.678,1,27.9
SHP102195,Rotterdam,Chicago,UPS,Road,2023-08-29,2023-09-08,10,13,Out for Delivery,4470.38,2,0,Snow,6.39,6,3,Traffic Jam,3.73,0.885,0.127,0.2,0.9105,1,73.9
SHP102196,Hamburg,London,Maersk,Rail,2024-09-20,2024-09-28,8,4,Out for Delivery,1004.22,2,0,Fog,4.02,5,6,Traffic Jam,3.84,0.841,0.377,0.1,0.8707,1,11.7
SHP102197,Hamburg,New York,XPO Logistics,Sea,2023-04-22,2023-05-10,18,16,Out for Delivery,2413.19,1,1,Storm,7.81,4,10,None,0.25,0.827,0.106,0.26,0.8753,1,11.3
SHP102198,Dubai,Sydney,DB Schenker,Sea,2024-07-13,2024-08-16,34,7,Customs Hold,4326.35,1,0,Heavy Rain,4.81,6,5,Equipment Failure,6.03,0.877,0.137,0.21,0.8885,1,54.1
SHP102199,Hamburg,Chicago,XPO Logistics,Rail,2023-12-22,2024-01-05,14,18,In Transit,188.38,5,0,Snow,5.88,3,2,Natural Disaster,9.76,0.795,0.145,0.36,1.0,1,29.5
SHP102200,Los Angeles,New York,DB Schenker,Sea,2023-05-13,2023-06-07,25,8,Out for Delivery,3034.39,3,0,Clear,0.34,3,7,Traffic Jam,3.55,0.921,0.336,0.33,0.7642,1,25.5
SHP102201,Los Angeles,London,DHL,Rail,2023-01-21,2023-01-29,8,4,Out for Delivery,2127.58,4,0,Blizzard,8.88,4,4,Port Strike,8.85,0.863,0.2,0.45,1.0,1,6.6
SHP102202,Rotterdam,New York,DHL,Road,2024-06-02,2024-06-05,3,1,In Transit,2912.31,3,0,Snow,5.6,8,2,Natural Disaster,9.6,0.869,0.241,0.42,1.0,1,35.4
SHP102203,Hamburg,Chicago,Maersk,Sea,2024-04-23,2024-05-23,30,33,Delayed,4895.19,2,0,Fog,4.39,3,8,None,0.04,0.865,0.221,0.23,0.7689,1,61.6
SHP102204,Rotterdam,New York,Maersk,Air,2023-10-10,2023-10-14,4,0,Out for Delivery,418.68,5,1,Snow,5.5,3,1,Natural Disaster,9.62,0.84,0.252,0.35,1.0,1,26.8
SHP102205,Shanghai,New York,DHL,Rail,2024-04-12,2024-04-26,14,7,Delayed,2925.9,3,0,Rain,1.82,4,1,Port Strike,8.65,0.904,0.267,0.35,0.9253,1,44.2
SHP102206,Los Angeles,London,UPS,Sea,2023-09-24,2023-10-13,19,18,Customs Hold,2172.0,5,0,Storm,7.81,5,10,Traffic Jam,4.18,0.897,0.152,0.13,0.831,1,36.5
SHP102207,Dubai,Sydney,FedEx,Air,2024-04-14,2024-04-17,3,5,At Port,2171.33,2,1,Fog,3.74,4,2,Equipment Failure,6.29,0.945,0.251,0.2,0.9241,1,31.4
SHP102208,Shanghai,Singapore,DHL,Road,2024-03-14,2024-03-23,9,8,Out for Delivery,938.54,5,0,Blizzard,8.68,7,10,Port Strike,8.7,0.89,0.343,0.28,1.0,1,89.1
SHP102209,Los Angeles,Tokyo,DB Schenker,Sea,2024-10-18,2024-11-13,26,11,Customs Hold,3356.55,5,1,Heavy Rain,4.96,6,9,None,0.0,0.847,0.216,0.25,0.7677,1,18.6
SHP102210,Hamburg,Sydney,Maersk,Rail,2023-03-01,2023-03-09,8,2,Delayed,368.95,2,0,Heavy Rain,4.72,5,5,Natural Disaster,9.71,0.855,0.315,0.22,1.0,1,72.3
SHP102211,Hamburg,Tokyo,UPS,Road,2024-06-02,2024-06-08,6,11,Delayed,864.81,3,0,Heavy Rain,5.37,7,4,Equipment Failure,6.36,0.918,0.377,0.11,1.0,1,37.7
SHP102212,Mumbai,London,XPO Logistics,Road,2024-03-18,2024-03-28,10,11,Delayed,812.09,1,0,Storm,8.39,6,4,None,0.16,0.813,0.049,0.29,0.9354,1,65.9
SHP102213,Hamburg,Chicago,UPS,Road,2024-03-03,2024-03-09,6,8,In Transit,3719.23,4,0,Rain,1.76,7,3,None,0.0,0.9,0.108,0.43,0.8706,1,14.1
SHP102214,Los Angeles,Tokyo,DHL,Rail,2023-10-01,2023-10-15,14,17,In Transit,502.54,5,0,Heavy Rain,5.0,2,6,None,0.46,0.905,0.278,0.25,0.7445,1,32.8
SHP102215,Los Angeles,London,DHL,Sea,2023-12-30,2024-01-30,31,12,Delayed,2838.08,1,0,Rain,2.06,4,8,Traffic Jam,4.38,0.882,0.344,0.13,0.672,1,14.7
SHP102216,Dubai,Chicago,FedEx,Road,2023-05-21,2023-05-31,10,5,Out for Delivery,73.21,2,1,Heavy Rain,4.68,7,10,Traffic Jam,3.78,0.918,0.395,0.22,0.9209,1,47.7
SHP102217,Shanghai,Chicago,XPO Logistics,Road,2024-03-23,2024-03-29,6,1,In Transit,588.99,4,0,Storm,7.62,8,5,Equipment Failure,6.32,0.901,0.279,0.3,1.0,1,92.7
SHP102218,Shanghai,Chicago,XPO Logistics,Air,2023-04-04,2023-04-08,4,5,In Transit,653.26,1,1,Rain,1.72,4,8,Traffic Jam,3.7,0.81,0.083,0.17,0.7604,1,32.5
SHP102219,Mumbai,Chicago,Maersk,Road,2023-08-06,2023-08-15,9,14,At Port,4211.95,3,0,Blizzard,9.19,8,10,Traffic Jam,4.25,0.879,0.136,0.4,1.0,1,76.8
SHP102220,Mumbai,Singapore,UPS,Road,2023-12-15,2023-12-25,10,1,Customs Hold,3816.74,5,1,Clear,0.5,7,9,None,0.07,0.938,0.036,0.26,0.4435,0,0.0
SHP102221,Rotterdam,Sydney,DB Schenker,Sea,2023-11-03,2023-11-29,26,6,Out for Delivery,227.35,4,0,Blizzard,8.83,3,9,Equipment Failure,6.21,0.869,0.387,0.16,1.0,1,63.8
SHP102222,Shanghai,Chicago,DB Schenker,Air,2023-02-18,2023-02-20,2,1,At Port,3146.42,4,0,Clear,0.0,3,5,Traffic Jam,3.58,0.865,0.112,0.1,0.5558,1,51.9
SHP102223,Dubai,Sydney,DHL,Rail,2023-06-25,2023-07-04,9,5,Out for Delivery,4236.33,1,0,Clear,0.2,3,7,Port Strike,8.71,0.879,0.373,0.2,0.8363,1,24.1
SHP102224,Rotterdam,New York,Maersk,Road,2024-11-19,2024-11-27,8,7,Out for Delivery,762.49,2,1,Rain,1.93,7,2,Traffic Jam,3.6,0.863,0.266,0.11,0.6952,1,28.6
SHP102225,Los Angeles,London,DB Schenker,Air,2023-01-02,2023-01-05,3,6,At Port,586.93,2,0,Blizzard,9.41,3,4,Natural Disaster,9.57,0.861,0.15,0.32,1.0,1,18.2
SHP102226,Los Angeles,London,DHL,Rail,2024-06-28,2024-07-08,10,14,At Port,3423.42,1,0,Storm,8.05,3,3,None,0.0,0.894,0.053,0.37,0.7664,1,20.5
SHP102227,Hamburg,New York,FedEx,Sea,2024-08-12,2024-09-07,26,4,Customs Hold,4934.62,3,0,Heavy Rain,4.57,3,10,Natural Disaster,10.09,0.936,0.211,0.22,0.9326,1,18.8
SHP102228,Mumbai,Singapore,Maersk,Sea,2023-08-06,2023-08-24,18,22,In Transit,2480.95,4,0,Heavy Rain,4.86,6,7,Traffic Jam,3.7,0.836,0.332,0.32,1.0,1,42.1
SHP102229,Mumbai,Singapore,DHL,Road,2023-11-29,2023-12-04,5,2,In Transit,1059.02,5,0,Snow,6.33,8,10,Traffic Jam,4.32,0.912,0.246,0.35,0.9711,1,57.9
SHP102230,Mumbai,Tokyo,Maersk,Rail,2024-10-18,2024-10-26,8,10,Out for Delivery,1617.66,1,0,Fog,4.18,4,4,Port Strike,8.93,0.85,0.054,0.1,0.8515,1,17.0
SHP102231,Los Angeles,Sydney,DB Schenker,Sea,2023-01-15,2023-02-14,30,31,In Transit,4742.75,4,1,Storm,8.15,3,3,Traffic Jam,4.37,0.836,0.277,0.19,0.929,1,22.4
SHP102232,Mumbai,Tokyo,DHL,Rail,2023-07-11,2023-07-22,11,6,Customs Hold,3148.07,4,0,Snow,6.15,5,7,None,0.0,0.874,0.27,0.31,0.8965,1,36.6
SHP102233,Rotterdam,Sydney,XPO Logistics,Sea,2023-08-27,2023-09-21,25,19,In Transit,603.57,4,1,Blizzard,9.44,4,7,None,0.33,0.835,0.02,0.38,0.8507,1,10.5
SHP102234,Rotterdam,Tokyo,DB Schenker,Air,2023-11-12,2023-11-17,5,6,At Port,4403.43,5,0,Heavy Rain,5.04,3,7,None,0.0,0.868,0.031,0.44,0.7638,1,71.3
SHP102235,Mumbai,Chicago,UPS,Rail,2023-01-12,2023-01-24,12,5,In Transit,2118.09,1,0,Heavy Rain,5.23,5,6,None,0.0,0.901,0.228,0.28,0.7342,1,17.0
SHP102236,Dubai,London,UPS,Rail,2023-02-20,2023-02-27,7,10,In Transit,2962.9,2,0,Clear,0.03,4,2,Port Strike,9.33,0.919,0.287,0.32,1.0,1,94.3
SHP102237,Shanghai,Sydney,DHL,Sea,2023-09-06,2023-10-11,35,14,Customs Hold,2485.87,5,1,Clear,0.0,3,10,Port Strike,9.46,0.865,0.258,0.34,0.9281,1,82.4
SHP102238,Hamburg,Chicago,XPO Logistics,Rail,2024-07-18,2024-08-02,15,5,At Port,520.71,3,0,Rain,2.05,4,7,Natural Disaster,10.09,0.83,0.166,0.16,0.8837,1,59.9
SHP102239,Rotterdam,Sydney,UPS,Rail,2024-02-17,2024-03-03,15,2,Out for Delivery,706.55,4,0,Rain,2.34,4,9,None,0.11,0.899,0.067,0.38,0.6762,1,55.4
SHP102240,Rotterdam,New York,FedEx,Sea,2024-06-14,2024-07-09,25,9,In Transit,106.21,2,0,Blizzard,9.05,3,4,None,0.13,0.941,0.245,0.35,0.7923,1,75.8
SHP102241,Mumbai,Tokyo,DB Schenker,Road,2023-10-17,2023-10-27,10,5,In Transit,3981.03,1,1,Blizzard,9.46,7,5,Traffic Jam,3.78,0.832,0.382,0.35,1.0,1,13.8
SHP102242,Mumbai,Chicago,DHL,Rail,2024-06-16,2024-06-26,10,4,Customs Hold,2054.91,4,0,Heavy Rain,4.99,4,4,None,0.16,0.891,0.049,0.27,0.6441,1,14.0
SHP102243,Dubai,Tokyo,DB Schenker,Road,2023-05-12,2023-05-18,6,5,In Transit,2053.01,4,0,Snow,5.81,6,5,Traffic Jam,3.62,0.888,0.127,0.45,1.0,1,78.5
SHP102244,Shanghai,London,DHL,Air,2023-07-02,2023-07-04,2,1,In Transit,4450.04,2,1,Blizzard,9.42,1,6,None,0.0,0.867,0.07,0.13,0.5957,1,30.9
SHP102245,Rotterdam,Chicago,FedEx,Air,2023-04-27,2023-04-30,3,3,Out for Delivery,2316.09,2,0,Clear,0.32,4,10,Equipment Failure,5.95,0.928,0.171,0.2,0.6663,1,56.2
SHP102246,Rotterdam,Singapore,Maersk,Air,2023-07-23,2023-07-26,3,0,At Port,924.2,1,0,Clear,0.15,3,9,Equipment Failure,6.49,0.845,0.396,0.27,0.8991,1,81.6
SHP102247,Hamburg,New York,XPO Logistics,Air,2023-06-26,2023-06-30,4,0,Out for Delivery,2063.79,5,0,Blizzard,8.88,4,6,Equipment Failure,6.09,0.827,0.076,0.29,0.9908,1,57.6
SHP102248,Shanghai,New York,FedEx,Rail,2023-08-20,2023-08-27,7,0,Delayed,353.14,4,0,Fog,3.59,2,7,Equipment Failure,5.54,0.919,0.03,0.35,0.7355,1,30.0
SHP102249,Shanghai,Sydney,XPO Logistics,Rail,2024-02-28,2024-03-06,7,9,At Port,1132.01,2,0,Snow,5.81,2,10,Traffic Jam,4.03,0.82,0.238,0.28,1.0,1,28.9
SHP102250,Los Angeles,New York,UPS,Road,2024-05-25,2024-05-29,4,9,Delayed,2921.27,3,0,Rain,2.47,7,1,Traffic Jam,4.47,0.899,0.048,0.11,0.8041,1,73.7
SHP102251,Mumbai,Singapore,XPO Logistics,Sea,2023-01-30,2023-03-03,32,27,Customs Hold,1077.7,5,0,Clear,0.0,6,9,Equipment Failure,6.2,0.854,0.322,0.15,0.8629,1,45.1
SHP102252,Los Angeles,Singapore,XPO Logistics,Air,2024-01-10,2024-01-15,5,5,Out for Delivery,476.09,4,1,Storm,8.36,3,7,None,0.0,0.816,0.17,0.14,0.8276,1,62.5
SHP102253,Shanghai,New York,FedEx,Sea,2023-04-18,2023-05-16,28,27,In Transit,2105.44,4,0,Storm,7.69,6,6,None,0.22,0.893,0.149,0.35,0.9158,1,7.8
SHP102254,Dubai,London,DHL,Road,2024-10-23,2024-10-26,3,6,At Port,2963.54,2,1,Blizzard,9.26,7,3,Equipment Failure,6.32,0.909,0.098,0.36,1.0,1,54.6
SHP102255,Hamburg,London,FedEx,Air,2023-08-13,2023-08-16,3,0,In Transit,530.63,1,0,Snow,6.31,4,10,Port Strike,8.81,0.942,0.299,0.1,0.8271,1,8.1
SHP102256,Los Angeles,Sydney,UPS,Air,2024-04-05,2024-04-10,5,9,Customs Hold,3813.62,5,0,Blizzard,8.96,1,2,Traffic Jam,3.69,0.938,0.25,0.19,0.9247,1,48.5
SHP102257,Hamburg,Chicago,Maersk,Road,2023-07-12,2023-07-21,9,1,At Port,2988.83,2,0,Blizzard,9.45,9,6,Equipment Failure,5.96,0.839,0.29,0.41,1.0,1,90.0
SHP102258,Hamburg,Singapore,Maersk,Air,2024-07-07,2024-07-12,5,1,Out for Delivery,1689.56,4,0,Blizzard,9.33,4,9,Traffic Jam,3.97,0.844,0.157,0.36,0.9851,1,9.5
SHP102259,Mumbai,London,UPS,Road,2024-07-03,2024-07-11,8,1,At Port,4378.41,3,0,Clear,0.42,7,2,Equipment Failure,5.56,0.914,0.37,0.28,0.9195,1,13.9
SHP102260,Los Angeles,Chicago,XPO Logistics,Road,2024-07-12,2024-07-15,3,6,Customs Hold,2053.05,2,0,Fog,3.94,7,3,Port Strike,9.34,0.84,0.372,0.38,1.0,1,49.3
SHP102261,Hamburg,London,FedEx,Air,2023-10-31,2023-11-04,4,2,Customs Hold,2810.85,4,0,Heavy Rain,5.44,1,10,Traffic Jam,4.09,0.948,0.132,0.1,0.4478,0,0.0
SHP102262,Mumbai,Sydney,XPO Logistics,Sea,2024-08-02,2024-08-22,20,14,In Transit,3645.56,4,0,Blizzard,9.1,5,6,Natural Disaster,10.25,0.81,0.102,0.3,1.0,1,34.7
SHP102263,Dubai,Sydney,DHL,Air,2023-02-04,2023-02-07,3,7,In Transit,1371.27,3,0,Snow,6.47,3,5,Equipment Failure,5.52,0.892,0.041,0.23,0.8685,1,38.5
SHP102264,Mumbai,Singapore,DHL,Air,2023-06-10,2023-06-15,5,2,Out for Delivery,969.82,3,0,Snow,5.82,2,1,Natural Disaster,10.06,0.9,0.234,0.39,1.0,1,16.6
SHP102265,Hamburg,Singapore,Maersk,Rail,2023-07-09,2023-07-20,11,16,In Transit,2457.92,4,0,Snow,6.28,3,6,Natural Disaster,10.39,0.863,0.203,0.33,1.0,1,90.2
SHP102266,Mumbai,Chicago,UPS,Sea,2023-10-28,2023-11-19,22,19,Customs Hold,3965.95,4,0,Heavy Rain,4.54,6,5,None,0.0,0.885,0.261,0.25,0.8118,1,54.3
SHP102267,Mumbai,Chicago,UPS,Rail,2024-08-18,2024-09-01,14,18,Out for Delivery,4876.81,4,0,Heavy Rain,5.18,4,9,None,0.0,0.911,0.09,0.13,0.6423,1,22.7
SHP102268,Shanghai,Chicago,Maersk,Rail,2023-09-23,2023-10-08,15,15,At Port,966.74,1,1,Storm,7.94,5,2,Port Strike,9.08,0.839,0.27,0.37,1.0,1,82.7
SHP102269,Hamburg,Sydney,Maersk,Rail,2024-11-14,2024-11-23,9,0,In Transit,2026.55,1,0,Blizzard,9.16,4,3,Natural Disaster,10.47,0.835,0.173,0.26,1.0,1,75.4
SHP102270,Los Angeles,New York,DB Schenker,Rail,2023-12-21,2023-12-29,8,4,Out for Delivery,2658.47,1,1,Blizzard,8.73,3,10,None,0.0,0.893,0.34,0.32,0.879,1,57.6
SHP102271,Mumbai,Tokyo,FedEx,Road,2023-02-24,2023-02-27,3,3,Delayed,3689.96,1,0,Blizzard,8.61,8,5,Natural Disaster,10.37,0.903,0.09,0.23,1.0,1,95.5
SHP102272,Los Angeles,Tokyo,DHL,Road,2023-07-20,2023-07-29,9,3,Delayed,299.79,1,0,Fog,3.68,9,9,Natural Disaster,9.58,0.92,0.268,0.25,1.0,1,73.2
SHP102273,Rotterdam,Chicago,FedEx,Air,2023-11-19,2023-11-23,4,3,At Port,3960.18,5,0,Heavy Rain,4.65,2,2,Natural Disaster,10.11,0.913,0.092,0.2,0.8897,1,38.6
SHP102274,Rotterdam,Singapore,UPS,Sea,2024-10-18,2024-11-21,34,38,Out for Delivery,2371.19,2,0,Fog,3.71,6,7,Equipment Failure,6.01,0.877,0.308,0.41,1.0,1,48.0
SHP102275,Dubai,London,UPS,Road,2024-06-21,2024-06-24,3,6,Delayed,1455.43,4,0,Blizzard,9.07,9,3,Equipment Failure,6.47,0.88,0.33,0.28,1.0,1,51.2
SHP102276,Rotterdam,Chicago,DB Schenker,Rail,2023-11-04,2023-11-13,9,11,Customs Hold,4136.14,5,0,Heavy Rain,4.64,2,4,Traffic Jam,3.67,0.854,0.136,0.2,0.7917,1,53.6
SHP102277,Hamburg,London,FedEx,Sea,2023-05-22,2023-06-11,20,16,In Transit,3832.11,1,1,Heavy Rain,5.34,6,1,None,0.0,0.917,0.107,0.1,0.6122,1,31.1
SHP102278,Los Angeles,New York,DB Schenker,Air,2023-06-12,2023-06-17,5,4,In Transit,2111.35,3,0,Rain,2.25,2,9,Port Strike,8.97,0.871,0.118,0.16,0.7364,1,9.6
SHP102279,Shanghai,London,DHL,Sea,2023-09-21,2023-10-23,32,15,Customs Hold,4798.84,5,1,Fog,3.84,4,6,Traffic Jam,3.92,0.908,0.303,0.13,0.7416,1,40.9
SHP102280,Hamburg,Tokyo,DHL,Air,2023-06-02,2023-06-06,4,3,Customs Hold,4515.05,4,1,Snow,5.77,2,7,None,0.27,0.915,0.198,0.42,0.8302,1,42.2
SHP102281,Rotterdam,Singapore,XPO Logistics,Sea,2023-11-04,2023-12-02,28,6,Out for Delivery,1492.76,2,1,Heavy Rain,5.31,6,1,Traffic Jam,4.33,0.831,0.1,0.38,0.9814,1,76.9
SHP102282,Los Angeles,Chicago,XPO Logistics,Rail,2024-03-13,2024-03-21,8,12,Customs Hold,952.43,4,0,Fog,3.69,4,3,Traffic Jam,3.84,0.856,0.291,0.29,1.0,1,68.6
SHP102283,Mumbai,Tokyo,FedEx,Sea,2024-09-12,2024-10-12,30,7,Delayed,2443.33,1,1,Snow,6.05,6,9,None,0.43,0.92,0.216,0.38,0.8116,1,76.1
SHP102284,Dubai,Singapore,XPO Logistics,Road,2024-01-23,2024-01-27,4,4,At Port,366.18,2,0,Storm,8.21,8,1,None,0.0,0.835,0.147,0.15,0.9294,1,77.7
SHP102285,Rotterdam,Sydney,FedEx,Air,2023-05-24,2023-05-27,3,3,In Transit,2856.45,5,0,Clear,0.04,2,1,Equipment Failure,5.86,0.928,0.395,0.3,0.8862,1,28.6
SHP102286,Mumbai,New York,Maersk,Air,2023-10-20,2023-10-25,5,7,In Transit,2093.86,4,0,Blizzard,9.11,1,1,None,0.4,0.869,0.093,0.37,0.8318,1,60.1
SHP102287,Rotterdam,Chicago,XPO Logistics,Road,2023-02-09,2023-02-15,6,6,Delayed,633.66,2,1,Snow,5.85,7,7,Natural Disaster,10.4,0.867,0.149,0.2,1.0,1,76.6
SHP102288,Shanghai,Singapore,XPO Logistics,Road,2023-04-01,2023-04-09,8,4,Customs Hold,1525.41,5,0,Blizzard,8.97,8,3,Traffic Jam,4.36,0.815,0.066,0.24,1.0,1,6.5
SHP102289,Shanghai,Singapore,FedEx,Sea,2024-04-03,2024-05-06,33,30,Delayed,1116.41,2,1,Heavy Rain,4.69,4,9,Port Strike,9.35,0.922,0.378,0.15,1.0,1,76.2
SHP102290,Hamburg,Singapore,XPO Logistics,Sea,2023-10-03,2023-10-22,19,8,Customs Hold,95.48,1,0,Snow,5.87,6,1,Port Strike,8.94,0.847,0.036,0.45,1.0,1,59.9
SHP102291,Shanghai,Chicago,Maersk,Sea,2023-09-02,2023-09-26,24,21,Out for Delivery,3166.98,3,0,Storm,7.63,6,6,Equipment Failure,6.4,0.836,0.053,0.44,1.0,1,64.4
SHP102292,Rotterdam,Sydney,UPS,Rail,2023-04-11,2023-04-26,15,4,Out for Delivery,527.46,1,0,Storm,8.17,4,6,Traffic Jam,3.89,0.931,0.374,0.2,0.8693,1,54.6
SHP102293,Shanghai,London,DB Schenker,Road,2024-07-16,2024-07-22,6,6,Out for Delivery,1143.08,2,1,Blizzard,8.95,6,8,None,0.31,0.866,0.385,0.26,0.93,1,60.9
SHP102294,Shanghai,New York,Maersk,Road,2023-12-21,2023-12-25,4,7,Customs Hold,2092.29,3,0,Storm,7.54,7,8,None,0.0,0.843,0.266,0.35,1.0,1,45.1
SHP102295,Shanghai,Tokyo,FedEx,Rail,2023-01-11,2023-01-19,8,1,At Port,2154.15,5,0,Blizzard,8.69,3,6,Natural Disaster,10.21,0.937,0.395,0.4,1.0,1,38.5
SHP102296,Hamburg,New York,DB Schenker,Rail,2024-01-22,2024-01-31,9,8,Out for Delivery,1090.12,4,0,Rain,2.08,5,9,Port Strike,8.97,0.856,0.266,0.14,0.9067,1,59.3
SHP102297,Rotterdam,Sydney,UPS,Sea,2024-08-04,2024-09-01,28,15,Customs Hold,3132.15,4,0,Clear,0.33,3,6,Natural Disaster,10.21,0.923,0.315,0.33,0.962,1,27.8
SHP102298,Los Angeles,Chicago,FedEx,Air,2023-08-27,2023-08-31,4,9,At Port,3917.11,5,0,Fog,3.94,2,8,Traffic Jam,4.35,0.942,0.328,0.43,1.0,1,10.2
SHP102299,Rotterdam,Singapore,XPO Logistics,Sea,2024-07-24,2024-08-23,30,31,Customs Hold,330.71,4,0,Fog,3.51,5,4,None,0.0,0.822,0.368,0.12,0.8268,1,28.7
SHP102300,Los Angeles,New York,Maersk,Air,2023-01-06,2023-01-08,2,1,At Port,4578.59,3,0,Heavy Rain,5.34,2,1,Equipment Failure,5.78,0.851,0.228,0.35,0.9948,1,14.4
SHP102301,Hamburg,Singapore,DB Schenker,Sea,2023-03-21,2023-04-22,32,17,In Transit,2804.6,4,0,Heavy Rain,5.21,5,5,Equipment Failure,5.58,0.863,0.298,0.21,1.0,1,39.6
SHP102302,Dubai,Singapore,DB Schenker,Sea,2024-09-27,2024-10-24,27,6,Customs Hold,3941.86,5,0,Storm,8.5,3,1,Traffic Jam,4.2,0.864,0.251,0.15,0.8891,1,80.8
SHP102303,Hamburg,Singapore,Maersk,Road,2024-04-26,2024-04-30,4,6,Delayed,4346.53,4,0,Clear,0.08,9,3,Equipment Failure,6.07,0.825,0.235,0.36,1.0,1,66.8
SHP102304,Rotterdam,Singapore,Maersk,Rail,2024-07-05,2024-07-19,14,10,Out for Delivery,196.67,1,1,Storm,7.99,5,9,Traffic Jam,4.17,0.815,0.326,0.17,0.9898,1,34.3
SHP102305,Dubai,Sydney,DB Schenker,Sea,2024-05-01,2024-05-26,25,14,Customs Hold,261.46,4,0,Snow,6.43,4,6,Port Strike,9.06,0.874,0.174,0.25,0.9453,1,60.5
SHP102306,Rotterdam,Tokyo,UPS,Rail,2023-06-09,2023-06-18,9,1,In Transit,4436.38,5,0,Snow,5.83,5,9,Traffic Jam,4.08,0.91,0.324,0.34,0.9486,1,89.6
SHP102307,Dubai,London,DB Schenker,Road,2024-02-12,2024-02-18,6,10,Out for Delivery,637.42,4,0,Blizzard,9.08,6,1,Natural Disaster,10.17,0.896,0.318,0.39,1.0,1,37.1
SHP102308,Los Angeles,London,UPS,Road,2024-05-18,2024-05-21,3,4,At Port,1885.97,5,0,Clear,0.0,9,6,Equipment Failure,5.66,0.891,0.252,0.36,1.0,1,24.2
SHP102309,Los Angeles,Singapore,FedEx,Road,2024-10-08,2024-10-13,5,0,In Transit,4372.8,3,1,Storm,8.06,9,2,Port Strike,9.39,0.9,0.114,0.12,0.9275,1,40.9
SHP102310,Shanghai,New York,XPO Logistics,Air,2024-04-20,2024-04-22,2,2,At Port,3239.41,5,0,Storm,8.31,1,9,None,0.0,0.829,0.06,0.35,0.8371,1,28.6
SHP102311,Hamburg,Tokyo,Maersk,Air,2023-10-30,2023-11-01,2,4,In Transit,1821.2,3,0,Storm,7.86,3,4,Port Strike,9.49,0.81,0.384,0.13,1.0,1,43.4
SHP102312,Los Angeles,Singapore,DB Schenker,Air,2024-02-20,2024-02-23,3,3,Out for Delivery,1628.22,2,0,Snow,5.81,4,5,Natural Disaster,9.55,0.872,0.376,0.22,1.0,1,82.2
SHP102313,Shanghai,New York,DB Schenker,Air,2024-02-12,2024-02-16,4,6,Delayed,323.0,3,0,Heavy Rain,5.13,4,4,Port Strike,9.13,0.841,0.332,0.35,1.0,1,19.5
SHP102314,Los Angeles,Chicago,Maersk,Road,2023-08-10,2023-08-13,3,3,At Port,3005.45,2,0,Clear,0.0,8,10,Traffic Jam,4.39,0.882,0.377,0.11,0.8239,1,52.2
SHP102315,Mumbai,Tokyo,FedEx,Sea,2023-02-20,2023-03-19,27,27,Customs Hold,2804.8,5,0,Storm,8.28,4,1,None,0.0,0.926,0.199,0.44,0.8215,1,52.8
SHP102316,Los Angeles,New York,DB Schenker,Air,2023-09-02,2023-09-05,3,5,Delayed,3541.57,2,0,Blizzard,9.37,4,10,Port Strike,9.25,0.858,0.065,0.23,1.0,1,18.6
SHP102317,Dubai,London,FedEx,Air,2024-06-28,2024-06-30,2,4,Delayed,2457.52,1,0,Rain,2.07,4,7,Port Strike,8.62,0.906,0.292,0.26,1.0,1,14.5
SHP102318,Hamburg,Chicago,DHL,Sea,2024-08-01,2024-08-26,25,6,Customs Hold,4908.06,3,0,Snow,5.85,4,3,Traffic Jam,4.04,0.907,0.195,0.35,0.8911,1,67.2
SHP102319,Dubai,Singapore,FedEx,Road,2024-11-12,2024-11-21,9,2,In Transit,973.36,4,0,Heavy Rain,4.67,7,2,Natural Disaster,9.89,0.893,0.081,0.15,0.842,1,50.4
SHP102320,Shanghai,London,DB Schenker,Rail,2023-08-25,2023-09-03,9,2,Out for Delivery,1468.4,1,0,Snow,5.7,3,5,Natural Disaster,10.25,0.869,0.08,0.24,0.9877,1,88.9
SHP102321,Mumbai,Chicago,UPS,Rail,2023-10-12,2023-10-20,8,7,Out for Delivery,3457.14,4,0,Fog,3.77,2,1,None,0.09,0.898,0.274,0.22,0.6998,1,51.8
SHP102322,Hamburg,London,DB Schenker,Sea,2023-10-03,2023-10-29,26,23,Customs Hold,3921.02,5,0,Heavy Rain,5.05,6,3,Traffic Jam,4.42,0.869,0.12,0.1,0.7714,1,51.1
SHP102323,Shanghai,Sydney,Maersk,Sea,2023-04-17,2023-05-10,23,9,Out for Delivery,1409.12,2,0,Blizzard,8.94,3,8,None,0.37,0.863,0.228,0.19,0.8574,1,50.2
SHP102324,Hamburg,Sydney,FedEx,Road,2023-01-06,2023-01-11,5,8,Customs Hold,855.65,2,0,Fog,3.52,9,9,Port Strike,9.35,0.935,0.246,0.32,1.0,1,58.2
SHP102325,Hamburg,Tokyo,DHL,Air,2023-10-08,2023-10-11,3,7,In Transit,838.05,1,0,Snow,6.23,4,10,Equipment Failure,6.08,0.877,0.243,0.4,1.0,1,8.0
SHP102326,Dubai,London,DHL,Rail,2024-01-05,2024-01-17,12,8,At Port,2368.3,4,0,Fog,4.29,3,1,Port Strike,8.67,0.901,0.039,0.16,0.7363,1,5.2
SHP102327,Mumbai,Chicago,FedEx,Rail,2023-02-20,2023-03-01,9,4,In Transit,585.77,3,0,Blizzard,9.39,4,9,Traffic Jam,3.66,0.903,0.276,0.39,1.0,1,13.6
SHP102328,Hamburg,London,XPO Logistics,Rail,2024-08-09,2024-08-17,8,1,Delayed,2356.43,2,0,Clear,0.49,2,8,None,0.0,0.832,0.37,0.1,0.5494,1,33.6
SHP102329,Dubai,New York,FedEx,Sea,2024-03-12,2024-04-15,34,14,Out for Delivery,1561.55,3,0,Fog,4.43,6,2,Equipment Failure,6.16,0.901,0.259,0.29,0.8399,1,66.2
SHP102330,Dubai,Chicago,XPO Logistics,Road,2024-05-11,2024-05-21,10,1,At Port,943.69,3,1,Fog,4.1,6,4,Traffic Jam,4.2,0.886,0.37,0.36,1.0,1,79.3
SHP102331,Los Angeles,Chicago,DHL,Air,2023-09-30,2023-10-02,2,5,Delayed,2710.08,2,0,Rain,2.04,4,5,Port Strike,9.32,0.859,0.062,0.25,1.0,1,39.8
SHP102332,Shanghai,Tokyo,UPS,Sea,2024-05-27,2024-06-22,26,24,In Transit,1393.35,1,0,Clear,0.0,4,9,Equipment Failure,6.15,0.898,0.181,0.18,0.7665,1,19.6
SHP102333,Mumbai,Tokyo,FedEx,Air,2023-03-01,2023-03-03,2,3,In Transit,401.92,3,0,Fog,4.34,2,10,Equipment Failure,5.85,0.908,0.121,0.16,0.7647,1,48.8
SHP102334,Mumbai,Chicago,XPO Logistics,Road,2024-09-04,2024-09-11,7,6,Out for Delivery,143.58,2,0,Clear,0.0,7,10,Natural Disaster,10.1,0.792,0.117,0.19,0.9391,1,57.8
SHP102335,Shanghai,Chicago,FedEx,Air,2024-08-23,2024-08-27,4,3,In Transit,1440.67,4,0,Clear,0.4,1,7,Natural Disaster,10.09,0.94,0.308,0.24,0.9351,1,65.2
SHP102336,Mumbai,Tokyo,FedEx,Road,2024-08-03,2024-08-10,7,8,At Port,811.5,5,0,Blizzard,8.61,6,6,Equipment Failure,5.88,0.935,0.057,0.25,0.9521,1,52.0
SHP102337,Los Angeles,London,XPO Logistics,Rail,2023-12-29,2024-01-08,10,2,Out for Delivery,4593.36,3,0,Fog,4.23,5,4,Traffic Jam,3.83,0.79,0.356,0.36,1.0,1,77.4
SHP102338,Mumbai,Chicago,DB Schenker,Air,2024-01-20,2024-01-23,3,7,In Transit,1677.42,3,0,Storm,7.52,1,3,Equipment Failure,5.92,0.906,0.115,0.26,1.0,1,13.6
SHP102339,Dubai,Singapore,DB Schenker,Air,2024-04-19,2024-04-24,5,8,Customs Hold,1270.18,1,0,Snow,6.36,3,1,Natural Disaster,9.89,0.938,0.185,0.15,0.9868,1,77.4
SHP102340,Los Angeles,Chicago,Maersk,Rail,2023-07-08,2023-07-20,12,17,Out for Delivery,4851.55,1,0,Storm,8.07,4,10,None,0.0,0.832,0.117,0.13,0.9089,1,86.1
SHP102341,Dubai,Singapore,UPS,Air,2023-11-07,2023-11-11,4,5,At Port,2287.71,1,1,Clear,0.0,4,10,Traffic Jam,4.45,0.916,0.301,0.15,0.7462,1,30.7
SHP102342,Mumbai,Sydney,UPS,Sea,2023-07-06,2023-07-31,25,15,Out for Delivery,3785.65,3,1,Snow,5.9,5,5,Traffic Jam,3.57,0.89,0.399,0.3,0.994,1,45.1
SHP102343,Hamburg,Sydney,DHL,Road,2024-03-07,2024-03-12,5,7,In Transit,6.61,4,1,Snow,5.92,7,3,Equipment Failure,6.11,0.915,0.107,0.4,1.0,1,95.8
SHP102344,Mumbai,London,Maersk,Road,2023-07-28,2023-08-01,4,5,Out for Delivery,1069.56,2,0,Fog,3.64,9,9,None,0.38,0.841,0.051,0.42,0.9383,1,60.0
SHP102345,Shanghai,New York,DHL,Road,2024-02-13,2024-02-16,3,1,Customs Hold,3485.51,3,0,Clear,0.22,8,7,Traffic Jam,3.61,0.857,0.049,0.35,0.7619,1,26.8
SHP102346,Mumbai,London,XPO Logistics,Rail,2024-06-05,2024-06-15,10,12,Out for Delivery,1920.3,4,0,Rain,1.84,5,2,None,0.45,0.827,0.197,0.19,0.7786,1,55.0
SHP102347,Hamburg,London,DHL,Air,2024-06-09,2024-06-11,2,2,Delayed,4739.63,2,0,Blizzard,9.2,3,2,Equipment Failure,5.76,0.896,0.329,0.1,0.9412,1,14.2
SHP102348,Shanghai,Chicago,DB Schenker,Sea,2024-10-29,2024-12-01,33,17,Customs Hold,1719.44,2,1,Heavy Rain,5.13,6,7,None,0.24,0.901,0.373,0.41,0.9746,1,45.4
SHP102349,Shanghai,New York,Maersk,Air,2023-11-09,2023-11-13,4,7,Customs Hold,4890.17,3,0,Clear,0.36,2,3,Port Strike,8.51,0.84,0.375,0.35,1.0,1,26.8
SHP102350,Mumbai,New York,Maersk,Rail,2024-11-08,2024-11-22,14,5,Out for Delivery,1061.98,5,0,Rain,1.82,3,10,Port Strike,9.34,0.856,0.339,0.25,0.9716,1,42.7
SHP102351,Mumbai,Sydney,XPO Logistics,Road,2023-04-06,2023-04-10,4,1,Customs Hold,2927.22,3,1,Clear,0.0,8,1,None,0.0,0.869,0.146,0.3,0.6899,1,59.9
SHP102352,Rotterdam,Sydney,XPO Logistics,Road,2024-07-15,2024-07-25,10,4,In Transit,1537.86,2,0,Clear,0.03,7,4,Port Strike,8.51,0.8,0.149,0.36,1.0,1,50.3
SHP102353,Mumbai,Chicago,XPO Logistics,Rail,2024-02-13,2024-02-25,12,5,Out for Delivery,2268.16,3,0,Storm,7.92,2,4,Natural Disaster,10.16,0.821,0.132,0.16,0.98,1,89.6
SHP102354,Mumbai,New York,XPO Logistics,Road,2024-07-25,2024-07-30,5,10,Delayed,1519.18,5,0,Fog,4.13,8,5,None,0.29,0.823,0.274,0.2,0.9494,1,72.8
SHP102355,Mumbai,Chicago,XPO Logistics,Road,2023-09-26,2023-10-04,8,2,Out for Delivery,1349.46,1,0,Heavy Rain,4.76,9,10,None,0.0,0.811,0.103,0.35,0.8561,1,39.1
SHP102356,Los Angeles,Singapore,Maersk,Air,2023-12-27,2023-12-31,4,5,Customs Hold,3192.92,4,0,Rain,2.34,4,8,Equipment Failure,6.46,0.844,0.333,0.16,0.8908,1,10.2
SHP102357,Rotterdam,Singapore,Maersk,Air,2024-09-18,2024-09-21,3,6,Customs Hold,2745.25,2,0,Blizzard,8.84,2,10,Equipment Failure,6.32,0.867,0.053,0.3,1.0,1,52.5
SHP102358,Dubai,Chicago,FedEx,Sea,2023-08-30,2023-10-04,35,0,Out for Delivery,1976.7,3,1,Clear,0.0,3,9,Natural Disaster,9.77,0.907,0.071,0.34,0.7899,1,16.2
SHP102359,Mumbai,Singapore,Maersk,Sea,2023-11-14,2023-12-18,34,17,Delayed,1715.1,4,0,Snow,6.33,5,10,Port Strike,9.35,0.864,0.122,0.13,0.8808,1,10.8
SHP102360,Los Angeles,Sydney,XPO Logistics,Sea,2023-11-26,2023-12-23,27,5,Customs Hold,4380.05,3,0,Fog,3.57,5,1,Traffic Jam,3.7,0.838,0.069,0.3,0.8029,1,8.9
SHP102361,Rotterdam,Chicago,DB Schenker,Sea,2024-10-31,2024-11-22,22,22,In Transit,4354.03,4,0,Fog,3.57,6,1,Port Strike,9.42,0.886,0.245,0.2,1.0,1,68.7
SHP102362,Hamburg,Chicago,DHL,Rail,2023-03-03,2023-03-17,14,7,Delayed,3653.75,1,0,Storm,8.08,5,10,Traffic Jam,4.17,0.872,0.247,0.16,0.9676,1,13.7
SHP102363,Los Angeles,Tokyo,DHL,Air,2023-08-16,2023-08-20,4,6,In Transit,3149.36,2,0,Rain,1.56,4,1,Traffic Jam,4.42,0.877,0.133,0.25,0.8323,1,43.6
SHP102364,Hamburg,New York,FedEx,Road,2023-07-04,2023-07-12,8,3,Out for Delivery,1426.06,5,0,Blizzard,9.47,8,7,Natural Disaster,9.85,0.93,0.02,0.41,1.0,1,7.2
SHP102365,Rotterdam,London,XPO Logistics,Rail,2023-06-02,2023-06-17,15,20,In Transit,4703.02,3,0,Storm,8.21,5,7,Port Strike,9.03,0.862,0.057,0.28,1.0,1,53.7
SHP102366,Los Angeles,Tokyo,XPO Logistics,Sea,2024-11-07,2024-12-08,31,6,In Transit,4480.54,2,0,Heavy Rain,5.47,6,5,Port Strike,9.14,0.798,0.209,0.25,1.0,1,84.7
SHP102367,Dubai,Singapore,UPS,Air,2023-10-28,2023-10-30,2,7,Customs Hold,3705.93,1,0,Snow,5.58,3,10,Equipment Failure,6.09,0.908,0.377,0.15,1.0,1,21.4
SHP102368,Los Angeles,Chicago,Maersk,Road,2023-11-11,2023-11-18,7,10,In Transit,3490.8,3,1,Heavy Rain,5.28,9,2,None,0.08,0.816,0.153,0.27,0.9805,1,59.7
SHP102369,Hamburg,London,DB Schenker,Air,2023-02-04,2023-02-06,2,4,Customs Hold,2355.0,3,0,Storm,8.19,2,10,Equipment Failure,6.12,0.858,0.392,0.1,1.0,1,33.4
SHP102370,Los Angeles,Singapore,DB Schenker,Sea,2024-04-23,2024-05-26,33,6,At Port,1030.28,4,1,Heavy Rain,4.94,6,6,Port Strike,9.26,0.856,0.187,0.36,1.0,1,15.1
SHP102371,Los Angeles,London,Maersk,Air,2024-06-14,2024-06-18,4,1,In Transit,3660.63,3,0,Clear,0.02,3,4,Natural Disaster,9.66,0.858,0.175,0.27,0.8362,1,18.1
SHP102372,Shanghai,New York,FedEx,Air,2024-06-19,2024-06-22,3,4,In Transit,3501.49,3,0,Rain,2.24,1,8,Equipment Failure,6.15,0.927,0.329,0.35,0.9543,1,91.2
SHP102373,Dubai,Sydney,DB Schenker,Rail,2023-05-13,2023-05-22,9,11,In Transit,3747.26,1,0,Fog,4.3,3,9,Traffic Jam,4.28,0.884,0.305,0.19,0.8965,1,52.6
SHP102374,Mumbai,Chicago,XPO Logistics,Road,2024-02-24,2024-03-03,8,2,Delayed,2028.75,4,0,Heavy Rain,4.56,7,5,Port Strike,9.38,0.817,0.259,0.24,1.0,1,89.0
SHP102375,Shanghai,Sydney,XPO Logistics,Sea,2023-05-15,2023-06-05,21,16,At Port,4370.72,3,0,Storm,7.74,5,8,Port Strike,8.78,0.865,0.108,0.36,1.0,1,55.4
SHP102376,Rotterdam,Singapore,FedEx,Sea,2024-02-03,2024-02-25,22,0,At Port,4484.09,5,0,Snow,6.02,6,5,Traffic Jam,4.16,0.931,0.23,0.34,0.8704,1,58.9
SHP102377,Dubai,Tokyo,Maersk,Air,2023-12-01,2023-12-03,2,2,Out for Delivery,3417.45,2,0,Heavy Rain,5.34,4,3,Natural Disaster,10.04,0.827,0.324,0.11,1.0,1,7.0
SHP102378,Dubai,New York,FedEx,Sea,2023-01-09,2023-02-11,33,27,At Port,517.92,5,0,Storm,7.5,4,9,Equipment Failure,6.45,0.913,0.066,0.15,0.8258,1,20.2
SHP102379,Los Angeles,Chicago,DHL,Sea,2024-05-21,2024-06-15,25,4,Customs Hold,3787.33,3,0,Rain,2.38,3,2,Port Strike,9.06,0.885,0.375,0.28,1.0,1,54.8
SHP102380,Dubai,London,XPO Logistics,Sea,2023-05-10,2023-06-13,34,25,Customs Hold,4683.46,2,0,Snow,5.94,3,4,Port Strike,8.59,0.849,0.213,0.28,1.0,1,27.6
SHP102381,Hamburg,Sydney,XPO Logistics,Road,2023-12-20,2023-12-27,7,2,Customs Hold,4010.8,4,0,Clear,0.0,8,10,Traffic Jam,4.41,0.833,0.369,0.45,1.0,1,20.9
SHP102382,Hamburg,Singapore,UPS,Rail,2024-05-18,2024-05-25,7,8,Customs Hold,3293.89,4,0,Clear,0.34,3,1,Port Strike,8.55,0.923,0.364,0.15,0.9606,1,5.9
SHP102383,Mumbai,Sydney,DHL,Rail,2024-06-03,2024-06-17,14,2,Delayed,3829.44,4,0,Storm,7.82,3,4,Traffic Jam,3.83,0.884,0.105,0.3,0.732,1,16.5
SHP102384,Rotterdam,Singapore,XPO Logistics,Road,2024-08-31,2024-09-09,9,9,In Transit,774.15,4,0,Heavy Rain,5.39,6,10,Natural Disaster,10.18,0.853,0.037,0.15,1.0,1,85.1
SHP102385,Rotterdam,Tokyo,DHL,Sea,2024-04-10,2024-05-11,31,15,Out for Delivery,2231.32,1,0,Snow,5.55,6,2,Port Strike,9.19,0.907,0.378,0.4,1.0,1,36.0
SHP102386,Mumbai,Sydney,Maersk,Road,2023-04-25,2023-05-05,10,9,Delayed,3139.61,4,0,Rain,2.11,6,7,Traffic Jam,3.99,0.848,0.067,0.3,0.8915,1,24.2
SHP102387,Hamburg,Tokyo,DB Schenker,Sea,2023-01-10,2023-02-04,25,28,Customs Hold,3127.11,5,0,Snow,5.62,5,4,None,0.29,0.835,0.027,0.35,0.8397,1,63.8
SHP102388,Hamburg,Chicago,FedEx,Sea,2023-04-18,2023-05-20,32,9,Out for Delivery,3855.89,1,1,Heavy Rain,5.3,3,9,Port Strike,8.77,0.944,0.362,0.38,1.0,1,69.2
SHP102389,Rotterdam,Chicago,Maersk,Sea,2024-10-19,2024-11-21,33,33,Customs Hold,156.63,2,1,Snow,6.16,6,7,Port Strike,9.08,0.853,0.259,0.2,1.0,1,80.7
SHP102390,Rotterdam,Sydney,DHL,Air,2024-02-01,2024-02-03,2,0,Customs Hold,321.76,5,0,Fog,4.11,4,5,None,0.32,0.871,0.124,0.4,0.7488,1,10.0
SHP102391,Shanghai,Tokyo,UPS,Sea,2023-11-27,2023-12-29,32,6,Delayed,807.23,2,1,Blizzard,9.03,4,1,Port Strike,8.8,0.943,0.345,0.22,1.0,1,89.5
SHP102392,Hamburg,Sydney,XPO Logistics,Road,2023-06-22,2023-06-28,6,1,Customs Hold,2195.91,4,0,Clear,0.0,9,7,Traffic Jam,4.36,0.826,0.226,0.23,0.8202,1,63.6
SHP102393,Mumbai,London,Maersk,Rail,2024-06-05,2024-06-17,12,6,Delayed,1905.24,5,0,Clear,0.0,4,1,Equipment Failure,5.94,0.845,0.361,0.32,0.9226,1,27.1
SHP102394,Dubai,Chicago,Maersk,Rail,2024-02-15,2024-02-29,14,15,In Transit,427.41,1,0,Storm,7.52,3,9,Traffic Jam,4.1,0.85,0.367,0.36,1.0,1,8.1
SHP102395,Mumbai,Singapore,Maersk,Sea,2023-06-10,2023-07-04,24,2,In Transit,3122.65,1,0,Blizzard,9.25,4,9,Equipment Failure,5.69,0.83,0.041,0.42,1.0,1,62.2
SHP102396,Hamburg,London,Maersk,Road,2023-09-29,2023-10-06,7,2,Out for Delivery,2278.29,1,0,Blizzard,9.21,7,8,Traffic Jam,4.3,0.808,0.33,0.1,1.0,1,42.7
SHP102397,Mumbai,Chicago,Maersk,Rail,2023-09-25,2023-10-03,8,3,At Port,4883.57,3,0,Blizzard,9.03,3,3,Equipment Failure,5.88,0.823,0.332,0.17,1.0,1,88.1
SHP102398,Rotterdam,Sydney,DB Schenker,Rail,2023-03-13,2023-03-22,9,1,At Port,852.76,2,0,Clear,0.0,2,7,Equipment Failure,5.98,0.91,0.033,0.23,0.5002,1,37.0
SHP102399,Dubai,New York,DB Schenker,Sea,2023-05-14,2023-06-10,27,11,Customs Hold,292.32,2,0,Heavy Rain,5.41,5,6,Natural Disaster,10.39,0.874,0.349,0.11,0.9912,1,27.9
SHP102400,Shanghai,Chicago,FedEx,Sea,2023-06-07,2023-07-10,33,27,At Port,3075.35,1,0,Blizzard,9.01,3,5,None,0.0,0.945,0.084,0.17,0.5885,1,49.9
SHP102401,Mumbai,Tokyo,FedEx,Sea,2023-09-22,2023-10-19,27,31,Delayed,4959.46,3,1,Storm,8.47,5,9,Equipment Failure,5.57,0.884,0.078,0.38,1.0,1,37.5
SHP102402,Rotterdam,Tokyo,FedEx,Road,2024-07-06,2024-07-12,6,0,In Transit,2369.48,5,0,Heavy Rain,5.34,8,10,Natural Disaster,10.05,0.928,0.289,0.4,1.0,1,83.7
SHP102403,Los Angeles,Sydney,XPO Logistics,Road,2023-12-11,2023-12-16,5,7,In Transit,2883.06,4,0,Rain,1.79,8,1,Port Strike,9.13,0.838,0.114,0.43,1.0,1,35.7
SHP102404,Mumbai,Sydney,Maersk,Sea,2024-03-28,2024-05-01,34,28,Customs Hold,65.61,3,0,Fog,3.7,3,10,Natural Disaster,9.68,0.847,0.307,0.3,1.0,1,47.3
SHP102405,Mumbai,Singapore,DHL,Sea,2024-05-26,2024-06-21,26,25,At Port,1810.65,5,0,Snow,6.27,5,2,None,0.18,0.916,0.089,0.19,0.688,1,5.3
SHP102406,Los Angeles,Singapore,DB Schenker,Road,2024-10-16,2024-10-21,5,3,At Port,3316.04,1,0,Heavy Rain,4.53,7,2,None,0.09,0.886,0.391,0.15,0.7532,1,64.0
SHP102407,Rotterdam,Singapore,Maersk,Sea,2024-07-07,2024-08-05,29,2,Delayed,957.71,5,1,Fog,4.29,5,6,Port Strike,9.17,0.821,0.06,0.18,0.8751,1,17.9
SHP102408,Shanghai,New York,DB Schenker,Road,2024-10-22,2024-11-01,10,3,Out for Delivery,2952.43,4,1,Storm,7.55,9,4,Port Strike,8.84,0.872,0.329,0.35,1.0,1,95.5
SHP102409,Rotterdam,New York,Maersk,Rail,2024-09-30,2024-10-08,8,9,At Port,2373.84,1,1,Snow,6.01,5,3,None,0.0,0.818,0.2,0.2,0.8409,1,80.3
SHP102410,Los Angeles,Tokyo,UPS,Rail,2023-01-24,2023-02-05,12,17,Out for Delivery,4267.78,2,0,Storm,7.81,4,4,Natural Disaster,9.78,0.905,0.379,0.25,1.0,1,33.7
SHP102411,Shanghai,Singapore,UPS,Rail,2024-04-09,2024-04-22,13,5,Out for Delivery,133.05,2,0,Rain,2.12,2,10,Natural Disaster,10.32,0.878,0.068,0.29,0.8931,1,25.8
SHP102412,Hamburg,New York,Maersk,Road,2024-02-16,2024-02-21,5,7,Delayed,1245.36,5,0,Clear,0.04,7,5,Natural Disaster,9.72,0.834,0.268,0.35,1.0,1,38.2
SHP102413,Los Angeles,Chicago,UPS,Sea,2023-01-09,2023-02-09,31,13,At Port,1.1,1,0,Blizzard,9.42,3,9,Port Strike,8.52,0.909,0.078,0.11,0.8748,1,21.4
SHP102414,Hamburg,Singapore,Maersk,Rail,2024-04-22,2024-05-03,11,9,Delayed,1728.76,4,0,Blizzard,9.08,2,8,None,0.47,0.835,0.382,0.24,0.897,1,75.1
SHP102415,Rotterdam,Tokyo,DHL,Road,2023-06-07,2023-06-15,8,5,In Transit,4540.29,4,1,Blizzard,9.09,7,7,None,0.0,0.895,0.245,0.44,1.0,1,21.0
SHP102416,Hamburg,Chicago,DHL,Sea,2024-11-16,2024-12-19,33,28,At Port,2872.77,3,1,Clear,0.0,6,7,None,0.0,0.847,0.396,0.11,0.7358,1,53.6
SHP102417,Shanghai,Sydney,DB Schenker,Sea,2023-08-16,2023-09-13,28,31,In Transit,1742.51,4,0,Rain,1.99,3,4,Port Strike,9.34,0.863,0.387,0.32,1.0,1,15.6
SHP102418,Los Angeles,Chicago,XPO Logistics,Rail,2024-07-27,2024-08-06,10,4,Delayed,4435.61,2,0,Fog,3.66,4,7,Equipment Failure,6.44,0.811,0.316,0.34,1.0,1,88.9
SHP102419,Dubai,Singapore,FedEx,Air,2024-11-17,2024-11-19,2,5,Customs Hold,2846.59,3,1,Clear,0.08,2,6,Equipment Failure,5.58,0.935,0.237,0.15,0.8687,1,9.8
SHP102420,Rotterdam,Tokyo,UPS,Road,2023-09-24,2023-09-28,4,2,At Port,4238.37,1,0,Fog,4.0,9,7,None,0.0,0.943,0.114,0.1,0.5626,1,6.8
SHP102421,Shanghai,New York,FedEx,Road,2024-09-15,2024-09-20,5,0,Delayed,1919.14,5,0,Fog,4.05,8,7,Natural Disaster,9.85,0.94,0.378,0.35,1.0,1,22.5
SHP102422,Rotterdam,New York,XPO Logistics,Road,2024-04-16,2024-04-24,8,7,Out for Delivery,1256.3,4,1,Heavy Rain,5.12,9,1,None,0.34,0.837,0.197,0.36,1.0,1,18.8
SHP102423,Hamburg,Tokyo,DB Schenker,Sea,2024-11-13,2024-12-03,20,20,At Port,649.23,4,0,Snow,5.98,3,8,Equipment Failure,5.7,0.881,0.023,0.21,0.8198,1,69.7
SHP102424,Los Angeles,Tokyo,DHL,Sea,2023-08-10,2023-09-01,22,27,Delayed,4284.27,2,0,Blizzard,9.37,4,3,Traffic Jam,3.71,0.895,0.11,0.25,0.9428,1,27.7
SHP102425,Mumbai,Tokyo,Maersk,Rail,2023-09-12,2023-09-20,8,8,Out for Delivery,3778.21,3,0,Blizzard,8.71,5,1,None,0.0,0.845,0.363,0.14,0.9556,1,24.5
SHP102426,Los Angeles,New York,DB Schenker,Air,2023-09-18,2023-09-20,2,7,At Port,925.72,3,1,Fog,3.79,4,3,Port Strike,9.02,0.885,0.135,0.23,1.0,1,45.6
SHP102427,Rotterdam,Tokyo,Maersk,Road,2023-10-28,2023-11-02,5,7,Out for Delivery,688.52,3,0,Snow,5.71,8,10,Natural Disaster,9.91,0.845,0.188,0.15,1.0,1,74.7
SHP102428,Hamburg,New York,Maersk,Rail,2023-06-28,2023-07-09,11,14,In Transit,601.47,2,0,Fog,4.25,3,10,Traffic Jam,3.96,0.865,0.21,0.33,0.9715,1,10.3
SHP102429,Rotterdam,London,DB Schenker,Rail,2023-08-23,2023-09-04,12,6,Customs Hold,4882.42,3,0,Storm,8.13,5,7,Port Strike,9.15,0.874,0.103,0.44,1.0,1,51.8
SHP102430,Mumbai,Sydney,UPS,Road,2024-08-23,2024-09-02,10,0,Delayed,4722.15,2,0,Blizzard,9.25,8,5,Equipment Failure,6.43,0.89,0.369,0.3,1.0,1,42.7
SHP102431,Mumbai,Sydney,FedEx,Air,2023-11-21,2023-11-26,5,5,Delayed,3976.26,4,1,Heavy Rain,4.99,3,9,None,0.13,0.914,0.067,0.3,0.6854,1,58.7
SHP102432,Shanghai,Tokyo,DB Schenker,Air,2024-05-29,2024-06-03,5,1,In Transit,301.79,2,0,Storm,8.01,1,5,None,0.0,0.865,0.266,0.22,0.6558,1,26.0
SHP102433,Shanghai,New York,Maersk,Rail,2023-12-18,2023-12-27,9,13,Delayed,3671.44,5,0,Fog,3.63,2,2,None,0.39,0.829,0.29,0.35,0.9737,1,64.2
SHP102434,Hamburg,Sydney,XPO Logistics,Air,2023-09-10,2023-09-13,3,2,In Transit,2048.86,3,0,Blizzard,9.31,2,1,Natural Disaster,10.01,0.839,0.234,0.4,1.0,1,92.0
SHP102435,Hamburg,New York,Maersk,Sea,2024-10-23,2024-11-22,30,4,In Transit,4697.93,5,0,Snow,6.39,6,8,None,0.15,0.83,0.235,0.41,0.9641,1,36.1
SHP102436,Dubai,Tokyo,UPS,Road,2023-04-22,2023-04-26,4,5,Out for Delivery,1391.86,3,0,Fog,4.46,9,1,Port Strike,9.32,0.904,0.11,0.17,1.0,1,46.5
SHP102437,Mumbai,Tokyo,Maersk,Air,2023-05-14,2023-05-18,4,1,At Port,3905.33,2,1,Blizzard,8.83,2,8,Natural Disaster,9.78,0.856,0.267,0.36,1.0,1,74.8
SHP102438,Los Angeles,Singapore,UPS,Road,2023-02-25,2023-03-02,5,7,Out for Delivery,2243.9,2,0,Fog,3.63,6,6,Traffic Jam,3.93,0.94,0.204,0.25,0.8473,1,62.4
SHP102439,Dubai,Tokyo,UPS,Road,2023-02-09,2023-02-19,10,4,Out for Delivery,514.63,4,0,Clear,0.35,7,4,Equipment Failure,5.71,0.945,0.125,0.11,0.6079,1,12.8
SHP102440,Mumbai,Singapore,UPS,Road,2024-04-16,2024-04-22,6,9,Customs Hold,807.0,2,0,Blizzard,8.81,9,4,Port Strike,9.47,0.916,0.339,0.28,1.0,1,82.4
SHP102441,Hamburg,Tokyo,FedEx,Sea,2023-09-25,2023-10-13,18,16,Customs Hold,702.35,3,0,Storm,7.72,6,8,Natural Disaster,9.84,0.919,0.355,0.41,1.0,1,77.0
SHP102442,Dubai,Singapore,XPO Logistics,Sea,2023-01-13,2023-02-06,24,29,In Transit,4178.27,3,0,Clear,0.18,6,4,Traffic Jam,4.05,0.843,0.162,0.15,0.7643,1,13.2
SHP102443,Los Angeles,Singapore,XPO Logistics,Rail,2024-02-17,2024-02-27,10,13,Customs Hold,4198.18,1,0,Fog,4.23,4,6,Port Strike,9.11,0.846,0.202,0.32,1.0,1,32.4
SHP102444,Los Angeles,Singapore,UPS,Sea,2024-05-24,2024-06-17,24,18,Customs Hold,4751.45,4,1,Fog,4.04,3,2,Natural Disaster,10.04,0.894,0.27,0.28,1.0,1,26.7
SHP102445,Los Angeles,London,DB Schenker,Air,2023-12-14,2023-12-18,4,2,At Port,4419.27,3,1,Clear,0.0,3,2,None,0.0,0.86,0.238,0.34,0.761,1,30.0
SHP102446,Los Angeles,Sydney,Maersk,Road,2024-05-09,2024-05-19,10,7,In Transit,1626.37,5,0,Rain,1.75,8,5,Natural Disaster,10.32,0.842,0.102,0.24,1.0,1,15.8
SHP102447,Dubai,Chicago,DHL,Sea,2024-08-31,2024-10-03,33,21,Customs Hold,3417.16,5,0,Blizzard,9.48,5,10,None,0.0,0.87,0.084,0.33,0.8531,1,64.5
SHP102448,Los Angeles,Tokyo,FedEx,Road,2024-01-29,2024-02-03,5,10,Delayed,238.94,5,0,Storm,8.31,7,3,Equipment Failure,6.46,0.934,0.306,0.25,1.0,1,13.6
SHP102449,Dubai,New York,XPO Logistics,Rail,2023-09-28,2023-10-13,15,14,At Port,4925.84,5,1,Storm,7.56,2,2,Natural Disaster,9.9,0.831,0.116,0.44,1.0,1,73.8
SHP102450,Mumbai,Singapore,FedEx,Rail,2023-12-18,2023-12-29,11,0,In Transit,4232.66,1,1,Snow,6.08,4,6,None,0.2,0.911,0.223,0.35,0.7839,1,25.1
SHP102451,Mumbai,New York,UPS,Sea,2023-01-30,2023-02-28,29,10,Customs Hold,2264.72,3,0,Storm,8.34,4,4,Traffic Jam,3.53,0.892,0.064,0.33,0.8485,1,22.2
SHP102452,Shanghai,Chicago,DB Schenker,Air,2024-10-23,2024-10-26,3,1,In Transit,2002.04,2,0,Clear,0.04,3,8,Traffic Jam,4.15,0.909,0.238,0.19,0.5484,1,8.2
SHP102453,Los Angeles,New York,DB Schenker,Air,2024-03-23,2024-03-28,5,9,In Transit,748.98,3,0,Fog,4.1,2,7,Natural Disaster,10.17,0.851,0.335,0.21,1.0,1,26.0
SHP102454,Los Angeles,Chicago,DB Schenker,Road,2024-02-12,2024-02-21,9,12,At Port,3011.48,3,0,Fog,3.78,7,1,Natural Disaster,9.74,0.899,0.236,0.13,0.9887,1,73.3
SHP102455,Shanghai,Singapore,Maersk,Sea,2023-12-09,2024-01-08,30,24,Delayed,4187.17,2,0,Rain,2.45,6,7,Port Strike,8.82,0.863,0.059,0.12,0.82,1,41.6
SHP102456,Los Angeles,Tokyo,DB Schenker,Rail,2024-08-05,2024-08-13,8,4,In Transit,1693.16,5,1,Snow,6.01,4,7,None,0.0,0.851,0.185,0.25,0.8088,1,37.9
SHP102457,Mumbai,Chicago,DB Schenker,Road,2023-11-11,2023-11-17,6,0,Customs Hold,4921.69,4,0,Snow,5.58,7,9,Port Strike,9.23,0.873,0.114,0.14,0.9101,1,64.6
SHP102458,Dubai,Tokyo,DHL,Sea,2024-04-05,2024-04-29,24,14,Delayed,1257.06,1,1,Fog,4.04,3,3,Port Strike,9.46,0.909,0.318,0.26,1.0,1,36.4
SHP102459,Los Angeles,Sydney,UPS,Rail,2023-08-03,2023-08-13,10,4,Delayed,283.74,1,1,Rain,2.38,3,3,Natural Disaster,10.41,0.92,0.388,0.4,1.0,1,59.5
SHP102460,Rotterdam,Chicago,DHL,Air,2024-04-01,2024-04-04,3,2,Out for Delivery,34.7,5,0,Snow,5.95,2,6,Equipment Failure,6.13,0.892,0.289,0.2,0.926,1,55.6
SHP102461,Rotterdam,Singapore,DB Schenker,Sea,2023-03-11,2023-04-04,24,23,At Port,3009.83,3,0,Rain,2.38,3,8,None,0.39,0.861,0.039,0.33,0.7613,1,68.0
SHP102462,Shanghai,London,DB Schenker,Sea,2024-02-26,2024-03-24,27,9,At Port,988.93,5,0,Rain,1.59,3,4,Port Strike,9.21,0.874,0.103,0.34,0.8252,1,73.1
SHP102463,Dubai,Sydney,XPO Logistics,Sea,2023-03-05,2023-04-07,33,38,Delayed,3226.23,1,0,Clear,0.4,3,9,Traffic Jam,4.22,0.825,0.224,0.42,1.0,1,41.8
SHP102464,Rotterdam,Chicago,UPS,Sea,2023-08-30,2023-10-02,33,37,At Port,2404.15,1,0,Rain,1.54,3,2,Port Strike,9.06,0.917,0.322,0.2,0.9732,1,18.8
SHP102465,Hamburg,Singapore,XPO Logistics,Rail,2024-06-15,2024-06-26,11,8,Out for Delivery,1458.32,4,0,Snow,6.04,4,4,Natural Disaster,9.77,0.847,0.078,0.37,1.0,1,59.8
SHP102466,Los Angeles,New York,Maersk,Road,2024-05-26,2024-06-01,6,8,At Port,1461.14,1,0,Heavy Rain,4.56,6,2,Natural Disaster,10.41,0.844,0.247,0.23,1.0,1,72.5
SHP102467,Mumbai,Chicago,XPO Logistics,Sea,2023-01-29,2023-02-25,27,2,Customs Hold,1408.43,3,0,Heavy Rain,4.7,3,9,None,0.26,0.817,0.181,0.42,0.9112,1,83.0
SHP102468,Mumbai,Sydney,Maersk,Rail,2024-03-13,2024-03-22,9,11,In Transit,3442.71,1,0,Snow,6.27,5,1,Natural Disaster,10.21,0.861,0.259,0.3,1.0,1,11.7
SHP102469,Dubai,New York,DB Schenker,Sea,2023-08-05,2023-09-04,30,7,Out for Delivery,131.22,5,0,Fog,4.34,5,9,Port Strike,8.82,0.845,0.078,0.41,1.0,1,33.9
SHP102470,Mumbai,New York,UPS,Road,2024-01-18,2024-01-25,7,10,Delayed,4448.6,1,1,Fog,4.42,8,4,None,0.0,0.933,0.127,0.14,0.6819,1,38.4
SHP102471,Mumbai,Tokyo,DHL,Rail,2024-06-18,2024-06-28,10,7,Customs Hold,140.97,1,0,Rain,2.15,3,8,Port Strike,8.57,0.882,0.102,0.34,0.8667,1,69.6
SHP102472,Los Angeles,Chicago,DHL,Sea,2024-03-23,2024-04-24,32,23,Out for Delivery,1903.01,1,0,Blizzard,9.01,4,5,None,0.5,0.883,0.344,0.16,0.8681,1,22.8
SHP102473,Los Angeles,London,XPO Logistics,Road,2024-08-09,2024-08-17,8,7,At Port,4502.13,2,0,Clear,0.13,7,1,Equipment Failure,5.73,0.826,0.123,0.17,0.7522,1,49.6
SHP102474,Dubai,Tokyo,DB Schenker,Air,2024-11-09,2024-11-13,4,6,At Port,4825.51,1,0,Clear,0.45,1,10,Traffic Jam,4.1,0.878,0.247,0.36,0.8949,1,67.7
SHP102475,Mumbai,London,DHL,Sea,2023-07-29,2023-08-27,29,21,In Transit,3777.42,3,0,Rain,1.66,4,9,Equipment Failure,6.03,0.895,0.162,0.1,0.6556,1,30.5
SHP102476,Los Angeles,New York,DHL,Sea,2023-03-19,2023-04-17,29,27,Out for Delivery,91.62,3,1,Storm,7.61,5,4,Traffic Jam,3.95,0.899,0.364,0.11,0.9374,1,74.9
SHP102477,Shanghai,Singapore,XPO Logistics,Rail,2024-07-29,2024-08-08,10,9,In Transit,3930.87,5,0,Clear,0.0,3,4,None,0.0,0.846,0.267,0.13,0.543,1,13.1
SHP102478,Mumbai,Tokyo,DHL,Rail,2024-11-07,2024-11-14,7,0,In Transit,925.62,1,1,Blizzard,8.99,4,1,Port Strike,8.58,0.907,0.107,0.4,1.0,1,91.8
SHP102479,Los Angeles,New York,XPO Logistics,Rail,2024-06-13,2024-06-25,12,2,Out for Delivery,697.86,5,0,Snow,5.54,3,5,Natural Disaster,9.81,0.797,0.062,0.38,1.0,1,12.5
SHP102480,Dubai,London,XPO Logistics,Road,2024-10-27,2024-11-05,9,9,Out for Delivery,3951.53,1,0,Storm,7.51,8,8,Natural Disaster,10.34,0.813,0.324,0.39,1.0,1,84.1
SHP102481,Hamburg,Singapore,XPO Logistics,Sea,2023-09-14,2023-10-19,35,36,In Transit,557.41,2,0,Heavy Rain,4.64,6,8,Port Strike,8.79,0.808,0.104,0.28,1.0,1,62.8
SHP102482,Shanghai,London,DB Schenker,Air,2024-07-12,2024-07-14,2,1,Customs Hold,4259.45,1,0,Clear,0.0,3,3,None,0.0,0.883,0.321,0.44,0.8175,1,23.5
SHP102483,Los Angeles,Singapore,XPO Logistics,Road,2023-08-07,2023-08-17,10,11,Customs Hold,1165.34,1,1,Clear,0.4,7,7,Traffic Jam,4.03,0.854,0.057,0.28,0.8126,1,52.6
SHP102484,Rotterdam,Tokyo,XPO Logistics,Air,2024-05-11,2024-05-13,2,5,Delayed,886.48,4,0,Rain,1.81,4,9,Port Strike,9.41,0.824,0.291,0.18,1.0,1,92.2
SHP102485,Hamburg,London,DB Schenker,Sea,2024-05-08,2024-06-04,27,8,Customs Hold,2798.77,3,0,Blizzard,8.53,6,5,Port Strike,9.05,0.84,0.254,0.1,1.0,1,20.9
SHP102486,Dubai,Singapore,DHL,Air,2024-05-31,2024-06-04,4,1,In Transit,231.14,5,0,Fog,4.02,2,5,None,0.0,0.889,0.314,0.15,0.6658,1,43.3
SHP102487,Mumbai,New York,DB Schenker,Air,2023-10-31,2023-11-02,2,4,Customs Hold,4312.28,2,0,Blizzard,8.72,3,1,Port Strike,9.3,0.879,0.114,0.25,1.0,1,35.0
SHP102488,Dubai,Sydney,DHL,Road,2023-04-28,2023-05-08,10,1,At Port,4207.2,5,1,Clear,0.06,7,4,Traffic Jam,4.15,0.889,0.395,0.36,0.837,1,32.2
SHP102489,Rotterdam,Singapore,UPS,Air,2023-01-01,2023-01-04,3,7,Out for Delivery,2375.52,2,0,Clear,0.36,2,4,Equipment Failure,5.52,0.907,0.183,0.45,1.0,1,43.4
SHP102490,Hamburg,Tokyo,DHL,Rail,2023-10-27,2023-11-10,14,1,In Transit,1085.17,4,0,Rain,2.49,3,9,None,0.0,0.886,0.313,0.38,0.7469,1,8.9
SHP102491,Hamburg,Sydney,UPS,Road,2023-09-28,2023-10-07,9,7,Delayed,2280.74,5,0,Heavy Rain,4.6,6,9,Natural Disaster,9.8,0.917,0.083,0.28,1.0,1,76.2
SHP102492,Rotterdam,London,XPO Logistics,Sea,2023-10-14,2023-11-07,24,19,Out for Delivery,4155.6,2,1,Fog,4.37,4,7,Natural Disaster,10.24,0.82,0.131,0.38,1.0,1,82.1
SHP102493,Rotterdam,Chicago,DB Schenker,Sea,2023-03-04,2023-03-28,24,18,Delayed,2948.76,3,0,Snow,5.72,4,8,Natural Disaster,10.24,0.887,0.194,0.2,1.0,1,32.9
SHP102494,Mumbai,Sydney,XPO Logistics,Sea,2023-12-16,2024-01-10,25,18,In Transit,2878.28,2,0,Blizzard,8.6,6,5,Traffic Jam,3.9,0.835,0.321,0.3,1.0,1,73.8
SHP102495,Hamburg,New York,FedEx,Rail,2023-08-01,2023-08-15,14,16,At Port,4489.04,5,0,Fog,4.13,5,8,Port Strike,8.69,0.906,0.061,0.18,0.8558,1,62.3
SHP102496,Hamburg,Sydney,XPO Logistics,Rail,2024-11-19,2024-12-03,14,6,Delayed,3382.19,5,1,Rain,1.91,4,8,Traffic Jam,3.5,0.819,0.256,0.38,1.0,1,74.2
SHP102497,Rotterdam,London,DB Schenker,Sea,2024-02-02,2024-02-24,22,14,Delayed,4138.76,4,0,Blizzard,9.07,6,8,None,0.31,0.833,0.182,0.18,0.8361,1,51.9
SHP102498,Mumbai,London,UPS,Sea,2023-01-12,2023-02-13,32,0,Delayed,332.13,1,0,Rain,1.78,4,1,Natural Disaster,9.73,0.909,0.21,0.43,1.0,1,88.4
SHP102499,Rotterdam,Singapore,DHL,Air,2024-05-24,2024-05-29,5,8,Delayed,4451.37,2,0,Fog,3.57,4,1,None,0.39,0.899,0.23,0.19,0.7881,1,15.0
SHP102500,Hamburg,Singapore,UPS,Road,2024-02-28,2024-03-09,10,13,Delayed,4062.4,5,0,Storm,8.35,8,4,None,0.31,0.86,0.134,0.44,1.0,1,23.7
SHP102501,Rotterdam,London,DHL,Road,2023-05-02,2023-05-06,4,6,In Transit,2764.51,5,0,Fog,3.87,9,6,Equipment Failure,5.8,0.893,0.189,0.44,1.0,1,91.6
SHP102502,Dubai,Singapore,XPO Logistics,Rail,2023-11-04,2023-11-13,9,6,In Transit,554.31,4,0,Snow,6.19,3,5,Traffic Jam,3.91,0.825,0.292,0.15,0.9771,1,67.6
SHP102503,Mumbai,Chicago,FedEx,Rail,2023-02-17,2023-03-03,14,15,Customs Hold,3864.97,3,0,Snow,5.55,3,7,None,0.0,0.881,0.369,0.16,0.8533,1,44.4
SHP102504,Hamburg,London,UPS,Road,2024-09-08,2024-09-13,5,5,Customs Hold,4999.44,3,0,Rain,2.13,6,6,None,0.38,0.899,0.029,0.1,0.469,0,0.0
SHP102505,Rotterdam,Tokyo,FedEx,Air,2023-12-08,2023-12-12,4,5,Customs Hold,3273.5,5,0,Fog,3.82,2,1,Natural Disaster,10.35,0.948,0.377,0.25,1.0,1,42.7
SHP102506,Rotterdam,Chicago,Maersk,Road,2024-11-10,2024-11-17,7,0,Delayed,3294.89,5,0,Rain,2.31,8,1,None,0.08,0.836,0.13,0.2,0.6737,1,29.2
SHP102507,Rotterdam,Singapore,XPO Logistics,Air,2023-08-17,2023-08-22,5,4,At Port,4383.0,1,1,Fog,4.16,2,10,Port Strike,8.75,0.809,0.225,0.33,1.0,1,69.9
SHP102508,Rotterdam,Sydney,DB Schenker,Road,2024-09-05,2024-09-15,10,1,At Port,1061.73,3,0,Clear,0.04,9,10,Port Strike,9.22,0.844,0.213,0.22,1.0,1,92.5
SHP102509,Rotterdam,Sydney,XPO Logistics,Air,2024-05-20,2024-05-23,3,4,Customs Hold,4434.16,5,0,Fog,4.45,2,7,Natural Disaster,10.41,0.843,0.314,0.16,1.0,1,17.1
SHP102510,Shanghai,Tokyo,DHL,Sea,2024-11-30,2024-12-29,29,12,Customs Hold,4495.93,1,1,Clear,0.0,3,2,None,0.0,0.904,0.084,0.32,0.5113,1,32.7
SHP102511,Mumbai,Sydney,UPS,Rail,2023-03-28,2023-04-10,13,2,Customs Hold,1263.82,2,1,Rain,1.59,4,10,Traffic Jam,3.62,0.898,0.241,0.3,0.7505,1,59.2
SHP102512,Dubai,Sydney,FedEx,Rail,2023-12-02,2023-12-14,12,12,Out for Delivery,1313.92,3,0,Clear,0.36,3,8,Port Strike,8.77,0.904,0.169,0.27,0.843,1,80.1
SHP102513,Hamburg,Sydney,DHL,Air,2023-02-26,2023-03-01,3,2,In Transit,3241.69,2,1,Blizzard,8.71,4,1,Traffic Jam,4.17,0.911,0.319,0.11,0.921,1,86.1
SHP102514,Mumbai,London,DB Schenker,Road,2023-05-23,2023-05-30,7,1,Customs Hold,2714.08,3,1,Clear,0.0,9,6,Natural Disaster,10.5,0.882,0.224,0.34,1.0,1,62.2
SHP102515,Hamburg,New York,Maersk,Air,2024-03-11,2024-03-14,3,5,Customs Hold,4197.61,5,0,Storm,8.25,2,7,Equipment Failure,5.56,0.839,0.395,0.29,1.0,1,89.7
SHP102516,Hamburg,New York,FedEx,Air,2023-08-06,2023-08-08,2,6,At Port,4986.91,1,0,Blizzard,9.05,3,2,Traffic Jam,4.25,0.928,0.1,0.31,1.0,1,60.7
SHP102517,Dubai,Chicago,XPO Logistics,Air,2023-08-06,2023-08-10,4,9,In Transit,4428.25,5,0,Heavy Rain,4.86,3,9,Port Strike,9.0,0.805,0.143,0.12,1.0,1,40.8
SHP102518,Shanghai,Tokyo,DHL,Rail,2024-09-12,2024-09-23,11,0,At Port,526.89,2,0,Fog,3.89,2,6,Equipment Failure,5.87,0.881,0.137,0.3,0.7803,1,17.8
SHP102519,Shanghai,Sydney,Maersk,Rail,2024-05-30,2024-06-06,7,2,Customs Hold,2466.17,5,0,Clear,0.0,5,3,Equipment Failure,5.96,0.864,0.043,0.38,0.7831,1,29.6
SHP102520,Rotterdam,Tokyo,FedEx,Sea,2023-08-18,2023-09-16,29,8,Delayed,2112.47,1,1,Fog,4.06,5,5,None,0.28,0.913,0.282,0.37,0.7602,1,23.4
SHP102521,Hamburg,New York,DHL,Air,2023-11-05,2023-11-09,4,2,In Transit,2474.04,1,0,Snow,6.2,1,2,Traffic Jam,3.57,0.875,0.336,0.34,0.8882,1,76.5
SHP102522,Mumbai,Singapore,DB Schenker,Rail,2024-10-11,2024-10-24,13,0,Customs Hold,1419.27,1,0,Clear,0.0,4,5,Equipment Failure,6.13,0.832,0.377,0.11,0.7937,1,12.1
SHP102523,Shanghai,Sydney,DB Schenker,Road,2024-11-02,2024-11-11,9,4,Delayed,4358.79,5,1,Snow,5.58,6,7,Port Strike,8.58,0.851,0.081,0.19,0.9873,1,46.5
SHP102524,Los Angeles,Sydney,UPS,Rail,2024-11-17,2024-11-27,10,4,At Port,3298.97,5,0,Blizzard,9.24,5,10,Equipment Failure,5.85,0.926,0.052,0.28,0.8859,1,60.2
SHP102525,Mumbai,New York,FedEx,Road,2024-04-25,2024-05-05,10,4,Delayed,1669.58,2,0,Clear,0.04,7,5,Equipment Failure,6.47,0.918,0.317,0.13,0.7943,1,41.1
SHP102526,Rotterdam,Singapore,DHL,Sea,2024-10-09,2024-11-09,31,28,Customs Hold,828.89,5,0,Blizzard,9.45,4,3,Traffic Jam,3.76,0.88,0.356,0.27,1.0,1,28.2
SHP102527,Hamburg,Tokyo,FedEx,Rail,2024-09-21,2024-10-03,12,12,In Transit,1792.93,5,0,Fog,4.41,4,7,Natural Disaster,9.53,0.883,0.159,0.42,1.0,1,40.4
SHP102528,Mumbai,Singapore,DB Schenker,Air,2024-10-05,2024-10-07,2,0,Customs Hold,1486.95,1,0,Heavy Rain,4.67,4,5,Port Strike,8.94,0.886,0.134,0.19,0.8898,1,14.0
SHP102529,Hamburg,Singapore,XPO Logistics,Rail,2024-03-08,2024-03-19,11,12,Out for Delivery,4808.67,1,0,Storm,8.22,5,7,Port Strike,8.96,0.829,0.169,0.16,1.0,1,75.8
SHP102530,Hamburg,New York,DHL,Rail,2023-10-18,2023-10-28,10,15,At Port,1559.82,5,0,Rain,2.29,4,8,Natural Disaster,9.68,0.867,0.118,0.37,1.0,1,21.9
SHP102531,Rotterdam,Singapore,Maersk,Rail,2023-05-29,2023-06-09,11,14,In Transit,887.95,1,1,Rain,2.34,2,9,Equipment Failure,6.19,0.825,0.034,0.3,0.886,1,33.0
SHP102532,Shanghai,Singapore,FedEx,Road,2024-04-28,2024-05-06,8,6,In Transit,4580.12,3,0,Fog,3.57,9,7,Natural Disaster,9.78,0.904,0.048,0.4,1.0,1,62.6
SHP102533,Dubai,Chicago,XPO Logistics,Rail,2023-01-27,2023-02-08,12,4,Out for Delivery,4994.4,4,0,Clear,0.0,4,10,Port Strike,8.98,0.798,0.063,0.26,0.852,1,73.0
SHP102534,Hamburg,Singapore,DHL,Sea,2023-02-01,2023-03-02,29,4,Delayed,3249.02,3,0,Rain,2.09,6,4,Natural Disaster,10.44,0.896,0.145,0.34,1.0,1,20.6
SHP102535,Shanghai,Tokyo,UPS,Rail,2023-12-29,2024-01-05,7,5,Customs Hold,63.91,4,0,Snow,6.33,2,7,Equipment Failure,6.45,0.914,0.298,0.36,1.0,1,58.1
SHP102536,Rotterdam,London,XPO Logistics,Road,2023-03-29,2023-04-04,6,2,Customs Hold,4090.24,2,0,Fog,3.56,6,1,Equipment Failure,6.04,0.865,0.168,0.14,0.7617,1,40.5
SHP102537,Shanghai,Tokyo,DB Schenker,Rail,2024-11-08,2024-11-20,12,8,Out for Delivery,1102.49,5,1,Storm,7.69,5,4,Equipment Failure,6.24,0.859,0.046,0.38,0.9891,1,40.5
SHP102538,Dubai,Tokyo,UPS,Sea,2023-08-23,2023-09-17,25,13,Out for Delivery,3837.35,1,0,Storm,8.25,5,2,Traffic Jam,4.3,0.931,0.185,0.38,0.9607,1,40.3
SHP102539,Dubai,New York,Maersk,Air,2024-11-18,2024-11-20,2,7,At Port,4266.23,4,0,Storm,8.26,1,10,Traffic Jam,4.04,0.862,0.277,0.26,1.0,1,73.4
SHP102540,Mumbai,London,FedEx,Rail,2023-06-03,2023-06-17,14,6,Out for Delivery,528.93,2,0,Fog,4.4,5,6,None,0.37,0.957,0.136,0.32,0.6583,1,55.8
SHP102541,Dubai,Sydney,UPS,Road,2024-03-09,2024-03-15,6,0,Customs Hold,985.43,4,0,Blizzard,8.77,8,6,Equipment Failure,6.39,0.89,0.154,0.23,0.8945,1,32.9
SHP102542,Mumbai,Singapore,Maersk,Rail,2023-12-19,2023-12-26,7,2,Customs Hold,3556.22,4,0,Fog,4.36,5,2,None,0.0,0.878,0.246,0.41,0.8557,1,65.1
SHP102543,Mumbai,London,DB Schenker,Rail,2024-11-27,2024-12-08,11,15,Delayed,4927.55,1,1,Fog,3.58,5,7,Natural Disaster,9.73,0.897,0.035,0.22,0.9638,1,72.8
SHP102544,Los Angeles,New York,FedEx,Rail,2023-10-17,2023-10-24,7,2,Out for Delivery,3859.36,2,1,Storm,8.39,3,8,Port Strike,8.92,0.94,0.385,0.25,1.0,1,76.9
SHP102545,Rotterdam,Singapore,DHL,Sea,2024-01-24,2024-02-26,33,36,Customs Hold,2152.94,1,1,Blizzard,8.8,6,1,Port Strike,9.45,0.869,0.307,0.3,1.0,1,20.2
SHP102546,Mumbai,New York,UPS,Rail,2024-04-24,2024-05-09,15,6,At Port,1933.42,3,1,Clear,0.25,4,7,Traffic Jam,3.79,0.943,0.354,0.34,0.7649,1,51.8
SHP102547,Los Angeles,New York,FedEx,Rail,2024-07-15,2024-07-22,7,4,Delayed,4311.59,2,0,Heavy Rain,5.15,5,3,Port Strike,9.3,0.909,0.255,0.29,1.0,1,7.7
SHP102548,Mumbai,Tokyo,XPO Logistics,Rail,2023-11-01,2023-11-09,8,8,Delayed,4239.97,4,0,Heavy Rain,5.42,3,9,None,0.0,0.829,0.299,0.1,0.7577,1,9.2
SHP102549,Mumbai,New York,UPS,Rail,2024-10-19,2024-11-02,14,19,Delayed,1130.19,5,1,Fog,4.46,5,6,Natural Disaster,9.74,0.902,0.121,0.14,0.9355,1,73.5
SHP102550,Rotterdam,Chicago,DB Schenker,Air,2024-01-02,2024-01-04,2,2,In Transit,1188.44,1,0,Storm,8.46,1,3,Natural Disaster,10.36,0.895,0.28,0.2,1.0,1,69.8
SHP102551,Los Angeles,New York,DB Schenker,Rail,2023-09-24,2023-10-05,11,16,Customs Hold,3452.59,5,0,Fog,3.9,3,8,Equipment Failure,5.94,0.841,0.026,0.19,0.8097,1,72.3
SHP102552,Los Angeles,Tokyo,UPS,Air,2024-01-21,2024-01-26,5,2,Delayed,4049.92,4,0,Blizzard,9.48,2,10,Traffic Jam,3.51,0.92,0.368,0.25,0.9449,1,9.1
SHP102553,Hamburg,London,FedEx,Rail,2023-01-05,2023-01-19,14,1,Out for Delivery,93.14,5,0,Blizzard,8.58,2,1,Equipment Failure,6.35,0.933,0.223,0.1,0.7079,1,44.2
SHP102554,Shanghai,Sydney,XPO Logistics,Rail,2024-09-07,2024-09-16,9,12,Customs Hold,2192.84,5,1,Fog,4.06,2,2,None,0.0,0.839,0.106,0.37,0.826,1,31.1
SHP102555,Mumbai,Sydney,DHL,Sea,2024-06-06,2024-07-04,28,33,Out for Delivery,906.94,2,0,Clear,0.44,5,3,Port Strike,9.08,0.887,0.25,0.3,1.0,1,68.2
SHP102556,Los Angeles,Tokyo,UPS,Air,2023-12-20,2023-12-23,3,7,Delayed,4018.35,3,0,Storm,7.78,4,3,None,0.0,0.924,0.376,0.25,0.9696,1,65.9
SHP102557,Shanghai,Tokyo,DHL,Sea,2024-05-09,2024-06-04,26,3,In Transit,2631.64,1,0,Blizzard,8.67,3,9,None,0.0,0.891,0.383,0.29,0.8652,1,20.7
SHP102558,Hamburg,Chicago,XPO Logistics,Road,2023-06-03,2023-06-06,3,7,Delayed,4210.43,4,0,Blizzard,8.86,8,3,Port Strike,8.82,0.843,0.03,0.3,1.0,1,60.1
SHP102559,Dubai,Tokyo,XPO Logistics,Rail,2024-07-04,2024-07-13,9,14,At Port,4556.26,4,1,Snow,5.98,3,2,Equipment Failure,6.22,0.881,0.166,0.35,1.0,1,22.3
SHP102560,Mumbai,New York,DHL,Sea,2023-06-19,2023-07-12,23,17,Out for Delivery,3186.8,2,0,Clear,0.33,3,5,None,0.46,0.897,0.24,0.37,0.7673,1,41.6
SHP102561,Los Angeles,New York,UPS,Sea,2024-06-12,2024-07-07,25,26,In Transit,4572.51,2,0,Snow,5.96,6,2,None,0.03,0.912,0.373,0.39,1.0,1,33.2
SHP102562,Hamburg,Chicago,Maersk,Rail,2023-01-08,2023-01-21,13,9,At Port,1229.68,3,0,Clear,0.0,2,3,Equipment Failure,5.96,0.862,0.318,0.31,0.9176,1,21.1
SHP102563,Rotterdam,Tokyo,UPS,Air,2024-10-04,2024-10-08,4,9,Customs Hold,4769.54,5,0,Clear,0.0,2,9,Natural Disaster,9.76,0.9,0.087,0.17,0.8717,1,77.0
SHP102564,Shanghai,Chicago,DB Schenker,Sea,2023-01-02,2023-01-28,26,5,In Transit,3402.45,4,0,Storm,8.29,6,9,None,0.32,0.85,0.285,0.2,0.9307,1,26.6
SHP102565,Mumbai,Sydney,UPS,Sea,2023-05-02,2023-06-02,31,12,At Port,571.36,2,1,Blizzard,8.58,3,7,Equipment Failure,6.42,0.926,0.376,0.3,1.0,1,29.0
SHP102566,Los Angeles,Sydney,DB Schenker,Sea,2023-04-01,2023-04-21,20,19,In Transit,4159.22,3,0,Storm,7.99,5,7,Equipment Failure,5.84,0.891,0.248,0.42,1.0,1,27.5
SHP102567,Shanghai,Sydney,XPO Logistics,Rail,2023-01-15,2023-01-30,15,9,In Transit,1913.93,1,0,Blizzard,8.77,5,4,Equipment Failure,6.42,0.839,0.065,0.4,1.0,1,80.3
SHP102568,Mumbai,London,XPO Logistics,Air,2023-07-17,2023-07-21,4,4,At Port,346.37,2,1,Storm,8.1,3,4,Traffic Jam,4.48,0.847,0.063,0.42,1.0,1,72.9
SHP102569,Los Angeles,Tokyo,DHL,Sea,2024-03-01,2024-03-30,29,26,Customs Hold,1150.32,3,1,Rain,2.29,6,1,Traffic Jam,3.97,0.871,0.323,0.25,0.8927,1,74.1
SHP102570,Rotterdam,Chicago,DB Schenker,Road,2024-01-20,2024-01-29,9,14,Customs Hold,2163.25,4,1,Storm,8.29,7,5,None,0.0,0.85,0.097,0.2,0.9524,1,31.4
SHP102571,Los Angeles,Singapore,UPS,Road,2024-06-14,2024-06-22,8,2,In Transit,567.39,2,0,Storm,7.73,6,8,Natural Disaster,10.15,0.89,0.338,0.13,1.0,1,57.1
SHP102572,Dubai,London,XPO Logistics,Air,2023-12-29,2024-01-03,5,10,Customs Hold,4712.09,2,1,Clear,0.0,1,2,None,0.32,0.836,0.047,0.13,0.5985,1,40.1
SHP102573,Shanghai,Singapore,Maersk,Road,2023-03-19,2023-03-26,7,7,At Port,825.46,2,0,Clear,0.31,8,4,Traffic Jam,4.33,0.85,0.044,0.31,0.8542,1,32.4
SHP102574,Hamburg,London,Maersk,Rail,2023-08-17,2023-08-31,14,18,In Transit,101.87,1,1,Blizzard,8.61,3,6,Port Strike,9.07,0.805,0.114,0.1,0.9044,1,12.4
SHP102575,Shanghai,Tokyo,XPO Logistics,Air,2024-03-05,2024-03-07,2,3,Out for Delivery,2633.58,5,0,Storm,8.09,4,7,Equipment Failure,6.41,0.844,0.387,0.3,1.0,1,23.8
SHP102576,Dubai,Sydney,UPS,Road,2023-11-28,2023-12-04,6,3,At Port,1422.48,2,0,Rain,1.54,6,3,Equipment Failure,5.6,0.911,0.274,0.2,0.8906,1,34.7
SHP102577,Dubai,Singapore,FedEx,Air,2024-10-06,2024-10-08,2,1,Customs Hold,1517.12,1,0,Snow,5.63,4,5,Equipment Failure,6.0,0.942,0.223,0.15,0.7906,1,34.4
SHP102578,Mumbai,Singapore,DHL,Rail,2024-10-08,2024-10-18,10,14,In Transit,762.17,2,0,Storm,7.74,3,3,None,0.0,0.888,0.12,0.4,0.9041,1,42.7
SHP102579,Mumbai,Sydney,FedEx,Air,2024-08-14,2024-08-16,2,1,At Port,284.06,3,0,Storm,7.6,1,10,Traffic Jam,4.04,0.905,0.35,0.3,0.9131,1,83.9
SHP102580,Rotterdam,Sydney,UPS,Rail,2024-01-31,2024-02-12,12,12,In Transit,1229.96,2,0,Fog,4.32,5,2,Traffic Jam,3.93,0.908,0.354,0.23,0.8381,1,8.5
SHP102581,Shanghai,Singapore,UPS,Sea,2023-10-28,2023-11-17,20,15,Customs Hold,211.12,2,0,Fog,4.31,4,3,None,0.0,0.886,0.062,0.11,0.5475,1,14.2
SHP102582,Hamburg,London,FedEx,Sea,2024-11-20,2024-12-22,32,30,Out for Delivery,2465.37,3,0,Blizzard,9.22,6,4,None,0.0,0.922,0.287,0.1,0.8088,1,33.3
SHP102583,Shanghai,Chicago,Maersk,Rail,2024-06-10,2024-06-19,9,5,Out for Delivery,527.32,3,0,Fog,4.31,4,6,Natural Disaster,10.12,0.811,0.149,0.32,1.0,1,28.3
SHP102584,Shanghai,Tokyo,DHL,Rail,2023-01-03,2023-01-10,7,6,Customs Hold,4333.47,5,1,Heavy Rain,5.43,4,1,Port Strike,8.65,0.907,0.304,0.21,0.959,1,55.7
SHP102585,Hamburg,Sydney,UPS,Rail,2023-04-14,2023-04-29,15,17,At Port,1945.15,5,0,Snow,6.07,4,3,None,0.0,0.931,0.258,0.22,0.7589,1,37.5
SHP102586,Los Angeles,Sydney,Maersk,Air,2024-02-10,2024-02-13,3,1,At Port,622.83,1,0,Fog,3.81,1,8,Traffic Jam,3.86,0.857,0.119,0.16,0.6014,1,13.2
SHP102587,Rotterdam,Tokyo,FedEx,Sea,2023-09-08,2023-10-13,35,2,Customs Hold,132.02,4,0,Storm,7.53,5,5,Equipment Failure,6.07,0.925,0.036,0.2,0.7509,1,17.2
SHP102588,Los Angeles,Singapore,DB Schenker,Sea,2024-02-25,2024-03-20,24,13,In Transit,1794.27,3,0,Fog,4.24,6,1,Natural Disaster,9.69,0.865,0.294,0.26,1.0,1,23.3
SHP102589,Hamburg,London,DHL,Air,2023-03-17,2023-03-20,3,1,At Port,4441.01,1,1,Snow,5.54,4,9,Port Strike,9.43,0.928,0.387,0.1,0.984,1,71.5
SHP102590,Rotterdam,Chicago,DB Schenker,Air,2024-07-19,2024-07-24,5,6,At Port,1126.17,2,0,Snow,6.43,2,9,Natural Disaster,9.93,0.846,0.032,0.2,0.96,1,63.1
SHP102591,Mumbai,London,UPS,Air,2023-02-25,2023-03-01,4,4,In Transit,1583.14,5,0,Blizzard,9.1,3,4,Traffic Jam,3.75,0.89,0.353,0.27,1.0,1,83.2
SHP102592,Hamburg,Tokyo,XPO Logistics,Air,2023-08-26,2023-08-30,4,2,In Transit,1898.44,2,1,Blizzard,8.68,2,10,Traffic Jam,3.51,0.834,0.367,0.11,0.9047,1,10.4
SHP102593,Shanghai,Sydney,DHL,Road,2024-01-08,2024-01-16,8,10,Out for Delivery,796.51,3,1,Snow,6.43,9,2,Traffic Jam,4.43,0.854,0.376,0.4,1.0,1,18.5
SHP102594,Los Angeles,London,Maersk,Rail,2023-09-21,2023-10-06,15,1,Delayed,2383.09,5,0,Blizzard,9.14,5,6,None,0.12,0.889,0.097,0.41,0.8854,1,80.5
SHP102595,Los Angeles,London,UPS,Sea,2023-04-03,2023-05-06,33,23,Delayed,957.86,3,0,Heavy Rain,5.49,6,4,Port Strike,8.72,0.914,0.099,0.22,0.8671,1,47.9
SHP102596,Rotterdam,New York,DB Schenker,Air,2023-01-26,2023-01-29,3,1,In Transit,1852.58,5,1,Blizzard,8.88,1,6,None,0.0,0.877,0.355,0.24,0.7867,1,43.2
SHP102597,Los Angeles,Tokyo,FedEx,Air,2023-11-15,2023-11-19,4,2,Customs Hold,2785.35,4,0,Snow,6.27,2,5,Equipment Failure,6.21,0.943,0.117,0.25,0.758,1,18.4
SHP102598,Mumbai,New York,Maersk,Air,2024-08-25,2024-08-27,2,2,Delayed,4367.49,2,0,Fog,3.59,3,8,Traffic Jam,4.29,0.824,0.021,0.33,0.8738,1,20.6
SHP102599,Shanghai,Chicago,DB Schenker,Rail,2023-06-15,2023-06-24,9,7,In Transit,4029.82,2,0,Rain,2.13,3,7,Equipment Failure,6.41,0.896,0.379,0.2,0.9029,1,36.5
SHP102600,Mumbai,Tokyo,DB Schenker,Rail,2023-09-13,2023-09-21,8,12,Out for Delivery,361.78,5,0,Fog,4.22,2,9,None,0.26,0.843,0.155,0.22,0.815,1,36.1
SHP102601,Dubai,Chicago,DB Schenker,Rail,2024-11-03,2024-11-13,10,11,Delayed,2248.22,3,0,Clear,0.09,3,5,Equipment Failure,6.22,0.882,0.239,0.16,0.7773,1,10.3
SHP102602,Mumbai,Chicago,XPO Logistics,Air,2024-10-31,2024-11-03,3,0,In Transit,4749.99,4,0,Blizzard,9.01,3,6,None,0.0,0.838,0.105,0.13,0.6257,1,42.1
SHP102603,Los Angeles,Singapore,FedEx,Rail,2023-01-06,2023-01-17,11,16,Customs Hold,3180.12,3,0,Blizzard,9.03,4,6,Port Strike,8.57,0.902,0.169,0.36,1.0,1,77.2
SHP102604,Hamburg,Chicago,Maersk,Road,2024-03-20,2024-03-30,10,9,Customs Hold,1002.59,3,0,Clear,0.0,7,5,Port Strike,8.63,0.891,0.386,0.39,1.0,1,56.8
SHP102605,Dubai,Tokyo,FedEx,Rail,2023-04-11,2023-04-18,7,0,Out for Delivery,3804.78,4,1,Blizzard,9.02,2,1,Traffic Jam,4.11,0.888,0.312,0.33,0.9585,1,65.6
SHP102606,Dubai,Chicago,DB Schenker,Air,2024-07-08,2024-07-13,5,1,At Port,4652.9,5,0,Storm,7.52,4,5,Equipment Failure,5.58,0.903,0.19,0.28,0.9497,1,41.8
SHP102607,Mumbai,New York,Maersk,Road,2024-11-22,2024-12-02,10,10,Delayed,1829.86,5,0,Storm,7.68,7,3,None,0.49,0.866,0.335,0.44,1.0,1,78.7
SHP102608,Shanghai,Tokyo,UPS,Air,2024-06-10,2024-06-14,4,8,Out for Delivery,2797.7,1,0,Clear,0.18,4,9,Natural Disaster,10.04,0.905,0.096,0.44,1.0,1,16.5
SHP102609,Los Angeles,Chicago,Maersk,Rail,2024-11-05,2024-11-16,11,0,Delayed,982.27,5,1,Heavy Rain,5.28,3,7,Natural Disaster,9.79,0.856,0.09,0.37,1.0,1,58.9
SHP102610,Los Angeles,Sydney,FedEx,Sea,2024-04-20,2024-05-09,19,17,At Port,2596.1,2,1,Blizzard,9.13,4,3,Traffic Jam,4.38,0.938,0.378,0.36,1.0,1,78.8
SHP102611,Rotterdam,Chicago,XPO Logistics,Sea,2023-04-29,2023-05-31,32,17,In Transit,1748.04,2,0,Rain,2.2,4,3,Equipment Failure,5.92,0.85,0.364,0.2,0.9129,1,22.2
SHP102612,Mumbai,London,FedEx,Air,2023-07-24,2023-07-27,3,2,At Port,2489.08,5,0,Fog,3.9,3,6,Traffic Jam,4.38,0.922,0.266,0.44,0.9411,1,26.0
SHP102613,Los Angeles,Singapore,DHL,Rail,2024-06-02,2024-06-17,15,4,Out for Delivery,1493.17,5,1,Heavy Rain,5.36,2,3,None,0.08,0.868,0.18,0.2,0.6105,1,43.2
SHP102614,Shanghai,Chicago,FedEx,Rail,2024-06-19,2024-07-03,14,4,Customs Hold,3835.47,1,1,Storm,8.03,3,8,Equipment Failure,6.08,0.951,0.234,0.45,1.0,1,48.8
SHP102615,Shanghai,Tokyo,XPO Logistics,Sea,2023-10-01,2023-10-26,25,29,Out for Delivery,4084.36,3,0,Snow,5.72,4,8,Port Strike,9.4,0.857,0.399,0.13,1.0,1,59.0
SHP102616,Dubai,Tokyo,XPO Logistics,Road,2024-08-26,2024-08-30,4,0,Customs Hold,4662.2,1,0,Storm,7.53,9,4,None,0.32,0.831,0.317,0.14,0.9144,1,33.9
SHP102617,Rotterdam,London,Maersk,Road,2024-06-14,2024-06-18,4,4,At Port,855.35,2,1,Fog,4.29,9,3,Natural Disaster,9.76,0.82,0.354,0.33,1.0,1,93.3
SHP102618,Los Angeles,London,UPS,Air,2024-04-17,2024-04-19,2,6,Out for Delivery,1349.81,2,0,Storm,8.04,3,2,Traffic Jam,4.47,0.886,0.175,0.42,1.0,1,13.5
SHP102619,Mumbai,Singapore,FedEx,Air,2023-04-28,2023-04-30,2,7,Customs Hold,1883.56,1,0,Blizzard,8.52,4,3,Traffic Jam,4.41,0.894,0.082,0.31,1.0,1,48.2
SHP102620,Dubai,New York,DHL,Air,2023-11-16,2023-11-18,2,4,Delayed,1427.3,4,1,Rain,2.25,3,9,None,0.0,0.896,0.186,0.1,0.6844,1,50.0
SHP102621,Dubai,Sydney,DHL,Road,2024-05-18,2024-05-28,10,13,Delayed,366.96,4,0,Blizzard,8.89,6,6,Port Strike,8.78,0.905,0.129,0.17,1.0,1,66.0
SHP102622,Dubai,Sydney,DHL,Road,2023-09-18,2023-09-22,4,0,Customs Hold,4129.51,2,0,Blizzard,8.58,7,10,None,0.16,0.865,0.332,0.44,1.0,1,50.5
SHP102623,Hamburg,Chicago,DHL,Road,2023-08-14,2023-08-21,7,0,Customs Hold,3621.68,4,0,Storm,8.17,7,2,None,0.0,0.853,0.284,0.14,0.8462,1,8.9
SHP102624,Shanghai,Tokyo,DB Schenker,Road,2023-09-30,2023-10-08,8,4,Customs Hold,1037.14,4,0,Heavy Rain,5.1,6,1,None,0.0,0.853,0.054,0.38,0.8321,1,74.9
SHP102625,Mumbai,Tokyo,XPO Logistics,Rail,2024-04-23,2024-05-05,12,13,At Port,1513.93,2,0,Heavy Rain,5.0,5,2,Equipment Failure,6.3,0.824,0.386,0.43,1.0,1,41.4
SHP102626,Rotterdam,Singapore,UPS,Air,2023-05-26,2023-05-29,3,5,Customs Hold,82.1,1,0,Rain,2.18,3,2,Traffic Jam,3.63,0.913,0.136,0.34,0.8613,1,29.6
SHP102627,Rotterdam,New York,FedEx,Road,2024-07-28,2024-08-05,8,12,At Port,2286.68,5,0,Clear,0.0,6,4,Equipment Failure,5.73,0.913,0.177,0.29,0.9239,1,8.6
SHP102628,Mumbai,Chicago,DHL,Road,2023-02-20,2023-02-23,3,0,In Transit,187.31,3,0,Clear,0.5,8,7,Equipment Failure,5.87,0.862,0.1,0.42,0.8142,1,17.7
SHP102629,Dubai,London,XPO Logistics,Air,2023-11-26,2023-11-28,2,1,At Port,556.5,4,1,Heavy Rain,4.86,3,10,Equipment Failure,5.67,0.802,0.122,0.3,1.0,1,36.4
SHP102630,Hamburg,Sydney,FedEx,Air,2024-10-23,2024-10-28,5,8,At Port,606.03,5,0,Clear,0.19,2,5,None,0.0,0.935,0.353,0.29,0.7349,1,58.9
SHP102631,Dubai,Sydney,UPS,Air,2023-05-04,2023-05-06,2,7,Out for Delivery,1750.8,3,0,Blizzard,8.62,2,9,Equipment Failure,5.67,0.929,0.162,0.27,1.0,1,38.6
SHP102632,Dubai,Chicago,DB Schenker,Rail,2023-07-23,2023-08-02,10,2,Delayed,4140.9,2,0,Rain,1.68,3,7,None,0.17,0.912,0.164,0.19,0.4669,0,0.0
SHP102633,Hamburg,Singapore,Maersk,Sea,2024-08-29,2024-09-24,26,0,In Transit,2980.04,3,0,Heavy Rain,4.92,3,9,Port Strike,8.51,0.893,0.293,0.34,1.0,1,29.2
SHP102634,Mumbai,Tokyo,DHL,Sea,2024-05-06,2024-06-09,34,12,Delayed,2507.31,1,0,Clear,0.19,6,6,None,0.0,0.881,0.351,0.42,0.8696,1,40.3
SHP102635,Los Angeles,Sydney,UPS,Sea,2024-06-06,2024-07-10,34,24,Out for Delivery,2396.72,1,0,Heavy Rain,5.5,5,6,Traffic Jam,3.99,0.921,0.021,0.37,0.8372,1,8.2
SHP102636,Dubai,Chicago,FedEx,Rail,2024-11-30,2024-12-13,13,13,Customs Hold,1235.58,4,1,Fog,4.41,3,9,Traffic Jam,4.24,0.909,0.304,0.36,0.9835,1,35.5
SHP102637,Mumbai,New York,FedEx,Air,2023-07-21,2023-07-25,4,2,Customs Hold,1840.07,4,1,Clear,0.01,2,6,Traffic Jam,4.03,0.967,0.214,0.42,0.638,1,4.6
SHP102638,Shanghai,London,DB Schenker,Rail,2024-04-20,2024-05-05,15,2,Out for Delivery,1159.33,2,0,Heavy Rain,5.02,3,5,Natural Disaster,10.09,0.875,0.079,0.32,0.9696,1,73.4
SHP102639,Mumbai,Chicago,DB Schenker,Road,2023-09-11,2023-09-14,3,2,Customs Hold,3437.37,5,1,Blizzard,9.2,7,8,Equipment Failure,6.1,0.879,0.242,0.32,1.0,1,31.1
SHP102640,Los Angeles,Tokyo,Maersk,Air,2024-10-26,2024-10-31,5,9,Customs Hold,1474.55,4,0,Snow,6.1,3,10,None,0.0,0.861,0.26,0.25,0.9645,1,50.9
SHP102641,Hamburg,Sydney,Maersk,Air,2024-09-10,2024-09-12,2,3,At Port,217.33,3,0,Snow,5.95,2,5,Traffic Jam,3.62,0.836,0.211,0.3,1.0,1,77.8
SHP102642,Mumbai,Singapore,FedEx,Sea,2024-01-22,2024-02-24,33,32,Customs Hold,3195.81,1,0,Clear,0.16,5,8,Equipment Failure,6.42,0.927,0.085,0.34,0.7745,1,23.1
SHP102643,Los Angeles,Chicago,FedEx,Sea,2024-08-01,2024-08-22,21,20,At Port,1709.8,4,0,Blizzard,9.4,5,4,Equipment Failure,6.43,0.949,0.384,0.38,1.0,1,76.5
SHP102644,Mumbai,New York,UPS,Rail,2023-07-17,2023-07-29,12,0,In Transit,599.55,5,0,Snow,5.61,3,6,Port Strike,9.43,0.893,0.392,0.1,0.9413,1,88.1
SHP102645,Rotterdam,Singapore,XPO Logistics,Rail,2023-03-26,2023-04-07,12,4,At Port,4938.72,5,0,Snow,6.01,5,2,Traffic Jam,4.32,0.828,0.158,0.16,0.8718,1,66.1
SHP102646,Los Angeles,London,DHL,Sea,2023-02-04,2023-03-05,29,20,At Port,4200.71,2,0,Storm,7.64,3,8,Natural Disaster,10.23,0.923,0.211,0.21,0.9536,1,21.7
SHP102647,Rotterdam,Singapore,XPO Logistics,Rail,2024-10-29,2024-11-05,7,10,Delayed,4376.55,3,1,Rain,1.71,2,6,Port Strike,8.94,0.817,0.251,0.32,1.0,1,77.5
SHP102648,Hamburg,London,DB Schenker,Road,2023-05-10,2023-05-19,9,4,In Transit,1966.17,4,1,Storm,7.71,8,4,Natural Disaster,9.55,0.879,0.264,0.1,0.9853,1,65.1
SHP102649,Shanghai,London,Maersk,Rail,2023-12-08,2023-12-18,10,2,In Transit,2230.87,1,1,Snow,5.83,4,7,Natural Disaster,10.01,0.825,0.263,0.16,1.0,1,30.5
SHP102650,Mumbai,New York,FedEx,Sea,2024-01-18,2024-02-21,34,15,Out for Delivery,4224.88,1,0,Clear,0.09,5,6,None,0.19,0.904,0.189,0.34,0.6849,1,41.3
SHP102651,Shanghai,Sydney,UPS,Road,2024-11-06,2024-11-14,8,12,In Transit,4738.12,2,0,Blizzard,8.6,8,1,Natural Disaster,9.68,0.905,0.354,0.32,1.0,1,10.8
SHP102652,Los Angeles,Chicago,FedEx,Air,2024-10-29,2024-11-01,3,1,Customs Hold,1637.42,3,0,Clear,0.0,1,4,Equipment Failure,5.63,0.923,0.356,0.22,0.6364,1,51.4
SHP102653,Rotterdam,Chicago,Maersk,Air,2023-08-11,2023-08-16,5,0,Delayed,1449.18,4,0,Blizzard,8.56,1,1,None,0.43,0.836,0.292,0.2,0.7352,1,10.7
SHP102654,Rotterdam,London,DHL,Road,2024-11-06,2024-11-09,3,0,In Transit,2166.52,3,0,Blizzard,9.49,7,3,None,0.0,0.884,0.092,0.21,0.8269,1,72.1
SHP102655,Los Angeles,London,DHL,Road,2023-09-24,2023-09-28,4,6,In Transit,1199.7,4,0,Clear,0.37,9,3,Port Strike,9.2,0.887,0.145,0.23,0.9521,1,78.5
SHP102656,Dubai,Singapore,DB Schenker,Rail,2024-02-22,2024-03-05,12,12,At Port,1652.33,4,0,Fog,3.94,3,10,Traffic Jam,4.12,0.831,0.207,0.15,0.8156,1,18.1
SHP102657,Dubai,London,DB Schenker,Road,2023-09-19,2023-09-29,10,9,Out for Delivery,292.23,2,1,Blizzard,9.0,8,3,Equipment Failure,6.22,0.851,0.299,0.31,1.0,1,16.3
SHP102658,Los Angeles,Singapore,Maersk,Road,2024-07-23,2024-07-27,4,8,In Transit,2698.64,5,0,Snow,6.12,6,9,Port Strike,8.57,0.85,0.362,0.11,1.0,1,48.5
SHP102659,Shanghai,New York,FedEx,Air,2024-06-04,2024-06-08,4,5,Out for Delivery,3401.62,5,0,Storm,8.49,2,2,None,0.0,0.929,0.054,0.35,0.7522,1,9.6
SHP102660,Shanghai,New York,DB Schenker,Road,2024-02-16,2024-02-21,5,6,Out for Delivery,4999.13,5,1,Snow,6.31,7,1,Port Strike,9.37,0.865,0.343,0.35,1.0,1,63.8
SHP102661,Los Angeles,Singapore,FedEx,Road,2023-06-19,2023-06-27,8,6,Customs Hold,2792.94,5,0,Storm,8.18,6,5,Natural Disaster,9.78,0.933,0.108,0.39,1.0,1,70.9
SHP102662,Mumbai,London,DHL,Rail,2024-08-28,2024-09-11,14,14,Delayed,1096.82,5,0,Blizzard,9.29,4,6,None,0.0,0.89,0.193,0.34,0.9502,1,86.0
SHP102663,Los Angeles,New York,XPO Logistics,Road,2024-08-11,2024-08-14,3,4,In Transit,4864.0,5,0,Snow,6.35,7,9,Traffic Jam,3.96,0.849,0.257,0.18,1.0,1,53.2
SHP102664,Rotterdam,London,FedEx,Air,2023-11-28,2023-12-02,4,4,Delayed,4200.38,2,0,Storm,7.94,4,4,None,0.22,0.929,0.174,0.24,0.7886,1,46.4
SHP102665,Mumbai,New York,Maersk,Air,2023-08-08,2023-08-13,5,0,Customs Hold,3015.2,2,1,Fog,3.66,4,7,Natural Disaster,10.24,0.844,0.33,0.4,1.0,1,53.0
SHP102666,Dubai,London,Maersk,Sea,2024-07-31,2024-08-26,26,20,Out for Delivery,2635.71,5,0,Rain,1.89,3,7,Equipment Failure,6.13,0.849,0.383,0.32,0.9897,1,89.4
SHP102667,Rotterdam,Chicago,DHL,Sea,2024-11-18,2024-12-12,24,9,In Transit,4350.14,3,0,Fog,3.83,4,7,None,0.19,0.906,0.316,0.2,0.7135,1,22.5
SHP102668,Mumbai,London,UPS,Air,2023-04-09,2023-04-14,5,10,Out for Delivery,2203.44,2,0,Snow,6.27,3,4,Traffic Jam,3.99,0.903,0.04,0.4,0.9236,1,26.9
SHP102669,Mumbai,Tokyo,DHL,Air,2024-03-11,2024-03-16,5,0,Customs Hold,261.13,4,0,Snow,5.83,1,2,None,0.22,0.881,0.273,0.36,0.7201,1,32.8
SHP102670,Hamburg,Tokyo,DHL,Air,2023-01-19,2023-01-24,5,6,Delayed,4868.96,4,0,Heavy Rain,5.49,4,9,Port Strike,8.73,0.901,0.255,0.43,1.0,1,72.3
SHP102671,Dubai,New York,FedEx,Road,2024-08-12,2024-08-21,9,1,At Port,709.24,3,0,Heavy Rain,5.34,7,10,Traffic Jam,3.64,0.898,0.045,0.44,0.9061,1,44.8
SHP102672,Rotterdam,Sydney,Maersk,Air,2023-09-04,2023-09-09,5,6,At Port,458.45,5,1,Storm,7.81,3,6,Equipment Failure,5.75,0.849,0.071,0.26,1.0,1,24.8
SHP102673,Rotterdam,New York,DHL,Air,2024-01-29,2024-02-01,3,5,In Transit,3464.59,4,0,Heavy Rain,5.23,2,9,Port Strike,9.06,0.891,0.382,0.1,1.0,1,88.6
SHP102674,Shanghai,Tokyo,Maersk,Rail,2023-02-05,2023-02-20,15,2,In Transit,3867.98,4,0,Clear,0.11,3,7,None,0.04,0.852,0.143,0.3,0.5637,1,21.5
SHP102675,Dubai,New York,DB Schenker,Air,2024-01-07,2024-01-09,2,3,At Port,4820.74,1,0,Storm,7.84,3,7,Equipment Failure,6.16,0.864,0.334,0.16,1.0,1,17.7
SHP102676,Shanghai,Tokyo,XPO Logistics,Sea,2024-10-30,2024-11-23,24,0,In Transit,4736.14,3,0,Rain,2.3,4,10,None,0.3,0.849,0.244,0.39,0.7966,1,38.3
SHP102677,Mumbai,Tokyo,Maersk,Road,2024-08-27,2024-09-01,5,7,In Transit,3470.89,3,0,Clear,0.11,8,10,Equipment Failure,5.69,0.874,0.166,0.36,1.0,1,94.2
SHP102678,Shanghai,Chicago,DB Schenker,Road,2023-05-19,2023-05-26,7,12,Out for Delivery,1755.93,2,0,Heavy Rain,5.5,6,4,Port Strike,9.39,0.887,0.306,0.19,1.0,1,53.5
SHP102679,Mumbai,New York,DHL,Sea,2023-01-12,2023-02-12,31,6,Customs Hold,3585.04,4,0,Snow,6.2,6,7,Port Strike,8.71,0.916,0.394,0.15,1.0,1,52.0
SHP102680,Dubai,New York,DHL,Road,2023-03-20,2023-03-24,4,9,Customs Hold,234.02,2,0,Snow,5.72,6,4,Port Strike,9.08,0.916,0.101,0.28,1.0,1,22.9
SHP102681,Dubai,Chicago,FedEx,Rail,2024-06-06,2024-06-21,15,20,In Transit,896.59,4,0,Rain,1.74,4,9,None,0.14,0.927,0.398,0.42,0.9368,1,80.1
SHP102682,Los Angeles,Chicago,XPO Logistics,Air,2024-04-07,2024-04-12,5,6,Out for Delivery,2648.46,5,1,Fog,3.68,3,6,Equipment Failure,5.77,0.806,0.373,0.25,1.0,1,30.5
SHP102683,Los Angeles,New York,XPO Logistics,Sea,2024-08-13,2024-09-15,33,9,Delayed,2704.64,4,0,Clear,0.43,5,8,Port Strike,9.05,0.843,0.054,0.29,0.7562,1,60.7
SHP102684,Hamburg,Singapore,XPO Logistics,Air,2024-01-01,2024-01-06,5,0,Out for Delivery,2833.65,4,0,Fog,4.04,3,7,Natural Disaster,10.46,0.837,0.143,0.41,0.9887,1,63.9
SHP102685,Hamburg,Sydney,DHL,Sea,2023-03-01,2023-03-21,20,18,Out for Delivery,293.73,5,0,Heavy Rain,5.45,5,5,Natural Disaster,9.92,0.864,0.162,0.21,1.0,1,48.4
SHP102686,Shanghai,Sydney,FedEx,Rail,2023-01-15,2023-01-27,12,13,In Transit,2977.97,1,0,Clear,0.02,4,6,Traffic Jam,4.39,0.965,0.243,0.16,0.6341,1,20.3
SHP102687,Mumbai,New York,XPO Logistics,Road,2024-06-30,2024-07-04,4,4,At Port,4556.65,1,1,Fog,3.94,7,1,Traffic Jam,3.71,0.815,0.185,0.25,1.0,1,90.9
SHP102688,Hamburg,Singapore,FedEx,Sea,2023-02-05,2023-03-09,32,28,Delayed,3947.33,3,0,Heavy Rain,4.7,3,6,Equipment Failure,6.18,0.926,0.04,0.3,0.7625,1,52.3
SHP102689,Dubai,London,DHL,Sea,2023-04-02,2023-04-24,22,19,Out for Delivery,4131.18,1,0,Blizzard,8.6,5,7,Port Strike,8.76,0.919,0.31,0.18,1.0,1,17.0
SHP102690,Dubai,Chicago,UPS,Sea,2023-08-02,2023-08-21,19,22,Delayed,93.04,2,0,Rain,1.97,5,5,Port Strike,9.47,0.897,0.161,0.25,0.9245,1,13.1
SHP102691,Mumbai,Sydney,DB Schenker,Sea,2023-08-21,2023-09-09,19,17,Delayed,2316.12,2,0,Rain,2.31,6,9,Natural Disaster,9.61,0.892,0.366,0.3,1.0,1,91.9
SHP102692,Dubai,New York,DHL,Air,2023-06-23,2023-06-26,3,4,At Port,3184.14,4,0,Heavy Rain,4.93,3,9,Equipment Failure,5.6,0.897,0.323,0.26,1.0,1,34.6
SHP102693,Los Angeles,Sydney,DHL,Rail,2023-04-24,2023-05-08,14,8,Out for Delivery,2211.27,1,0,Heavy Rain,5.1,3,9,Natural Disaster,10.19,0.921,0.331,0.14,0.9111,1,25.8
SHP102694,Mumbai,Sydney,DB Schenker,Air,2023-12-06,2023-12-10,4,7,Customs Hold,2667.05,5,1,Snow,5.95,1,6,None,0.0,0.871,0.336,0.3,1.0,1,13.5
SHP102695,Mumbai,Tokyo,DHL,Sea,2023-02-03,2023-02-28,25,14,Customs Hold,2884.3,5,0,Heavy Rain,5.44,5,1,Equipment Failure,5.52,0.858,0.077,0.11,0.7713,1,36.5
SHP102696,Dubai,New York,FedEx,Rail,2024-03-28,2024-04-12,15,6,Delayed,3680.04,4,0,Snow,6.37,5,10,Natural Disaster,10.1,0.896,0.292,0.3,1.0,1,79.2
SHP102697,Mumbai,Singapore,XPO Logistics,Sea,2023-01-14,2023-02-07,24,8,Customs Hold,3876.97,3,1,Fog,3.58,5,7,None,0.0,0.863,0.387,0.38,0.9257,1,29.4
SHP102698,Los Angeles,Tokyo,Maersk,Sea,2023-01-24,2023-02-20,27,18,Customs Hold,1434.56,4,0,Rain,2.34,3,5,Traffic Jam,4.39,0.825,0.24,0.25,0.8618,1,7.4
SHP102699,Rotterdam,Chicago,XPO Logistics,Sea,2024-11-08,2024-11-29,21,22,Customs Hold,3037.91,3,0,Heavy Rain,5.16,3,3,Port Strike,8.75,0.824,0.294,0.2,1.0,1,80.4
SHP102700,Dubai,Chicago,Maersk,Rail,2024-06-25,2024-07-07,12,3,Out for Delivery,1650.15,1,0,Storm,7.98,2,9,Port Strike,8.82,0.855,0.237,0.39,1.0,1,22.0
SHP102701,Hamburg,London,UPS,Rail,2024-10-18,2024-11-01,14,17,In Transit,4104.92,5,0,Rain,1.89,4,3,Port Strike,9.19,0.913,0.126,0.1,0.7608,1,26.9
SHP102702,Shanghai,Sydney,XPO Logistics,Sea,2023-02-08,2023-03-02,22,21,Customs Hold,1397.36,1,0,Blizzard,8.72,6,8,None,0.0,0.836,0.161,0.4,0.9946,1,42.5
SHP102703,Shanghai,Sydney,UPS,Air,2023-05-07,2023-05-10,3,1,Out for Delivery,3606.28,2,0,Blizzard,8.67,3,4,None,0.0,0.915,0.113,0.12,0.6382,1,16.3
SHP102704,Rotterdam,Singapore,XPO Logistics,Sea,2023-05-04,2023-05-27,23,10,At Port,4114.53,5,0,Heavy Rain,5.21,3,2,Equipment Failure,5.59,0.841,0.282,0.24,0.9472,1,24.7
SHP102705,Hamburg,New York,FedEx,Road,2024-10-18,2024-10-22,4,3,At Port,3940.95,5,0,Storm,8.21,8,8,Equipment Failure,5.62,0.895,0.346,0.34,1.0,1,49.7
SHP102706,Hamburg,New York,XPO Logistics,Air,2023-04-21,2023-04-25,4,6,At Port,2609.33,5,0,Blizzard,8.58,3,5,None,0.42,0.802,0.377,0.14,0.8669,1,36.9
SHP102707,Dubai,Tokyo,Maersk,Sea,2024-09-22,2024-10-15,23,13,In Transit,3716.51,1,0,Snow,6.19,4,3,None,0.0,0.851,0.395,0.31,0.9328,1,37.4
SHP102708,Mumbai,Singapore,XPO Logistics,Rail,2024-03-11,2024-03-25,14,19,At Port,1240.73,2,0,Snow,5.52,3,6,None,0.48,0.824,0.191,0.11,0.7905,1,26.8
SHP102709,Dubai,Chicago,Maersk,Air,2023-01-17,2023-01-22,5,8,Delayed,2715.8,2,0,Snow,5.94,1,3,Port Strike,9.44,0.825,0.334,0.3,1.0,1,32.0
SHP102710,Los Angeles,New York,DHL,Rail,2024-06-16,2024-06-24,8,5,In Transit,66.22,4,0,Storm,7.63,4,1,Natural Disaster,9.76,0.9,0.064,0.38,1.0,1,80.6
SHP102711,Dubai,Chicago,DB Schenker,Sea,2023-10-17,2023-11-05,19,9,Delayed,1568.43,1,0,Fog,3.6,6,9,None,0.0,0.853,0.172,0.15,0.6281,1,16.4
SHP102712,Los Angeles,London,DHL,Road,2024-10-14,2024-10-24,10,6,Customs Hold,1294.24,4,0,Clear,0.21,6,6,Equipment Failure,6.19,0.892,0.036,0.28,0.7462,1,70.4
SHP102713,Los Angeles,Tokyo,FedEx,Road,2024-03-23,2024-03-27,4,4,At Port,3660.12,5,0,Blizzard,9.27,6,5,Traffic Jam,4.38,0.909,0.306,0.25,1.0,1,73.9
SHP102714,Shanghai,Chicago,UPS,Road,2024-09-09,2024-09-15,6,1,Out for Delivery,4198.39,2,0,Heavy Rain,5.07,8,3,Traffic Jam,4.08,0.924,0.363,0.43,0.992,1,18.5
SHP102715,Dubai,Chicago,UPS,Rail,2024-09-06,2024-09-17,11,10,Out for Delivery,4408.01,1,0,Rain,2.07,4,5,Natural Disaster,10.03,0.918,0.276,0.44,1.0,1,55.2
SHP102716,Hamburg,Chicago,XPO Logistics,Air,2024-07-31,2024-08-03,3,1,In Transit,4892.13,4,1,Snow,6.09,3,2,Traffic Jam,3.74,0.862,0.06,0.23,0.7961,1,31.2
SHP102717,Los Angeles,Sydney,DHL,Rail,2024-11-27,2024-12-09,12,1,Customs Hold,2834.96,4,0,Clear,0.0,5,6,None,0.13,0.908,0.338,0.33,0.7083,1,21.1
SHP102718,Mumbai,Singapore,Maersk,Sea,2024-05-31,2024-06-30,30,30,Out for Delivery,3437.5,4,0,Fog,3.6,6,6,Port Strike,9.32,0.861,0.181,0.14,0.9356,1,81.6
SHP102719,Mumbai,Tokyo,FedEx,Rail,2024-01-02,2024-01-10,8,7,Customs Hold,4457.79,3,1,Rain,2.07,5,3,Natural Disaster,9.89,0.925,0.106,0.26,0.8868,1,79.5
SHP102720,Hamburg,Tokyo,UPS,Sea,2024-05-30,2024-06-19,20,5,Delayed,3497.53,2,1,Fog,4.0,5,4,Port Strike,9.13,0.907,0.046,0.26,0.8014,1,58.1
SHP102721,Shanghai,New York,FedEx,Rail,2024-01-28,2024-02-08,11,10,At Port,3055.03,3,0,Storm,8.05,2,6,Natural Disaster,10.24,0.937,0.272,0.35,1.0,1,62.5
SHP102722,Mumbai,New York,DB Schenker,Road,2024-05-20,2024-05-28,8,6,Delayed,2687.01,2,1,Heavy Rain,4.53,9,5,Equipment Failure,5.7,0.858,0.084,0.41,1.0,1,42.4
SHP102723,Hamburg,Sydney,FedEx,Sea,2024-02-24,2024-03-23,28,29,In Transit,4635.39,2,0,Storm,7.88,3,8,Port Strike,9.4,0.923,0.209,0.43,1.0,1,43.2
SHP102724,Dubai,Sydney,Maersk,Air,2024-02-26,2024-03-01,4,4,Out for Delivery,3635.15,3,0,Storm,7.89,2,5,Natural Disaster,9.76,0.861,0.368,0.39,1.0,1,30.0
SHP102725,Los Angeles,Chicago,FedEx,Rail,2023-07-08,2023-07-23,15,20,Delayed,1018.61,2,0,Heavy Rain,5.4,4,9,Equipment Failure,5.98,0.944,0.327,0.42,1.0,1,50.2
SHP102726,Shanghai,London,XPO Logistics,Sea,2024-03-03,2024-03-21,18,7,In Transit,1986.88,1,1,Heavy Rain,4.54,5,7,Natural Disaster,10.04,0.807,0.226,0.13,0.944,1,64.3
SHP102727,Los Angeles,Chicago,DB Schenker,Road,2023-03-30,2023-04-05,6,8,Delayed,4034.6,1,0,Snow,6.37,9,5,Equipment Failure,6.19,0.883,0.31,0.17,1.0,1,14.8
SHP102728,Mumbai,New York,Maersk,Rail,2024-02-11,2024-02-26,15,11,In Transit,1572.75,1,1,Rain,1.59,2,9,None,0.01,0.866,0.028,0.2,0.5789,1,50.1
SHP102729,Dubai,Chicago,DB Schenker,Rail,2023-02-24,2023-03-11,15,14,Out for Delivery,3431.52,3,0,Fog,4.1,3,5,Traffic Jam,4.19,0.883,0.149,0.26,0.8223,1,63.2
SHP102730,Rotterdam,Singapore,DB Schenker,Air,2023-07-27,2023-07-29,2,6,Out for Delivery,1141.96,4,0,Blizzard,8.85,4,7,Natural Disaster,9.67,0.884,0.132,0.32,1.0,1,10.2
SHP102731,Shanghai,London,DB Schenker,Air,2024-09-24,2024-09-29,5,3,Delayed,198.73,4,0,Rain,2.49,3,6,Natural Disaster,10.13,0.885,0.17,0.24,0.9841,1,76.2
SHP102732,Los Angeles,Singapore,FedEx,Sea,2024-03-14,2024-04-06,23,12,Out for Delivery,4447.68,1,0,Rain,1.76,4,3,None,0.46,0.936,0.054,0.18,0.514,1,25.6
SHP102733,Rotterdam,London,FedEx,Sea,2024-01-25,2024-02-28,34,32,At Port,3378.45,1,0,Storm,7.75,6,4,None,0.19,0.909,0.355,0.21,0.9104,1,44.0
SHP102734,Dubai,Chicago,XPO Logistics,Air,2024-11-20,2024-11-25,5,4,Delayed,3505.23,4,0,Clear,0.0,2,2,None,0.45,0.827,0.374,0.2,0.7819,1,70.9
SHP102735,Los Angeles,Singapore,XPO Logistics,Rail,2023-01-20,2023-01-28,8,13,Customs Hold,1416.01,5,0,Rain,1.57,3,7,Natural Disaster,10.39,0.831,0.209,0.11,0.9928,1,95.2
SHP102736,Shanghai,Chicago,FedEx,Rail,2023-12-17,2023-12-26,9,0,At Port,3142.59,1,1,Clear,0.11,2,6,Port Strike,8.79,0.901,0.379,0.2,0.823,1,43.9
SHP102737,Rotterdam,Singapore,DHL,Sea,2023-11-16,2023-12-16,30,22,In Transit,2655.07,4,0,Blizzard,9.47,5,7,None,0.44,0.876,0.389,0.24,0.9915,1,10.8
SHP102738,Shanghai,Singapore,Maersk,Sea,2024-06-01,2024-07-04,33,17,Delayed,1268.97,3,0,Clear,0.0,4,6,Port Strike,8.95,0.853,0.127,0.23,0.8774,1,34.3
SHP102739,Rotterdam,Chicago,Maersk,Road,2024-08-18,2024-08-21,3,4,Customs Hold,3803.65,5,1,Clear,0.3,8,2,None,0.09,0.841,0.108,0.2,0.6784,1,54.3
SHP102740,Rotterdam,New York,XPO Logistics,Rail,2024-08-10,2024-08-23,13,14,Out for Delivery,2574.11,5,1,Blizzard,9.28,2,1,Port Strike,9.2,0.834,0.089,0.4,1.0,1,73.5
SHP102741,Los Angeles,Tokyo,XPO Logistics,Road,2024-06-10,2024-06-16,6,3,Customs Hold,309.58,5,0,Snow,6.13,9,8,Port Strike,8.54,0.83,0.317,0.25,1.0,1,28.5
SHP102742,Hamburg,Chicago,DHL,Road,2024-08-17,2024-08-20,3,7,At Port,3830.82,4,1,Rain,1.6,7,8,Traffic Jam,4.21,0.889,0.152,0.13,0.9116,1,71.7
SHP102743,Dubai,Tokyo,Maersk,Air,2024-01-29,2024-02-02,4,1,At Port,2006.09,3,0,Heavy Rain,5.18,3,1,None,0.27,0.827,0.292,0.44,0.8838,1,75.3
SHP102744,Mumbai,London,UPS,Rail,2023-12-15,2023-12-27,12,7,Customs Hold,4327.08,2,0,Clear,0.0,5,4,Port Strike,8.93,0.897,0.316,0.42,1.0,1,63.5
SHP102745,Dubai,London,UPS,Road,2024-01-02,2024-01-09,7,11,At Port,3948.03,2,0,Storm,7.85,9,7,None,0.19,0.904,0.203,0.28,0.9511,1,49.4
SHP102746,Hamburg,Sydney,FedEx,Air,2023-01-12,2023-01-15,3,0,Out for Delivery,4800.32,3,0,Fog,3.75,4,8,Natural Disaster,9.68,0.915,0.124,0.38,0.9871,1,15.0
SHP102747,Hamburg,Tokyo,DB Schenker,Rail,2023-03-08,2023-03-19,11,14,At Port,3970.55,5,0,Blizzard,8.88,2,1,Natural Disaster,10.12,0.835,0.095,0.34,1.0,1,64.6
SHP102748,Mumbai,Chicago,Maersk,Air,2023-03-09,2023-03-12,3,4,In Transit,3732.64,5,1,Fog,4.14,1,9,Equipment Failure,6.39,0.86,0.105,0.33,0.9356,1,29.4
SHP102749,Dubai,London,UPS,Road,2023-11-19,2023-11-22,3,5,In Transit,1137.92,3,1,Blizzard,8.68,9,8,Equipment Failure,5.97,0.879,0.149,0.24,1.0,1,42.8
SHP102750,Rotterdam,New York,UPS,Road,2023-05-14,2023-05-20,6,7,Customs Hold,1433.11,3,0,Blizzard,9.46,8,5,Equipment Failure,6.02,0.92,0.248,0.39,1.0,1,75.1
SHP102751,Hamburg,New York,DB Schenker,Road,2023-08-28,2023-09-02,5,5,Customs Hold,4725.68,5,0,Blizzard,8.93,8,3,Natural Disaster,10.21,0.841,0.334,0.35,1.0,1,78.5
SHP102752,Shanghai,Tokyo,DHL,Rail,2024-08-11,2024-08-22,11,13,In Transit,768.32,4,0,Clear,0.4,2,6,None,0.29,0.909,0.351,0.32,0.7515,1,19.3
SHP102753,Mumbai,London,DB Schenker,Sea,2023-12-25,2024-01-23,29,31,In Transit,2418.16,3,0,Storm,8.47,6,6,Natural Disaster,10.33,0.882,0.235,0.12,1.0,1,27.0
SHP102754,Rotterdam,Chicago,XPO Logistics,Sea,2024-07-22,2024-08-15,24,3,Out for Delivery,3589.34,1,1,Blizzard,9.34,5,2,Natural Disaster,10.2,0.796,0.173,0.2,1.0,1,81.8
SHP102755,Rotterdam,New York,DB Schenker,Rail,2023-04-01,2023-04-16,15,20,Out for Delivery,1820.58,5,0,Blizzard,9.1,5,2,Equipment Failure,5.56,0.879,0.266,0.28,1.0,1,37.0
SHP102756,Mumbai,London,FedEx,Air,2023-09-22,2023-09-27,5,6,In Transit,4667.75,5,0,Blizzard,9.02,1,1,None,0.0,0.896,0.189,0.38,0.8372,1,74.8
SHP102757,Los Angeles,Sydney,DHL,Air,2024-10-10,2024-10-14,4,8,In Transit,4857.85,1,1,Rain,1.92,2,1,Natural Disaster,10.37,0.91,0.125,0.14,0.9826,1,66.5
SHP102758,Dubai,Tokyo,Maersk,Sea,2024-02-02,2024-02-27,25,1,At Port,1146.4,4,0,Rain,1.73,4,8,Natural Disaster,9.75,0.912,0.214,0.4,0.9429,1,65.5
SHP102759,Rotterdam,Sydney,DHL,Air,2023-07-26,2023-07-28,2,5,In Transit,2625.1,4,0,Fog,3.85,2,5,None,0.0,0.879,0.365,0.34,1.0,1,32.7
SHP102760,Dubai,Chicago,FedEx,Rail,2023-08-07,2023-08-17,10,4,At Port,4408.95,2,1,Clear,0.26,3,2,Port Strike,9.34,0.909,0.141,0.35,0.8341,1,8.7
SHP102761,Los Angeles,Tokyo,UPS,Air,2024-05-12,2024-05-16,4,4,Out for Delivery,3070.49,5,0,Snow,5.92,1,5,Traffic Jam,3.53,0.955,0.343,0.25,0.8154,1,25.3
SHP102762,Shanghai,New York,XPO Logistics,Rail,2024-04-15,2024-04-25,10,12,In Transit,2481.44,2,0,Storm,8.33,4,5,Equipment Failure,5.8,0.831,0.209,0.35,1.0,1,26.7
SHP102763,Hamburg,Sydney,DHL,Sea,2023-12-20,2024-01-21,32,19,Delayed,1450.87,1,0,Blizzard,9.22,3,6,Equipment Failure,5.66,0.883,0.365,0.16,1.0,1,43.5
SHP102764,Hamburg,New York,FedEx,Air,2024-01-18,2024-01-21,3,7,Customs Hold,3317.67,4,0,Heavy Rain,5.08,2,1,Equipment Failure,6.28,0.94,0.252,0.28,0.9982,1,12.9
SHP102765,Mumbai,Tokyo,DB Schenker,Rail,2024-03-14,2024-03-23,9,4,Delayed,3045.79,4,0,Fog,4.22,3,5,Port Strike,9.41,0.868,0.132,0.14,0.8257,1,29.3
SHP102766,Dubai,Singapore,UPS,Air,2024-09-11,2024-09-13,2,5,Out for Delivery,4943.01,1,0,Fog,3.66,1,1,Traffic Jam,3.58,0.879,0.27,0.15,0.9227,1,45.9
SHP102767,Shanghai,Chicago,XPO Logistics,Road,2024-07-23,2024-08-02,10,0,Customs Hold,3687.82,3,0,Storm,7.81,9,2,Port Strike,8.71,0.806,0.318,0.23,1.0,1,35.0
SHP102768,Dubai,New York,Maersk,Road,2024-10-18,2024-10-24,6,7,Customs Hold,3436.64,5,1,Snow,5.96,6,3,Port Strike,9.05,0.856,0.178,0.4,1.0,1,71.7
SHP102769,Mumbai,New York,DB Schenker,Rail,2023-02-23,2023-03-09,14,17,Customs Hold,1022.07,5,0,Snow,5.88,4,1,Port Strike,9.3,0.846,0.338,0.14,1.0,1,20.8
SHP102770,Mumbai,Tokyo,Maersk,Sea,2024-05-14,2024-06-17,34,5,In Transit,2016.87,5,0,Storm,7.58,3,3,Natural Disaster,10.0,0.836,0.274,0.16,1.0,1,21.9
SHP102771,Los Angeles,Chicago,XPO Logistics,Sea,2023-03-18,2023-04-08,21,23,At Port,2341.42,3,0,Clear,0.03,6,3,Port Strike,9.08,0.804,0.265,0.26,1.0,1,44.2
SHP102772,Mumbai,Chicago,FedEx,Sea,2023-08-14,2023-09-11,28,3,Customs Hold,1062.66,4,0,Clear,0.04,3,1,Traffic Jam,4.42,0.947,0.113,0.41,0.6693,1,60.3
SHP102773,Shanghai,Singapore,DHL,Sea,2024-10-02,2024-11-02,31,6,In Transit,172.64,1,0,Rain,2.3,5,6,Traffic Jam,4.41,0.895,0.038,0.22,0.6289,1,7.6
SHP102774,Dubai,Singapore,Maersk,Air,2024-06-06,2024-06-10,4,5,Out for Delivery,4526.92,2,1,Fog,3.61,2,2,None,0.0,0.881,0.339,0.15,0.7305,1,55.5
SHP102775,Los Angeles,New York,DB Schenker,Sea,2023-07-19,2023-08-21,33,0,Delayed,1379.66,1,0,Storm,7.78,4,2,None,0.39,0.845,0.061,0.27,0.744,1,24.8
SHP102776,Los Angeles,Sydney,XPO Logistics,Air,2023-03-07,2023-03-09,2,3,Delayed,4618.22,3,1,Heavy Rain,5.32,4,3,Natural Disaster,9.73,0.816,0.178,0.22,1.0,1,61.3
SHP102777,Rotterdam,Singapore,FedEx,Road,2024-11-30,2024-12-10,10,0,Customs Hold,4593.73,2,1,Blizzard,9.08,6,7,Port Strike,9.05,0.931,0.155,0.41,1.0,1,89.7
SHP102778,Los Angeles,New York,XPO Logistics,Road,2024-07-19,2024-07-27,8,7,At Port,357.05,4,1,Heavy Rain,4.52,9,3,Equipment Failure,5.93,0.808,0.361,0.23,1.0,1,15.3
SHP102779,Shanghai,Tokyo,DHL,Air,2023-07-31,2023-08-04,4,2,Customs Hold,4449.85,4,1,Clear,0.12,4,9,Natural Disaster,9.51,0.895,0.197,0.29,0.8641,1,52.2
SHP102780,Shanghai,Chicago,UPS,Sea,2023-12-02,2023-12-21,19,16,Out for Delivery,2070.61,2,0,Snow,5.81,5,7,Natural Disaster,10.25,0.924,0.084,0.2,0.9378,1,56.0
SHP102781,Los Angeles,New York,DB Schenker,Air,2023-07-13,2023-07-17,4,5,Customs Hold,1847.87,2,1,Fog,4.34,2,2,Port Strike,8.97,0.891,0.278,0.26,1.0,1,16.6
SHP102782,Mumbai,New York,FedEx,Air,2023-09-06,2023-09-11,5,8,Customs Hold,704.3,4,0,Clear,0.0,2,8,None,0.0,0.893,0.238,0.3,0.7209,1,40.3
SHP102783,Shanghai,New York,DB Schenker,Air,2023-01-27,2023-01-31,4,0,Delayed,4308.33,2,1,Rain,1.5,1,6,Traffic Jam,4.4,0.848,0.33,0.35,0.9177,1,21.8
SHP102784,Dubai,Chicago,UPS,Air,2023-09-27,2023-09-29,2,1,Delayed,3806.28,4,0,Snow,6.45,4,10,None,0.0,0.885,0.379,0.26,0.8969,1,51.2
SHP102785,Shanghai,Tokyo,DHL,Sea,2023-06-14,2023-07-05,21,14,In Transit,3547.18,3,1,Clear,0.24,5,8,Equipment Failure,5.7,0.914,0.114,0.12,0.6059,1,10.2
SHP102786,Los Angeles,Sydney,UPS,Air,2023-04-12,2023-04-16,4,4,Customs Hold,3587.52,2,0,Blizzard,9.01,4,1,Natural Disaster,10.33,0.897,0.051,0.29,1.0,1,87.9
SHP102787,Hamburg,Sydney,DHL,Air,2024-04-28,2024-05-02,4,1,Delayed,1223.83,4,0,Snow,6.39,4,10,Natural Disaster,9.52,0.887,0.03,0.15,0.7578,1,68.5
SHP102788,Rotterdam,Sydney,XPO Logistics,Road,2024-11-05,2024-11-13,8,1,At Port,4228.83,3,0,Snow,6.13,6,4,Port Strike,9.01,0.875,0.05,0.38,1.0,1,87.6
SHP102789,Shanghai,Chicago,XPO Logistics,Sea,2024-05-10,2024-06-08,29,32,Delayed,661.71,1,0,Storm,8.3,6,8,None,0.0,0.858,0.267,0.44,1.0,1,36.7
SHP102790,Shanghai,Sydney,UPS,Road,2023-04-30,2023-05-05,5,4,At Port,4432.31,2,0,Rain,2.46,8,1,Equipment Failure,5.77,0.943,0.099,0.43,0.9134,1,62.0
SHP102791,Los Angeles,Chicago,DB Schenker,Air,2024-04-08,2024-04-10,2,6,In Transit,3803.79,4,0,Fog,3.99,1,9,Natural Disaster,10.33,0.868,0.213,0.39,1.0,1,20.5
SHP102792,Shanghai,Sydney,XPO Logistics,Sea,2023-12-03,2023-12-28,25,3,At Port,4601.13,5,1,Snow,6.31,4,5,Natural Disaster,9.96,0.867,0.072,0.28,1.0,1,14.1
SHP102793,Rotterdam,Singapore,DHL,Road,2024-10-21,2024-10-25,4,1,At Port,531.54,4,0,Storm,8.42,7,6,Natural Disaster,9.7,0.918,0.369,0.19,1.0,1,75.5
SHP102794,Los Angeles,London,DHL,Rail,2024-02-17,2024-03-01,13,11,In Transit,1075.51,1,1,Snow,5.75,4,2,None,0.21,0.902,0.376,0.16,0.7558,1,22.7
SHP102795,Mumbai,London,Maersk,Road,2023-03-17,2023-03-22,5,9,Out for Delivery,3392.41,1,0,Storm,7.93,8,3,Natural Disaster,9.85,0.813,0.335,0.13,1.0,1,68.6
SHP102796,Rotterdam,New York,DHL,Rail,2023-02-18,2023-03-04,14,13,At Port,4733.59,2,0,Rain,2.27,5,2,Equipment Failure,5.58,0.878,0.37,0.38,1.0,1,79.2
SHP102797,Dubai,London,DHL,Rail,2023-10-22,2023-11-06,15,6,Delayed,4761.18,3,0,Fog,3.8,3,10,Equipment Failure,5.79,0.869,0.192,0.16,0.778,1,23.7
SHP102798,Mumbai,Chicago,UPS,Rail,2023-02-13,2023-02-28,15,2,Customs Hold,1892.9,5,0,Storm,7.59,4,4,Natural Disaster,9.69,0.9,0.379,0.2,1.0,1,30.5
SHP102799,Shanghai,New York,UPS,Sea,2023-11-26,2023-12-29,33,3,At Port,1350.17,2,0,Snow,6.46,6,9,Traffic Jam,4.04,0.924,0.165,0.35,0.8805,1,54.3
SHP102800,Rotterdam,Sydney,XPO Logistics,Rail,2023-11-24,2023-12-02,8,8,Delayed,2563.91,3,0,Snow,6.11,2,10,Natural Disaster,10.03,0.774,0.378,0.23,1.0,1,43.6
SHP102801,Los Angeles,Singapore,FedEx,Air,2023-08-26,2023-08-30,4,0,At Port,2491.58,2,0,Fog,4.1,3,7,None,0.01,0.891,0.031,0.27,0.5593,1,50.2
SHP102802,Mumbai,London,FedEx,Road,2023-05-21,2023-05-30,9,4,In Transit,4871.24,3,0,Fog,3.79,8,8,Port Strike,9.11,0.936,0.307,0.45,1.0,1,11.5
SHP102803,Shanghai,New York,Maersk,Road,2024-08-29,2024-09-08,10,3,Out for Delivery,4796.03,2,1,Clear,0.0,9,4,Traffic Jam,4.34,0.847,0.298,0.35,0.9962,1,59.5
SHP102804,Hamburg,Singapore,DB Schenker,Sea,2023-05-08,2023-06-02,25,20,At Port,823.08,4,0,Rain,2.39,3,3,Equipment Failure,6.0,0.848,0.105,0.12,0.6939,1,17.4
SHP102805,Hamburg,Singapore,Maersk,Rail,2023-11-24,2023-12-05,11,8,In Transit,4321.56,5,0,Snow,5.98,3,3,Port Strike,8.92,0.864,0.374,0.16,1.0,1,25.7
SHP102806,Dubai,London,DHL,Rail,2023-07-04,2023-07-16,12,12,In Transit,1095.22,4,0,Blizzard,9.42,4,2,Port Strike,8.81,0.913,0.123,0.28,1.0,1,71.8
SHP102807,Rotterdam,New York,XPO Logistics,Sea,2023-10-14,2023-11-06,23,11,Out for Delivery,3089.28,3,0,Snow,5.66,4,8,Port Strike,9.26,0.839,0.104,0.15,0.861,1,68.5
SHP102808,Rotterdam,London,DB Schenker,Sea,2024-06-30,2024-07-20,20,10,Delayed,2446.54,2,1,Storm,7.81,5,8,Natural Disaster,9.64,0.866,0.398,0.36,1.0,1,56.6
SHP102809,Hamburg,London,DHL,Road,2024-05-11,2024-05-21,10,15,At Port,1078.31,3,0,Rain,2.47,7,7,Port Strike,8.58,0.881,0.349,0.1,1.0,1,83.4
SHP102810,Mumbai,Tokyo,UPS,Rail,2023-12-27,2024-01-10,14,3,At Port,1830.59,2,0,Storm,7.86,2,4,Natural Disaster,9.72,0.92,0.107,0.33,0.9131,1,69.0
SHP102811,Dubai,Tokyo,UPS,Air,2024-07-18,2024-07-22,4,4,In Transit,415.57,1,1,Rain,1.94,2,3,Traffic Jam,4.16,0.947,0.269,0.11,0.6604,1,17.5
SHP102812,Rotterdam,London,DHL,Rail,2024-07-05,2024-07-18,13,7,In Transit,3745.52,5,1,Blizzard,9.12,5,4,Natural Disaster,10.04,0.913,0.225,0.38,1.0,1,34.1
SHP102813,Mumbai,Chicago,FedEx,Sea,2024-08-10,2024-08-30,20,19,At Port,952.34,3,1,Fog,4.15,4,8,Traffic Jam,4.32,0.936,0.113,0.21,0.6989,1,42.4
SHP102814,Rotterdam,Singapore,Maersk,Sea,2023-09-06,2023-10-06,30,12,Customs Hold,4904.02,1,0,Clear,0.45,3,5,None,0.16,0.863,0.163,0.39,0.7377,1,10.6
SHP102815,Dubai,Sydney,UPS,Road,2024-09-11,2024-09-20,9,14,Delayed,937.03,2,1,Blizzard,8.65,6,1,Traffic Jam,3.51,0.931,0.127,0.12,0.8271,1,7.9
SHP102816,Shanghai,Chicago,DB Schenker,Road,2023-07-26,2023-08-01,6,0,Customs Hold,806.89,3,0,Fog,4.02,7,5,None,0.0,0.884,0.287,0.14,0.6582,1,18.1
SHP102817,Mumbai,New York,Maersk,Air,2024-05-18,2024-05-21,3,2,In Transit,4862.96,4,1,Clear,0.32,1,1,Equipment Failure,6.47,0.885,0.308,0.11,0.719,1,56.6
SHP102818,Los Angeles,Chicago,Maersk,Air,2023-02-04,2023-02-09,5,10,Out for Delivery,672.75,2,0,Snow,5.53,3,5,Port Strike,8.58,0.854,0.296,0.22,1.0,1,40.5
SHP102819,Dubai,London,DHL,Rail,2023-07-02,2023-07-15,13,4,In Transit,4089.51,3,0,Heavy Rain,5.48,5,5,Natural Disaster,9.87,0.902,0.241,0.42,1.0,1,52.3
SHP102820,Shanghai,Sydney,XPO Logistics,Road,2024-03-01,2024-03-10,9,6,At Port,760.41,2,0,Blizzard,9.25,9,8,Port Strike,8.53,0.825,0.204,0.18,1.0,1,49.3
SHP102821,Rotterdam,Tokyo,DB Schenker,Sea,2023-05-02,2023-05-21,19,16,Delayed,3388.04,2,0,Rain,1.51,5,4,Equipment Failure,6.06,0.851,0.068,0.39,0.8901,1,47.8
SHP102822,Hamburg,London,UPS,Sea,2023-05-15,2023-06-15,31,1,Customs Hold,3774.75,3,1,Rain,2.45,4,7,Traffic Jam,3.51,0.931,0.165,0.1,0.5439,1,23.9
SHP102823,Dubai,Sydney,FedEx,Sea,2023-09-22,2023-10-19,27,1,Out for Delivery,3023.57,4,0,Clear,0.12,4,2,Natural Disaster,10.07,0.906,0.115,0.34,0.8149,1,33.5
SHP102824,Rotterdam,New York,DHL,Rail,2024-07-26,2024-08-09,14,13,At Port,1630.3,5,1,Storm,8.2,2,7,Traffic Jam,3.99,0.857,0.325,0.15,0.8277,1,33.1
SHP102825,Los Angeles,Sydney,DB Schenker,Sea,2024-11-24,2024-12-17,23,26,Delayed,2339.33,3,0,Heavy Rain,4.91,5,5,Equipment Failure,6.04,0.899,0.146,0.45,1.0,1,32.5
SHP102826,Mumbai,Singapore,DB Schenker,Sea,2023-07-16,2023-08-15,30,10,In Transit,2097.96,3,0,Clear,0.02,4,1,None,0.18,0.902,0.086,0.27,0.492,0,0.0
SHP102827,Hamburg,Tokyo,DHL,Air,2023-12-12,2023-12-17,5,7,Delayed,1004.26,2,1,Snow,5.54,1,5,None,0.25,0.878,0.093,0.15,0.6162,1,29.4
SHP102828,Shanghai,Singapore,FedEx,Air,2023-07-19,2023-07-22,3,5,Customs Hold,2979.26,1,0,Clear,0.3,2,4,Traffic Jam,4.06,0.918,0.039,0.27,0.6697,1,21.2
SHP102829,Dubai,Chicago,FedEx,Rail,2023-10-05,2023-10-18,13,10,Delayed,186.6,4,0,Storm,7.63,5,4,Natural Disaster,10.37,0.937,0.367,0.21,1.0,1,76.6
SHP102830,Shanghai,Tokyo,FedEx,Road,2024-04-05,2024-04-15,10,0,Customs Hold,1992.66,4,0,Rain,1.77,8,6,Equipment Failure,6.14,0.945,0.098,0.12,0.5989,1,31.3
SHP102831,Dubai,New York,DHL,Sea,2024-10-22,2024-11-15,24,12,Out for Delivery,1232.81,4,0,Blizzard,9.48,3,1,Traffic Jam,4.3,0.898,0.259,0.15,0.8877,1,77.3
SHP102832,Mumbai,Chicago,FedEx,Sea,2024-10-20,2024-11-20,31,0,In Transit,2896.72,5,0,Storm,7.93,3,2,Equipment Failure,6.09,0.918,0.11,0.22,0.8083,1,76.1
SHP102833,Los Angeles,Chicago,XPO Logistics,Air,2024-09-24,2024-09-26,2,2,Delayed,4558.23,5,0,Clear,0.44,3,2,Traffic Jam,3.95,0.819,0.136,0.42,0.9287,1,88.9
SHP102834,Shanghai,Chicago,XPO Logistics,Air,2023-08-26,2023-08-31,5,9,Delayed,1888.77,2,0,Storm,7.88,1,4,None,0.07,0.811,0.067,0.42,0.9522,1,33.4
SHP102835,Hamburg,Chicago,FedEx,Road,2024-01-31,2024-02-07,7,12,Customs Hold,2050.83,5,0,Rain,2.09,8,3,Port Strike,8.6,0.9,0.145,0.25,1.0,1,35.5
SHP102836,Rotterdam,New York,UPS,Rail,2024-10-07,2024-10-21,14,19,Delayed,3480.53,2,0,Heavy Rain,4.52,2,1,None,0.0,0.915,0.044,0.15,0.5358,1,49.1
SHP102837,Los Angeles,Chicago,DB Schenker,Rail,2023-02-22,2023-03-07,13,10,In Transit,2229.06,5,1,Heavy Rain,4.52,2,8,Natural Disaster,9.61,0.904,0.236,0.16,0.8982,1,29.9
SHP102838,Dubai,Sydney,FedEx,Road,2023-03-26,2023-04-04,9,2,At Port,3624.45,5,0,Storm,7.83,8,3,None,0.35,0.912,0.045,0.12,0.6546,1,14.2
SHP102839,Shanghai,Tokyo,DHL,Sea,2024-05-26,2024-06-25,30,22,At Port,3669.2,3,0,Snow,6.46,3,5,Traffic Jam,4.4,0.9,0.225,0.31,0.903,1,79.2
SHP102840,Dubai,Chicago,FedEx,Air,2023-05-21,2023-05-23,2,1,Customs Hold,337.91,3,0,Blizzard,8.68,1,9,Natural Disaster,9.85,0.928,0.211,0.44,1.0,1,92.1
SHP102841,Dubai,Singapore,XPO Logistics,Sea,2023-04-03,2023-04-30,27,1,Delayed,2720.77,2,0,Snow,6.01,5,10,Port Strike,9.43,0.823,0.061,0.15,0.8902,1,18.5
SHP102842,Hamburg,Chicago,DHL,Air,2023-08-19,2023-08-21,2,7,In Transit,3312.13,5,0,Heavy Rain,4.95,1,10,Port Strike,9.12,0.901,0.258,0.19,1.0,1,13.0
SHP102843,Dubai,London,FedEx,Rail,2024-08-19,2024-08-28,9,14,In Transit,3481.3,4,0,Heavy Rain,5.14,3,9,Port Strike,9.16,0.902,0.234,0.39,1.0,1,24.2
SHP102844,Shanghai,Sydney,UPS,Air,2024-02-29,2024-03-04,4,0,Out for Delivery,3728.92,5,0,Fog,3.55,1,7,Natural Disaster,10.38,0.929,0.043,0.29,0.7054,1,13.6
SHP102845,Rotterdam,London,UPS,Air,2023-06-26,2023-06-28,2,0,In Transit,2454.12,4,0,Clear,0.46,1,1,Natural Disaster,9.96,0.931,0.159,0.39,0.7834,1,40.2
SHP102846,Rotterdam,Chicago,FedEx,Rail,2024-11-10,2024-11-22,12,7,Delayed,674.45,4,1,Heavy Rain,4.52,3,2,None,0.39,0.912,0.051,0.2,0.6222,1,28.7
SHP102847,Hamburg,Singapore,DB Schenker,Road,2024-10-04,2024-10-08,4,6,Out for Delivery,4648.02,5,0,Rain,1.78,7,3,None,0.0,0.862,0.161,0.33,0.8503,1,76.6
SHP102848,Los Angeles,Singapore,UPS,Sea,2024-02-27,2024-03-28,30,26,Customs Hold,299.85,2,1,Fog,3.87,3,10,Traffic Jam,3.59,0.912,0.028,0.36,0.7347,1,19.7
SHP102849,Rotterdam,Singapore,Maersk,Rail,2023-04-29,2023-05-08,9,9,Out for Delivery,3243.54,2,0,Heavy Rain,5.15,5,8,Natural Disaster,9.57,0.865,0.166,0.38,1.0,1,77.7
SHP102850,Hamburg,Tokyo,DB Schenker,Air,2024-09-19,2024-09-22,3,5,Delayed,4633.45,5,1,Rain,1.53,1,5,Traffic Jam,4.36,0.911,0.22,0.16,0.7552,1,10.9
SHP102851,Dubai,New York,FedEx,Air,2023-01-27,2023-02-01,5,9,Customs Hold,3046.87,3,1,Heavy Rain,5.19,3,10,Equipment Failure,6.08,0.926,0.214,0.39,1.0,1,26.3
SHP102852,Dubai,Tokyo,UPS,Sea,2024-02-05,2024-03-07,31,12,Out for Delivery,4661.3,4,0,Snow,5.55,4,6,Traffic Jam,3.73,0.935,0.095,0.4,0.7766,1,40.9
SHP102853,Los Angeles,New York,XPO Logistics,Air,2023-08-20,2023-08-23,3,1,Delayed,4461.87,3,0,Storm,7.8,3,8,Equipment Failure,6.33,0.82,0.386,0.42,1.0,1,11.5
SHP102854,Shanghai,London,Maersk,Rail,2023-11-14,2023-11-28,14,2,At Port,3909.17,2,1,Fog,3.56,4,6,Natural Disaster,10.12,0.846,0.278,0.22,1.0,1,57.1
SHP102855,Los Angeles,Sydney,UPS,Air,2024-07-18,2024-07-23,5,7,In Transit,146.53,3,0,Snow,5.83,2,3,Traffic Jam,3.69,0.916,0.329,0.41,1.0,1,22.9
SHP102856,Rotterdam,Singapore,DB Schenker,Air,2023-10-16,2023-10-19,3,0,Customs Hold,309.1,1,0,Rain,2.39,2,10,Equipment Failure,5.62,0.879,0.272,0.3,0.8196,1,7.9
SHP102857,Mumbai,Sydney,XPO Logistics,Road,2024-08-03,2024-08-09,6,4,At Port,3114.73,3,0,Snow,5.61,9,3,None,0.34,0.796,0.192,0.3,0.9666,1,71.3
SHP102858,Rotterdam,Chicago,DHL,Road,2024-04-08,2024-04-13,5,4,Delayed,878.41,5,0,Snow,6.11,6,8,Equipment Failure,5.96,0.889,0.065,0.2,0.8121,1,40.2
SHP102859,Shanghai,Singapore,FedEx,Rail,2024-02-07,2024-02-17,10,9,At Port,4353.11,1,0,Snow,5.89,4,2,Traffic Jam,4.23,0.906,0.093,0.28,0.8606,1,27.5
SHP102860,Rotterdam,London,UPS,Rail,2024-02-22,2024-03-01,8,3,Delayed,4392.13,2,0,Heavy Rain,5.37,4,3,Traffic Jam,3.58,0.923,0.18,0.43,0.9389,1,58.3
SHP102861,Shanghai,Singapore,UPS,Rail,2023-10-27,2023-11-03,7,7,In Transit,2416.41,5,1,Blizzard,9.03,2,10,Equipment Failure,5.61,0.935,0.202,0.37,1.0,1,89.6
SHP102862,Shanghai,Chicago,UPS,Air,2024-05-16,2024-05-21,5,2,Out for Delivery,178.03,2,0,Snow,5.97,2,4,Port Strike,8.93,0.879,0.343,0.44,1.0,1,78.0
SHP102863,Mumbai,London,DHL,Sea,2024-10-20,2024-11-21,32,5,Customs Hold,4489.04,4,1,Storm,8.49,6,7,Port Strike,9.25,0.895,0.248,0.13,1.0,1,59.1
SHP102864,Mumbai,Chicago,Maersk,Air,2024-01-24,2024-01-29,5,6,Delayed,4992.91,1,0,Rain,2.16,3,3,Natural Disaster,9.54,0.853,0.189,0.3,1.0,1,46.7
SHP102865,Dubai,Singapore,DHL,Air,2024-03-30,2024-04-01,2,3,Out for Delivery,2156.92,2,1,Clear,0.0,3,5,Equipment Failure,6.12,0.906,0.231,0.15,0.7796,1,56.2
SHP102866,Mumbai,Chicago,UPS,Air,2023-12-23,2023-12-25,2,1,Out for Delivery,2420.46,4,0,Heavy Rain,5.32,2,9,Equipment Failure,5.61,0.924,0.121,0.26,0.7797,1,41.6
SHP102867,Rotterdam,Singapore,DHL,Rail,2023-05-29,2023-06-08,10,2,At Port,1580.74,1,0,Blizzard,9.17,3,3,None,0.0,0.855,0.331,0.25,0.8367,1,73.5
SHP102868,Hamburg,Singapore,Maersk,Air,2023-05-19,2023-05-22,3,6,In Transit,4689.14,2,0,Fog,4.11,2,8,None,0.0,0.84,0.258,0.44,1.0,1,43.9
SHP102869,Los Angeles,London,Maersk,Rail,2023-01-29,2023-02-08,10,10,Delayed,709.41,4,1,Storm,8.11,4,2,Port Strike,8.54,0.837,0.372,0.18,1.0,1,42.1
SHP102870,Los Angeles,Sydney,DB Schenker,Road,2024-10-18,2024-10-25,7,3,At Port,1518.83,5,0,Storm,7.9,6,3,None,0.11,0.874,0.347,0.35,1.0,1,24.2
SHP102871,Dubai,Tokyo,Maersk,Air,2023-03-19,2023-03-23,4,8,At Port,2150.12,2,0,Fog,4.13,3,4,None,0.46,0.887,0.264,0.34,0.9783,1,47.7
SHP102872,Shanghai,Tokyo,XPO Logistics,Road,2024-03-05,2024-03-15,10,8,Customs Hold,4070.07,4,0,Rain,2.42,8,4,Port Strike,8.88,0.868,0.282,0.4,1.0,1,70.5
SHP102873,Rotterdam,Sydney,XPO Logistics,Air,2024-04-27,2024-04-29,2,4,Customs Hold,1434.9,2,0,Rain,1.95,3,6,None,0.02,0.834,0.208,0.14,0.7475,1,47.1
SHP102874,Mumbai,Singapore,UPS,Air,2023-01-18,2023-01-23,5,4,Out for Delivery,831.32,3,0,Blizzard,8.75,2,7,Traffic Jam,4.05,0.903,0.066,0.13,0.7486,1,52.7
SHP102875,Shanghai,Tokyo,DHL,Rail,2023-03-23,2023-03-30,7,10,Out for Delivery,2099.99,2,0,Heavy Rain,4.93,4,10,Traffic Jam,3.92,0.895,0.353,0.42,1.0,1,33.2
SHP102876,Los Angeles,Singapore,XPO Logistics,Air,2024-11-04,2024-11-06,2,6,Delayed,4238.6,1,0,Blizzard,9.43,4,2,Equipment Failure,5.91,0.809,0.078,0.14,1.0,1,79.6
SHP102877,Mumbai,Chicago,Maersk,Road,2023-06-24,2023-07-04,10,15,Delayed,4476.72,2,0,Heavy Rain,4.81,9,2,None,0.04,0.865,0.235,0.38,1.0,1,28.9
SHP102878,Rotterdam,New York,DB Schenker,Rail,2023-08-26,2023-09-03,8,4,Customs Hold,1677.65,2,0,Snow,5.72,2,2,Equipment Failure,6.23,0.872,0.373,0.31,1.0,1,26.6
SHP102879,Los Angeles,London,XPO Logistics,Sea,2024-03-10,2024-04-09,30,27,Out for Delivery,2740.44,5,0,Clear,0.0,3,3,Port Strike,9.25,0.814,0.021,0.39,0.9434,1,11.5
SHP102880,Shanghai,Singapore,FedEx,Sea,2023-02-04,2023-03-06,30,23,In Transit,4587.02,3,0,Clear,0.0,6,1,Traffic Jam,3.59,0.931,0.124,0.33,0.6964,1,58.9
SHP102881,Rotterdam,Sydney,Maersk,Road,2023-01-22,2023-01-30,8,6,Delayed,2431.55,2,0,Fog,3.61,8,2,Equipment Failure,6.23,0.881,0.166,0.39,1.0,1,15.5
SHP102882,Hamburg,London,FedEx,Road,2024-02-20,2024-02-29,9,0,Out for Delivery,1646.56,4,0,Fog,3.77,8,10,Equipment Failure,6.46,0.928,0.287,0.1,0.8049,1,66.9
SHP102883,Los Angeles,Sydney,FedEx,Air,2024-06-20,2024-06-24,4,9,Out for Delivery,890.44,4,0,Storm,8.4,1,10,Port Strike,8.93,0.9,0.291,0.35,1.0,1,56.9
SHP102884,Los Angeles,Singapore,XPO Logistics,Rail,2023-04-06,2023-04-13,7,3,In Transit,4626.44,5,1,Rain,2.35,3,7,Natural Disaster,9.65,0.802,0.023,0.14,0.7967,1,7.4
SHP102885,Dubai,Singapore,Maersk,Rail,2024-01-06,2024-01-15,9,11,Out for Delivery,4173.8,3,1,Storm,8.0,4,2,None,0.35,0.861,0.287,0.15,0.9272,1,48.1
SHP102886,Los Angeles,Chicago,XPO Logistics,Air,2024-09-08,2024-09-10,2,6,At Port,1164.56,1,0,Heavy Rain,4.63,4,2,None,0.0,0.844,0.284,0.37,1.0,1,82.7
SHP102887,Shanghai,Chicago,Maersk,Air,2023-06-16,2023-06-20,4,6,Customs Hold,267.74,5,0,Rain,2.05,4,1,None,0.0,0.833,0.132,0.36,0.792,1,5.3
SHP102888,Dubai,London,DB Schenker,Rail,2023-10-18,2023-10-30,12,14,Delayed,264.74,1,0,Rain,1.7,4,2,Port Strike,8.59,0.883,0.327,0.38,1.0,1,79.5
SHP102889,Dubai,New York,UPS,Sea,2024-08-29,2024-09-23,25,15,Customs Hold,1995.2,5,0,Snow,5.9,5,3,Traffic Jam,4.12,0.895,0.363,0.17,0.9327,1,37.1
SHP102890,Rotterdam,Singapore,XPO Logistics,Sea,2023-03-07,2023-03-29,22,8,Out for Delivery,1726.64,1,0,Snow,5.85,3,4,None,0.34,0.837,0.1,0.25,0.6517,1,48.0
SHP102891,Mumbai,Chicago,Maersk,Road,2023-05-25,2023-05-30,5,2,In Transit,1392.83,2,0,Heavy Rain,5.49,7,3,Equipment Failure,5.75,0.832,0.044,0.42,1.0,1,14.2
SHP102892,Mumbai,New York,UPS,Road,2023-09-05,2023-09-12,7,12,Customs Hold,2889.13,1,1,Storm,7.6,7,7,Natural Disaster,10.25,0.927,0.356,0.39,1.0,1,9.5
SHP102893,Hamburg,Chicago,DB Schenker,Road,2023-04-06,2023-04-15,9,8,Out for Delivery,1894.43,3,1,Clear,0.0,8,8,Port Strike,8.73,0.89,0.275,0.14,0.8863,1,29.4
SHP102894,Hamburg,Sydney,XPO Logistics,Rail,2023-09-17,2023-09-30,13,6,In Transit,1324.37,3,0,Fog,3.93,3,2,Natural Disaster,9.56,0.811,0.255,0.14,0.9619,1,52.6
SHP102895,Shanghai,Tokyo,UPS,Road,2024-05-03,2024-05-11,8,6,In Transit,2351.8,1,0,Rain,1.87,7,3,Port Strike,9.0,0.91,0.362,0.41,1.0,1,13.0
SHP102896,Shanghai,Tokyo,XPO Logistics,Rail,2024-06-04,2024-06-16,12,6,Customs Hold,4486.5,1,0,Fog,4.26,2,5,Natural Disaster,9.93,0.797,0.327,0.42,1.0,1,72.4
SHP102897,Rotterdam,Chicago,DHL,Rail,2023-02-12,2023-02-20,8,5,At Port,1589.03,1,0,Snow,5.76,5,1,Natural Disaster,9.78,0.882,0.322,0.2,1.0,1,63.8
SHP102898,Dubai,London,DHL,Sea,2023-07-10,2023-08-01,22,9,Delayed,1523.45,2,1,Heavy Rain,5.13,5,10,Equipment Failure,6.38,0.867,0.104,0.41,0.9459,1,61.3
SHP102899,Rotterdam,Chicago,UPS,Sea,2023-07-24,2023-08-26,33,10,Customs Hold,4554.08,3,1,Rain,1.56,5,5,Traffic Jam,3.74,0.889,0.151,0.2,0.6057,1,11.0
SHP102900,Shanghai,Tokyo,UPS,Sea,2023-12-25,2024-01-15,21,8,At Port,618.81,1,0,Heavy Rain,4.75,5,10,Traffic Jam,4.47,0.88,0.147,0.37,0.9209,1,24.0
SHP102901,Shanghai,Chicago,DHL,Sea,2024-03-13,2024-04-14,32,22,In Transit,3180.14,5,0,Rain,2.07,4,10,None,0.0,0.922,0.031,0.39,0.6021,1,15.5
SHP102902,Shanghai,London,Maersk,Road,2023-04-08,2023-04-18,10,15,Customs Hold,286.77,1,1,Snow,5.76,8,9,Equipment Failure,6.28,0.852,0.352,0.11,1.0,1,42.8
SHP102903,Los Angeles,Chicago,XPO Logistics,Air,2024-09-29,2024-10-02,3,3,Out for Delivery,2155.01,3,0,Blizzard,9.48,4,10,Port Strike,8.93,0.836,0.153,0.2,1.0,1,68.6
SHP102904,Rotterdam,London,FedEx,Road,2024-06-20,2024-06-30,10,4,Out for Delivery,1822.57,2,0,Fog,3.91,6,10,Equipment Failure,6.4,0.902,0.083,0.4,0.9643,1,85.8
SHP102905,Shanghai,Chicago,DB Schenker,Rail,2023-05-17,2023-05-24,7,1,Delayed,652.1,2,1,Rain,2.35,4,9,Natural Disaster,9.87,0.874,0.365,0.12,0.9039,1,15.8
SHP102906,Los Angeles,Chicago,UPS,Sea,2023-12-09,2024-01-12,34,17,In Transit,4375.02,2,0,Storm,8.04,6,1,Equipment Failure,5.9,0.928,0.193,0.45,1.0,1,45.8
SHP102907,Mumbai,Sydney,DHL,Air,2023-05-06,2023-05-10,4,1,Customs Hold,4676.29,4,0,Storm,7.98,2,10,Natural Disaster,9.7,0.914,0.254,0.3,1.0,1,33.5
SHP102908,Mumbai,London,Maersk,Sea,2024-02-10,2024-03-08,27,30,At Port,1895.68,2,0,Heavy Rain,5.13,5,9,Port Strike,9.07,0.856,0.066,0.3,1.0,1,54.8
SHP102909,Rotterdam,Chicago,XPO Logistics,Air,2023-06-20,2023-06-22,2,4,At Port,3003.85,2,0,Blizzard,8.57,3,6,Port Strike,8.85,0.825,0.069,0.2,1.0,1,62.4
SHP102910,Los Angeles,Tokyo,DHL,Road,2023-02-22,2023-03-04,10,1,In Transit,4374.56,3,0,Clear,0.02,6,2,Port Strike,9.46,0.878,0.115,0.25,0.7724,1,48.4
SHP102911,Hamburg,New York,DHL,Sea,2024-06-21,2024-07-23,32,24,At Port,3661.6,4,0,Blizzard,9.12,4,2,Traffic Jam,3.64,0.913,0.228,0.18,0.8768,1,5.8
SHP102912,Shanghai,Singapore,DB Schenker,Road,2024-06-07,2024-06-15,8,13,Delayed,1264.83,4,1,Clear,0.0,8,1,Equipment Failure,5.91,0.878,0.399,0.16,0.999,1,72.5
SHP102913,Rotterdam,Sydney,UPS,Rail,2024-07-15,2024-07-29,14,19,In Transit,4458.53,2,0,Clear,0.0,4,3,Natural Disaster,10.39,0.91,0.23,0.43,1.0,1,42.8
SHP102914,Hamburg,Sydney,FedEx,Road,2024-10-18,2024-10-26,8,13,At Port,2261.75,2,0,Clear,0.0,7,1,Traffic Jam,4.0,0.93,0.241,0.14,0.7763,1,49.5
SHP102915,Shanghai,Singapore,XPO Logistics,Road,2024-01-02,2024-01-05,3,4,In Transit,4543.44,3,0,Snow,6.1,6,1,Equipment Failure,6.11,0.825,0.084,0.17,0.9933,1,82.3
SHP102916,Hamburg,Chicago,XPO Logistics,Sea,2023-01-03,2023-01-22,19,24,Customs Hold,732.96,1,0,Storm,8.34,6,7,Port Strike,8.65,0.832,0.25,0.38,1.0,1,64.2
SHP102917,Mumbai,Chicago,DB Schenker,Air,2023-05-01,2023-05-06,5,8,Customs Hold,4525.42,3,0,Rain,2.18,3,2,Port Strike,9.39,0.864,0.05,0.24,0.8699,1,62.1
SHP102918,Los Angeles,London,FedEx,Air,2024-04-15,2024-04-20,5,8,Out for Delivery,3307.82,2,0,Clear,0.19,2,5,Port Strike,8.72,0.931,0.376,0.19,0.9008,1,59.7
SHP102919,Shanghai,Singapore,Maersk,Rail,2023-07-01,2023-07-15,14,13,At Port,1093.27,4,0,Clear,0.0,2,2,Natural Disaster,9.65,0.836,0.282,0.27,1.0,1,11.0
SHP102920,Hamburg,New York,UPS,Sea,2024-10-28,2024-11-18,21,1,In Transit,3782.72,3,0,Clear,0.0,5,10,Natural Disaster,9.69,0.91,0.029,0.43,0.8057,1,61.9
SHP102921,Los Angeles,Tokyo,FedEx,Rail,2024-02-22,2024-02-29,7,9,In Transit,4873.96,4,1,Fog,4.17,3,4,Traffic Jam,3.68,0.939,0.105,0.25,0.7861,1,64.1
SHP102922,Rotterdam,Chicago,DB Schenker,Road,2023-05-31,2023-06-10,10,3,Customs Hold,1320.84,2,0,Blizzard,9.0,6,6,Traffic Jam,3.62,0.881,0.162,0.2,0.935,1,78.1
SHP102923,Rotterdam,Sydney,FedEx,Sea,2024-02-18,2024-03-24,35,4,In Transit,3449.07,4,0,Blizzard,9.39,3,1,None,0.0,0.978,0.039,0.33,0.7083,1,49.3
SHP102924,Hamburg,Singapore,DB Schenker,Rail,2024-08-31,2024-09-10,10,9,Delayed,1177.37,5,0,Heavy Rain,4.94,3,5,Natural Disaster,10.48,0.858,0.284,0.35,1.0,1,45.8
SHP102925,Rotterdam,New York,DB Schenker,Road,2023-03-27,2023-03-31,4,5,Delayed,1932.27,5,0,Heavy Rain,5.19,8,7,Natural Disaster,9.65,0.849,0.119,0.18,1.0,1,78.9
SHP102926,Dubai,New York,UPS,Rail,2023-07-21,2023-08-01,11,6,In Transit,351.88,2,0,Fog,3.66,4,6,Equipment Failure,5.75,0.921,0.062,0.28,0.7504,1,40.9
SHP102927,Shanghai,New York,XPO Logistics,Rail,2024-10-02,2024-10-10,8,5,Customs Hold,516.19,2,1,Snow,6.45,5,1,Port Strike,9.38,0.82,0.109,0.35,1.0,1,57.2
SHP102928,Hamburg,Chicago,FedEx,Road,2024-04-13,2024-04-19,6,9,At Port,4394.06,5,1,Heavy Rain,5.18,8,10,None,0.2,0.966,0.125,0.32,0.8287,1,57.7
SHP102929,Los Angeles,Singapore,DB Schenker,Rail,2023-10-21,2023-10-28,7,9,In Transit,3601.62,1,0,Clear,0.0,5,1,Traffic Jam,4.15,0.901,0.328,0.26,0.8525,1,37.0
SHP102930,Rotterdam,Chicago,XPO Logistics,Air,2023-10-07,2023-10-10,3,2,At Port,3647.87,3,0,Fog,3.99,4,5,Natural Disaster,9.66,0.854,0.318,0.2,1.0,1,39.3
SHP102931,Dubai,New York,DB Schenker,Air,2023-02-27,2023-03-04,5,2,Customs Hold,4127.13,1,1,Snow,6.15,2,8,Natural Disaster,9.76,0.919,0.358,0.27,1.0,1,48.4
SHP102932,Los Angeles,New York,Maersk,Air,2024-08-28,2024-08-31,3,5,Delayed,554.88,1,0,Rain,2.19,4,9,Port Strike,9.43,0.841,0.175,0.43,1.0,1,9.3
SHP102933,Los Angeles,Sydney,UPS,Road,2024-11-11,2024-11-21,10,6,Out for Delivery,3588.72,5,0,Rain,2.03,7,6,None,0.0,0.891,0.024,0.41,0.6854,1,25.8
SHP102934,Dubai,London,UPS,Sea,2023-09-14,2023-10-09,25,18,Customs Hold,2156.16,5,0,Fog,3.56,6,2,Traffic Jam,4.03,0.943,0.049,0.17,0.6329,1,34.8
SHP102935,Rotterdam,Singapore,XPO Logistics,Road,2024-10-04,2024-10-08,4,8,Out for Delivery,3915.47,4,0,Rain,2.26,8,9,Traffic Jam,4.37,0.822,0.23,0.36,1.0,1,84.2
SHP102936,Dubai,New York,DB Schenker,Sea,2023-08-13,2023-09-07,25,3,In Transit,3802.01,5,0,Fog,4.12,4,6,Natural Disaster,9.75,0.854,0.124,0.17,0.839,1,76.3
SHP102937,Rotterdam,Singapore,DB Schenker,Sea,2024-04-01,2024-04-25,24,23,Customs Hold,3453.95,5,0,Rain,2.4,4,9,Port Strike,9.33,0.852,0.243,0.31,1.0,1,31.5
SHP102938,Rotterdam,Chicago,FedEx,Road,2023-12-25,2024-01-04,10,12,At Port,191.26,4,1,Heavy Rain,5.38,9,5,None,0.0,0.908,0.111,0.2,0.8449,1,9.6
SHP102939,Hamburg,Chicago,XPO Logistics,Air,2024-09-16,2024-09-18,2,7,Out for Delivery,3899.1,3,0,Snow,6.16,4,1,Equipment Failure,6.07,0.818,0.111,0.37,1.0,1,16.2
SHP102940,Shanghai,London,Maersk,Rail,2023-04-22,2023-04-29,7,12,In Transit,3717.82,4,0,Heavy Rain,5.35,5,3,Equipment Failure,5.52,0.837,0.04,0.18,0.9692,1,88.8
SHP102941,Hamburg,London,UPS,Road,2023-03-15,2023-03-20,5,2,Delayed,4325.95,4,1,Fog,4.2,9,7,Traffic Jam,4.41,0.923,0.046,0.1,0.6612,1,4.8
SHP102942,Los Angeles,New York,XPO Logistics,Road,2023-04-01,2023-04-09,8,10,Delayed,998.56,3,0,Rain,2.3,9,1,Traffic Jam,4.01,0.818,0.271,0.3,1.0,1,6.8
SHP102943,Hamburg,Tokyo,Maersk,Road,2023-02-12,2023-02-22,10,8,At Port,4265.57,3,0,Rain,2.37,6,8,Port Strike,9.46,0.839,0.084,0.39,1.0,1,82.1
SHP102944,Dubai,London,DB Schenker,Rail,2024-08-30,2024-09-08,9,7,Customs Hold,998.32,4,1,Heavy Rain,4.64,3,3,Equipment Failure,6.36,0.88,0.081,0.27,0.8553,1,13.7
SHP102945,Mumbai,New York,Maersk,Air,2023-07-14,2023-07-18,4,8,Customs Hold,1832.49,2,0,Blizzard,8.65,3,9,Equipment Failure,5.81,0.879,0.377,0.1,1.0,1,12.4
SHP102946,Shanghai,Singapore,DHL,Road,2023-04-04,2023-04-11,7,0,Delayed,422.0,5,0,Fog,3.99,8,8,Natural Disaster,10.38,0.877,0.085,0.18,0.9396,1,63.0
SHP102947,Los Angeles,Sydney,UPS,Road,2023-08-31,2023-09-03,3,6,In Transit,799.03,3,0,Storm,7.85,7,1,Traffic Jam,3.55,0.89,0.072,0.17,0.9374,1,44.8
SHP102948,Shanghai,Tokyo,DHL,Road,2023-03-19,2023-03-29,10,9,At Port,1615.55,4,0,Heavy Rain,4.74,6,9,None,0.03,0.877,0.36,0.4,1.0,1,85.2
SHP102949,Hamburg,London,Maersk,Road,2023-11-10,2023-11-13,3,1,Out for Delivery,570.78,4,1,Snow,5.53,9,6,Natural Disaster,9.84,0.847,0.217,0.1,0.9297,1,80.0
SHP102950,Mumbai,London,FedEx,Sea,2024-05-21,2024-06-16,26,16,Delayed,1389.01,3,0,Fog,3.64,3,8,Equipment Failure,5.85,0.897,0.056,0.14,0.6398,1,5.7
SHP102951,Dubai,New York,Maersk,Air,2024-03-13,2024-03-18,5,8,Out for Delivery,3646.54,4,0,Storm,7.52,1,10,Port Strike,9.03,0.862,0.376,0.44,1.0,1,45.9
SHP102952,Los Angeles,Chicago,UPS,Road,2024-07-07,2024-07-13,6,2,Out for Delivery,663.04,5,1,Clear,0.0,8,5,Equipment Failure,6.06,0.943,0.026,0.4,0.7965,1,6.0
SHP102953,Dubai,Tokyo,Maersk,Sea,2024-05-26,2024-06-30,35,8,In Transit,4249.8,4,0,Blizzard,8.89,5,8,Equipment Failure,6.48,0.859,0.355,0.41,1.0,1,62.6
SHP102954,Hamburg,London,DB Schenker,Air,2024-04-29,2024-05-03,4,5,Out for Delivery,944.58,1,0,Blizzard,8.74,2,5,Traffic Jam,3.94,0.877,0.151,0.1,0.7771,1,74.4
SHP102955,Mumbai,Singapore,UPS,Road,2024-05-11,2024-05-16,5,2,Customs Hold,2507.88,5,1,Rain,2.18,9,3,Equipment Failure,5.51,0.918,0.107,0.41,0.935,1,72.5
SHP102956,Dubai,London,XPO Logistics,Rail,2023-05-23,2023-05-30,7,12,In Transit,1686.55,4,0,Clear,0.38,5,8,Traffic Jam,4.41,0.839,0.283,0.37,1.0,1,27.8
SHP102957,Mumbai,London,XPO Logistics,Rail,2023-10-30,2023-11-14,15,10,Delayed,3521.09,3,0,Rain,2.16,3,1,Natural Disaster,10.01,0.821,0.273,0.4,1.0,1,41.6
SHP102958,Shanghai,Sydney,XPO Logistics,Road,2024-07-21,2024-07-30,9,9,Customs Hold,3860.58,4,0,Snow,6.07,6,3,Port Strike,8.8,0.854,0.145,0.42,1.0,1,50.6
SHP102959,Shanghai,New York,UPS,Air,2023-08-13,2023-08-18,5,1,In Transit,3351.06,1,1,Rain,1.63,4,4,Port Strike,8.74,0.947,0.23,0.35,0.9016,1,58.6
SHP102960,Rotterdam,New York,DHL,Rail,2024-03-09,2024-03-17,8,9,Out for Delivery,1432.73,3,1,Storm,7.58,4,8,None,0.0,0.896,0.162,0.44,0.9581,1,80.8
SHP102961,Hamburg,Chicago,FedEx,Rail,2024-05-10,2024-05-19,9,3,In Transit,2006.77,4,0,Storm,7.73,5,6,Traffic Jam,3.65,0.932,0.029,0.19,0.7098,1,49.2
SHP102962,Mumbai,London,Maersk,Rail,2024-06-29,2024-07-08,9,11,At Port,4708.09,3,1,Rain,1.94,4,10,None,0.0,0.822,0.168,0.18,0.6321,1,19.8
SHP102963,Hamburg,Tokyo,DHL,Road,2023-07-25,2023-08-03,9,6,At Port,1686.77,3,1,Clear,0.0,7,6,Equipment Failure,5.61,0.898,0.027,0.1,0.6699,1,4.7
SHP102964,Rotterdam,London,XPO Logistics,Rail,2024-07-18,2024-07-31,13,12,Delayed,117.05,1,0,Blizzard,9.29,3,8,Port Strike,9.2,0.825,0.303,0.21,1.0,1,47.2
SHP102965,Shanghai,Sydney,UPS,Road,2023-11-07,2023-11-12,5,1,In Transit,2868.26,4,1,Rain,1.79,7,6,Natural Disaster,9.51,0.909,0.189,0.12,0.8308,1,61.5
SHP102966,Los Angeles,Chicago,FedEx,Sea,2023-10-05,2023-11-06,32,14,Out for Delivery,4197.02,1,0,Rain,1.88,4,3,Traffic Jam,4.4,0.895,0.182,0.26,0.7745,1,73.3
SHP102967,Mumbai,Sydney,Maersk,Rail,2024-09-26,2024-10-05,9,5,Out for Delivery,4300.05,5,1,Clear,0.1,2,3,Traffic Jam,4.16,0.866,0.183,0.3,0.6668,1,44.1
SHP102968,Shanghai,Singapore,DHL,Rail,2023-01-12,2023-01-26,14,19,Customs Hold,1932.36,5,0,Heavy Rain,4.74,4,8,Equipment Failure,5.55,0.893,0.258,0.38,1.0,1,66.8
SHP102969,Mumbai,London,XPO Logistics,Air,2023-11-21,2023-11-23,2,5,Out for Delivery,4374.99,2,0,Clear,0.0,1,8,Port Strike,9.08,0.862,0.166,0.13,0.9296,1,20.2
SHP102970,Hamburg,Sydney,XPO Logistics,Road,2023-04-29,2023-05-06,7,12,Delayed,1322.98,2,1,Storm,7.51,6,2,None,0.0,0.845,0.342,0.13,1.0,1,44.1
SHP102971,Mumbai,Sydney,DB Schenker,Rail,2024-02-03,2024-02-13,10,7,In Transit,126.14,4,0,Fog,3.7,2,8,Equipment Failure,6.32,0.848,0.334,0.3,0.9976,1,13.7
SHP102972,Mumbai,Sydney,Maersk,Sea,2024-08-14,2024-09-09,26,19,Out for Delivery,3768.12,4,0,Rain,2.26,6,3,Port Strike,9.07,0.869,0.23,0.3,1.0,1,61.3
SHP102973,Dubai,London,UPS,Sea,2023-01-01,2023-01-30,29,25,Out for Delivery,3937.53,2,0,Clear,0.0,6,2,Port Strike,9.05,0.878,0.036,0.22,0.8042,1,76.1
SHP102974,Mumbai,New York,DHL,Road,2023-07-20,2023-07-23,3,0,In Transit,110.03,5,0,Clear,0.0,8,8,Natural Disaster,10.17,0.883,0.072,0.36,0.9139,1,39.1
SHP102975,Shanghai,Chicago,DB Schenker,Rail,2024-11-06,2024-11-15,9,13,Customs Hold,2896.83,4,0,Blizzard,9.31,4,6,Equipment Failure,5.78,0.835,0.256,0.19,1.0,1,21.1
SHP102976,Dubai,New York,DB Schenker,Sea,2024-03-01,2024-03-25,24,10,At Port,2719.74,1,0,Heavy Rain,4.61,5,4,Natural Disaster,10.4,0.848,0.231,0.13,1.0,1,47.7
SHP102977,Mumbai,Chicago,DB Schenker,Road,2024-08-05,2024-08-11,6,11,Delayed,2182.63,4,0,Fog,3.86,6,10,Natural Disaster,10.02,0.839,0.301,0.36,1.0,1,16.7
SHP102978,Mumbai,London,XPO Logistics,Road,2024-01-23,2024-01-26,3,0,At Port,618.78,3,0,Storm,7.59,8,7,Equipment Failure,5.64,0.825,0.303,0.38,1.0,1,20.1
SHP102979,Shanghai,Tokyo,DB Schenker,Sea,2024-10-13,2024-11-17,35,14,Out for Delivery,1982.54,4,0,Fog,3.67,6,3,Traffic Jam,4.42,0.859,0.368,0.19,0.9495,1,43.0
SHP102980,Dubai,Sydney,FedEx,Rail,2024-09-25,2024-10-08,13,3,Customs Hold,3240.44,4,0,Heavy Rain,5.04,2,1,None,0.0,0.961,0.186,0.31,0.6505,1,46.3
SHP102981,Hamburg,London,XPO Logistics,Sea,2024-02-14,2024-03-11,26,30,Delayed,1972.08,1,0,Storm,8.27,3,3,Port Strike,8.64,0.832,0.196,0.1,1.0,1,50.0
SHP102982,Dubai,Singapore,XPO Logistics,Air,2024-07-14,2024-07-17,3,4,At Port,1917.05,2,1,Fog,4.21,4,4,Port Strike,8.79,0.833,0.242,0.15,1.0,1,18.5
SHP102983,Hamburg,Chicago,XPO Logistics,Rail,2024-08-28,2024-09-06,9,10,Delayed,4120.87,2,1,Blizzard,9.0,2,1,Port Strike,9.03,0.82,0.399,0.16,1.0,1,11.0
SHP102984,Dubai,Singapore,Maersk,Air,2023-03-15,2023-03-19,4,3,At Port,4649.5,5,0,Blizzard,9.09,2,5,Port Strike,9.05,0.841,0.118,0.15,0.9924,1,79.2
SHP102985,Dubai,Singapore,UPS,Sea,2024-11-28,2025-01-02,35,22,Customs Hold,4087.62,4,0,Blizzard,9.39,6,4,Equipment Failure,5.72,0.945,0.071,0.15,0.8157,1,47.4
SHP102986,Hamburg,New York,DHL,Road,2023-08-21,2023-08-29,8,3,Delayed,65.76,5,0,Heavy Rain,4.72,7,1,Traffic Jam,4.31,0.874,0.181,0.34,0.9309,1,89.3
SHP102987,Shanghai,Chicago,UPS,Sea,2024-09-07,2024-10-02,25,12,Delayed,1908.62,1,0,Heavy Rain,5.28,3,9,Traffic Jam,4.38,0.867,0.128,0.33,0.8819,1,35.8
SHP102988,Mumbai,New York,DHL,Air,2024-04-28,2024-05-01,3,3,Delayed,2088.7,5,1,Blizzard,8.93,4,4,Traffic Jam,3.98,0.888,0.353,0.27,1.0,1,69.7
SHP102989,Mumbai,London,XPO Logistics,Road,2023-01-17,2023-01-26,9,2,Customs Hold,669.35,3,0,Clear,0.0,9,4,Equipment Failure,6.27,0.859,0.302,0.3,0.9158,1,32.6
SHP102990,Mumbai,Chicago,FedEx,Rail,2024-02-10,2024-02-22,12,5,Customs Hold,592.75,4,0,Heavy Rain,5.26,2,4,Port Strike,9.15,0.886,0.373,0.23,0.9482,1,81.8
SHP102991,Dubai,Sydney,XPO Logistics,Air,2023-01-24,2023-01-26,2,7,Out for Delivery,1806.69,1,0,Clear,0.0,4,3,None,0.4,0.838,0.153,0.14,0.8673,1,77.2
SHP102992,Dubai,Tokyo,UPS,Air,2023-06-11,2023-06-14,3,4,Out for Delivery,4452.78,5,1,Blizzard,8.65,3,6,Natural Disaster,9.6,0.928,0.346,0.29,1.0,1,73.9
SHP102993,Mumbai,Tokyo,FedEx,Road,2024-01-23,2024-02-01,9,12,Delayed,525.99,3,1,Snow,6.16,8,10,Traffic Jam,4.46,0.928,0.204,0.33,1.0,1,17.4
SHP102994,Hamburg,Singapore,XPO Logistics,Road,2023-05-21,2023-05-26,5,1,Customs Hold,3877.15,2,0,Fog,4.37,6,1,Equipment Failure,5.65,0.806,0.077,0.33,1.0,1,32.1
SHP102995,Dubai,Sydney,DB Schenker,Air,2023-06-27,2023-07-01,4,7,At Port,589.41,2,0,Storm,8.45,3,2,Equipment Failure,6.25,0.855,0.047,0.33,1.0,1,90.6
SHP102996,Mumbai,Chicago,DB Schenker,Air,2024-02-06,2024-02-11,5,2,Delayed,4863.89,3,1,Snow,6.42,2,5,Port Strike,9.03,0.878,0.328,0.42,1.0,1,12.2
SHP102997,Mumbai,Chicago,XPO Logistics,Road,2024-04-14,2024-04-24,10,9,Out for Delivery,4274.6,3,0,Fog,4.2,6,5,Traffic Jam,3.69,0.819,0.399,0.23,1.0,1,12.7
SHP102998,Hamburg,London,FedEx,Air,2023-02-10,2023-02-14,4,1,Delayed,2104.91,1,0,Blizzard,8.99,4,6,Natural Disaster,10.44,0.927,0.215,0.1,0.9196,1,87.9
SHP102999,Shanghai,Singapore,Maersk,Road,2024-07-18,2024-07-26,8,11,In Transit,3105.51,5,0,Clear,0.0,9,3,Traffic Jam,3.64,0.858,0.119,0.37,0.9125,1,14.5
SHP103000,Mumbai,Sydney,UPS,Rail,2024-06-21,2024-07-03,12,15,Customs Hold,1278.58,2,0,Snow,6.12,3,4,Traffic Jam,4.0,0.902,0.241,0.3,1.0,1,76.1
SHP103001,Hamburg,Chicago,DB Schenker,Air,2024-02-11,2024-02-15,4,6,At Port,2596.0,4,1,Storm,8.17,2,8,None,0.13,0.838,0.089,0.36,0.9073,1,16.6
SHP103002,Mumbai,Singapore,DB Schenker,Rail,2023-07-14,2023-07-27,13,6,Out for Delivery,1426.11,5,0,Blizzard,9.46,2,3,None,0.0,0.844,0.025,0.18,0.6959,1,62.7
SHP103003,Mumbai,Singapore,DHL,Rail,2023-11-27,2023-12-09,12,2,Customs Hold,2830.68,5,1,Heavy Rain,5.09,3,4,Traffic Jam,4.22,0.903,0.171,0.34,0.8331,1,79.8
SHP103004,Shanghai,Tokyo,UPS,Rail,2024-08-10,2024-08-21,11,8,In Transit,4089.32,4,0,Heavy Rain,5.2,5,8,Equipment Failure,5.54,0.901,0.253,0.13,0.866,1,76.8
SHP103005,Los Angeles,New York,DHL,Rail,2023-11-30,2023-12-10,10,5,Out for Delivery,596.46,2,1,Blizzard,9.09,5,8,None,0.16,0.905,0.144,0.17,0.7515,1,23.4
SHP103006,Dubai,London,DHL,Rail,2024-09-24,2024-10-04,10,8,In Transit,254.58,4,1,Blizzard,8.95,2,5,Natural Disaster,9.51,0.883,0.139,0.28,1.0,1,89.4
SHP103007,Rotterdam,Chicago,Maersk,Sea,2024-07-30,2024-08-21,22,23,In Transit,2216.72,2,0,Snow,6.42,5,9,Port Strike,9.08,0.837,0.175,0.2,1.0,1,73.2
SHP103008,Rotterdam,Chicago,DHL,Rail,2024-08-04,2024-08-13,9,5,Customs Hold,4319.84,4,0,Clear,0.0,4,2,None,0.35,0.906,0.221,0.2,0.5414,1,48.6
SHP103009,Los Angeles,London,DHL,Air,2023-08-12,2023-08-14,2,2,Customs Hold,693.27,3,0,Storm,8.48,3,3,Natural Disaster,10.04,0.879,0.232,0.17,1.0,1,51.1
SHP103010,Shanghai,Tokyo,FedEx,Rail,2023-12-06,2023-12-14,8,6,Out for Delivery,3508.94,2,0,Blizzard,8.87,4,6,None,0.06,0.936,0.365,0.29,0.8776,1,43.4
SHP103011,Dubai,Singapore,DHL,Sea,2023-12-20,2024-01-24,35,8,At Port,4679.47,2,0,Snow,6.14,6,3,Traffic Jam,4.49,0.903,0.033,0.15,0.6375,1,36.3
SHP103012,Shanghai,London,DHL,Road,2024-04-13,2024-04-19,6,7,At Port,3167.99,4,0,Snow,6.01,8,7,Natural Disaster,10.08,0.893,0.276,0.22,1.0,1,24.9
SHP103013,Dubai,London,DHL,Air,2024-05-26,2024-05-31,5,10,In Transit,827.59,5,1,Fog,3.75,2,3,Natural Disaster,9.88,0.851,0.217,0.22,1.0,1,6.8
SHP103014,Mumbai,Singapore,XPO Logistics,Rail,2023-08-30,2023-09-08,9,9,Delayed,3600.79,1,0,Storm,7.56,5,2,Natural Disaster,9.64,0.834,0.184,0.11,1.0,1,84.3
SHP103015,Hamburg,Sydney,XPO Logistics,Sea,2023-03-31,2023-04-27,27,8,Customs Hold,946.8,4,0,Snow,6.35,3,7,None,0.14,0.859,0.224,0.36,0.8725,1,62.5
SHP103016,Dubai,Singapore,DB Schenker,Road,2024-11-20,2024-11-24,4,5,At Port,3336.11,1,0,Rain,1.56,7,3,Natural Disaster,10.15,0.854,0.055,0.15,0.8211,1,47.0
SHP103017,Mumbai,New York,DHL,Road,2023-04-25,2023-05-03,8,12,At Port,517.48,1,0,Rain,2.02,9,9,None,0.0,0.895,0.355,0.21,0.9554,1,53.3
SHP103018,Los Angeles,Sydney,DHL,Sea,2023-10-23,2023-11-21,29,0,Out for Delivery,482.74,2,1,Blizzard,8.6,5,6,Traffic Jam,3.51,0.873,0.249,0.19,0.8918,1,20.0
SHP103019,Rotterdam,Sydney,DHL,Sea,2024-11-24,2024-12-25,31,34,At Port,3630.29,4,1,Rain,2.16,4,8,Port Strike,8.8,0.883,0.03,0.15,0.8079,1,37.3
SHP103020,Dubai,Tokyo,XPO Logistics,Air,2023-11-04,2023-11-09,5,3,In Transit,4958.44,5,1,Clear,0.0,1,1,Equipment Failure,6.4,0.819,0.366,0.15,0.8482,1,34.3
SHP103021,Dubai,London,FedEx,Road,2023-11-01,2023-11-04,3,8,Delayed,3214.35,3,0,Rain,2.13,8,5,Port Strike,8.74,0.912,0.059,0.32,1.0,1,40.2
SHP103022,Rotterdam,Sydney,XPO Logistics,Air,2023-11-19,2023-11-21,2,2,In Transit,2558.04,1,0,Snow,6.01,4,9,Natural Disaster,9.94,0.834,0.136,0.24,1.0,1,7.0
SHP103023,Dubai,New York,Maersk,Sea,2023-05-09,2023-06-03,25,2,Delayed,2286.67,3,1,Fog,4.47,5,7,Traffic Jam,4.1,0.825,0.307,0.22,0.8892,1,16.9
SHP103024,Mumbai,Chicago,FedEx,Road,2024-04-20,2024-04-26,6,0,In Transit,4393.44,1,1,Snow,5.99,8,8,Traffic Jam,4.06,0.94,0.196,0.24,0.8664,1,73.9
SHP103025,Los Angeles,New York,DB Schenker,Air,2023-09-19,2023-09-21,2,3,Out for Delivery,3812.14,2,1,Storm,7.53,2,2,None,0.1,0.871,0.214,0.31,0.8899,1,17.4
SHP103026,Shanghai,Chicago,Maersk,Rail,2024-02-01,2024-02-14,13,11,Customs Hold,1508.83,4,0,Fog,4.49,2,3,Natural Disaster,10.12,0.859,0.294,0.18,1.0,1,32.7
SHP103027,Rotterdam,London,DB Schenker,Rail,2023-12-18,2023-12-28,10,12,Out for Delivery,379.16,3,0,Blizzard,8.54,2,2,None,0.48,0.873,0.337,0.2,0.8203,1,69.7
SHP103028,Shanghai,London,DHL,Sea,2024-09-18,2024-10-13,25,9,Out for Delivery,4297.61,5,0,Snow,5.84,6,4,Equipment Failure,5.94,0.907,0.399,0.33,1.0,1,54.3
SHP103029,Rotterdam,London,Maersk,Road,2024-06-17,2024-06-27,10,9,At Port,1275.0,2,1,Blizzard,8.69,7,10,Traffic Jam,4.38,0.868,0.04,0.26,0.9354,1,44.6
SHP103030,Rotterdam,Tokyo,Maersk,Rail,2023-05-03,2023-05-11,8,13,Customs Hold,248.04,4,1,Rain,1.96,2,2,Natural Disaster,9.55,0.79,0.326,0.25,1.0,1,41.6
SHP103031,Hamburg,Tokyo,DHL,Road,2024-03-14,2024-03-20,6,4,Customs Hold,3959.39,2,1,Fog,4.14,9,6,None,0.0,0.883,0.349,0.15,0.8508,1,53.3
SHP103032,Rotterdam,Singapore,XPO Logistics,Sea,2024-06-14,2024-07-07,23,19,In Transit,128.27,4,0,Clear,0.0,6,7,Traffic Jam,4.47,0.866,0.142,0.29,0.8019,1,33.8
SHP103033,Los Angeles,Chicago,Maersk,Road,2023-01-30,2023-02-07,8,8,In Transit,3292.33,4,0,Clear,0.18,6,8,Traffic Jam,4.15,0.881,0.155,0.25,0.8235,1,52.3
SHP103034,Hamburg,Sydney,FedEx,Air,2023-08-07,2023-08-09,2,3,At Port,3626.93,5,1,Blizzard,9.45,2,10,Traffic Jam,4.2,0.909,0.063,0.25,0.8917,1,58.5
SHP103035,Mumbai,London,FedEx,Air,2024-11-07,2024-11-09,2,6,Delayed,3064.42,1,0,Rain,2.33,2,1,None,0.0,0.915,0.199,0.14,0.7289,1,37.7
SHP103036,Shanghai,Sydney,FedEx,Sea,2023-12-02,2023-12-20,18,14,In Transit,1124.8,2,0,Clear,0.41,3,5,Traffic Jam,4.43,0.945,0.244,0.33,0.7299,1,27.1
SHP103037,Los Angeles,London,XPO Logistics,Sea,2023-08-04,2023-08-24,20,6,Out for Delivery,675.84,2,1,Fog,4.02,4,2,Port Strike,8.52,0.833,0.172,0.19,0.8835,1,76.4
SHP103038,Dubai,Chicago,FedEx,Road,2023-11-02,2023-11-05,3,1,Delayed,2638.53,4,0,Snow,6.24,6,7,Traffic Jam,4.34,0.924,0.205,0.38,0.9559,1,23.5
SHP103039,Hamburg,Tokyo,XPO Logistics,Sea,2024-06-08,2024-07-03,25,24,Customs Hold,1958.78,2,1,Heavy Rain,5.26,3,2,Natural Disaster,10.24,0.837,0.172,0.17,1.0,1,69.5
SHP103040,Los Angeles,New York,Maersk,Air,2023-09-07,2023-09-11,4,3,Out for Delivery,4061.9,4,0,Clear,0.27,3,4,Port Strike,8.85,0.86,0.369,0.44,1.0,1,37.6
SHP103041,Hamburg,New York,DHL,Road,2023-01-04,2023-01-10,6,2,Customs Hold,1512.48,5,0,Blizzard,8.63,9,3,Natural Disaster,10.02,0.867,0.03,0.15,1.0,1,7.5
SHP103042,Dubai,Sydney,UPS,Air,2024-08-05,2024-08-08,3,5,In Transit,3296.83,5,1,Clear,0.06,3,10,Port Strike,8.77,0.876,0.301,0.32,1.0,1,11.8
SHP103043,Shanghai,London,DHL,Sea,2023-06-27,2023-07-18,21,9,At Port,1446.95,1,0,Heavy Rain,4.59,4,1,Traffic Jam,3.73,0.889,0.034,0.41,0.7957,1,49.3
SHP103044,Mumbai,New York,DHL,Air,2024-11-29,2024-12-01,2,0,Customs Hold,1059.89,5,1,Fog,3.86,1,7,Port Strike,9.19,0.907,0.144,0.11,0.7199,1,4.8
SHP103045,Dubai,London,DHL,Air,2024-05-06,2024-05-10,4,3,Out for Delivery,4941.57,5,1,Rain,1.85,4,1,Equipment Failure,5.99,0.904,0.11,0.15,0.6714,1,27.1
SHP103046,Hamburg,Singapore,DHL,Road,2024-09-13,2024-09-23,10,2,Customs Hold,313.55,3,0,Storm,7.77,6,10,Port Strike,9.0,0.893,0.315,0.18,1.0,1,28.3
SHP103047,Los Angeles,New York,FedEx,Sea,2024-04-27,2024-05-20,23,22,At Port,3960.58,1,0,Fog,3.96,5,5,Equipment Failure,6.25,0.926,0.224,0.41,0.9582,1,41.2
SHP103048,Hamburg,Chicago,FedEx,Sea,2023-06-02,2023-06-24,22,26,At Port,1308.75,4,1,Blizzard,8.77,5,10,Traffic Jam,4.36,0.918,0.16,0.35,1.0,1,80.5
SHP103049,Hamburg,London,FedEx,Rail,2024-01-11,2024-01-20,9,12,In Transit,4527.03,1,0,Rain,2.12,2,9,Equipment Failure,6.3,0.924,0.176,0.1,0.7572,1,20.0
SHP103050,Dubai,Sydney,DHL,Rail,2023-10-22,2023-11-03,12,11,Customs Hold,4879.63,1,0,Rain,1.99,5,6,Traffic Jam,4.31,0.874,0.107,0.14,0.7096,1,33.7
SHP103051,Dubai,Chicago,UPS,Rail,2024-04-23,2024-05-04,11,12,At Port,2111.48,1,1,Snow,5.73,2,8,Port Strike,9.0,0.922,0.379,0.25,1.0,1,33.7
SHP103052,Rotterdam,Singapore,FedEx,Sea,2024-10-13,2024-11-01,19,24,Delayed,1984.83,5,0,Clear,0.44,3,6,Port Strike,8.64,0.924,0.094,0.41,0.9185,1,10.6
SHP103053,Rotterdam,Chicago,FedEx,Road,2024-10-12,2024-10-20,8,1,At Port,3829.69,4,0,Heavy Rain,5.5,7,1,Equipment Failure,6.1,0.916,0.397,0.2,0.9358,1,26.6
SHP103054,Rotterdam,London,XPO Logistics,Air,2024-10-01,2024-10-05,4,6,Delayed,1453.97,5,1,Snow,5.64,4,6,Port Strike,8.93,0.808,0.193,0.27,1.0,1,26.2
SHP103055,Rotterdam,Sydney,XPO Logistics,Road,2023-04-23,2023-05-03,10,9,Out for Delivery,1308.95,4,1,Fog,4.03,9,9,Natural Disaster,9.93,0.821,0.103,0.11,0.9299,1,18.4
SHP103056,Mumbai,Sydney,XPO Logistics,Sea,2024-06-15,2024-07-10,25,10,Customs Hold,773.62,5,0,Blizzard,8.72,5,3,Natural Disaster,10.19,0.861,0.071,0.3,1.0,1,49.3
SHP103057,Dubai,Chicago,UPS,Rail,2023-04-02,2023-04-14,12,3,Customs Hold,741.38,5,0,Snow,6.32,4,6,Traffic Jam,3.58,0.908,0.084,0.33,0.7587,1,69.9
SHP103058,Los Angeles,Singapore,XPO Logistics,Air,2023-08-12,2023-08-15,3,8,Out for Delivery,1799.43,1,0,Rain,2.17,2,5,Traffic Jam,3.85,0.848,0.043,0.44,1.0,1,73.7
SHP103059,Rotterdam,Singapore,DHL,Sea,2023-06-05,2023-07-04,29,3,Out for Delivery,1978.6,2,0,Fog,4.15,3,3,Traffic Jam,4.33,0.871,0.171,0.2,0.7338,1,36.9
SHP103060,Dubai,New York,DHL,Sea,2023-08-21,2023-09-10,20,18,Out for Delivery,1439.49,2,1,Rain,1.65,3,6,Port Strike,8.61,0.945,0.043,0.44,0.8529,1,6.1
SHP103061,Shanghai,New York,DHL,Rail,2023-02-08,2023-02-22,14,1,In Transit,4143.23,5,0,Storm,7.7,2,10,Port Strike,8.62,0.874,0.308,0.35,1.0,1,48.5
SHP103062,Rotterdam,Sydney,XPO Logistics,Sea,2023-04-03,2023-05-04,31,35,Out for Delivery,2874.55,4,0,Snow,6.49,6,6,Natural Disaster,9.84,0.811,0.027,0.32,1.0,1,74.9
SHP103063,Mumbai,London,DB Schenker,Road,2023-11-13,2023-11-17,4,7,Customs Hold,4858.65,2,0,Storm,7.57,7,5,Natural Disaster,9.91,0.906,0.153,0.42,1.0,1,27.9
SHP103064,Shanghai,New York,XPO Logistics,Sea,2024-03-23,2024-04-20,28,33,Delayed,1195.67,1,0,Snow,6.3,3,2,None,0.08,0.833,0.251,0.35,0.9423,1,24.8
SHP103065,Mumbai,Chicago,DB Schenker,Air,2023-12-09,2023-12-11,2,7,Delayed,2200.84,4,0,Clear,0.0,1,6,Equipment Failure,6.26,0.89,0.287,0.31,1.0,1,32.2
SHP103066,Shanghai,Sydney,DB Schenker,Sea,2023-12-19,2024-01-10,22,11,Delayed,4922.87,2,0,Clear,0.32,5,2,None,0.0,0.886,0.133,0.14,0.4843,0,0.0
SHP103067,Los Angeles,Chicago,XPO Logistics,Sea,2023-12-18,2024-01-17,30,13,Customs Hold,224.51,5,0,Blizzard,9.49,6,9,Traffic Jam,4.0,0.831,0.255,0.37,1.0,1,54.1
SHP103068,Shanghai,New York,FedEx,Rail,2023-11-19,2023-12-02,13,3,Customs Hold,4971.52,2,0,Clear,0.01,5,8,None,0.16,0.919,0.247,0.35,0.7128,1,40.0
SHP103069,Shanghai,New York,DB Schenker,Sea,2023-04-21,2023-05-17,26,24,In Transit,4584.83,4,0,Clear,0.07,5,4,Equipment Failure,5.69,0.831,0.218,0.35,0.9392,1,82.1
SHP103070,Rotterdam,New York,XPO Logistics,Rail,2024-03-13,2024-03-28,15,4,In Transit,2291.96,2,0,Clear,0.18,3,6,Equipment Failure,6.21,0.86,0.089,0.29,0.6857,1,46.0
SHP103071,Hamburg,Sydney,XPO Logistics,Air,2024-10-15,2024-10-19,4,8,Out for Delivery,4712.92,4,1,Fog,4.12,3,7,Port Strike,9.33,0.824,0.188,0.4,1.0,1,55.2
SHP103072,Rotterdam,Sydney,FedEx,Sea,2024-05-29,2024-07-01,33,2,In Transit,1550.76,4,0,Fog,3.63,5,6,Traffic Jam,4.06,0.904,0.398,0.25,0.8909,1,37.5
SHP103073,Dubai,New York,Maersk,Air,2024-01-02,2024-01-04,2,1,At Port,351.05,2,0,Snow,6.15,3,6,Natural Disaster,10.06,0.866,0.021,0.17,0.7784,1,5.4
SHP103074,Los Angeles,Singapore,DB Schenker,Sea,2023-11-06,2023-12-11,35,21,Out for Delivery,1950.24,4,0,Snow,6.42,3,4,Port Strike,8.94,0.866,0.218,0.45,1.0,1,75.7
SHP103075,Dubai,London,DHL,Road,2024-06-07,2024-06-15,8,10,Delayed,1301.69,1,0,Snow,6.17,9,7,Equipment Failure,6.09,0.895,0.308,0.37,1.0,1,35.5
SHP103076,Rotterdam,New York,UPS,Air,2024-08-10,2024-08-14,4,4,In Transit,3246.03,3,0,Fog,4.32,3,4,Port Strike,8.86,0.911,0.29,0.41,1.0,1,59.2
SHP103077,Dubai,New York,DHL,Sea,2023-12-08,2024-01-02,25,1,At Port,1681.27,2,0,Storm,8.05,5,8,Equipment Failure,6.18,0.867,0.035,0.15,0.7986,1,10.3
SHP103078,Hamburg,Singapore,XPO Logistics,Road,2023-10-21,2023-10-26,5,4,Delayed,1045.23,4,0,Clear,0.0,8,6,Traffic Jam,4.0,0.831,0.232,0.32,0.8788,1,53.2
SHP103079,Los Angeles,London,XPO Logistics,Rail,2023-12-30,2024-01-08,9,12,In Transit,1089.02,3,0,Fog,4.09,2,4,Traffic Jam,4.18,0.847,0.311,0.19,0.8531,1,77.8
SHP103080,Los Angeles,Sydney,DB Schenker,Air,2024-04-27,2024-04-29,2,3,Delayed,2340.92,2,0,Rain,2.4,1,8,None,0.39,0.85,0.09,0.13,0.5853,1,10.0
SHP103081,Los Angeles,Tokyo,DB Schenker,Rail,2024-01-01,2024-01-12,11,1,At Port,4335.45,3,0,Fog,4.46,4,3,None,0.43,0.864,0.194,0.25,0.6863,1,64.4
SHP103082,Hamburg,New York,DHL,Sea,2023-09-09,2023-10-06,27,14,In Transit,3671.49,5,0,Rain,2.28,3,8,Natural Disaster,9.6,0.899,0.126,0.38,0.9961,1,79.5
SHP103083,Mumbai,New York,DB Schenker,Sea,2024-09-27,2024-10-26,29,1,Customs Hold,2819.65,1,0,Storm,8.5,3,9,None,0.0,0.898,0.143,0.38,0.8488,1,18.3
SHP103084,Hamburg,New York,Maersk,Air,2023-01-31,2023-02-02,2,7,Out for Delivery,702.5,2,0,Rain,2.46,4,7,Traffic Jam,3.53,0.846,0.347,0.32,1.0,1,12.8
SHP103085,Mumbai,Sydney,UPS,Air,2024-07-13,2024-07-15,2,6,Delayed,2166.13,4,0,Snow,6.14,4,1,Traffic Jam,4.47,0.933,0.306,0.3,1.0,1,50.4
SHP103086,Mumbai,Tokyo,DHL,Rail,2023-09-10,2023-09-22,12,16,Customs Hold,1343.49,3,0,Fog,4.32,5,5,Equipment Failure,5.61,0.897,0.382,0.38,1.0,1,41.6
SHP103087,Mumbai,New York,DHL,Rail,2023-01-31,2023-02-10,10,3,In Transit,4285.29,1,0,Rain,2.37,5,10,Traffic Jam,3.74,0.888,0.113,0.32,0.7631,1,51.5
SHP103088,Mumbai,Tokyo,UPS,Road,2023-01-25,2023-01-28,3,2,At Port,950.94,2,0,Heavy Rain,4.83,9,10,Equipment Failure,5.66,0.908,0.043,0.12,0.7115,1,54.7
SHP103089,Shanghai,London,FedEx,Rail,2023-01-14,2023-01-26,12,5,At Port,724.49,2,1,Rain,2.07,4,3,Port Strike,8.95,0.907,0.141,0.39,0.9229,1,12.7
SHP103090,Shanghai,London,DB Schenker,Sea,2024-02-27,2024-03-16,18,21,In Transit,4104.56,4,0,Clear,0.0,4,10,Equipment Failure,6.06,0.895,0.259,0.12,0.795,1,17.7
SHP103091,Dubai,Sydney,UPS,Rail,2023-01-21,2023-02-03,13,5,Delayed,4407.07,5,1,Clear,0.0,4,2,Natural Disaster,10.35,0.927,0.172,0.15,0.7356,1,27.9
SHP103092,Rotterdam,Tokyo,FedEx,Air,2024-08-11,2024-08-13,2,7,Out for Delivery,369.49,4,0,Heavy Rain,5.11,3,7,Traffic Jam,4.11,0.883,0.219,0.12,1.0,1,84.0
SHP103093,Mumbai,New York,FedEx,Rail,2024-09-13,2024-09-21,8,8,Out for Delivery,576.37,2,1,Fog,4.41,2,6,Equipment Failure,5.93,0.959,0.197,0.23,0.7876,1,18.6
SHP103094,Rotterdam,London,XPO Logistics,Road,2023-01-30,2023-02-07,8,7,Out for Delivery,2455.89,4,0,Heavy Rain,5.08,8,10,Traffic Jam,4.12,0.788,0.257,0.38,1.0,1,90.8
SHP103095,Dubai,Singapore,FedEx,Road,2023-01-22,2023-01-27,5,1,Customs Hold,1610.58,3,0,Heavy Rain,5.49,9,2,Equipment Failure,6.3,0.938,0.025,0.15,0.7823,1,17.1
SHP103096,Hamburg,Chicago,FedEx,Road,2023-09-28,2023-10-04,6,3,Customs Hold,1218.96,1,0,Snow,6.38,6,10,None,0.0,0.907,0.184,0.34,0.8217,1,13.1
SHP103097,Los Angeles,Chicago,FedEx,Sea,2023-09-11,2023-10-11,30,30,Customs Hold,4310.61,4,1,Rain,2.18,4,7,None,0.0,0.94,0.275,0.13,0.6298,1,42.5
SHP103098,Hamburg,Chicago,Maersk,Road,2023-08-28,2023-09-06,9,8,At Port,1989.61,2,0,Rain,2.29,7,5,Natural Disaster,10.31,0.855,0.309,0.28,1.0,1,6.7
SHP103099,Los Angeles,Tokyo,Maersk,Road,2024-11-09,2024-11-15,6,2,Out for Delivery,4997.14,5,1,Clear,0.2,6,2,Traffic Jam,4.38,0.83,0.023,0.25,0.6655,1,32.1
SHP103100,Shanghai,New York,DB Schenker,Sea,2024-04-12,2024-05-12,30,21,Delayed,1553.33,3,0,Storm,8.32,6,5,None,0.0,0.895,0.191,0.35,0.9041,1,73.6
SHP103101,Los Angeles,Sydney,UPS,Sea,2024-06-24,2024-07-21,27,9,Delayed,2510.34,3,0,Heavy Rain,4.62,3,6,Equipment Failure,6.46,0.941,0.254,0.37,0.877,1,30.3
SHP103102,Hamburg,Tokyo,DHL,Rail,2023-04-21,2023-04-29,8,0,Out for Delivery,1605.18,3,0,Clear,0.0,5,7,Natural Disaster,10.47,0.886,0.12,0.21,0.8601,1,10.4
SHP103103,Hamburg,Chicago,FedEx,Sea,2024-03-08,2024-03-29,21,14,At Port,1744.25,5,0,Blizzard,8.91,4,1,Port Strike,8.53,0.93,0.269,0.17,1.0,1,25.6
SHP103104,Dubai,Chicago,FedEx,Sea,2024-03-19,2024-04-17,29,22,Customs Hold,1642.11,5,0,Rain,2.43,6,2,Natural Disaster,10.43,0.917,0.08,0.34,0.9521,1,89.4
SHP103105,Dubai,London,DHL,Rail,2023-07-24,2023-08-01,8,11,Out for Delivery,2602.87,3,0,Storm,7.77,4,8,None,0.45,0.914,0.075,0.21,0.7266,1,41.1
SHP103106,Hamburg,New York,Maersk,Road,2024-03-18,2024-03-25,7,8,Customs Hold,4161.83,4,0,Fog,3.9,9,9,Natural Disaster,10.17,0.839,0.154,0.34,1.0,1,46.5
SHP103107,Dubai,Tokyo,DHL,Air,2023-05-03,2023-05-08,5,8,In Transit,3279.37,5,1,Rain,2.45,4,8,Equipment Failure,5.52,0.927,0.29,0.11,0.8477,1,22.6
SHP103108,Los Angeles,Chicago,FedEx,Road,2023-01-04,2023-01-14,10,15,Customs Hold,4594.33,1,1,Clear,0.0,7,9,Natural Disaster,9.92,0.921,0.24,0.44,1.0,1,49.1
SHP103109,Rotterdam,Sydney,XPO Logistics,Rail,2023-03-09,2023-03-22,13,8,Delayed,1706.53,3,0,Storm,8.48,4,3,Traffic Jam,4.3,0.791,0.121,0.38,1.0,1,72.0
SHP103110,Dubai,Chicago,DB Schenker,Rail,2023-08-16,2023-08-28,12,3,Out for Delivery,1715.67,1,0,Blizzard,8.68,5,4,Traffic Jam,4.46,0.878,0.377,0.25,1.0,1,34.4
SHP103111,Los Angeles,New York,XPO Logistics,Rail,2023-04-01,2023-04-16,15,3,At Port,3733.39,4,1,Rain,1.52,5,6,Port Strike,8.83,0.807,0.385,0.18,0.9961,1,88.3
SHP103112,Shanghai,New York,UPS,Road,2023-07-07,2023-07-14,7,4,Delayed,1972.0,2,1,Fog,3.68,9,2,Equipment Failure,5.52,0.918,0.072,0.35,0.9397,1,83.5
SHP103113,Hamburg,Tokyo,DB Schenker,Rail,2023-04-11,2023-04-26,15,8,In Transit,4009.05,1,0,Fog,3.97,3,8,Port Strike,8.85,0.901,0.318,0.24,0.948,1,71.2
SHP103114,Mumbai,London,Maersk,Road,2023-09-04,2023-09-07,3,1,Delayed,3889.98,4,0,Snow,6.11,7,10,Port Strike,9.11,0.872,0.375,0.25,1.0,1,21.2
SHP103115,Dubai,London,DHL,Road,2024-06-12,2024-06-21,9,12,Customs Hold,3738.02,4,0,Rain,2.16,8,2,Traffic Jam,3.95,0.84,0.242,0.24,0.949,1,32.8
SHP103116,Los Angeles,Sydney,FedEx,Sea,2024-11-18,2024-12-21,33,0,At Port,1221.59,2,0,Storm,7.64,5,4,None,0.02,0.916,0.245,0.24,0.762,1,37.3
SHP103117,Mumbai,Sydney,DB Schenker,Road,2024-08-27,2024-09-03,7,7,Customs Hold,1485.32,1,0,Fog,4.44,7,8,Traffic Jam,4.12,0.892,0.073,0.3,0.872,1,79.7
SHP103118,Dubai,Tokyo,Maersk,Road,2024-09-07,2024-09-13,6,1,In Transit,1462.48,4,0,Fog,3.84,8,2,Natural Disaster,10.39,0.796,0.081,0.15,0.9709,1,62.5
SHP103119,Dubai,New York,FedEx,Air,2023-11-30,2023-12-04,4,1,At Port,1230.8,4,0,Rain,2.15,1,5,Equipment Failure,6.19,0.915,0.239,0.44,0.7811,1,44.2
SHP103120,Dubai,Sydney,DB Schenker,Road,2024-08-30,2024-09-09,10,0,Customs Hold,3169.12,5,1,Storm,7.55,8,2,Natural Disaster,10.41,0.891,0.198,0.43,1.0,1,26.5
SHP103121,Dubai,Chicago,DB Schenker,Rail,2024-10-17,2024-10-30,13,5,Out for Delivery,832.16,5,1,Clear,0.07,4,1,Traffic Jam,3.84,0.841,0.048,0.21,0.589,1,10.1
SHP103122,Los Angeles,Chicago,UPS,Air,2024-02-29,2024-03-02,2,7,Out for Delivery,3944.38,4,1,Blizzard,8.92,1,1,Natural Disaster,10.08,0.911,0.288,0.36,1.0,1,52.4
SHP103123,Mumbai,Tokyo,UPS,Sea,2024-08-13,2024-09-07,25,28,Out for Delivery,2109.92,4,1,Blizzard,8.81,3,10,Traffic Jam,3.68,0.884,0.026,0.1,0.7288,1,28.2
SHP103124,Shanghai,Singapore,XPO Logistics,Rail,2023-12-13,2023-12-24,11,4,Out for Delivery,3184.16,2,1,Snow,6.44,2,5,Equipment Failure,5.65,0.837,0.283,0.41,1.0,1,8.1
SHP103125,Mumbai,Tokyo,DHL,Rail,2024-06-08,2024-06-18,10,2,At Port,1957.13,4,0,Blizzard,8.69,4,3,Natural Disaster,10.28,0.87,0.108,0.23,1.0,1,39.9
SHP103126,Hamburg,Chicago,DB Schenker,Road,2024-04-14,2024-04-22,8,2,At Port,4278.38,4,0,Clear,0.02,8,1,None,0.0,0.877,0.185,0.37,0.6966,1,43.4
SHP103127,Shanghai,Chicago,UPS,Road,2024-02-05,2024-02-14,9,0,Out for Delivery,904.77,4,0,Rain,2.24,7,8,None,0.47,0.903,0.172,0.22,0.5563,1,48.2
SHP103128,Hamburg,New York,Maersk,Road,2023-11-04,2023-11-14,10,3,In Transit,1596.23,1,0,Clear,0.0,8,9,Port Strike,8.99,0.863,0.278,0.1,0.8549,1,63.4
SHP103129,Los Angeles,London,FedEx,Sea,2024-05-15,2024-06-02,18,0,Out for Delivery,4474.06,4,1,Snow,6.05,5,4,Natural Disaster,10.08,0.935,0.221,0.12,0.8372,1,57.6
SHP103130,Hamburg,Tokyo,FedEx,Road,2023-02-17,2023-02-22,5,9,In Transit,593.99,4,0,Rain,2.48,6,7,None,0.0,0.911,0.331,0.28,0.9098,1,54.4
SHP103131,Rotterdam,Sydney,XPO Logistics,Air,2023-11-12,2023-11-14,2,3,Delayed,4413.3,3,1,Blizzard,9.41,1,3,Traffic Jam,3.55,0.837,0.103,0.21,1.0,1,33.6
SHP103132,Mumbai,Chicago,Maersk,Sea,2023-12-25,2024-01-14,20,1,Delayed,2794.37,1,0,Clear,0.31,6,9,Equipment Failure,6.1,0.855,0.35,0.41,1.0,1,15.0
SHP103133,Rotterdam,Sydney,Maersk,Sea,2024-03-21,2024-04-17,27,11,At Port,4155.2,1,0,Blizzard,9.39,4,2,Port Strike,8.8,0.856,0.385,0.14,1.0,1,89.9
SHP103134,Rotterdam,Singapore,FedEx,Sea,2023-08-21,2023-09-10,20,13,At Port,3036.34,3,1,Blizzard,9.49,4,3,Equipment Failure,5.82,0.936,0.276,0.18,1.0,1,73.3
SHP103135,Shanghai,New York,UPS,Air,2024-07-23,2024-07-27,4,0,Delayed,3768.11,4,1,Storm,7.57,3,10,Port Strike,9.24,0.948,0.03,0.35,0.8367,1,14.8
SHP103136,Shanghai,Chicago,DB Schenker,Air,2023-10-11,2023-10-14,3,4,Delayed,319.09,3,0,Fog,4.11,1,5,None,0.0,0.863,0.329,0.16,0.7279,1,53.5
SHP103137,Shanghai,Singapore,Maersk,Rail,2023-12-15,2023-12-27,12,12,Out for Delivery,4217.47,2,0,Snow,6.15,4,10,None,0.0,0.842,0.337,0.18,0.8667,1,50.8
SHP103138,Rotterdam,London,XPO Logistics,Sea,2024-09-16,2024-10-11,25,26,Customs Hold,473.16,5,0,Rain,1.93,5,4,Traffic Jam,3.6,0.863,0.246,0.39,0.9609,1,82.9
SHP103139,Hamburg,Sydney,XPO Logistics,Rail,2024-05-01,2024-05-11,10,12,Customs Hold,2157.77,1,0,Clear,0.0,3,5,Equipment Failure,5.86,0.822,0.393,0.33,1.0,1,87.2
SHP103140,Dubai,Singapore,XPO Logistics,Rail,2023-03-08,2023-03-22,14,10,Delayed,1292.9,3,0,Storm,7.61,3,7,Traffic Jam,3.88,0.83,0.3,0.15,0.911,1,53.6
SHP103141,Shanghai,New York,FedEx,Road,2024-07-27,2024-07-30,3,0,At Port,1918.79,3,0,Clear,0.17,7,5,Port Strike,8.7,0.911,0.123,0.35,0.8374,1,6.8
SHP103142,Dubai,New York,Maersk,Rail,2023-02-24,2023-03-09,13,13,At Port,3472.28,2,0,Heavy Rain,4.91,4,10,Equipment Failure,5.96,0.859,0.204,0.12,0.8284,1,5.9
SHP103143,Hamburg,Chicago,DB Schenker,Sea,2024-07-03,2024-07-30,27,2,Out for Delivery,1340.35,3,0,Fog,4.31,4,10,Port Strike,8.52,0.832,0.291,0.41,1.0,1,6.9
SHP103144,Shanghai,Tokyo,Maersk,Rail,2023-08-18,2023-08-29,11,9,Delayed,3979.49,5,1,Fog,4.34,2,9,None,0.08,0.87,0.336,0.39,0.9466,1,53.7
SHP103145,Rotterdam,Sydney,DB Schenker,Sea,2024-09-26,2024-10-20,24,4,Out for Delivery,3441.26,3,1,Fog,3.7,3,1,Traffic Jam,4.27,0.899,0.275,0.21,0.8038,1,47.8
SHP103146,Rotterdam,New York,UPS,Rail,2023-01-25,2023-02-05,11,9,Out for Delivery,2555.31,3,0,Fog,3.76,4,9,None,0.0,0.903,0.237,0.27,0.7341,1,50.9
SHP103147,Hamburg,New York,XPO Logistics,Sea,2024-05-21,2024-06-22,32,30,Customs Hold,3523.43,5,0,Blizzard,8.73,4,1,Equipment Failure,6.32,0.79,0.162,0.33,1.0,1,70.8
SHP103148,Los Angeles,Sydney,DHL,Sea,2023-09-06,2023-10-06,30,29,Customs Hold,1363.19,2,0,Rain,1.89,4,2,Port Strike,9.41,0.903,0.253,0.16,0.8646,1,29.4
SHP103149,Hamburg,Singapore,DB Schenker,Air,2023-10-05,2023-10-09,4,7,Delayed,3486.65,4,0,Clear,0.0,2,5,Equipment Failure,6.09,0.847,0.131,0.33,0.9086,1,27.4
SHP103150,Mumbai,London,DHL,Air,2023-09-06,2023-09-11,5,3,At Port,1209.2,3,0,Rain,1.51,2,8,None,0.0,0.901,0.13,0.44,0.6456,1,35.1
SHP103151,Shanghai,Tokyo,XPO Logistics,Rail,2023-03-27,2023-04-04,8,8,Delayed,3796.86,4,0,Blizzard,8.84,3,8,Traffic Jam,3.8,0.817,0.159,0.13,0.9245,1,48.1
SHP103152,Shanghai,Chicago,XPO Logistics,Air,2023-01-09,2023-01-12,3,5,At Port,79.66,4,1,Heavy Rain,5.09,3,6,Traffic Jam,3.95,0.833,0.024,0.17,0.8501,1,59.3
SHP103153,Los Angeles,London,FedEx,Sea,2024-08-04,2024-08-29,25,25,Customs Hold,3516.33,1,0,Blizzard,9.36,3,2,Traffic Jam,4.21,0.954,0.028,0.11,0.693,1,18.1
SHP103154,Hamburg,London,XPO Logistics,Sea,2023-08-18,2023-09-20,33,13,Customs Hold,404.42,2,1,Heavy Rain,4.83,3,2,Traffic Jam,3.89,0.843,0.288,0.1,0.7137,1,18.4
SHP103155,Rotterdam,London,UPS,Road,2023-06-21,2023-06-26,5,8,At Port,951.7,5,0,Storm,7.93,6,8,Port Strike,9.09,0.916,0.285,0.31,1.0,1,6.4
SHP103156,Shanghai,Tokyo,XPO Logistics,Air,2024-06-27,2024-06-29,2,5,Delayed,3573.22,1,0,Clear,0.0,1,3,None,0.14,0.804,0.096,0.37,0.836,1,47.0
SHP103157,Dubai,Tokyo,DHL,Road,2024-10-16,2024-10-20,4,2,Customs Hold,4757.08,1,0,Snow,6.46,6,7,Traffic Jam,3.92,0.884,0.338,0.35,1.0,1,46.2
SHP103158,Mumbai,Chicago,DB Schenker,Sea,2024-09-28,2024-10-24,26,27,Customs Hold,3609.64,5,0,Heavy Rain,5.15,6,7,Natural Disaster,9.6,0.877,0.29,0.28,1.0,1,80.9
SHP103159,Shanghai,Tokyo,UPS,Rail,2023-10-22,2023-11-06,15,5,Delayed,3954.93,4,0,Heavy Rain,5.01,3,7,Port Strike,8.86,0.915,0.332,0.15,0.8732,1,43.3
SHP103160,Rotterdam,London,Maersk,Sea,2023-04-26,2023-05-27,31,25,At Port,1375.64,2,0,Storm,7.63,6,2,Port Strike,8.91,0.839,0.341,0.18,1.0,1,32.6
SHP103161,Dubai,New York,XPO Logistics,Sea,2024-03-03,2024-04-05,33,31,Out for Delivery,217.07,2,1,Clear,0.0,6,5,Natural Disaster,9.76,0.792,0.332,0.2,1.0,1,78.1
SHP103162,Dubai,Tokyo,Maersk,Rail,2023-10-02,2023-10-11,9,2,Customs Hold,3762.65,3,0,Heavy Rain,4.82,4,1,Equipment Failure,5.7,0.837,0.212,0.19,0.8791,1,76.9
SHP103163,Shanghai,Sydney,DHL,Road,2023-06-27,2023-06-30,3,4,At Port,4237.4,2,0,Blizzard,9.0,7,3,Port Strike,8.76,0.862,0.05,0.29,1.0,1,34.8
SHP103164,Hamburg,Chicago,Maersk,Road,2024-08-06,2024-08-12,6,2,Out for Delivery,2502.8,3,0,Clear,0.36,7,7,Port Strike,9.06,0.811,0.395,0.38,1.0,1,41.0
SHP103165,Hamburg,Singapore,DB Schenker,Road,2023-05-23,2023-05-29,6,8,Out for Delivery,1001.0,4,0,Snow,6.48,6,5,None,0.0,0.863,0.031,0.31,0.8141,1,6.6
SHP103166,Mumbai,London,XPO Logistics,Air,2023-12-12,2023-12-15,3,3,At Port,4550.3,2,0,Blizzard,9.19,1,4,Equipment Failure,6.44,0.835,0.14,0.3,1.0,1,67.1
SHP103167,Dubai,London,DHL,Road,2024-06-22,2024-06-28,6,11,In Transit,24.4,5,1,Storm,7.82,8,8,Equipment Failure,5.59,0.886,0.367,0.27,1.0,1,40.0
SHP103168,Los Angeles,Chicago,UPS,Rail,2024-01-21,2024-02-02,12,3,Delayed,3996.09,2,1,Blizzard,8.55,2,7,Equipment Failure,6.22,0.93,0.18,0.14,0.8115,1,5.7
SHP103169,Dubai,Singapore,XPO Logistics,Road,2024-02-24,2024-03-03,8,10,Out for Delivery,1124.17,1,0,Heavy Rain,5.42,9,5,Traffic Jam,3.81,0.844,0.028,0.15,0.8884,1,17.8
SHP103170,Los Angeles,Chicago,FedEx,Road,2023-04-22,2023-04-30,8,10,In Transit,545.49,5,1,Clear,0.0,6,1,None,0.45,0.914,0.212,0.25,0.7205,1,49.7
SHP103171,Los Angeles,Tokyo,FedEx,Rail,2023-10-26,2023-11-08,13,11,Customs Hold,2946.24,3,0,Storm,7.99,3,5,Port Strike,9.34,0.926,0.375,0.25,1.0,1,19.4
SHP103172,Los Angeles,New York,FedEx,Air,2023-05-24,2023-05-29,5,7,Delayed,2232.31,4,0,Clear,0.24,2,4,None,0.08,0.897,0.197,0.12,0.5381,1,43.6
SHP103173,Dubai,Sydney,DB Schenker,Road,2023-07-13,2023-07-23,10,2,Customs Hold,834.85,4,0,Clear,0.0,7,9,Equipment Failure,6.11,0.841,0.106,0.15,0.7481,1,40.6
SHP103174,Dubai,Chicago,DHL,Rail,2024-10-02,2024-10-14,12,3,Out for Delivery,2859.17,5,0,Fog,4.28,5,4,Port Strike,8.52,0.897,0.048,0.15,0.811,1,39.6
SHP103175,Mumbai,Singapore,DB Schenker,Road,2024-03-30,2024-04-05,6,4,Out for Delivery,245.48,3,1,Snow,5.72,9,9,None,0.0,0.881,0.089,0.2,0.7588,1,35.7
SHP103176,Hamburg,Singapore,FedEx,Rail,2023-01-06,2023-01-16,10,15,Out for Delivery,2541.96,4,1,Storm,8.41,5,5,Traffic Jam,3.86,0.916,0.304,0.1,0.9504,1,62.9
SHP103177,Hamburg,London,Maersk,Sea,2024-01-06,2024-02-05,30,16,At Port,4395.02,3,0,Storm,7.71,3,8,Port Strike,8.78,0.862,0.051,0.1,0.8618,1,38.0
SHP103178,Mumbai,Sydney,UPS,Road,2024-02-08,2024-02-12,4,0,At Port,236.67,1,1,Fog,3.78,7,2,Equipment Failure,6.04,0.913,0.348,0.3,0.9575,1,8.6
SHP103179,Dubai,Sydney,XPO Logistics,Rail,2024-01-11,2024-01-25,14,6,In Transit,4784.83,2,0,Rain,1.98,3,4,Traffic Jam,4.49,0.826,0.224,0.36,0.9463,1,26.2
SHP103180,Rotterdam,New York,FedEx,Air,2023-07-13,2023-07-18,5,6,At Port,368.55,4,0,Storm,8.47,4,9,Traffic Jam,4.23,0.966,0.121,0.32,0.9099,1,16.2
SHP103181,Shanghai,Sydney,DHL,Road,2024-05-29,2024-06-03,5,2,At Port,1435.86,5,0,Fog,4.25,8,4,Natural Disaster,9.65,0.882,0.028,0.38,1.0,1,27.0
SHP103182,Hamburg,Tokyo,FedEx,Road,2024-02-05,2024-02-12,7,7,Delayed,350.51,4,0,Blizzard,9.26,8,1,None,0.0,0.936,0.159,0.44,1.0,1,24.7
SHP103183,Hamburg,Singapore,XPO Logistics,Road,2023-09-10,2023-09-20,10,11,In Transit,9.93,2,0,Heavy Rain,5.23,8,7,Natural Disaster,10.27,0.806,0.296,0.41,1.0,1,69.6
SHP103184,Los Angeles,Chicago,Maersk,Rail,2024-11-26,2024-12-09,13,3,Customs Hold,1812.53,3,0,Storm,7.64,5,3,None,0.42,0.835,0.203,0.21,0.8178,1,30.6
SHP103185,Rotterdam,Tokyo,FedEx,Air,2024-08-22,2024-08-24,2,0,At Port,2241.31,1,0,Rain,2.46,1,10,Equipment Failure,6.42,0.927,0.059,0.1,0.4906,0,0.0
SHP103186,Rotterdam,Tokyo,DB Schenker,Sea,2024-09-07,2024-10-08,31,30,Out for Delivery,1572.38,3,0,Clear,0.4,6,4,Port Strike,9.38,0.89,0.205,0.16,0.8058,1,44.4
SHP103187,Dubai,Chicago,XPO Logistics,Sea,2023-09-16,2023-10-13,27,18,In Transit,1024.83,3,0,Rain,1.99,4,5,Traffic Jam,4.36,0.837,0.07,0.1,0.6682,1,59.8
SHP103188,Hamburg,London,DHL,Air,2023-03-12,2023-03-15,3,2,Customs Hold,491.3,4,1,Snow,5.67,3,4,None,0.0,0.905,0.352,0.1,0.7075,1,56.1
SHP103189,Mumbai,London,DB Schenker,Rail,2023-09-11,2023-09-19,8,8,At Port,2572.98,3,0,Fog,4.13,4,1,Port Strike,9.21,0.896,0.168,0.41,1.0,1,36.2
SHP103190,Hamburg,Tokyo,Maersk,Air,2023-03-01,2023-03-03,2,0,Delayed,728.2,1,0,Fog,4.49,4,1,Equipment Failure,5.54,0.882,0.158,0.23,0.7522,1,31.8
SHP103191,Los Angeles,New York,UPS,Air,2023-09-16,2023-09-19,3,4,Delayed,3501.31,4,0,Storm,8.32,2,10,None,0.01,0.911,0.29,0.25,0.9283,1,71.4
SHP103192,Rotterdam,New York,FedEx,Air,2024-01-16,2024-01-20,4,9,Delayed,4686.64,1,0,Storm,8.28,4,7,Equipment Failure,6.34,0.915,0.243,0.25,1.0,1,93.3
SHP103193,Hamburg,Tokyo,Maersk,Rail,2024-03-08,2024-03-20,12,1,Customs Hold,4781.8,1,1,Storm,7.84,3,10,Traffic Jam,3.53,0.869,0.331,0.21,0.9037,1,48.9
SHP103194,Mumbai,New York,FedEx,Road,2024-03-17,2024-03-23,6,10,In Transit,758.72,4,0,Snow,5.63,7,5,Natural Disaster,9.8,0.915,0.176,0.27,1.0,1,9.9
SHP103195,Mumbai,Tokyo,Maersk,Rail,2024-07-14,2024-07-26,12,7,Customs Hold,1635.73,4,0,Clear,0.28,5,6,Equipment Failure,5.57,0.87,0.243,0.12,0.7225,1,34.1
SHP103196,Los Angeles,Tokyo,XPO Logistics,Air,2024-07-03,2024-07-08,5,3,Customs Hold,3061.08,4,0,Heavy Rain,4.61,1,3,Port Strike,8.88,0.838,0.021,0.25,0.8399,1,80.4
SHP103197,Shanghai,Tokyo,UPS,Air,2024-02-15,2024-02-17,2,4,At Port,1549.93,4,0,Fog,3.74,3,2,Traffic Jam,3.71,0.904,0.238,0.32,0.9663,1,18.4
SHP103198,Mumbai,Tokyo,DB Schenker,Air,2024-08-01,2024-08-03,2,5,In Transit,3348.31,4,0,Heavy Rain,4.94,2,10,Natural Disaster,9.56,0.871,0.358,0.44,1.0,1,29.5
SHP103199,Shanghai,Sydney,XPO Logistics,Sea,2023-08-11,2023-08-31,20,5,At Port,3462.45,1,0,Storm,8.3,5,3,None,0.0,0.818,0.299,0.33,1.0,1,54.4
SHP103200,Dubai,London,DB Schenker,Air,2024-04-24,2024-04-26,2,3,Out for Delivery,3541.16,3,0,Heavy Rain,5.09,3,5,Traffic Jam,4.39,0.875,0.093,0.33,0.9507,1,20.6
SHP103201,Mumbai,Chicago,XPO Logistics,Air,2024-07-15,2024-07-19,4,7,In Transit,1085.37,4,0,Heavy Rain,5.48,4,1,None,0.0,0.855,0.3,0.3,1.0,1,11.7
SHP103202,Hamburg,Tokyo,XPO Logistics,Sea,2024-08-29,2024-09-18,20,21,Out for Delivery,3814.04,5,0,Storm,7.92,6,8,Natural Disaster,9.82,0.858,0.094,0.2,1.0,1,52.8
SHP103203,Shanghai,Singapore,UPS,Air,2023-01-06,2023-01-11,5,9,Customs Hold,551.14,4,0,Blizzard,8.67,2,4,None,0.0,0.849,0.366,0.23,1.0,1,38.9
SHP103204,Rotterdam,Sydney,Maersk,Rail,2024-04-23,2024-04-30,7,10,Out for Delivery,3161.29,3,0,Rain,1.87,3,4,Port Strike,9.28,0.839,0.317,0.17,1.0,1,15.5
SHP103205,Hamburg,London,DB Schenker,Air,2023-04-30,2023-05-03,3,1,In Transit,518.01,1,0,Blizzard,9.01,2,6,None,0.37,0.857,0.348,0.1,0.7421,1,51.3
SHP103206,Rotterdam,Chicago,UPS,Air,2024-09-07,2024-09-10,3,4,Delayed,56.68,4,0,Storm,8.22,3,9,Traffic Jam,3.63,0.913,0.264,0.2,0.9167,1,72.1
SHP103207,Mumbai,Singapore,UPS,Road,2024-05-07,2024-05-12,5,4,Delayed,2244.32,1,0,Snow,6.16,9,1,None,0.0,0.888,0.066,0.24,0.7453,1,10.0
SHP103208,Mumbai,Tokyo,XPO Logistics,Rail,2023-12-23,2024-01-05,13,7,In Transit,1522.2,3,1,Snow,5.61,5,1,None,0.49,0.831,0.146,0.26,0.77,1,36.9
SHP103209,Los Angeles,Singapore,DB Schenker,Air,2023-09-07,2023-09-10,3,5,At Port,4618.26,5,0,Snow,6.16,3,5,Natural Disaster,9.62,0.895,0.363,0.13,1.0,1,40.5
SHP103210,Mumbai,Singapore,DB Schenker,Road,2024-03-13,2024-03-21,8,2,Customs Hold,1860.34,2,0,Clear,0.08,8,9,Traffic Jam,4.48,0.891,0.099,0.24,0.6548,1,13.2
SHP103211,Rotterdam,Sydney,XPO Logistics,Rail,2024-03-25,2024-04-04,10,3,In Transit,1664.41,4,0,Blizzard,9.04,4,4,Equipment Failure,6.45,0.859,0.244,0.11,0.928,1,9.1
SHP103212,Dubai,London,FedEx,Air,2024-07-23,2024-07-26,3,2,At Port,241.93,4,0,Heavy Rain,4.88,2,9,Natural Disaster,9.95,0.965,0.131,0.38,0.9426,1,69.3
SHP103213,Hamburg,Sydney,DB Schenker,Air,2024-08-25,2024-08-27,2,3,In Transit,3731.94,3,0,Blizzard,8.87,4,9,Natural Disaster,10.09,0.881,0.201,0.36,1.0,1,53.0
SHP103214,Hamburg,London,DB Schenker,Rail,2023-05-09,2023-05-16,7,6,In Transit,4089.6,1,1,Fog,3.66,5,5,Equipment Failure,6.02,0.859,0.331,0.1,0.9297,1,47.5
SHP103215,Mumbai,Chicago,FedEx,Road,2024-05-16,2024-05-25,9,11,Customs Hold,2180.76,4,1,Fog,4.4,8,2,Equipment Failure,5.62,0.929,0.158,0.2,0.9173,1,52.5
SHP103216,Mumbai,London,DB Schenker,Sea,2023-12-23,2024-01-20,28,27,Out for Delivery,1144.47,3,0,Storm,8.01,3,10,Natural Disaster,10.49,0.893,0.246,0.19,1.0,1,54.7
SHP103217,Hamburg,New York,XPO Logistics,Road,2024-11-11,2024-11-18,7,3,Customs Hold,4724.74,3,1,Clear,0.06,9,3,Traffic Jam,4.1,0.841,0.207,0.27,0.8153,1,50.7
SHP103218,Dubai,Tokyo,XPO Logistics,Rail,2023-04-14,2023-04-25,11,1,Delayed,1368.16,2,1,Snow,6.02,2,10,Natural Disaster,9.75,0.807,0.399,0.43,1.0,1,29.4
SHP103219,Dubai,Chicago,UPS,Air,2023-03-07,2023-03-11,4,0,In Transit,413.14,4,1,Heavy Rain,5.44,3,9,Traffic Jam,3.88,0.928,0.339,0.18,0.8356,1,29.1
SHP103220,Rotterdam,Sydney,DB Schenker,Sea,2024-10-05,2024-11-09,35,34,Out for Delivery,3827.82,1,0,Blizzard,9.48,6,4,None,0.02,0.868,0.031,0.11,0.7048,1,22.0
SHP103221,Shanghai,Chicago,DHL,Rail,2024-02-02,2024-02-16,14,13,In Transit,1.28,2,0,Storm,7.9,2,5,None,0.0,0.883,0.209,0.37,0.9851,1,63.3
SHP103222,Rotterdam,New York,FedEx,Air,2024-03-04,2024-03-06,2,1,In Transit,3984.75,1,0,Fog,4.29,4,10,Port Strike,9.25,0.94,0.251,0.41,1.0,1,28.1
SHP103223,Mumbai,Singapore,XPO Logistics,Rail,2023-12-24,2023-12-31,7,10,Customs Hold,77.22,2,0,Snow,6.2,4,3,Traffic Jam,4.14,0.806,0.342,0.38,1.0,1,92.3
SHP103224,Rotterdam,Singapore,UPS,Sea,2023-09-26,2023-10-24,28,23,In Transit,4207.39,4,1,Storm,8.14,4,6,Natural Disaster,9.97,0.901,0.067,0.34,1.0,1,33.5
SHP103225,Shanghai,Singapore,Maersk,Rail,2023-11-30,2023-12-14,14,2,Customs Hold,2766.08,4,0,Clear,0.07,3,6,Traffic Jam,4.23,0.82,0.208,0.25,0.7651,1,50.9
SHP103226,Dubai,Sydney,DB Schenker,Air,2024-01-10,2024-01-14,4,5,Out for Delivery,1670.85,4,0,Snow,5.78,1,4,None,0.0,0.872,0.092,0.4,0.8136,1,12.4
SHP103227,Hamburg,Chicago,XPO Logistics,Rail,2024-06-18,2024-07-02,14,1,In Transit,3759.59,3,0,Rain,1.93,4,4,None,0.0,0.834,0.084,0.39,0.7022,1,19.2
SHP103228,Shanghai,Chicago,UPS,Sea,2024-01-02,2024-01-28,26,0,In Transit,4287.1,3,1,Blizzard,9.06,4,6,Natural Disaster,10.02,0.907,0.331,0.33,1.0,1,23.0
SHP103229,Shanghai,Chicago,DHL,Rail,2023-04-27,2023-05-07,10,9,Delayed,2961.15,3,0,Rain,2.49,3,7,Traffic Jam,3.72,0.914,0.227,0.38,0.7546,1,24.5
SHP103230,Rotterdam,Chicago,XPO Logistics,Rail,2023-11-23,2023-12-08,15,17,In Transit,1603.62,5,1,Storm,8.15,4,9,Traffic Jam,3.62,0.838,0.033,0.2,0.8549,1,81.2
SHP103231,Los Angeles,London,DB Schenker,Sea,2023-06-03,2023-07-05,32,28,Delayed,2184.88,3,0,Storm,7.97,3,2,Equipment Failure,5.86,0.841,0.283,0.12,1.0,1,58.3
SHP103232,Rotterdam,London,DHL,Rail,2024-05-31,2024-06-13,13,7,Customs Hold,4216.5,3,1,Heavy Rain,4.83,4,2,Traffic Jam,4.3,0.884,0.227,0.41,0.9596,1,36.9
SHP103233,Dubai,Sydney,DHL,Rail,2024-01-11,2024-01-23,12,3,At Port,121.36,1,0,Fog,3.96,2,1,None,0.24,0.899,0.304,0.44,0.8438,1,5.2
SHP103234,Shanghai,London,UPS,Sea,2024-04-19,2024-05-23,34,8,Delayed,4567.35,4,0,Heavy Rain,5.34,6,4,None,0.2,0.907,0.396,0.41,0.9934,1,70.1
SHP103235,Shanghai,London,DB Schenker,Road,2024-07-11,2024-07-15,4,6,Out for Delivery,1048.57,1,1,Snow,6.46,7,10,Traffic Jam,3.97,0.855,0.052,0.39,1.0,1,76.2
SHP103236,Hamburg,New York,Maersk,Sea,2023-01-03,2023-02-02,30,32,At Port,4645.86,2,0,Rain,1.75,6,4,Natural Disaster,10.11,0.85,0.053,0.31,0.9813,1,8.5
SHP103237,Hamburg,Tokyo,XPO Logistics,Air,2023-10-19,2023-10-22,3,3,Delayed,684.69,3,0,Rain,2.0,4,4,Natural Disaster,10.47,0.852,0.383,0.36,1.0,1,92.9
SHP103238,Los Angeles,New York,DHL,Road,2023-01-06,2023-01-12,6,5,In Transit,863.15,5,0,Blizzard,8.95,7,7,Equipment Failure,6.11,0.927,0.356,0.23,1.0,1,44.3
SHP103239,Mumbai,Tokyo,FedEx,Road,2024-07-11,2024-07-21,10,1,Out for Delivery,4655.96,2,1,Clear,0.0,6,4,Equipment Failure,6.08,0.945,0.318,0.18,0.7634,1,61.7
SHP103240,Los Angeles,Singapore,XPO Logistics,Road,2023-05-30,2023-06-02,3,8,Out for Delivery,188.42,4,1,Clear,0.0,9,1,Port Strike,9.15,0.828,0.068,0.2,1.0,1,15.3
SHP103241,Dubai,Tokyo,XPO Logistics,Sea,2023-06-29,2023-07-20,21,23,Customs Hold,1885.92,2,0,Rain,2.37,5,2,None,0.0,0.803,0.049,0.19,0.7123,1,26.9
SHP103242,Mumbai,Tokyo,DB Schenker,Road,2023-11-09,2023-11-17,8,5,Delayed,4732.21,1,0,Storm,8.07,7,6,Natural Disaster,9.84,0.842,0.21,0.19,1.0,1,72.8
SHP103243,Shanghai,New York,UPS,Road,2024-01-18,2024-01-27,9,3,At Port,2106.61,2,0,Heavy Rain,4.8,7,4,Natural Disaster,10.26,0.91,0.233,0.35,1.0,1,57.3
SHP103244,Dubai,Singapore,XPO Logistics,Road,2024-04-12,2024-04-22,10,6,At Port,4181.2,4,0,Clear,0.0,9,10,Traffic Jam,3.59,0.831,0.04,0.15,0.6635,1,63.2
SHP103245,Hamburg,Chicago,Maersk,Rail,2024-11-05,2024-11-19,14,19,Out for Delivery,3537.86,5,0,Rain,1.66,4,4,Traffic Jam,4.06,0.873,0.083,0.28,0.7615,1,28.2
SHP103246,Dubai,Tokyo,FedEx,Air,2024-02-18,2024-02-23,5,8,At Port,3480.9,4,1,Rain,1.76,1,3,Traffic Jam,3.67,0.938,0.204,0.29,0.6678,1,4.9
SHP103247,Shanghai,New York,FedEx,Road,2023-08-30,2023-09-02,3,4,Delayed,507.1,5,0,Blizzard,9.2,7,4,Natural Disaster,10.19,0.902,0.354,0.35,1.0,1,28.5
SHP103248,Shanghai,Tokyo,Maersk,Rail,2023-10-10,2023-10-22,12,3,Delayed,938.56,3,0,Fog,3.67,5,1,Natural Disaster,9.6,0.867,0.272,0.33,1.0,1,89.6
SHP103249,Shanghai,London,DB Schenker,Rail,2023-07-15,2023-07-23,8,7,Out for Delivery,1911.14,4,0,Clear,0.16,5,2,Equipment Failure,5.98,0.875,0.188,0.14,0.7953,1,9.0
SHP103250,Shanghai,Sydney,DHL,Road,2023-09-19,2023-09-29,10,4,At Port,1958.94,1,0,Heavy Rain,4.53,7,7,Port Strike,8.82,0.858,0.152,0.27,1.0,1,82.6
SHP103251,Dubai,Tokyo,FedEx,Air,2024-11-20,2024-11-22,2,3,Out for Delivery,4070.95,2,0,Fog,3.91,4,6,None,0.24,0.907,0.317,0.24,0.8477,1,19.5
SHP103252,Mumbai,Tokyo,UPS,Sea,2024-05-08,2024-05-29,21,13,Out for Delivery,2852.45,2,0,Heavy Rain,4.8,6,9,Natural Disaster,10.12,0.911,0.148,0.3,1.0,1,46.3
SHP103253,Shanghai,Singapore,XPO Logistics,Rail,2024-10-19,2024-10-30,11,11,Delayed,3813.92,1,0,Heavy Rain,4.68,3,10,Equipment Failure,5.76,0.865,0.214,0.14,0.8482,1,42.4
SHP103254,Hamburg,Singapore,UPS,Air,2024-01-25,2024-01-29,4,2,Out for Delivery,3046.26,2,0,Blizzard,8.96,2,10,Equipment Failure,5.61,0.926,0.213,0.11,0.6852,1,14.5
SHP103255,Shanghai,Chicago,UPS,Air,2023-03-02,2023-03-04,2,7,Out for Delivery,1075.38,5,0,Fog,3.99,4,3,Equipment Failure,5.77,0.934,0.213,0.44,1.0,1,62.9
SHP103256,Shanghai,New York,XPO Logistics,Sea,2024-06-17,2024-07-09,22,15,Delayed,2262.74,3,0,Rain,2.45,6,2,Port Strike,9.04,0.841,0.154,0.35,1.0,1,71.1
SHP103257,Mumbai,Tokyo,DHL,Rail,2024-07-05,2024-07-18,13,3,Customs Hold,2058.91,2,0,Fog,3.78,5,4,Natural Disaster,9.66,0.899,0.242,0.29,0.9413,1,55.3
SHP103258,Mumbai,New York,Maersk,Sea,2023-01-29,2023-02-28,30,5,In Transit,1586.9,4,0,Clear,0.05,6,9,Port Strike,9.02,0.838,0.27,0.4,1.0,1,88.4
SHP103259,Dubai,London,FedEx,Sea,2023-03-30,2023-05-02,33,0,At Port,2948.27,4,1,Clear,0.0,3,9,Port Strike,8.88,0.907,0.09,0.4,0.7884,1,21.3
SHP103260,Shanghai,New York,FedEx,Sea,2024-06-17,2024-07-18,31,12,In Transit,4950.93,5,1,Blizzard,9.06,5,9,Traffic Jam,4.14,0.92,0.059,0.35,1.0,1,48.5
SHP103261,Rotterdam,Sydney,UPS,Sea,2023-01-10,2023-02-10,31,2,Delayed,1921.87,4,0,Snow,6.18,4,7,Port Strike,9.23,0.913,0.235,0.3,0.9637,1,55.9
SHP103262,Hamburg,Sydney,UPS,Air,2024-08-23,2024-08-25,2,7,Customs Hold,3290.26,4,0,Fog,3.55,2,5,Port Strike,9.37,0.922,0.34,0.15,1.0,1,8.0
SHP103263,Rotterdam,London,UPS,Air,2024-06-27,2024-06-30,3,3,Delayed,547.31,1,1,Heavy Rain,4.92,2,10,Equipment Failure,6.18,0.901,0.279,0.11,0.7886,1,20.6
SHP103264,Los Angeles,Singapore,DHL,Rail,2024-06-12,2024-06-19,7,10,Customs Hold,636.66,2,1,Rain,1.57,4,7,None,0.46,0.918,0.245,0.33,0.8281,1,44.9
SHP103265,Mumbai,Sydney,DHL,Rail,2024-09-02,2024-09-11,9,3,Out for Delivery,4959.16,1,1,Rain,2.46,2,1,Equipment Failure,6.49,0.875,0.237,0.3,0.8866,1,34.7
SHP103266,Shanghai,Tokyo,FedEx,Rail,2023-06-13,2023-06-26,13,12,Out for Delivery,1202.08,2,0,Storm,8.12,4,1,Natural Disaster,10.41,0.909,0.324,0.32,1.0,1,30.0
SHP103267,Rotterdam,Singapore,FedEx,Air,2024-04-03,2024-04-08,5,0,Out for Delivery,4501.84,4,0,Snow,6.33,3,10,Port Strike,9.17,0.92,0.399,0.24,1.0,1,79.5
SHP103268,Hamburg,Chicago,DB Schenker,Air,2024-05-11,2024-05-16,5,3,At Port,4670.42,2,1,Heavy Rain,4.57,2,10,Traffic Jam,4.49,0.842,0.186,0.24,0.7933,1,55.8
SHP103269,Dubai,Singapore,Maersk,Air,2024-06-01,2024-06-06,5,8,Delayed,274.38,1,0,Clear,0.0,4,5,Equipment Failure,6.48,0.821,0.386,0.15,1.0,1,40.4
SHP103270,Dubai,London,UPS,Sea,2023-05-15,2023-06-16,32,29,Delayed,4861.88,5,1,Blizzard,9.17,4,5,Traffic Jam,3.84,0.926,0.399,0.25,1.0,1,73.2
SHP103271,Shanghai,Tokyo,DHL,Rail,2023-08-25,2023-09-06,12,0,Out for Delivery,4646.23,5,0,Fog,4.47,2,9,Equipment Failure,5.66,0.908,0.061,0.12,0.521,1,43.7
SHP103272,Mumbai,New York,DHL,Road,2023-10-26,2023-10-29,3,2,Customs Hold,4374.07,5,0,Rain,1.63,9,3,Traffic Jam,4.38,0.904,0.374,0.11,0.8436,1,39.9
SHP103273,Dubai,Chicago,XPO Logistics,Rail,2023-09-04,2023-09-11,7,0,Customs Hold,652.79,2,0,Storm,8.04,4,7,Port Strike,8.64,0.838,0.023,0.16,0.8812,1,43.6
SHP103274,Los Angeles,Singapore,DB Schenker,Rail,2023-10-03,2023-10-16,13,0,In Transit,4487.59,3,0,Clear,0.09,3,1,Natural Disaster,10.09,0.836,0.251,0.26,0.8219,1,54.7
SHP103275,Rotterdam,London,FedEx,Sea,2023-05-16,2023-06-20,35,10,Delayed,262.21,3,0,Snow,5.71,4,8,Equipment Failure,5.99,0.948,0.14,0.34,0.7737,1,31.4
SHP103276,Los Angeles,Chicago,FedEx,Road,2023-05-27,2023-06-04,8,1,Delayed,1685.99,3,0,Heavy Rain,4.74,7,6,Port Strike,9.11,0.93,0.168,0.44,1.0,1,29.7
SHP103277,Rotterdam,Singapore,UPS,Road,2023-08-27,2023-08-31,4,2,In Transit,3075.78,3,0,Rain,1.53,6,4,Port Strike,8.96,0.917,0.28,0.31,0.953,1,18.1
SHP103278,Shanghai,Tokyo,UPS,Sea,2023-12-29,2024-01-29,31,33,Out for Delivery,3507.74,4,0,Rain,2.45,6,9,None,0.22,0.896,0.114,0.37,0.7447,1,48.7
SHP103279,Dubai,Chicago,UPS,Road,2023-05-21,2023-05-30,9,8,In Transit,143.94,4,0,Clear,0.08,6,6,Port Strike,9.24,0.945,0.351,0.16,0.8682,1,42.9
SHP103280,Dubai,New York,XPO Logistics,Sea,2023-03-02,2023-03-20,18,18,At Port,3864.61,1,0,Blizzard,8.56,3,3,Port Strike,9.45,0.839,0.331,0.12,1.0,1,23.8
SHP103281,Rotterdam,Chicago,Maersk,Air,2023-04-18,2023-04-23,5,5,Out for Delivery,1841.81,3,0,Clear,0.0,4,6,Traffic Jam,3.78,0.849,0.073,0.2,0.684,1,35.5
SHP103282,Shanghai,Chicago,Maersk,Air,2023-06-12,2023-06-15,3,3,Out for Delivery,1272.78,3,1,Snow,5.73,1,6,Traffic Jam,4.44,0.88,0.368,0.34,1.0,1,25.3
SHP103283,Los Angeles,London,UPS,Rail,2024-05-11,2024-05-20,9,2,Delayed,2169.73,1,0,Clear,0.0,2,1,Traffic Jam,3.72,0.94,0.395,0.36,0.7172,1,43.3
SHP103284,Dubai,New York,XPO Logistics,Rail,2023-09-18,2023-09-29,11,3,Delayed,1024.64,2,0,Snow,6.12,4,5,None,0.21,0.871,0.025,0.11,0.4965,0,0.0
SHP103285,Mumbai,Tokyo,FedEx,Road,2023-08-29,2023-09-02,4,1,In Transit,528.92,5,0,Fog,4.37,6,10,None,0.0,0.908,0.366,0.21,0.7161,1,46.7
SHP103286,Los Angeles,Sydney,DHL,Rail,2024-10-25,2024-11-07,13,4,Delayed,2876.42,1,1,Fog,3.62,3,5,Traffic Jam,3.64,0.888,0.109,0.4,0.7776,1,74.6
SHP103287,Dubai,Singapore,DHL,Road,2024-08-29,2024-09-05,7,5,At Port,4304.21,1,1,Rain,2.13,7,1,Port Strike,8.59,0.888,0.089,0.15,0.7817,1,59.3
SHP103288,Dubai,London,Maersk,Rail,2024-07-25,2024-08-07,13,1,In Transit,1158.28,2,0,Blizzard,9.1,5,5,None,0.0,0.816,0.177,0.34,0.853,1,68.1
SHP103289,Hamburg,Tokyo,DB Schenker,Air,2023-06-15,2023-06-19,4,8,Out for Delivery,369.55,2,0,Fog,3.61,3,2,Natural Disaster,10.25,0.885,0.325,0.18,1.0,1,82.2
SHP103290,Shanghai,Tokyo,XPO Logistics,Road,2024-04-05,2024-04-09,4,6,Delayed,931.86,3,1,Heavy Rain,5.44,7,6,None,0.0,0.86,0.089,0.14,0.8221,1,59.5
SHP103291,Shanghai,New York,DB Schenker,Road,2023-05-04,2023-05-08,4,7,Delayed,208.12,3,0,Snow,5.66,8,2,None,0.05,0.865,0.374,0.35,1.0,1,35.4
SHP103292,Shanghai,New York,XPO Logistics,Air,2023-04-29,2023-05-03,4,0,Customs Hold,4546.47,1,0,Clear,0.0,1,2,Natural Disaster,9.96,0.852,0.098,0.35,0.8089,1,51.4
SHP103293,Dubai,Sydney,FedEx,Air,2024-01-30,2024-02-04,5,2,In Transit,4847.5,4,0,Rain,2.12,1,6,Natural Disaster,10.08,0.889,0.291,0.37,0.9763,1,40.5
SHP103294,Dubai,Tokyo,UPS,Air,2023-07-04,2023-07-09,5,1,Out for Delivery,1106.03,2,0,Rain,1.84,4,7,Traffic Jam,4.27,0.89,0.31,0.19,0.7755,1,63.2
SHP103295,Shanghai,New York,UPS,Road,2024-06-23,2024-07-01,8,13,Customs Hold,2477.64,4,0,Blizzard,9.03,7,9,None,0.0,0.919,0.174,0.35,0.9757,1,85.9
SHP103296,Los Angeles,Tokyo,FedEx,Sea,2023-03-10,2023-03-29,19,4,In Transit,72.88,2,0,Blizzard,9.47,5,4,Equipment Failure,6.27,0.903,0.299,0.25,0.9957,1,65.3
SHP103297,Shanghai,London,DB Schenker,Air,2023-12-27,2023-12-31,4,1,Out for Delivery,4474.74,3,0,Heavy Rain,4.84,4,5,Port Strike,9.4,0.878,0.053,0.41,1.0,1,41.7
SHP103298,Dubai,London,UPS,Rail,2023-06-22,2023-07-01,9,3,Delayed,1146.93,3,1,Rain,2.4,4,4,Port Strike,9.38,0.909,0.021,0.39,0.8567,1,60.4
SHP103299,Dubai,Chicago,Maersk,Air,2023-08-09,2023-08-11,2,6,Out for Delivery,4027.02,4,1,Fog,4.23,1,6,None,0.17,0.845,0.142,0.19,0.8291,1,33.7
SHP103300,Shanghai,London,UPS,Sea,2023-07-17,2023-08-12,26,16,At Port,3979.34,3,0,Rain,1.99,3,6,Port Strike,9.24,0.893,0.093,0.22,0.7956,1,45.5
SHP103301,Shanghai,Sydney,FedEx,Air,2023-09-19,2023-09-22,3,6,In Transit,2384.7,4,1,Rain,2.27,4,4,Equipment Failure,5.92,0.939,0.16,0.36,0.8847,1,36.8
SHP103302,Dubai,Chicago,FedEx,Road,2023-01-12,2023-01-18,6,0,Out for Delivery,4181.36,5,0,Heavy Rain,4.91,8,10,Equipment Failure,6.42,0.923,0.127,0.18,0.8059,1,8.3
SHP103303,Mumbai,Singapore,Maersk,Air,2024-05-28,2024-05-30,2,6,Customs Hold,713.01,3,0,Storm,7.59,1,5,Equipment Failure,5.92,0.869,0.25,0.4,1.0,1,21.6
SHP103304,Shanghai,London,FedEx,Rail,2023-05-29,2023-06-08,10,9,Out for Delivery,1473.65,5,0,Storm,8.27,2,5,None,0.49,0.891,0.324,0.13,0.7775,1,54.7
SHP103305,Hamburg,New York,UPS,Sea,2023-07-05,2023-07-26,21,10,Out for Delivery,4675.28,4,0,Heavy Rain,4.68,6,5,Equipment Failure,6.36,0.891,0.286,0.15,0.8955,1,44.1
SHP103306,Hamburg,New York,Maersk,Rail,2024-08-29,2024-09-08,10,1,At Port,1235.81,4,0,Snow,6.27,2,1,Equipment Failure,6.11,0.847,0.134,0.32,0.9689,1,60.0
SHP103307,Shanghai,Sydney,FedEx,Air,2023-03-05,2023-03-10,5,3,At Port,2087.13,5,0,Storm,7.52,1,2,Traffic Jam,4.08,0.915,0.273,0.42,1.0,1,66.1
SHP103308,Rotterdam,Singapore,UPS,Air,2024-09-25,2024-09-28,3,3,Out for Delivery,3140.13,2,0,Snow,6.07,1,8,Natural Disaster,10.0,0.884,0.02,0.3,0.9128,1,48.1
SHP103309,Dubai,Tokyo,FedEx,Road,2023-07-29,2023-08-07,9,7,In Transit,4659.82,3,1,Fog,4.26,9,8,Natural Disaster,9.87,0.917,0.318,0.21,1.0,1,51.3
SHP103310,Mumbai,Chicago,FedEx,Road,2023-02-24,2023-03-02,6,11,Delayed,3113.64,2,0,Storm,8.17,9,2,Equipment Failure,6.08,0.894,0.345,0.43,1.0,1,16.6
SHP103311,Mumbai,New York,XPO Logistics,Road,2024-02-03,2024-02-07,4,7,At Port,4772.27,3,0,Blizzard,9.07,7,4,Traffic Jam,3.77,0.811,0.055,0.24,1.0,1,72.4
SHP103312,Los Angeles,Singapore,FedEx,Air,2023-12-05,2023-12-08,3,1,Out for Delivery,4446.1,5,0,Snow,5.74,1,2,Traffic Jam,3.92,0.91,0.176,0.34,0.8797,1,7.2
SHP103313,Mumbai,Singapore,XPO Logistics,Road,2024-07-07,2024-07-17,10,6,In Transit,2378.8,3,0,Rain,1.62,6,10,Equipment Failure,6.36,0.835,0.148,0.18,0.8674,1,70.6
SHP103314,Los Angeles,New York,UPS,Sea,2023-07-19,2023-08-10,22,17,In Transit,644.22,3,0,Fog,3.64,6,3,Equipment Failure,6.44,0.935,0.183,0.11,0.7718,1,26.1
SHP103315,Shanghai,Tokyo,Maersk,Sea,2023-06-08,2023-07-05,27,7,In Transit,3777.39,2,1,Blizzard,9.02,4,10,Natural Disaster,9.68,0.844,0.368,0.23,1.0,1,46.5
SHP103316,Shanghai,Chicago,XPO Logistics,Rail,2023-02-01,2023-02-15,14,0,Out for Delivery,2402.21,1,1,Storm,8.45,4,7,None,0.0,0.834,0.065,0.36,0.8701,1,36.0
SHP103317,Rotterdam,Chicago,DHL,Rail,2023-05-07,2023-05-22,15,9,At Port,4374.39,4,0,Blizzard,9.44,5,5,Equipment Failure,5.76,0.858,0.152,0.2,1.0,1,33.2
SHP103318,Los Angeles,Singapore,FedEx,Air,2023-01-29,2023-02-01,3,4,In Transit,830.05,4,0,Rain,1.55,4,10,Equipment Failure,5.56,0.931,0.148,0.19,0.7257,1,29.5
SHP103319,Hamburg,London,Maersk,Air,2024-10-06,2024-10-08,2,0,At Port,2144.23,1,1,Rain,1.5,2,9,Natural Disaster,10.39,0.832,0.22,0.1,0.765,1,68.5
SHP103320,Hamburg,Chicago,DHL,Rail,2024-10-15,2024-10-25,10,10,At Port,2529.51,2,0,Snow,6.04,4,10,Equipment Failure,5.6,0.915,0.185,0.41,1.0,1,93.7
SHP103321,Shanghai,New York,DHL,Sea,2024-04-08,2024-05-04,26,13,At Port,892.33,2,1,Blizzard,9.19,3,9,Natural Disaster,10.03,0.881,0.383,0.35,1.0,1,67.1
SHP103322,Dubai,New York,FedEx,Road,2024-09-20,2024-09-24,4,0,Delayed,3579.06,1,0,Heavy Rain,4.94,6,10,Traffic Jam,4.05,0.913,0.229,0.35,0.8672,1,44.9
SHP103323,Los Angeles,Sydney,FedEx,Road,2023-02-03,2023-02-11,8,0,Customs Hold,303.75,1,1,Fog,4.27,7,10,Traffic Jam,3.84,0.957,0.381,0.17,0.7218,1,6.9
SHP103324,Los Angeles,London,FedEx,Rail,2024-04-02,2024-04-17,15,13,Customs Hold,729.04,5,1,Snow,5.61,5,5,Natural Disaster,9.91,0.907,0.252,0.25,1.0,1,67.0
SHP103325,Los Angeles,London,Maersk,Road,2024-07-17,2024-07-20,3,2,Delayed,1186.31,1,0,Fog,3.81,9,4,Natural Disaster,9.87,0.818,0.224,0.32,1.0,1,10.6
SHP103326,Hamburg,Sydney,Maersk,Rail,2024-06-15,2024-06-25,10,8,In Transit,3887.59,2,1,Clear,0.0,5,8,Port Strike,9.33,0.835,0.256,0.28,0.9544,1,27.0
SHP103327,Mumbai,London,DHL,Air,2023-02-01,2023-02-05,4,1,In Transit,2504.2,3,0,Snow,5.51,4,4,None,0.34,0.89,0.05,0.18,0.5775,1,4.6
SHP103328,Los Angeles,New York,DHL,Rail,2024-10-24,2024-11-06,13,2,Customs Hold,4512.44,2,0,Blizzard,9.21,3,8,Traffic Jam,3.61,0.901,0.082,0.42,0.8832,1,68.8
SHP103329,Dubai,London,UPS,Sea,2023-05-27,2023-06-30,34,24,Out for Delivery,4999.16,2,0,Fog,4.37,6,2,Port Strike,9.08,0.922,0.176,0.16,0.8745,1,68.2
SHP103330,Hamburg,Tokyo,DB Schenker,Road,2023-12-11,2023-12-21,10,1,Out for Delivery,736.06,5,0,Blizzard,8.85,9,10,Port Strike,9.3,0.841,0.211,0.37,1.0,1,33.5
SHP103331,Hamburg,Sydney,XPO Logistics,Sea,2023-04-09,2023-05-11,32,18,At Port,171.24,4,0,Rain,2.12,3,2,Equipment Failure,5.91,0.833,0.121,0.12,0.7596,1,47.6
SHP103332,Dubai,New York,DHL,Sea,2023-12-30,2024-02-01,33,33,In Transit,4607.64,5,0,Blizzard,9.36,5,7,Port Strike,9.4,0.873,0.357,0.28,1.0,1,69.3
SHP103333,Hamburg,Tokyo,FedEx,Air,2024-11-06,2024-11-08,2,2,Customs Hold,304.96,1,0,Heavy Rain,5.29,3,3,Natural Disaster,9.52,0.923,0.25,0.36,1.0,1,42.3
SHP103334,Shanghai,Tokyo,DB Schenker,Sea,2023-01-25,2023-02-21,27,6,Delayed,505.13,5,0,Clear,0.28,4,7,None,0.0,0.865,0.05,0.2,0.4298,0,0.0
SHP103335,Dubai,Singapore,UPS,Rail,2024-01-07,2024-01-19,12,16,Out for Delivery,496.35,1,1,Blizzard,9.31,4,5,Traffic Jam,4.32,0.902,0.395,0.15,1.0,1,63.8
SHP103336,Shanghai,Tokyo,UPS,Air,2023-06-26,2023-06-29,3,2,At Port,1584.01,5,0,Fog,4.22,3,10,Port Strike,8.85,0.9,0.322,0.29,1.0,1,44.8
SHP103337,Los Angeles,Chicago,XPO Logistics,Road,2023-02-19,2023-02-22,3,2,Out for Delivery,1638.49,5,0,Snow,5.96,7,3,None,0.0,0.814,0.238,0.29,0.9317,1,28.1
SHP103338,Mumbai,London,FedEx,Road,2023-04-28,2023-05-04,6,1,Customs Hold,2761.59,5,0,Blizzard,9.24,6,10,Traffic Jam,3.89,0.923,0.112,0.19,0.7623,1,45.2
SHP103339,Mumbai,Sydney,DB Schenker,Rail,2024-06-08,2024-06-16,8,2,Delayed,4555.28,1,1,Rain,2.1,4,7,Traffic Jam,4.41,0.892,0.27,0.3,0.8908,1,51.1
SHP103340,Los Angeles,London,Maersk,Road,2024-09-23,2024-09-28,5,1,Out for Delivery,2049.46,2,0,Heavy Rain,5.12,6,4,Natural Disaster,9.71,0.872,0.348,0.43,1.0,1,83.9
SHP103341,Shanghai,Singapore,DB Schenker,Rail,2023-01-21,2023-02-01,11,12,In Transit,3690.3,3,1,Clear,0.08,3,5,Traffic Jam,3.54,0.873,0.045,0.28,0.7256,1,41.7
SHP103342,Dubai,Singapore,XPO Logistics,Road,2023-11-30,2023-12-07,7,6,Delayed,513.48,2,0,Snow,6.22,9,10,Port Strike,8.54,0.831,0.021,0.15,1.0,1,60.9
SHP103343,Shanghai,Singapore,FedEx,Road,2024-05-10,2024-05-14,4,9,In Transit,1175.36,5,0,Snow,6.07,7,4,Natural Disaster,9.73,0.933,0.032,0.34,1.0,1,76.0
SHP103344,Dubai,Singapore,DB Schenker,Air,2023-04-13,2023-04-16,3,4,Customs Hold,2179.49,1,1,Snow,5.96,1,10,None,0.0,0.866,0.09,0.15,0.6717,1,38.3
SHP103345,Dubai,Chicago,UPS,Sea,2024-02-29,2024-03-18,18,18,Delayed,4767.69,2,0,Clear,0.0,3,8,None,0.0,0.87,0.06,0.4,0.7501,1,31.4
SHP103346,Dubai,Tokyo,XPO Logistics,Rail,2023-03-03,2023-03-11,8,6,At Port,3312.78,2,1,Blizzard,9.3,3,6,None,0.0,0.842,0.394,0.13,0.8412,1,39.7
SHP103347,Dubai,Sydney,DB Schenker,Rail,2023-11-26,2023-12-09,13,12,At Port,3837.03,2,0,Snow,6.41,3,6,None,0.46,0.863,0.392,0.2,0.875,1,38.7
SHP103348,Rotterdam,Chicago,Maersk,Rail,2024-06-12,2024-06-26,14,17,At Port,3352.23,3,0,Storm,7.62,2,7,Natural Disaster,10.26,0.866,0.209,0.2,1.0,1,88.2
SHP103349,Mumbai,New York,DHL,Sea,2023-09-02,2023-09-23,21,11,Out for Delivery,1528.94,5,0,Clear,0.0,3,8,None,0.0,0.862,0.281,0.29,0.6841,1,35.1
SHP103350,Los Angeles,Tokyo,Maersk,Air,2023-06-05,2023-06-07,2,2,At Port,1165.84,1,0,Heavy Rain,4.63,2,8,Port Strike,8.77,0.859,0.114,0.25,0.8699,1,65.1
SHP103351,Los Angeles,Tokyo,Maersk,Sea,2023-05-14,2023-06-13,30,14,Delayed,2238.63,1,1,Fog,3.82,5,7,None,0.0,0.87,0.275,0.25,0.6837,1,29.3
SHP103352,Mumbai,New York,DHL,Road,2024-10-19,2024-10-27,8,9,Customs Hold,740.28,2,1,Heavy Rain,4.83,9,9,Natural Disaster,10.34,0.881,0.029,0.31,1.0,1,63.3
SHP103353,Mumbai,New York,Maersk,Sea,2024-09-13,2024-10-03,20,19,In Transit,1148.86,5,0,Clear,0.0,4,7,Natural Disaster,9.83,0.861,0.294,0.16,0.9671,1,33.5
SHP103354,Shanghai,Sydney,XPO Logistics,Air,2023-12-21,2023-12-23,2,2,In Transit,4625.11,5,1,Blizzard,8.92,2,5,Natural Disaster,9.84,0.841,0.228,0.23,1.0,1,82.1
SHP103355,Los Angeles,London,FedEx,Road,2023-11-21,2023-12-01,10,6,At Port,4419.55,4,0,Fog,3.59,9,9,Port Strike,9.38,0.928,0.253,0.3,1.0,1,59.6
SHP103356,Shanghai,Singapore,Maersk,Air,2023-04-12,2023-04-16,4,0,Delayed,342.72,3,0,Storm,7.93,4,7,Natural Disaster,10.48,0.899,0.393,0.12,1.0,1,6.8
SHP103357,Mumbai,London,UPS,Rail,2023-09-03,2023-09-12,9,13,Delayed,2560.43,2,0,Fog,4.05,4,3,None,0.0,0.903,0.328,0.23,0.79,1,19.5
SHP103358,Los Angeles,Tokyo,FedEx,Road,2024-10-15,2024-10-24,9,14,Customs Hold,115.52,2,0,Clear,0.0,6,5,None,0.0,0.921,0.378,0.25,0.8232,1,26.5
SHP103359,Hamburg,New York,FedEx,Air,2023-02-16,2023-02-20,4,7,Customs Hold,4891.97,3,0,Heavy Rain,4.61,2,9,Equipment Failure,5.82,0.912,0.264,0.22,0.9399,1,45.7
SHP103360,Rotterdam,Tokyo,Maersk,Air,2024-09-16,2024-09-19,3,1,Customs Hold,4825.59,3,1,Storm,7.99,2,6,None,0.0,0.83,0.041,0.38,0.7752,1,58.4
SHP103361,Shanghai,London,UPS,Road,2023-01-05,2023-01-15,10,3,Customs Hold,3454.92,3,1,Snow,6.17,6,6,Port Strike,8.67,0.898,0.037,0.13,0.7585,1,17.0
SHP103362,Rotterdam,Tokyo,DB Schenker,Sea,2023-04-05,2023-05-10,35,19,Customs Hold,1982.13,3,0,Snow,5.82,6,1,None,0.0,0.881,0.355,0.38,0.9842,1,86.6
SHP103363,Rotterdam,New York,FedEx,Road,2023-03-12,2023-03-17,5,5,In Transit,61.32,3,0,Blizzard,9.2,9,3,Equipment Failure,6.1,0.954,0.363,0.16,1.0,1,51.8
SHP103364,Los Angeles,London,FedEx,Sea,2023-09-30,2023-10-22,22,2,Customs Hold,1685.53,3,1,Heavy Rain,5.48,4,3,Equipment Failure,5.54,0.903,0.346,0.44,1.0,1,63.2
SHP103365,Rotterdam,Sydney,DHL,Rail,2023-09-06,2023-09-21,15,1,Customs Hold,1375.23,4,0,Blizzard,9.46,3,1,None,0.0,0.85,0.347,0.33,0.9503,1,71.2
SHP103366,Dubai,Sydney,DHL,Air,2024-11-05,2024-11-10,5,5,Customs Hold,2339.39,4,1,Rain,1.96,2,3,None,0.0,0.855,0.193,0.25,0.7134,1,51.0
SHP103367,Dubai,Tokyo,XPO Logistics,Rail,2024-03-05,2024-03-12,7,5,Customs Hold,3562.36,4,0,Rain,1.59,3,4,Traffic Jam,4.22,0.841,0.161,0.22,0.7551,1,26.9
SHP103368,Shanghai,Sydney,FedEx,Sea,2024-11-02,2024-11-24,22,8,Out for Delivery,960.21,5,0,Snow,6.35,5,3,Traffic Jam,3.69,0.892,0.308,0.45,1.0,1,80.5
SHP103369,Hamburg,New York,DHL,Rail,2023-02-01,2023-02-08,7,10,Customs Hold,4812.02,4,0,Rain,1.72,4,3,Port Strike,9.31,0.906,0.09,0.2,0.8583,1,43.8
SHP103370,Mumbai,London,Maersk,Sea,2023-07-22,2023-08-23,32,1,Out for Delivery,3190.19,2,0,Blizzard,9.29,5,7,Port Strike,9.45,0.846,0.206,0.2,1.0,1,36.3
SHP103371,Los Angeles,Chicago,DB Schenker,Road,2023-06-16,2023-06-25,9,5,At Port,4003.16,5,1,Heavy Rain,5.27,8,1,Equipment Failure,6.47,0.851,0.376,0.43,1.0,1,14.4
SHP103372,Mumbai,London,DHL,Road,2024-02-08,2024-02-13,5,4,At Port,3490.26,4,0,Snow,6.17,8,6,None,0.0,0.911,0.286,0.4,0.9225,1,20.8
SHP103373,Shanghai,Sydney,Maersk,Sea,2023-03-23,2023-04-11,19,24,Out for Delivery,1492.67,5,0,Blizzard,8.79,5,5,Traffic Jam,4.31,0.871,0.312,0.39,1.0,1,68.0
SHP103374,Hamburg,Sydney,UPS,Road,2023-08-17,2023-08-25,8,12,At Port,703.56,2,0,Snow,5.58,9,1,Traffic Jam,4.1,0.893,0.15,0.21,1.0,1,12.1
SHP103375,Rotterdam,Singapore,UPS,Rail,2023-03-18,2023-03-25,7,11,Delayed,2772.33,3,0,Fog,4.1,5,8,None,0.06,0.9,0.328,0.25,0.8754,1,10.0
SHP103376,Dubai,Chicago,XPO Logistics,Rail,2024-11-10,2024-11-24,14,16,At Port,4889.57,4,0,Clear,0.0,3,10,Equipment Failure,6.28,0.839,0.21,0.21,0.8615,1,40.6
SHP103377,Hamburg,London,DB Schenker,Air,2023-11-20,2023-11-25,5,7,Out for Delivery,696.57,3,1,Heavy Rain,5.3,2,1,None,0.0,0.887,0.056,0.1,0.6034,1,50.2
SHP103378,Dubai,Sydney,UPS,Rail,2023-11-10,2023-11-25,15,10,Customs Hold,3556.52,3,0,Fog,3.87,4,8,Equipment Failure,6.1,0.861,0.362,0.26,1.0,1,79.5
SHP103379,Dubai,New York,DB Schenker,Air,2023-12-19,2023-12-23,4,5,At Port,2219.6,1,0,Heavy Rain,4.58,2,4,None,0.0,0.893,0.228,0.23,0.7031,1,47.1
SHP103380,Shanghai,Tokyo,UPS,Sea,2023-10-13,2023-11-04,22,15,Delayed,4725.51,5,0,Clear,0.0,6,7,Port Strike,8.95,0.903,0.115,0.15,0.6789,1,37.2
SHP103381,Shanghai,Sydney,FedEx,Air,2023-05-23,2023-05-26,3,0,Customs Hold,161.89,2,0,Snow,6.24,3,7,Traffic Jam,4.21,0.91,0.385,0.27,1.0,1,19.7
SHP103382,Shanghai,Singapore,FedEx,Air,2024-01-06,2024-01-11,5,0,Out for Delivery,1626.19,5,0,Clear,0.0,2,9,Port Strike,8.53,0.928,0.06,0.43,0.7632,1,31.7
SHP103383,Mumbai,London,DB Schenker,Sea,2024-01-21,2024-02-12,22,24,Delayed,3963.29,1,0,Clear,0.0,3,4,Port Strike,8.68,0.848,0.062,0.19,0.8009,1,8.4
SHP103384,Dubai,Tokyo,DB Schenker,Road,2023-02-09,2023-02-17,8,12,Customs Hold,1495.32,5,1,Heavy Rain,5.14,7,5,Traffic Jam,3.82,0.857,0.166,0.2,0.9131,1,56.5
SHP103385,Mumbai,Singapore,XPO Logistics,Air,2024-02-25,2024-02-29,4,3,In Transit,1911.03,4,0,Storm,8.17,1,9,None,0.0,0.839,0.387,0.28,0.9875,1,31.9
SHP103386,Rotterdam,Singapore,UPS,Road,2023-07-06,2023-07-14,8,12,In Transit,2065.54,1,0,Storm,8.26,8,5,Natural Disaster,9.53,0.896,0.152,0.16,1.0,1,75.5
SHP103387,Shanghai,Tokyo,DHL,Air,2024-11-02,2024-11-05,3,2,Out for Delivery,1250.45,2,0,Storm,7.83,3,2,Port Strike,8.98,0.846,0.132,0.1,0.9459,1,90.3
SHP103388,Dubai,Tokyo,DB Schenker,Sea,2024-09-16,2024-10-12,26,27,In Transit,662.13,3,0,Snow,5.88,6,9,Natural Disaster,9.69,0.897,0.258,0.25,1.0,1,67.6
SHP103389,Hamburg,Chicago,UPS,Air,2023-06-03,2023-06-05,2,7,Customs Hold,4368.17,4,0,Snow,5.84,4,8,None,0.0,0.908,0.301,0.21,0.9949,1,7.0
SHP103390,Rotterdam,New York,FedEx,Road,2023-01-22,2023-01-31,9,12,At Port,3982.54,1,0,Rain,2.17,6,10,Equipment Failure,5.58,0.916,0.235,0.16,0.7956,1,24.5
SHP103391,Shanghai,New York,Maersk,Rail,2023-05-14,2023-05-24,10,1,Customs Hold,1870.31,2,0,Heavy Rain,5.36,4,2,None,0.13,0.83,0.335,0.35,0.8672,1,66.3
SHP103392,Los Angeles,New York,XPO Logistics,Air,2023-05-27,2023-06-01,5,3,At Port,2960.76,3,1,Blizzard,8.93,1,2,Natural Disaster,10.48,0.837,0.345,0.17,1.0,1,64.3
SHP103393,Los Angeles,Singapore,UPS,Road,2024-04-14,2024-04-22,8,7,At Port,3238.13,1,0,Snow,6.25,9,5,None,0.0,0.898,0.362,0.16,0.9108,1,42.4
SHP103394,Rotterdam,London,FedEx,Road,2023-10-13,2023-10-22,9,11,Out for Delivery,2381.07,1,0,Snow,5.98,6,4,Natural Disaster,9.76,0.912,0.141,0.4,1.0,1,91.8
SHP103395,Mumbai,Sydney,Maersk,Sea,2024-11-13,2024-12-05,22,4,In Transit,4929.44,5,0,Blizzard,8.55,4,5,Natural Disaster,9.67,0.852,0.099,0.3,1.0,1,45.1
SHP103396,Hamburg,Tokyo,DHL,Rail,2023-08-04,2023-08-14,10,0,Delayed,1692.24,1,0,Clear,0.07,3,4,Equipment Failure,6.4,0.901,0.32,0.15,0.701,1,64.9
SHP103397,Los Angeles,Singapore,FedEx,Road,2024-08-03,2024-08-08,5,1,In Transit,4584.6,1,0,Snow,5.61,9,1,Natural Disaster,10.02,0.944,0.232,0.1,0.9229,1,49.3
SHP103398,Dubai,Chicago,FedEx,Air,2023-08-26,2023-08-31,5,3,Customs Hold,3956.32,2,0,Rain,2.46,1,8,None,0.0,0.922,0.333,0.45,0.8267,1,73.8
SHP103399,Rotterdam,London,XPO Logistics,Road,2024-09-12,2024-09-16,4,2,Out for Delivery,4457.52,5,0,Blizzard,8.74,6,8,Natural Disaster,10.36,0.836,0.021,0.19,1.0,1,58.8
SHP103400,Hamburg,Tokyo,DB Schenker,Sea,2023-08-04,2023-08-31,27,2,In Transit,139.45,4,0,Rain,1.61,5,7,Natural Disaster,9.6,0.854,0.361,0.18,1.0,1,85.6
SHP103401,Hamburg,Singapore,FedEx,Air,2023-11-26,2023-11-29,3,3,Delayed,896.87,5,0,Heavy Rain,5.43,4,3,Port Strike,9.03,0.893,0.251,0.22,1.0,1,22.5
SHP103402,Rotterdam,New York,UPS,Road,2024-06-03,2024-06-11,8,5,At Port,4664.27,4,0,Storm,7.72,7,3,None,0.0,0.909,0.182,0.33,0.921,1,30.2
SHP103403,Mumbai,London,DB Schenker,Air,2023-01-21,2023-01-26,5,9,In Transit,1047.24,3,0,Blizzard,8.64,1,8,Traffic Jam,3.61,0.893,0.126,0.41,0.9584,1,13.6
SHP103404,Los Angeles,Sydney,FedEx,Road,2023-04-16,2023-04-19,3,7,Out for Delivery,1402.92,1,0,Storm,8.15,6,5,None,0.0,0.93,0.312,0.33,1.0,1,70.8
SHP103405,Hamburg,London,UPS,Sea,2023-12-05,2023-12-25,20,25,In Transit,1246.25,4,0,Clear,0.49,6,3,Equipment Failure,5.91,0.919,0.169,0.1,0.6899,1,48.3
SHP103406,Shanghai,London,DHL,Road,2023-03-29,2023-04-05,7,11,Delayed,2336.09,4,0,Blizzard,8.83,6,10,Port Strike,9.17,0.889,0.069,0.25,1.0,1,61.2
SHP103407,Mumbai,New York,XPO Logistics,Rail,2024-08-12,2024-08-23,11,12,At Port,4887.29,2,1,Rain,2.21,3,6,Traffic Jam,4.34,0.83,0.243,0.12,0.8355,1,30.5
SHP103408,Shanghai,Tokyo,XPO Logistics,Rail,2024-11-17,2024-11-27,10,1,Out for Delivery,1263.02,4,0,Fog,4.18,5,7,Port Strike,8.78,0.837,0.212,0.44,1.0,1,77.3
SHP103409,Hamburg,New York,XPO Logistics,Sea,2024-07-31,2024-09-01,32,31,Delayed,2306.69,3,0,Rain,1.6,5,7,Traffic Jam,4.35,0.825,0.39,0.45,1.0,1,72.4
SHP103410,Shanghai,Chicago,FedEx,Road,2023-10-11,2023-10-21,10,3,Delayed,2188.88,5,1,Snow,6.06,7,1,Traffic Jam,3.64,0.902,0.228,0.18,0.7646,1,72.9
SHP103411,Hamburg,London,XPO Logistics,Road,2023-07-03,2023-07-09,6,11,Customs Hold,258.98,4,0,Blizzard,8.99,9,10,Traffic Jam,3.83,0.788,0.37,0.1,1.0,1,84.2
SHP103412,Rotterdam,Tokyo,Maersk,Road,2024-06-02,2024-06-09,7,2,At Port,2196.32,1,0,Heavy Rain,5.38,6,6,Equipment Failure,6.17,0.85,0.255,0.31,1.0,1,68.9
SHP103413,Mumbai,New York,UPS,Road,2024-08-02,2024-08-10,8,10,At Port,1140.12,4,0,Fog,4.42,9,3,Traffic Jam,3.94,0.928,0.178,0.33,0.9661,1,87.9
SHP103414,Shanghai,Sydney,DB Schenker,Road,2024-02-28,2024-03-03,4,7,At Port,2987.58,2,1,Storm,8.11,9,5,Traffic Jam,3.83,0.882,0.127,0.35,1.0,1,67.8
SHP103415,Hamburg,New York,XPO Logistics,Rail,2023-10-15,2023-10-22,7,11,In Transit,4045.1,2,1,Blizzard,9.32,4,2,None,0.0,0.858,0.371,0.34,1.0,1,16.0
SHP103416,Shanghai,Tokyo,DHL,Air,2024-07-30,2024-08-01,2,6,Delayed,1326.3,1,0,Heavy Rain,4.8,1,2,None,0.0,0.877,0.081,0.35,0.9281,1,79.0
SHP103417,Shanghai,Tokyo,UPS,Air,2024-06-19,2024-06-22,3,4,Delayed,1103.06,5,1,Storm,7.82,2,2,Port Strike,8.97,0.892,0.101,0.16,0.9066,1,33.3
SHP103418,Hamburg,Tokyo,Maersk,Rail,2023-12-23,2024-01-02,10,14,At Port,452.2,4,0,Blizzard,9.42,5,2,Natural Disaster,9.64,0.877,0.136,0.36,1.0,1,43.4
SHP103419,Los Angeles,Singapore,DB Schenker,Road,2024-01-23,2024-01-30,7,9,At Port,3040.0,5,0,Fog,4.2,9,5,Port Strike,9.28,0.876,0.39,0.23,1.0,1,60.5
SHP103420,Los Angeles,Singapore,FedEx,Air,2023-03-22,2023-03-24,2,6,Out for Delivery,4125.11,4,1,Clear,0.39,3,3,None,0.0,0.917,0.093,0.26,0.7299,1,32.3
SHP103421,Rotterdam,Tokyo,XPO Logistics,Air,2023-01-05,2023-01-08,3,1,At Port,477.91,3,1,Rain,2.29,3,8,Natural Disaster,10.12,0.832,0.208,0.39,1.0,1,43.7
SHP103422,Los Angeles,New York,FedEx,Sea,2023-09-14,2023-10-15,31,15,At Port,702.99,5,0,Storm,8.37,5,9,Natural Disaster,9.77,0.922,0.373,0.12,0.9918,1,38.3
SHP103423,Dubai,Sydney,FedEx,Sea,2023-11-01,2023-12-05,34,28,At Port,2630.41,5,0,Snow,5.94,5,1,Port Strike,8.54,0.916,0.138,0.41,1.0,1,28.9
SHP103424,Los Angeles,Chicago,FedEx,Rail,2023-01-18,2023-02-02,15,15,In Transit,3956.5,5,0,Storm,8.38,3,1,Port Strike,8.86,0.884,0.032,0.36,1.0,1,66.3
SHP103425,Mumbai,Tokyo,DB Schenker,Rail,2023-12-12,2023-12-21,9,2,In Transit,3438.51,5,0,Blizzard,8.51,4,7,Natural Disaster,9.8,0.88,0.071,0.17,0.989,1,19.9
SHP103426,Shanghai,Tokyo,DHL,Road,2023-03-22,2023-03-30,8,8,At Port,1253.5,5,0,Blizzard,9.01,9,1,Natural Disaster,10.3,0.889,0.298,0.19,1.0,1,39.4
SHP103427,Los Angeles,Sydney,DHL,Road,2023-02-04,2023-02-12,8,11,Delayed,4317.29,4,1,Rain,2.09,8,4,Port Strike,9.01,0.885,0.374,0.17,1.0,1,69.9
SHP103428,Mumbai,Singapore,FedEx,Road,2023-04-10,2023-04-16,6,6,Out for Delivery,2393.65,5,0,Snow,5.55,6,3,Natural Disaster,10.25,0.901,0.031,0.18,0.9011,1,18.3
SHP103429,Dubai,London,XPO Logistics,Road,2024-07-31,2024-08-08,8,7,Out for Delivery,726.75,4,1,Clear,0.0,7,2,Natural Disaster,10.43,0.839,0.386,0.15,1.0,1,71.0
SHP103430,Hamburg,London,XPO Logistics,Air,2024-09-06,2024-09-10,4,7,In Transit,1965.56,2,0,Clear,0.0,3,8,None,0.0,0.83,0.194,0.1,0.6728,1,10.9
SHP103431,Los Angeles,New York,DHL,Sea,2024-03-10,2024-03-28,18,9,Delayed,2695.93,5,0,Fog,4.27,3,10,Traffic Jam,4.01,0.884,0.324,0.15,0.7443,1,17.4
SHP103432,Mumbai,London,FedEx,Air,2024-07-22,2024-07-26,4,3,At Port,490.89,5,0,Rain,2.14,2,7,None,0.19,0.971,0.118,0.43,0.645,1,7.0
SHP103433,Los Angeles,New York,DHL,Sea,2024-08-23,2024-09-15,23,22,Out for Delivery,412.9,2,1,Clear,0.49,6,7,Natural Disaster,10.46,0.88,0.232,0.4,1.0,1,91.6
SHP103434,Mumbai,New York,UPS,Air,2024-03-05,2024-03-10,5,9,In Transit,4760.41,5,0,Heavy Rain,4.6,1,5,None,0.47,0.916,0.336,0.34,0.9153,1,42.6
SHP103435,Rotterdam,Chicago,DB Schenker,Air,2024-05-19,2024-05-22,3,2,Delayed,1346.4,2,0,Clear,0.14,1,3,Natural Disaster,10.36,0.875,0.153,0.2,0.8024,1,68.1
SHP103436,Mumbai,Singapore,XPO Logistics,Air,2023-06-16,2023-06-20,4,7,At Port,121.05,2,1,Rain,1.54,3,4,Port Strike,9.49,0.811,0.284,0.14,1.0,1,7.1
SHP103437,Mumbai,New York,UPS,Rail,2024-04-08,2024-04-22,14,13,In Transit,4712.77,5,0,Blizzard,8.93,3,2,Port Strike,8.78,0.884,0.287,0.14,0.9589,1,21.8
SHP103438,Dubai,London,DB Schenker,Road,2023-02-06,2023-02-14,8,12,Delayed,3321.92,5,0,Blizzard,9.33,9,9,Equipment Failure,6.03,0.861,0.144,0.17,1.0,1,9.2
SHP103439,Dubai,Chicago,DB Schenker,Rail,2024-11-22,2024-12-04,12,0,Customs Hold,3748.41,3,1,Heavy Rain,4.63,5,3,Equipment Failure,5.7,0.888,0.156,0.32,0.8287,1,16.0
SHP103440,Hamburg,Sydney,FedEx,Air,2024-11-10,2024-11-14,4,6,Out for Delivery,856.76,4,1,Heavy Rain,5.26,1,8,Port Strike,8.69,0.947,0.023,0.32,0.8807,1,63.5
SHP103441,Rotterdam,London,DB Schenker,Rail,2024-01-02,2024-01-13,11,11,Out for Delivery,2563.47,3,0,Clear,0.42,3,9,Traffic Jam,3.96,0.881,0.257,0.35,0.7992,1,48.1
SHP103442,Mumbai,London,UPS,Air,2024-03-07,2024-03-12,5,2,In Transit,1152.09,3,0,Fog,3.82,3,6,Equipment Failure,6.43,0.86,0.381,0.42,1.0,1,37.2
SHP103443,Los Angeles,Tokyo,DHL,Sea,2023-06-23,2023-07-20,27,4,At Port,855.41,2,0,Snow,6.47,5,5,Traffic Jam,4.22,0.897,0.3,0.25,0.8903,1,68.5
SHP103444,Shanghai,London,DHL,Road,2024-06-04,2024-06-12,8,9,Customs Hold,2464.71,5,1,Storm,7.78,9,2,Port Strike,8.73,0.88,0.173,0.44,1.0,1,78.7
SHP103445,Los Angeles,New York,Maersk,Rail,2024-05-10,2024-05-19,9,0,Out for Delivery,3593.67,5,1,Storm,8.39,5,7,None,0.0,0.86,0.087,0.23,0.7205,1,6.1
SHP103446,Shanghai,London,XPO Logistics,Rail,2023-04-23,2023-05-03,10,6,Delayed,3327.93,1,0,Snow,5.71,2,8,Natural Disaster,10.3,0.807,0.261,0.37,1.0,1,25.5
SHP103447,Hamburg,London,Maersk,Air,2024-10-04,2024-10-07,3,6,In Transit,554.57,5,0,Fog,3.8,1,2,Natural Disaster,9.9,0.861,0.034,0.1,0.819,1,55.2
SHP103448,Shanghai,Sydney,XPO Logistics,Road,2024-09-25,2024-09-30,5,8,Out for Delivery,2353.39,5,0,Snow,6.13,9,5,Natural Disaster,9.76,0.821,0.225,0.44,1.0,1,16.1
SHP103449,Hamburg,New York,DHL,Air,2023-11-13,2023-11-15,2,4,Out for Delivery,1404.75,3,0,Storm,8.24,4,4,Traffic Jam,3.99,0.866,0.215,0.32,1.0,1,40.4
SHP103450,Los Angeles,Sydney,DHL,Road,2023-11-20,2023-11-29,9,13,Out for Delivery,4520.83,4,0,Rain,1.68,7,2,Natural Disaster,10.08,0.876,0.073,0.28,1.0,1,84.0
SHP103451,Dubai,Singapore,FedEx,Rail,2024-10-09,2024-10-16,7,3,At Port,437.21,3,0,Rain,2.39,2,2,None,0.0,0.92,0.169,0.15,0.4769,0,0.0
SHP103452,Los Angeles,Singapore,XPO Logistics,Rail,2023-02-09,2023-02-24,15,2,Customs Hold,4815.12,2,1,Clear,0.09,2,9,Natural Disaster,9.61,0.834,0.063,0.13,0.6889,1,41.7
SHP103453,Dubai,Tokyo,FedEx,Road,2023-08-28,2023-09-06,9,11,At Port,3805.31,3,0,Rain,2.03,7,3,Natural Disaster,10.05,0.901,0.219,0.34,1.0,1,77.8
SHP103454,Shanghai,London,XPO Logistics,Air,2023-02-15,2023-02-20,5,9,Delayed,4120.1,3,1,Blizzard,8.95,3,3,Port Strike,9.37,0.829,0.293,0.13,1.0,1,43.7
SHP103455,Rotterdam,Chicago,UPS,Sea,2023-04-03,2023-04-29,26,28,At Port,1740.47,4,1,Rain,1.59,5,1,Traffic Jam,3.72,0.934,0.057,0.2,0.6565,1,60.8
SHP103456,Dubai,Tokyo,UPS,Sea,2023-07-20,2023-08-08,19,5,Customs Hold,264.28,5,0,Rain,2.1,3,9,Equipment Failure,5.54,0.919,0.238,0.37,0.8157,1,24.8
SHP103457,Mumbai,London,Maersk,Sea,2024-03-18,2024-04-08,21,23,In Transit,2088.89,1,0,Snow,6.09,4,8,Port Strike,8.87,0.838,0.163,0.28,1.0,1,46.8
SHP103458,Los Angeles,Tokyo,XPO Logistics,Road,2023-02-02,2023-02-06,4,3,In Transit,4278.17,1,0,Rain,2.43,8,2,Port Strike,9.09,0.838,0.248,0.25,1.0,1,78.5
SHP103459,Hamburg,Tokyo,XPO Logistics,Sea,2023-03-11,2023-04-10,30,23,Out for Delivery,3381.77,3,0,Fog,3.88,3,7,Traffic Jam,4.31,0.854,0.195,0.25,0.7898,1,64.0
SHP103460,Rotterdam,New York,FedEx,Sea,2023-01-06,2023-01-25,19,15,At Port,1220.58,2,0,Heavy Rain,5.19,6,8,Equipment Failure,5.65,0.946,0.231,0.22,0.9271,1,42.6
SHP103461,Los Angeles,Tokyo,DB Schenker,Road,2024-01-01,2024-01-11,10,6,Delayed,1580.57,4,1,Rain,2.37,9,3,Natural Disaster,9.7,0.884,0.288,0.25,1.0,1,67.5
SHP103462,Hamburg,Sydney,DHL,Air,2023-03-08,2023-03-13,5,5,In Transit,937.74,1,0,Heavy Rain,5.04,2,6,Traffic Jam,3.72,0.934,0.325,0.25,0.8853,1,18.3
SHP103463,Mumbai,London,FedEx,Sea,2023-05-21,2023-06-16,26,9,Customs Hold,4762.1,2,0,Snow,6.24,4,3,Natural Disaster,9.56,0.925,0.187,0.32,1.0,1,8.8
SHP103464,Los Angeles,London,XPO Logistics,Air,2023-06-06,2023-06-09,3,4,In Transit,2694.51,5,0,Blizzard,8.56,3,5,Natural Disaster,10.16,0.828,0.19,0.14,1.0,1,38.2
SHP103465,Los Angeles,Chicago,FedEx,Air,2023-12-03,2023-12-06,3,0,Out for Delivery,1747.65,1,0,Storm,8.02,2,3,Port Strike,8.7,0.95,0.389,0.38,1.0,1,52.6
SHP103466,Hamburg,London,DHL,Sea,2024-03-01,2024-03-31,30,18,In Transit,3279.41,2,0,Clear,0.09,3,2,Equipment Failure,5.94,0.878,0.267,0.1,0.707,1,35.2
SHP103467,Shanghai,Tokyo,FedEx,Sea,2024-09-26,2024-10-14,18,16,Customs Hold,4765.19,3,1,Storm,8.12,5,2,Traffic Jam,3.73,0.902,0.267,0.41,1.0,1,63.8
SHP103468,Hamburg,Sydney,FedEx,Sea,2023-12-13,2024-01-14,32,0,At Port,137.79,5,1,Snow,6.31,3,10,Equipment Failure,5.84,0.922,0.234,0.25,0.7877,1,35.8
SHP103469,Shanghai,London,DHL,Air,2023-02-16,2023-02-18,2,5,Delayed,3966.31,1,1,Blizzard,9.49,2,3,Traffic Jam,4.08,0.896,0.156,0.14,0.986,1,33.6
SHP103470,Los Angeles,Sydney,FedEx,Sea,2024-06-15,2024-07-08,23,24,Customs Hold,3316.64,2,0,Heavy Rain,4.55,6,2,None,0.35,0.9,0.398,0.16,0.8242,1,74.3
SHP103471,Rotterdam,Tokyo,DB Schenker,Rail,2024-05-26,2024-06-03,8,0,At Port,3136.36,4,0,Blizzard,9.18,3,1,Natural Disaster,10.15,0.897,0.307,0.43,1.0,1,38.8
SHP103472,Mumbai,London,FedEx,Rail,2023-06-04,2023-06-12,8,5,At Port,2338.47,4,0,Heavy Rain,4.53,2,7,Natural Disaster,9.51,0.909,0.325,0.11,0.868,1,79.4
SHP103473,Shanghai,Singapore,DB Schenker,Sea,2024-05-16,2024-06-17,32,22,Delayed,2605.57,4,1,Rain,2.22,6,9,Port Strike,8.78,0.901,0.216,0.21,0.8538,1,58.9
SHP103474,Dubai,London,UPS,Rail,2023-08-16,2023-08-27,11,3,Out for Delivery,932.58,4,0,Heavy Rain,4.72,2,9,Port Strike,9.21,0.911,0.297,0.13,0.8096,1,11.9
SHP103475,Hamburg,Sydney,UPS,Rail,2024-04-07,2024-04-21,14,19,Out for Delivery,3234.01,5,0,Fog,3.7,4,7,Equipment Failure,6.27,0.931,0.215,0.15,0.7749,1,45.2
SHP103476,Shanghai,New York,FedEx,Air,2023-04-13,2023-04-16,3,4,Customs Hold,3140.69,5,0,Fog,3.56,4,10,None,0.07,0.909,0.241,0.35,0.8537,1,66.2
SHP103477,Dubai,Tokyo,FedEx,Sea,2023-06-12,2023-07-07,25,6,Customs Hold,4892.2,1,0,Blizzard,9.39,3,5,Equipment Failure,6.24,0.941,0.344,0.24,0.8937,1,12.7
SHP103478,Mumbai,London,DB Schenker,Sea,2023-01-02,2023-01-29,27,4,Out for Delivery,1673.82,5,0,Clear,0.15,4,10,Port Strike,8.81,0.883,0.085,0.38,0.9043,1,50.5
SHP103479,Dubai,London,UPS,Sea,2023-12-14,2024-01-10,27,18,Customs Hold,4256.4,4,0,Heavy Rain,5.25,5,4,Natural Disaster,10.09,0.919,0.023,0.25,0.8258,1,28.6
SHP103480,Shanghai,Singapore,UPS,Rail,2024-04-24,2024-05-05,11,7,Out for Delivery,3972.81,1,0,Rain,1.65,5,7,Traffic Jam,4.36,0.918,0.086,0.12,0.5953,1,10.0
SHP103481,Mumbai,Singapore,FedEx,Road,2024-03-07,2024-03-14,7,3,Customs Hold,2750.59,4,1,Storm,7.75,6,10,Equipment Failure,5.95,0.926,0.243,0.33,0.9288,1,40.0
SHP103482,Rotterdam,New York,Maersk,Air,2023-02-25,2023-03-02,5,5,Delayed,588.54,3,0,Heavy Rain,5.31,4,3,Port Strike,9.48,0.838,0.38,0.27,1.0,1,44.9
SHP103483,Dubai,Chicago,DB Schenker,Rail,2023-03-10,2023-03-24,14,14,At Port,3723.44,4,0,Storm,7.58,3,1,None,0.28,0.862,0.253,0.33,0.9622,1,36.2
SHP103484,Los Angeles,Tokyo,FedEx,Sea,2023-06-02,2023-06-24,22,10,Customs Hold,2048.26,3,0,Fog,3.91,6,10,Equipment Failure,6.46,0.921,0.082,0.25,0.8289,1,65.5
SHP103485,Los Angeles,Tokyo,UPS,Air,2023-12-18,2023-12-22,4,2,In Transit,4854.74,3,1,Blizzard,8.52,3,10,Natural Disaster,9.81,0.925,0.362,0.25,1.0,1,22.6
SHP103486,Shanghai,Chicago,UPS,Road,2023-08-14,2023-08-21,7,7,Out for Delivery,2740.11,5,0,Snow,6.36,6,7,Traffic Jam,4.01,0.898,0.2,0.34,1.0,1,52.2
SHP103487,Dubai,Singapore,UPS,Air,2023-05-04,2023-05-08,4,8,Delayed,2104.33,5,1,Fog,3.53,2,2,Natural Disaster,9.84,0.927,0.396,0.15,1.0,1,76.6
SHP103488,Mumbai,Sydney,DB Schenker,Air,2024-04-11,2024-04-16,5,7,At Port,805.54,1,0,Rain,1.52,2,10,Natural Disaster,10.37,0.883,0.255,0.3,1.0,1,91.6
SHP103489,Los Angeles,Tokyo,FedEx,Air,2023-11-01,2023-11-05,4,3,Delayed,4458.96,4,1,Rain,1.8,2,6,Traffic Jam,4.31,0.88,0.105,0.25,0.7041,1,64.1
SHP103490,Dubai,New York,UPS,Air,2023-03-01,2023-03-03,2,4,At Port,4717.45,1,0,Rain,1.83,3,7,Port Strike,8.75,0.889,0.085,0.22,0.9438,1,84.8
SHP103491,Mumbai,Tokyo,DB Schenker,Rail,2024-08-09,2024-08-20,11,14,In Transit,2536.56,5,0,Clear,0.08,2,9,None,0.49,0.835,0.218,0.22,0.6367,1,32.8
SHP103492,Dubai,New York,DHL,Air,2023-12-01,2023-12-03,2,6,Customs Hold,868.38,2,0,Storm,8.27,4,2,Port Strike,8.94,0.872,0.092,0.22,1.0,1,14.0
SHP103493,Los Angeles,London,DB Schenker,Rail,2024-06-16,2024-06-30,14,3,Out for Delivery,2652.09,4,0,Snow,5.67,3,9,Port Strike,9.21,0.845,0.233,0.4,1.0,1,55.2
SHP103494,Rotterdam,Sydney,FedEx,Rail,2023-06-11,2023-06-19,8,11,At Port,3957.48,5,0,Heavy Rain,4.53,5,7,Natural Disaster,10.12,0.901,0.209,0.18,1.0,1,77.6
SHP103495,Hamburg,New York,FedEx,Sea,2024-09-18,2024-10-06,18,12,Out for Delivery,1252.04,4,0,Snow,5.82,3,6,None,0.0,0.897,0.16,0.2,0.6789,1,8.5
SHP103496,Mumbai,Tokyo,DHL,Air,2023-09-06,2023-09-10,4,8,At Port,4028.85,5,0,Blizzard,9.07,4,4,Natural Disaster,10.04,0.899,0.373,0.11,1.0,1,31.5
SHP103497,Los Angeles,Sydney,XPO Logistics,Sea,2024-11-16,2024-12-20,34,21,Delayed,2936.11,1,0,Fog,4.21,5,6,Port Strike,9.47,0.836,0.101,0.12,0.8924,1,41.6
SHP103498,Shanghai,New York,DB Schenker,Rail,2023-05-16,2023-05-27,11,6,Out for Delivery,3522.82,3,0,Storm,8.39,4,4,Traffic Jam,3.9,0.877,0.14,0.35,0.9551,1,40.8
SHP103499,Hamburg,Tokyo,FedEx,Air,2024-09-06,2024-09-11,5,4,Customs Hold,1506.78,2,1,Fog,4.2,3,9,Traffic Jam,3.64,0.885,0.335,0.42,1.0,1,32.4
SHP103500,Hamburg,London,DHL,Rail,2024-06-03,2024-06-15,12,2,Customs Hold,69.53,1,0,Snow,6.21,2,5,Equipment Failure,6.23,0.918,0.356,0.1,0.8169,1,33.6
SHP103501,Rotterdam,Tokyo,Maersk,Air,2023-06-04,2023-06-06,2,6,At Port,579.9,3,0,Fog,3.65,2,7,None,0.0,0.837,0.152,0.4,0.9773,1,63.2
SHP103502,Dubai,London,DB Schenker,Rail,2024-05-05,2024-05-14,9,1,In Transit,2403.1,5,0,Snow,6.29,5,10,Equipment Failure,5.66,0.91,0.247,0.12,0.7864,1,69.5
SHP103503,Los Angeles,Tokyo,Maersk,Air,2023-08-04,2023-08-08,4,2,Delayed,27.65,3,0,Fog,3.63,1,6,Equipment Failure,5.52,0.845,0.395,0.25,0.9226,1,45.3
SHP103504,Shanghai,Chicago,UPS,Sea,2023-11-07,2023-11-27,20,8,In Transit,1012.07,1,0,Heavy Rain,5.34,6,5,Equipment Failure,6.31,0.909,0.079,0.38,0.9658,1,16.5
SHP103505,Hamburg,Sydney,XPO Logistics,Sea,2023-04-16,2023-05-17,31,16,Delayed,1705.1,3,0,Clear,0.0,5,10,Equipment Failure,6.05,0.86,0.227,0.37,0.9248,1,8.3
SHP103506,Mumbai,London,DB Schenker,Air,2024-05-07,2024-05-09,2,3,Delayed,4242.94,1,0,Fog,3.63,3,1,Natural Disaster,9.69,0.846,0.133,0.1,0.9031,1,30.6
SHP103507,Mumbai,Tokyo,FedEx,Air,2023-04-06,2023-04-11,5,3,Customs Hold,2098.85,3,1,Blizzard,8.69,3,10,Equipment Failure,6.44,0.926,0.387,0.17,0.9882,1,89.1
SHP103508,Hamburg,Sydney,DHL,Road,2023-05-23,2023-05-28,5,9,Delayed,156.59,3,1,Clear,0.02,9,6,Natural Disaster,9.92,0.871,0.345,0.28,1.0,1,18.6
SHP103509,Hamburg,London,Maersk,Air,2023-06-25,2023-06-28,3,6,At Port,2475.98,5,0,Rain,2.18,4,3,Traffic Jam,4.28,0.884,0.362,0.1,0.9715,1,52.9
SHP103510,Hamburg,London,FedEx,Sea,2024-04-14,2024-05-06,22,13,In Transit,3478.55,4,1,Snow,6.36,4,10,Equipment Failure,5.95,0.898,0.348,0.1,0.8297,1,45.4
SHP103511,Dubai,Sydney,Maersk,Air,2023-04-17,2023-04-21,4,6,At Port,4197.8,2,0,Heavy Rain,4.67,1,3,Natural Disaster,10.08,0.884,0.194,0.21,1.0,1,26.4
SHP103512,Dubai,London,Maersk,Air,2024-10-20,2024-10-24,4,6,Out for Delivery,1044.16,2,0,Rain,1.59,2,1,Traffic Jam,4.22,0.821,0.384,0.31,1.0,1,40.3
SHP103513,Los Angeles,Sydney,DHL,Air,2023-12-16,2023-12-18,2,7,Delayed,3986.06,4,0,Clear,0.23,2,6,Equipment Failure,5.87,0.878,0.041,0.24,0.9756,1,69.6
SHP103514,Hamburg,Sydney,DHL,Sea,2024-07-06,2024-08-03,28,23,Out for Delivery,2034.09,3,1,Fog,4.19,3,1,Port Strike,9.09,0.861,0.07,0.39,0.9887,1,15.4
SHP103515,Shanghai,London,DHL,Rail,2023-04-21,2023-05-04,13,7,In Transit,482.24,2,0,Heavy Rain,5.06,2,2,Natural Disaster,10.34,0.893,0.284,0.24,0.9991,1,78.3
SHP103516,Rotterdam,Chicago,DB Schenker,Rail,2024-06-14,2024-06-27,13,2,Out for Delivery,2970.14,2,0,Storm,7.69,5,4,Natural Disaster,9.58,0.892,0.072,0.2,0.9586,1,9.0
SHP103517,Shanghai,Sydney,XPO Logistics,Road,2023-06-05,2023-06-08,3,6,At Port,4464.22,1,0,Snow,5.58,9,7,Port Strike,8.86,0.838,0.241,0.43,1.0,1,30.0
SHP103518,Rotterdam,New York,XPO Logistics,Sea,2023-07-26,2023-08-30,35,13,In Transit,1765.0,4,0,Rain,2.47,6,10,None,0.0,0.827,0.162,0.22,0.6577,1,14.6
SHP103519,Rotterdam,Tokyo,DB Schenker,Sea,2023-01-08,2023-02-04,27,24,Customs Hold,2516.88,5,0,Storm,7.92,4,10,Traffic Jam,4.35,0.861,0.363,0.33,1.0,1,86.0
SHP103520,Los Angeles,Chicago,XPO Logistics,Air,2024-06-19,2024-06-23,4,1,Delayed,2825.86,5,0,Blizzard,8.88,3,5,Traffic Jam,4.34,0.802,0.104,0.16,0.9088,1,6.4
SHP103521,Shanghai,Chicago,DHL,Sea,2023-03-02,2023-03-22,20,5,Out for Delivery,1376.41,4,1,Heavy Rain,5.3,4,1,Equipment Failure,6.33,0.917,0.081,0.34,0.9237,1,29.5
SHP103522,Dubai,Tokyo,DHL,Road,2024-11-15,2024-11-18,3,5,In Transit,2218.25,4,1,Clear,0.16,9,7,None,0.04,0.901,0.043,0.32,0.7379,1,58.8
SHP103523,Rotterdam,London,DHL,Road,2024-08-30,2024-09-04,5,10,In Transit,2585.95,3,0,Storm,8.2,9,9,Traffic Jam,4.31,0.928,0.351,0.36,1.0,1,95.9
SHP103524,Mumbai,Sydney,UPS,Road,2024-07-29,2024-08-01,3,4,Customs Hold,3120.92,1,0,Heavy Rain,5.32,9,1,Equipment Failure,5.75,0.875,0.358,0.3,1.0,1,39.8
SHP103525,Dubai,Sydney,Maersk,Sea,2023-07-06,2023-08-09,34,4,Delayed,92.71,4,0,Rain,2.27,5,4,Equipment Failure,5.81,0.899,0.16,0.2,0.7079,1,62.1
SHP103526,Mumbai,Chicago,FedEx,Rail,2024-06-28,2024-07-09,11,9,Delayed,4695.64,2,1,Heavy Rain,4.77,4,7,Natural Disaster,9.85,0.907,0.137,0.42,1.0,1,86.4
SHP103527,Los Angeles,London,Maersk,Sea,2024-10-26,2024-11-23,28,33,Out for Delivery,4303.57,4,1,Snow,5.55,3,7,Equipment Failure,6.21,0.844,0.241,0.41,1.0,1,69.8
SHP103528,Shanghai,Tokyo,Maersk,Sea,2024-01-09,2024-02-06,28,29,In Transit,2242.26,2,0,Snow,6.35,3,1,Natural Disaster,10.3,0.838,0.305,0.37,1.0,1,27.5
SHP103529,Hamburg,Sydney,UPS,Air,2024-07-28,2024-08-01,4,2,Customs Hold,1052.45,3,1,Heavy Rain,4.55,1,7,Traffic Jam,4.11,0.911,0.393,0.14,0.852,1,53.0
SHP103530,Mumbai,Sydney,XPO Logistics,Road,2024-11-06,2024-11-11,5,5,Out for Delivery,3038.97,1,0,Blizzard,9.26,9,3,Natural Disaster,9.88,0.839,0.307,0.3,1.0,1,68.1
SHP103531,Dubai,Sydney,XPO Logistics,Rail,2024-06-20,2024-07-04,14,19,In Transit,3562.74,1,0,Blizzard,9.24,3,9,None,0.09,0.83,0.36,0.29,1.0,1,66.5
SHP103532,Mumbai,Chicago,Maersk,Air,2023-11-15,2023-11-19,4,9,Customs Hold,4681.4,4,0,Clear,0.39,4,4,None,0.0,0.846,0.168,0.36,0.8718,1,13.3
SHP103533,Dubai,New York,FedEx,Air,2023-12-23,2023-12-26,3,1,Delayed,1542.72,2,1,Rain,1.56,3,9,Traffic Jam,4.2,0.94,0.275,0.41,0.8658,1,80.4
SHP103534,Mumbai,Chicago,XPO Logistics,Road,2024-05-02,2024-05-05,3,6,In Transit,4303.98,4,0,Heavy Rain,4.63,9,5,Natural Disaster,10.25,0.809,0.114,0.26,1.0,1,68.3
SHP103535,Rotterdam,Chicago,FedEx,Rail,2024-11-26,2024-12-10,14,17,Delayed,2634.0,2,1,Clear,0.0,4,10,None,0.0,0.911,0.194,0.2,0.5924,1,31.0
SHP103536,Rotterdam,Sydney,DB Schenker,Rail,2023-10-04,2023-10-12,8,10,Customs Hold,1650.22,1,0,Fog,3.85,3,4,Port Strike,8.98,0.854,0.278,0.13,0.9984,1,77.5
SHP103537,Rotterdam,New York,UPS,Air,2024-02-20,2024-02-22,2,1,Out for Delivery,2818.67,5,0,Blizzard,9.48,3,6,Port Strike,9.18,0.904,0.324,0.22,1.0,1,23.4
SHP103538,Shanghai,Chicago,DB Schenker,Air,2023-05-03,2023-05-07,4,4,Delayed,1976.24,1,1,Fog,3.79,1,5,None,0.13,0.902,0.199,0.4,0.7599,1,12.4
SHP103539,Hamburg,Chicago,DB Schenker,Air,2024-10-03,2024-10-08,5,9,Customs Hold,3710.54,4,0,Snow,6.29,2,4,Equipment Failure,5.63,0.843,0.284,0.39,1.0,1,17.4
SHP103540,Dubai,Singapore,UPS,Rail,2023-01-17,2023-01-29,12,13,Customs Hold,4213.32,3,0,Storm,8.14,2,10,None,0.0,0.943,0.209,0.15,0.644,1,60.0
SHP103541,Shanghai,Singapore,Maersk,Rail,2024-06-10,2024-06-20,10,9,Customs Hold,2836.17,5,1,Blizzard,9.15,5,4,None,0.33,0.836,0.121,0.39,1.0,1,32.1
SHP103542,Hamburg,Tokyo,DHL,Air,2024-02-22,2024-02-25,3,0,Customs Hold,2548.91,2,0,Rain,2.47,1,1,Traffic Jam,4.34,0.899,0.338,0.42,0.8505,1,22.0
SHP103543,Shanghai,London,DB Schenker,Rail,2023-09-19,2023-10-02,13,13,At Port,2244.77,2,0,Storm,8.15,4,7,Traffic Jam,3.68,0.897,0.206,0.15,0.8262,1,11.6
SHP103544,Shanghai,Sydney,Maersk,Rail,2024-05-14,2024-05-24,10,6,In Transit,2219.33,2,0,Rain,1.93,4,9,Port Strike,8.86,0.819,0.138,0.39,1.0,1,29.3
SHP103545,Dubai,Singapore,FedEx,Rail,2024-07-30,2024-08-14,15,5,Delayed,2937.12,1,1,Clear,0.44,3,10,Traffic Jam,3.81,0.917,0.381,0.15,0.617,1,12.0
SHP103546,Los Angeles,Singapore,UPS,Rail,2023-06-01,2023-06-16,15,4,Customs Hold,3093.18,3,0,Rain,2.16,2,1,Traffic Jam,3.71,0.944,0.064,0.15,0.3955,0,0.0
SHP103547,Rotterdam,Chicago,Maersk,Sea,2023-04-21,2023-05-19,28,0,In Transit,4461.66,3,0,Rain,2.29,4,6,Port Strike,8.84,0.837,0.364,0.2,0.9433,1,12.5
SHP103548,Dubai,Singapore,Maersk,Sea,2023-08-05,2023-08-31,26,13,Delayed,84.23,1,0,Fog,3.62,4,9,Traffic Jam,3.78,0.871,0.022,0.15,0.6128,1,35.8
SHP103549,Shanghai,London,XPO Logistics,Air,2024-03-02,2024-03-05,3,2,In Transit,667.84,3,0,Storm,8.47,2,3,Equipment Failure,6.03,0.839,0.082,0.16,0.8581,1,32.8
SHP103550,Dubai,New York,DHL,Air,2024-07-20,2024-07-23,3,5,Customs Hold,797.55,1,0,Heavy Rain,5.5,4,4,Port Strike,8.92,0.877,0.254,0.3,1.0,1,81.1
SHP103551,Los Angeles,Chicago,DB Schenker,Rail,2023-01-06,2023-01-21,15,6,In Transit,3702.85,2,0,Clear,0.0,2,3,None,0.0,0.863,0.179,0.33,0.6331,1,31.3
SHP103552,Dubai,New York,DB Schenker,Air,2024-07-30,2024-08-02,3,5,Delayed,724.85,1,1,Heavy Rain,4.63,1,1,None,0.0,0.878,0.204,0.13,0.6679,1,42.5
SHP103553,Mumbai,Sydney,UPS,Sea,2023-11-04,2023-12-05,31,9,Out for Delivery,2725.89,3,0,Fog,3.8,4,3,Traffic Jam,4.23,0.914,0.109,0.3,0.7109,1,58.5
SHP103554,Mumbai,New York,XPO Logistics,Sea,2024-05-04,2024-06-04,31,24,At Port,2513.73,2,0,Snow,6.26,3,10,Port Strike,8.64,0.839,0.339,0.14,1.0,1,29.9
SHP103555,Rotterdam,New York,DHL,Sea,2023-12-11,2024-01-06,26,17,At Port,1173.41,5,0,Fog,3.79,5,9,Port Strike,8.76,0.897,0.291,0.19,0.9702,1,71.0
SHP103556,Dubai,New York,FedEx,Road,2024-05-01,2024-05-08,7,2,At Port,455.64,2,0,Snow,5.67,8,4,Port Strike,9.3,0.894,0.289,0.2,1.0,1,61.5
SHP103557,Los Angeles,Sydney,FedEx,Air,2024-11-03,2024-11-06,3,0,In Transit,1728.94,3,1,Storm,8.19,1,9,Port Strike,8.93,0.945,0.109,0.26,0.7811,1,12.4
SHP103558,Hamburg,Singapore,XPO Logistics,Air,2023-11-11,2023-11-14,3,2,In Transit,3113.8,5,0,Storm,7.9,2,6,Natural Disaster,9.95,0.868,0.109,0.36,1.0,1,89.4
SHP103559,Rotterdam,Singapore,Maersk,Road,2023-05-09,2023-05-15,6,5,Delayed,4324.07,4,1,Heavy Rain,4.72,7,8,None,0.0,0.83,0.044,0.28,0.7703,1,56.1
SHP103560,Rotterdam,Singapore,DHL,Sea,2024-02-09,2024-03-13,33,30,Out for Delivery,4249.49,5,0,Snow,6.0,3,1,Traffic Jam,4.01,0.906,0.164,0.23,0.7933,1,68.0
SHP103561,Shanghai,Sydney,UPS,Rail,2024-02-06,2024-02-21,15,17,Delayed,3027.98,3,0,Rain,2.48,2,1,Equipment Failure,6.07,0.906,0.152,0.45,1.0,1,43.4
SHP103562,Mumbai,New York,DHL,Road,2023-07-17,2023-07-25,8,5,Delayed,4630.91,1,1,Snow,5.98,8,6,Port Strike,8.69,0.865,0.273,0.41,1.0,1,47.1
SHP103563,Mumbai,New York,XPO Logistics,Sea,2024-02-16,2024-03-06,19,8,Customs Hold,2881.89,3,0,Storm,7.91,5,8,Traffic Jam,3.59,0.828,0.351,0.36,1.0,1,53.7
SHP103564,Rotterdam,Chicago,UPS,Sea,2023-09-29,2023-10-20,21,26,At Port,2928.27,5,0,Storm,7.8,5,8,None,0.0,0.939,0.343,0.2,0.9044,1,26.1
SHP103565,Los Angeles,New York,Maersk,Air,2023-11-14,2023-11-19,5,9,At Port,2231.68,1,0,Fog,3.71,1,10,Port Strike,9.42,0.869,0.24,0.32,1.0,1,67.2
SHP103566,Dubai,Chicago,DHL,Air,2023-08-18,2023-08-21,3,7,At Port,714.55,4,1,Heavy Rain,5.31,2,10,Traffic Jam,3.59,0.909,0.223,0.42,1.0,1,44.5
SHP103567,Dubai,Tokyo,XPO Logistics,Air,2023-10-01,2023-10-06,5,4,Out for Delivery,4657.92,3,1,Blizzard,9.13,3,5,Port Strike,8.75,0.827,0.157,0.3,1.0,1,18.2
SHP103568,Hamburg,New York,Maersk,Air,2023-04-17,2023-04-22,5,7,Out for Delivery,4204.88,1,0,Snow,5.51,2,3,None,0.0,0.857,0.088,0.31,0.7973,1,45.9
SHP103569,Los Angeles,Tokyo,XPO Logistics,Road,2023-06-26,2023-07-03,7,4,Delayed,2778.83,1,1,Fog,4.12,6,4,Natural Disaster,9.86,0.825,0.208,0.25,1.0,1,12.0
SHP103570,Hamburg,Singapore,Maersk,Road,2024-01-06,2024-01-12,6,2,Out for Delivery,1263.71,5,1,Storm,7.73,7,6,Traffic Jam,4.11,0.85,0.147,0.17,0.9073,1,72.5
SHP103571,Dubai,London,Maersk,Rail,2024-06-24,2024-07-06,12,8,At Port,4386.79,1,0,Blizzard,9.25,2,9,Port Strike,9.03,0.864,0.153,0.43,1.0,1,59.0
SHP103572,Dubai,Singapore,DB Schenker,Road,2024-10-04,2024-10-10,6,7,Delayed,4937.73,5,0,Storm,7.91,8,7,Natural Disaster,10.09,0.887,0.089,0.15,1.0,1,26.2
SHP103573,Los Angeles,Singapore,XPO Logistics,Sea,2023-07-28,2023-08-27,30,30,Delayed,3135.48,3,0,Clear,0.37,4,10,Traffic Jam,4.11,0.845,0.28,0.2,0.7806,1,74.1
SHP103574,Hamburg,Chicago,UPS,Road,2023-09-20,2023-09-25,5,4,Delayed,1790.57,3,1,Clear,0.22,7,10,Port Strike,8.95,0.89,0.317,0.41,1.0,1,49.5
SHP103575,Rotterdam,London,XPO Logistics,Air,2024-08-09,2024-08-14,5,0,In Transit,2901.27,1,0,Rain,2.1,4,10,None,0.0,0.833,0.385,0.14,0.6783,1,20.2
SHP103576,Dubai,Sydney,UPS,Air,2023-10-03,2023-10-08,5,4,Delayed,1704.16,3,1,Heavy Rain,4.58,4,7,None,0.39,0.894,0.26,0.17,0.7061,1,36.0
SHP103577,Mumbai,New York,UPS,Rail,2024-04-18,2024-04-26,8,1,In Transit,1686.19,5,1,Clear,0.14,3,4,Natural Disaster,10.11,0.935,0.192,0.34,0.8337,1,21.3
SHP103578,Mumbai,Sydney,UPS,Air,2024-01-02,2024-01-04,2,4,Customs Hold,4616.91,1,0,Clear,0.0,2,1,Traffic Jam,4.29,0.936,0.111,0.3,0.8051,1,72.2
SHP103579,Hamburg,Sydney,XPO Logistics,Road,2024-03-18,2024-03-24,6,5,At Port,4081.67,2,0,Clear,0.37,8,10,None,0.43,0.827,0.021,0.2,0.755,1,45.8
SHP103580,Los Angeles,New York,FedEx,Rail,2024-11-01,2024-11-10,9,7,Customs Hold,3106.21,5,0,Heavy Rain,5.19,3,3,Traffic Jam,3.81,0.908,0.165,0.44,0.8867,1,60.2
SHP103581,Hamburg,Chicago,FedEx,Sea,2024-06-08,2024-07-09,31,22,In Transit,2674.12,5,0,Snow,6.47,5,8,None,0.0,0.909,0.26,0.3,0.8269,1,46.7
SHP103582,Dubai,Singapore,XPO Logistics,Sea,2024-07-23,2024-08-22,30,28,At Port,1246.59,4,0,Clear,0.0,3,5,Equipment Failure,6.41,0.866,0.288,0.15,0.848,1,62.6
SHP103583,Rotterdam,New York,DB Schenker,Air,2024-08-28,2024-08-30,2,2,Out for Delivery,108.5,5,0,Snow,5.66,1,4,Natural Disaster,9.89,0.842,0.122,0.13,0.8358,1,12.0
SHP103584,Rotterdam,New York,XPO Logistics,Sea,2023-12-10,2024-01-03,24,20,At Port,1006.13,2,0,Snow,6.15,5,5,Natural Disaster,9.84,0.833,0.231,0.38,1.0,1,33.6
SHP103585,Shanghai,New York,Maersk,Rail,2023-05-14,2023-05-27,13,0,Delayed,4727.11,1,0,Rain,1.65,5,6,Port Strike,9.08,0.851,0.241,0.35,0.978,1,85.1
SHP103586,Rotterdam,Tokyo,DHL,Sea,2024-07-18,2024-08-19,32,9,Customs Hold,30.91,2,0,Heavy Rain,4.84,4,2,Equipment Failure,5.97,0.92,0.323,0.38,0.9944,1,66.4
SHP103587,Hamburg,London,DB Schenker,Rail,2023-11-03,2023-11-16,13,16,Customs Hold,4649.01,4,1,Fog,4.3,3,7,None,0.0,0.88,0.314,0.1,0.707,1,66.6
SHP103588,Dubai,Tokyo,UPS,Air,2023-09-05,2023-09-10,5,10,Delayed,4565.36,3,1,Fog,4.46,2,4,None,0.15,0.937,0.277,0.4,0.9619,1,20.0
SHP103589,Los Angeles,Sydney,DB Schenker,Sea,2024-01-24,2024-02-20,27,20,Customs Hold,529.09,4,0,Snow,5.6,4,4,None,0.0,0.867,0.313,0.16,0.7812,1,7.5
SHP103590,Dubai,New York,Maersk,Air,2024-05-23,2024-05-25,2,6,Customs Hold,698.4,4,1,Storm,8.03,2,3,Natural Disaster,9.61,0.85,0.318,0.43,1.0,1,37.8
SHP103591,Mumbai,Tokyo,UPS,Sea,2024-05-16,2024-06-18,33,2,At Port,402.85,1,0,Rain,1.69,3,2,Port Strike,9.44,0.916,0.325,0.29,0.9217,1,85.9
SHP103592,Dubai,Chicago,Maersk,Sea,2024-09-16,2024-10-09,23,14,In Transit,4852.0,2,1,Storm,8.19,4,6,Traffic Jam,3.81,0.854,0.224,0.21,0.917,1,78.3
SHP103593,Mumbai,Chicago,DHL,Air,2024-02-23,2024-02-28,5,1,Out for Delivery,4558.94,3,0,Snow,5.81,3,5,Traffic Jam,3.56,0.9,0.268,0.14,0.7606,1,63.0
SHP103594,Mumbai,New York,DB Schenker,Air,2023-07-14,2023-07-16,2,4,Delayed,3284.2,5,0,Snow,6.29,4,2,Equipment Failure,5.91,0.835,0.248,0.35,1.0,1,86.0
SHP103595,Hamburg,New York,UPS,Road,2023-09-26,2023-09-29,3,8,Customs Hold,2813.75,2,0,Blizzard,8.9,8,10,Natural Disaster,9.7,0.922,0.093,0.15,1.0,1,32.9
SHP103596,Mumbai,London,FedEx,Air,2024-09-26,2024-09-28,2,3,At Port,4740.61,2,0,Blizzard,8.62,3,4,None,0.22,0.895,0.319,0.24,0.942,1,41.2
SHP103597,Los Angeles,London,UPS,Rail,2024-01-17,2024-01-29,12,7,Delayed,2403.69,3,0,Clear,0.0,5,6,Traffic Jam,3.82,0.898,0.304,0.27,0.8138,1,5.4
SHP103598,Los Angeles,Chicago,DB Schenker,Sea,2023-02-15,2023-03-20,33,28,Delayed,2141.13,3,0,Clear,0.41,3,7,None,0.0,0.9,0.309,0.19,0.6067,1,33.6
SHP103599,Los Angeles,Sydney,XPO Logistics,Road,2023-01-25,2023-02-02,8,9,At Port,4000.06,5,0,Fog,4.38,7,6,None,0.36,0.835,0.062,0.17,0.7376,1,59.3
SHP103600,Shanghai,Tokyo,FedEx,Sea,2024-05-08,2024-06-04,27,8,Out for Delivery,4892.15,1,0,Heavy Rain,5.41,5,1,None,0.0,0.905,0.246,0.18,0.6701,1,26.6
SHP103601,Rotterdam,London,DHL,Rail,2024-08-02,2024-08-14,12,13,Out for Delivery,3527.56,3,0,Rain,2.35,4,3,Traffic Jam,3.9,0.873,0.099,0.32,0.8313,1,15.8
SHP103602,Los Angeles,Sydney,Maersk,Rail,2024-05-26,2024-06-08,13,11,At Port,2329.72,4,0,Snow,5.8,5,8,None,0.0,0.797,0.343,0.17,0.9307,1,18.3
SHP103603,Los Angeles,Chicago,Maersk,Road,2023-02-05,2023-02-09,4,1,Customs Hold,4224.0,2,1,Storm,7.56,6,8,Port Strike,9.22,0.859,0.315,0.29,1.0,1,11.4
SHP103604,Dubai,London,XPO Logistics,Road,2023-05-07,2023-05-10,3,3,Delayed,3616.71,1,1,Blizzard,9.13,9,10,Port Strike,8.94,0.811,0.24,0.38,1.0,1,72.8
SHP103605,Shanghai,New York,Maersk,Road,2024-06-27,2024-07-02,5,9,Out for Delivery,1758.17,2,0,Rain,1.65,7,1,Equipment Failure,5.9,0.833,0.122,0.35,1.0,1,13.0
SHP103606,Shanghai,Chicago,FedEx,Air,2023-12-24,2023-12-26,2,1,Customs Hold,4179.33,3,0,Clear,0.34,3,10,None,0.07,0.936,0.328,0.25,0.6471,1,39.9
SHP103607,Dubai,Sydney,XPO Logistics,Rail,2023-11-27,2023-12-12,15,10,Out for Delivery,2967.02,2,0,Heavy Rain,5.32,5,4,Traffic Jam,4.04,0.844,0.044,0.18,0.7469,1,30.9
SHP103608,Shanghai,Chicago,XPO Logistics,Air,2024-05-28,2024-06-01,4,6,In Transit,1069.54,3,0,Fog,4.39,1,8,Equipment Failure,6.37,0.858,0.079,0.16,0.8383,1,60.9
SHP103609,Los Angeles,London,UPS,Sea,2023-09-22,2023-10-19,27,25,Out for Delivery,4566.31,2,1,Snow,6.05,4,8,None,0.12,0.92,0.111,0.44,0.8239,1,14.7
SHP103610,Mumbai,Sydney,DHL,Air,2024-01-18,2024-01-22,4,8,Delayed,898.16,4,1,Rain,1.81,3,3,Equipment Failure,6.35,0.904,0.198,0.3,0.9673,1,42.0
SHP103611,Hamburg,Chicago,Maersk,Sea,2023-04-04,2023-05-01,27,14,Out for Delivery,2995.43,5,1,Fog,3.94,5,3,Equipment Failure,5.54,0.841,0.041,0.37,0.8391,1,52.8
SHP103612,Dubai,Chicago,UPS,Sea,2023-02-08,2023-03-12,32,33,At Port,716.12,4,0,Clear,0.04,4,6,Natural Disaster,9.96,0.931,0.286,0.15,0.8643,1,33.0
SHP103613,Shanghai,Sydney,UPS,Road,2024-02-21,2024-03-02,10,6,Customs Hold,4060.14,1,0,Heavy Rain,4.59,7,9,Equipment Failure,5.59,0.904,0.027,0.38,0.8935,1,73.5
SHP103614,Dubai,Chicago,XPO Logistics,Air,2023-01-16,2023-01-21,5,2,Out for Delivery,4467.55,2,1,Snow,5.79,1,1,Port Strike,9.2,0.821,0.224,0.19,0.9366,1,75.9
SHP103615,Mumbai,London,FedEx,Rail,2024-05-09,2024-05-22,13,8,Out for Delivery,2895.24,1,0,Blizzard,8.97,3,6,Traffic Jam,4.27,0.92,0.333,0.3,1.0,1,80.4
SHP103616,Dubai,Singapore,DB Schenker,Rail,2024-06-25,2024-07-10,15,18,In Transit,3707.66,4,0,Blizzard,8.65,5,10,Traffic Jam,4.35,0.801,0.184,0.15,1.0,1,70.8
SHP103617,Rotterdam,Sydney,XPO Logistics,Rail,2023-03-29,2023-04-07,9,9,Out for Delivery,3857.59,1,0,Heavy Rain,5.34,5,8,None,0.0,0.816,0.294,0.36,1.0,1,22.1
SHP103618,Mumbai,Sydney,XPO Logistics,Sea,2023-04-25,2023-05-28,33,18,In Transit,1450.15,4,1,Fog,3.58,3,6,None,0.16,0.822,0.297,0.3,0.8603,1,69.4
SHP103619,Mumbai,Tokyo,UPS,Sea,2024-02-13,2024-03-14,30,3,In Transit,3361.91,2,0,Fog,3.61,3,1,Equipment Failure,6.22,0.888,0.082,0.21,0.7034,1,65.8
SHP103620,Dubai,New York,Maersk,Rail,2023-08-03,2023-08-15,12,6,Out for Delivery,3460.77,2,0,Blizzard,8.63,2,10,Traffic Jam,3.84,0.826,0.39,0.25,1.0,1,67.4
SHP103621,Los Angeles,London,UPS,Rail,2024-03-26,2024-04-09,14,14,Customs Hold,3871.2,4,0,Snow,6.38,3,10,Traffic Jam,4.32,0.927,0.295,0.34,0.9898,1,81.5
SHP103622,Shanghai,Chicago,DB Schenker,Sea,2024-07-28,2024-08-26,29,4,Customs Hold,3687.42,2,1,Blizzard,8.6,5,6,None,0.07,0.854,0.377,0.23,0.9219,1,6.3
SHP103623,Rotterdam,Singapore,XPO Logistics,Air,2023-05-22,2023-05-25,3,7,In Transit,3565.72,2,0,Fog,3.8,3,6,Traffic Jam,4.11,0.831,0.051,0.22,0.878,1,48.5
SHP103624,Mumbai,Singapore,UPS,Sea,2023-10-02,2023-10-26,24,24,Customs Hold,1613.57,2,1,Clear,0.0,4,7,None,0.34,0.949,0.125,0.31,0.5594,1,4.8
SHP103625,Rotterdam,Tokyo,XPO Logistics,Air,2024-07-25,2024-07-28,3,6,Out for Delivery,288.74,3,1,Heavy Rain,5.2,1,9,Traffic Jam,3.62,0.849,0.046,0.15,0.796,1,33.8
SHP103626,Hamburg,Singapore,DB Schenker,Air,2024-04-03,2024-04-06,3,6,Out for Delivery,2760.9,3,0,Fog,3.9,4,3,None,0.42,0.88,0.044,0.4,0.8755,1,77.4
SHP103627,Dubai,Singapore,Maersk,Sea,2023-08-03,2023-08-30,27,4,Out for Delivery,4784.25,5,1,Clear,0.12,5,10,Natural Disaster,10.41,0.863,0.173,0.15,0.8181,1,51.3
SHP103628,Los Angeles,Tokyo,DHL,Sea,2023-11-17,2023-12-20,33,1,In Transit,2695.24,5,0,Snow,6.12,6,2,Port Strike,8.68,0.886,0.067,0.25,0.8935,1,64.2
SHP103629,Hamburg,Tokyo,FedEx,Rail,2023-07-12,2023-07-24,12,0,At Port,3906.91,5,1,Blizzard,9.27,5,4,Traffic Jam,4.24,0.961,0.078,0.27,0.7369,1,39.5
SHP103630,Los Angeles,Sydney,DB Schenker,Rail,2023-03-23,2023-04-07,15,12,Delayed,2532.3,2,0,Storm,8.35,5,8,Natural Disaster,10.32,0.861,0.383,0.28,1.0,1,57.0
SHP103631,Mumbai,Tokyo,Maersk,Rail,2023-10-07,2023-10-20,13,18,In Transit,2435.23,1,0,Snow,6.1,5,1,Port Strike,8.59,0.862,0.182,0.37,1.0,1,88.7
SHP103632,Dubai,New York,FedEx,Sea,2024-07-26,2024-08-29,34,10,In Transit,4805.94,1,0,Snow,6.32,6,8,Port Strike,8.59,0.898,0.182,0.35,1.0,1,18.0
SHP103633,Mumbai,Chicago,FedEx,Sea,2024-05-21,2024-06-13,23,22,Customs Hold,4790.95,2,1,Clear,0.22,6,3,Traffic Jam,4.34,0.88,0.346,0.17,0.8241,1,77.5
SHP103634,Dubai,Tokyo,FedEx,Rail,2023-01-09,2023-01-17,8,2,Out for Delivery,2103.61,2,1,Storm,8.06,5,4,Equipment Failure,5.55,0.923,0.301,0.3,0.9638,1,41.7
SHP103635,Rotterdam,New York,FedEx,Rail,2023-04-19,2023-05-02,13,4,At Port,2045.47,2,1,Snow,6.26,5,6,Natural Disaster,9.6,0.926,0.36,0.34,1.0,1,37.3
SHP103636,Hamburg,New York,Maersk,Rail,2024-09-26,2024-10-10,14,10,Delayed,4401.89,1,0,Blizzard,9.17,4,8,Port Strike,8.76,0.837,0.198,0.4,1.0,1,64.6
SHP103637,Shanghai,Sydney,DB Schenker,Rail,2023-03-07,2023-03-19,12,13,Delayed,1729.19,1,0,Clear,0.02,2,2,None,0.0,0.862,0.3,0.18,0.6924,1,58.9
SHP103638,Los Angeles,Chicago,Maersk,Sea,2023-07-04,2023-07-28,24,21,Out for Delivery,251.34,2,1,Rain,2.27,3,1,Port Strike,8.73,0.799,0.256,0.19,0.9761,1,50.7
SHP103639,Rotterdam,London,Maersk,Air,2024-09-30,2024-10-05,5,3,Customs Hold,4883.04,3,0,Heavy Rain,5.19,3,3,Equipment Failure,6.26,0.819,0.319,0.32,1.0,1,29.1
SHP103640,Los Angeles,New York,XPO Logistics,Road,2023-09-13,2023-09-17,4,1,At Port,4495.8,1,0,Clear,0.07,9,5,None,0.14,0.833,0.077,0.34,0.7742,1,17.4
SHP103641,Hamburg,Singapore,Maersk,Road,2023-12-18,2023-12-22,4,2,Out for Delivery,1322.35,1,0,Fog,3.61,7,9,Equipment Failure,5.77,0.877,0.035,0.33,0.8969,1,40.1
SHP103642,Mumbai,London,DHL,Rail,2023-09-28,2023-10-08,10,10,Out for Delivery,4477.25,2,1,Fog,4.39,5,4,Port Strike,9.23,0.868,0.242,0.32,1.0,1,44.4
SHP103643,Los Angeles,London,DB Schenker,Rail,2023-06-08,2023-06-22,14,11,Out for Delivery,3758.29,1,0,Snow,6.45,5,3,Port Strike,8.97,0.889,0.103,0.4,1.0,1,95.1
SHP103644,Mumbai,London,XPO Logistics,Road,2023-03-03,2023-03-08,5,7,At Port,3888.19,2,0,Snow,6.35,6,1,None,0.0,0.843,0.272,0.42,1.0,1,49.4
SHP103645,Los Angeles,Tokyo,UPS,Air,2024-07-20,2024-07-23,3,3,In Transit,3956.27,4,0,Snow,5.83,4,7,Traffic Jam,3.69,0.921,0.19,0.25,0.86,1,81.8
SHP103646,Mumbai,Sydney,FedEx,Rail,2024-04-11,2024-04-21,10,1,At Port,1104.07,3,1,Storm,8.33,3,6,Equipment Failure,6.29,0.903,0.033,0.3,0.823,1,65.7
SHP103647,Dubai,Sydney,XPO Logistics,Air,2024-07-30,2024-08-02,3,0,Out for Delivery,225.03,3,1,Clear,0.36,4,7,Traffic Jam,3.93,0.849,0.18,0.4,0.7631,1,22.7
SHP103648,Hamburg,Sydney,DB Schenker,Rail,2023-01-12,2023-01-20,8,3,Delayed,2699.66,3,0,Rain,1.87,5,8,Equipment Failure,5.96,0.89,0.167,0.28,0.7535,1,18.4
SHP103649,Dubai,Singapore,FedEx,Sea,2024-01-06,2024-01-28,22,16,At Port,1787.5,5,0,Storm,8.09,6,4,Equipment Failure,6.37,0.906,0.063,0.15,0.7937,1,21.2
SHP103650,Shanghai,Tokyo,UPS,Air,2023-11-29,2023-12-03,4,1,Delayed,4856.4,5,1,Blizzard,9.2,4,9,Port Strike,8.98,0.933,0.277,0.31,1.0,1,75.0
SHP103651,Mumbai,New York,UPS,Air,2023-12-29,2024-01-01,3,2,In Transit,2657.96,5,1,Clear,0.0,4,1,Port Strike,9.03,0.907,0.317,0.17,0.85,1,23.7
SHP103652,Dubai,New York,Maersk,Rail,2024-04-08,2024-04-16,8,0,Out for Delivery,36.98,2,0,Fog,3.51,2,8,Port Strike,8.84,0.869,0.309,0.34,0.961,1,77.2
SHP103653,Dubai,Tokyo,FedEx,Sea,2023-06-26,2023-07-19,23,2,Customs Hold,1420.63,3,0,Heavy Rain,5.2,5,9,Equipment Failure,6.39,0.881,0.08,0.13,0.8216,1,50.6
SHP103654,Mumbai,Singapore,FedEx,Air,2023-02-01,2023-02-04,3,6,At Port,1531.27,5,1,Storm,7.57,1,4,Equipment Failure,6.22,0.885,0.284,0.44,1.0,1,76.2
SHP103655,Hamburg,Singapore,Maersk,Air,2023-10-15,2023-10-18,3,2,Customs Hold,121.61,2,0,Fog,4.11,1,8,None,0.0,0.83,0.109,0.25,0.6593,1,5.9
SHP103656,Shanghai,Sydney,DHL,Air,2023-09-23,2023-09-25,2,6,Customs Hold,1454.32,4,1,Fog,3.97,4,2,None,0.0,0.891,0.294,0.27,1.0,1,12.7
SHP103657,Rotterdam,Singapore,FedEx,Road,2023-08-05,2023-08-14,9,4,At Port,641.78,4,0,Snow,6.45,8,4,Traffic Jam,3.66,0.914,0.265,0.22,0.9165,1,55.6
SHP103658,Hamburg,Sydney,FedEx,Rail,2024-06-04,2024-06-13,9,6,Out for Delivery,1347.18,2,1,Heavy Rain,5.15,3,7,Port Strike,9.13,0.924,0.312,0.18,0.9903,1,79.1
SHP103659,Mumbai,London,UPS,Sea,2024-11-11,2024-12-13,32,33,Out for Delivery,4381.53,3,0,Blizzard,8.9,3,7,Port Strike,9.27,0.925,0.235,0.42,1.0,1,69.9
SHP103660,Dubai,Singapore,DB Schenker,Sea,2024-08-12,2024-09-01,20,9,Out for Delivery,2096.26,4,0,Heavy Rain,5.09,4,9,Traffic Jam,4.05,0.878,0.222,0.15,0.7943,1,66.5
SHP103661,Dubai,Tokyo,DB Schenker,Road,2024-04-29,2024-05-02,3,7,At Port,4108.32,2,0,Blizzard,8.59,9,1,Port Strike,9.47,0.841,0.151,0.15,1.0,1,52.8
SHP103662,Shanghai,Singapore,XPO Logistics,Rail,2023-05-13,2023-05-27,14,17,Out for Delivery,3400.62,5,0,Storm,7.85,2,9,None,0.12,0.803,0.305,0.19,0.9667,1,62.6
SHP103663,Rotterdam,Sydney,DB Schenker,Rail,2023-11-02,2023-11-12,10,1,Delayed,3482.35,2,0,Heavy Rain,4.55,5,9,None,0.0,0.857,0.309,0.33,0.8458,1,48.2
SHP103664,Shanghai,Chicago,DB Schenker,Road,2023-11-13,2023-11-19,6,4,Customs Hold,2752.34,4,0,Storm,7.84,6,4,Natural Disaster,9.86,0.897,0.355,0.11,1.0,1,60.0
SHP103665,Rotterdam,Sydney,FedEx,Air,2023-05-23,2023-05-27,4,9,Out for Delivery,3275.57,3,0,Blizzard,8.85,4,10,Traffic Jam,4.04,0.949,0.106,0.26,0.9911,1,93.8
SHP103666,Rotterdam,New York,DB Schenker,Air,2024-11-05,2024-11-08,3,6,Out for Delivery,1110.79,4,1,Fog,4.03,4,10,Equipment Failure,6.49,0.871,0.353,0.3,1.0,1,73.4
SHP103667,Mumbai,Chicago,FedEx,Air,2023-04-20,2023-04-23,3,5,At Port,385.16,2,0,Snow,5.52,2,7,Equipment Failure,6.44,0.935,0.25,0.13,0.8499,1,49.0
SHP103668,Hamburg,Chicago,FedEx,Rail,2023-05-16,2023-05-27,11,5,Out for Delivery,1528.82,5,0,Clear,0.19,4,4,Traffic Jam,3.93,0.913,0.146,0.44,0.7668,1,15.8
SHP103669,Los Angeles,Sydney,XPO Logistics,Road,2023-07-27,2023-07-31,4,8,In Transit,1739.25,5,0,Fog,4.41,8,2,Natural Disaster,10.32,0.855,0.097,0.17,1.0,1,14.9
SHP103670,Dubai,Tokyo,UPS,Rail,2024-05-12,2024-05-23,11,12,At Port,3380.31,4,0,Snow,6.34,2,6,Equipment Failure,5.61,0.894,0.122,0.34,0.9394,1,76.7
SHP103671,Shanghai,Chicago,DHL,Sea,2023-04-23,2023-05-21,28,11,Customs Hold,1795.39,2,0,Snow,5.8,6,7,None,0.14,0.895,0.133,0.33,0.6953,1,34.5
SHP103672,Rotterdam,Tokyo,FedEx,Road,2023-10-21,2023-10-29,8,8,Out for Delivery,4424.24,3,0,Blizzard,9.14,9,4,Natural Disaster,10.27,0.941,0.167,0.24,1.0,1,51.0
SHP103673,Rotterdam,Chicago,Maersk,Sea,2024-08-10,2024-09-08,29,15,Customs Hold,4368.02,4,0,Clear,0.0,5,5,None,0.33,0.877,0.338,0.2,0.6935,1,8.9
SHP103674,Hamburg,Chicago,Maersk,Sea,2024-11-07,2024-12-11,34,38,Delayed,3195.88,5,0,Clear,0.0,5,1,Equipment Failure,5.94,0.896,0.197,0.12,0.6338,1,42.8
SHP103675,Shanghai,Tokyo,FedEx,Rail,2023-04-10,2023-04-20,10,2,Out for Delivery,1261.93,3,1,Heavy Rain,5.4,2,7,None,0.0,0.932,0.33,0.31,0.6931,1,37.3
SHP103676,Rotterdam,Chicago,UPS,Road,2024-01-23,2024-01-26,3,7,Customs Hold,3417.53,5,0,Fog,4.27,8,5,Natural Disaster,9.67,0.93,0.21,0.2,1.0,1,89.9
SHP103677,Rotterdam,Singapore,XPO Logistics,Road,2023-10-15,2023-10-19,4,6,In Transit,432.66,3,0,Fog,4.02,9,3,None,0.0,0.825,0.254,0.16,0.8937,1,12.5
SHP103678,Los Angeles,Singapore,FedEx,Air,2024-11-13,2024-11-18,5,4,Delayed,3398.07,1,1,Heavy Rain,5.24,3,9,Equipment Failure,6.09,0.936,0.15,0.14,0.7367,1,22.3
SHP103679,Mumbai,Singapore,Maersk,Sea,2024-01-25,2024-02-15,21,17,At Port,4890.01,1,0,Storm,8.28,4,8,Equipment Failure,6.18,0.822,0.33,0.23,1.0,1,74.4
SHP103680,Los Angeles,Sydney,FedEx,Rail,2024-04-13,2024-04-28,15,20,Customs Hold,3901.59,5,0,Blizzard,8.73,5,10,Natural Disaster,10.31,0.896,0.323,0.1,1.0,1,7.6
SHP103681,Hamburg,Chicago,DHL,Rail,2023-11-17,2023-12-02,15,15,Customs Hold,4011.57,3,0,Blizzard,9.42,2,5,Traffic Jam,3.64,0.926,0.045,0.42,0.8808,1,13.4
SHP103682,Mumbai,New York,XPO Logistics,Rail,2023-12-13,2023-12-20,7,7,Delayed,4881.96,2,1,Fog,4.09,2,3,Traffic Jam,4.19,0.828,0.119,0.34,0.9369,1,28.0
SHP103683,Dubai,Tokyo,Maersk,Rail,2023-04-10,2023-04-20,10,12,Customs Hold,363.05,3,1,Fog,4.37,3,3,Natural Disaster,9.93,0.874,0.079,0.12,0.8756,1,34.5
SHP103684,Mumbai,London,DB Schenker,Rail,2023-12-01,2023-12-14,13,5,At Port,3657.25,2,0,Snow,5.83,3,9,None,0.49,0.892,0.098,0.25,0.6893,1,8.2
SHP103685,Los Angeles,Sydney,XPO Logistics,Rail,2024-05-24,2024-05-31,7,10,Delayed,4098.49,5,0,Blizzard,9.15,4,7,Natural Disaster,9.62,0.843,0.282,0.3,1.0,1,24.9
SHP103686,Hamburg,London,XPO Logistics,Air,2024-01-05,2024-01-09,4,3,Customs Hold,4767.11,3,0,Heavy Rain,4.61,3,2,Equipment Failure,6.02,0.838,0.023,0.1,0.7297,1,54.9
SHP103687,Dubai,London,Maersk,Rail,2023-10-27,2023-11-09,13,11,At Port,2079.2,4,0,Blizzard,9.32,3,3,Port Strike,9.2,0.887,0.088,0.28,1.0,1,55.3
SHP103688,Mumbai,London,XPO Logistics,Air,2023-04-11,2023-04-16,5,4,Out for Delivery,1320.14,5,1,Rain,2.31,1,1,Natural Disaster,9.84,0.812,0.282,0.41,1.0,1,61.1
SHP103689,Rotterdam,Chicago,UPS,Road,2024-05-02,2024-05-11,9,5,In Transit,2804.3,4,0,Clear,0.12,9,10,Traffic Jam,3.88,0.864,0.231,0.2,0.8399,1,77.2
SHP103690,Hamburg,Chicago,FedEx,Air,2024-05-14,2024-05-19,5,5,At Port,2365.41,3,0,Storm,8.01,4,4,None,0.0,0.89,0.368,0.29,1.0,1,89.0
SHP103691,Los Angeles,Singapore,FedEx,Air,2023-03-23,2023-03-28,5,6,Customs Hold,3629.96,1,1,Storm,7.73,4,8,Port Strike,9.06,0.965,0.385,0.44,1.0,1,11.6
SHP103692,Los Angeles,Tokyo,FedEx,Rail,2023-10-18,2023-10-30,12,11,Out for Delivery,74.9,4,0,Fog,4.2,5,6,None,0.2,0.915,0.145,0.25,0.7141,1,44.0
SHP103693,Mumbai,Chicago,DB Schenker,Road,2024-04-18,2024-04-22,4,0,Out for Delivery,4031.47,3,0,Snow,5.51,8,10,None,0.0,0.87,0.323,0.24,0.8516,1,22.1
SHP103694,Dubai,London,FedEx,Rail,2023-12-15,2023-12-23,8,12,At Port,3687.57,4,0,Heavy Rain,4.86,5,4,None,0.45,0.931,0.052,0.42,0.7615,1,52.2
SHP103695,Rotterdam,Sydney,XPO Logistics,Sea,2024-05-19,2024-06-14,26,14,In Transit,1645.16,3,1,Snow,5.94,5,2,Equipment Failure,5.78,0.849,0.294,0.37,1.0,1,52.9
SHP103696,Mumbai,Chicago,DB Schenker,Rail,2023-02-10,2023-02-24,14,12,Out for Delivery,4289.05,5,0,Heavy Rain,4.63,2,9,Port Strike,8.51,0.838,0.04,0.26,0.9348,1,44.5
SHP103697,Los Angeles,Sydney,DB Schenker,Rail,2024-11-02,2024-11-15,13,7,Customs Hold,4663.67,1,0,Clear,0.0,5,7,Equipment Failure,6.05,0.87,0.23,0.14,0.7182,1,4.6
SHP103698,Rotterdam,Singapore,DB Schenker,Rail,2023-03-05,2023-03-13,8,6,Out for Delivery,3995.5,1,0,Blizzard,8.92,2,9,Natural Disaster,10.49,0.842,0.192,0.21,1.0,1,53.7
SHP103699,Los Angeles,New York,FedEx,Sea,2023-05-26,2023-06-27,32,2,Delayed,2653.5,3,0,Blizzard,8.7,5,1,Traffic Jam,4.35,0.892,0.221,0.2,0.8884,1,27.1
SHP103700,Los Angeles,Sydney,FedEx,Rail,2023-12-16,2023-12-27,11,12,At Port,3210.22,1,0,Snow,5.87,2,9,Equipment Failure,6.14,0.924,0.158,0.39,0.9909,1,92.6
SHP103701,Rotterdam,Chicago,DHL,Road,2023-06-21,2023-07-01,10,14,In Transit,2533.99,2,0,Blizzard,8.9,8,2,Natural Disaster,9.51,0.876,0.349,0.2,1.0,1,30.4
SHP103702,Rotterdam,London,FedEx,Rail,2023-01-24,2023-02-08,15,19,Customs Hold,4349.34,5,0,Blizzard,8.71,5,2,None,0.08,0.932,0.223,0.32,0.8905,1,17.6
SHP103703,Los Angeles,Tokyo,UPS,Road,2024-09-18,2024-09-27,9,9,In Transit,2795.77,3,0,Storm,8.47,6,9,Traffic Jam,4.23,0.884,0.374,0.25,1.0,1,84.4
SHP103704,Shanghai,New York,FedEx,Road,2024-09-02,2024-09-09,7,9,At Port,1879.5,2,0,Snow,6.42,7,3,Natural Disaster,9.82,0.906,0.144,0.35,1.0,1,42.6
SHP103705,Los Angeles,London,Maersk,Rail,2024-07-02,2024-07-12,10,15,In Transit,4008.79,1,0,Heavy Rain,5.24,5,4,Natural Disaster,10.43,0.863,0.25,0.28,1.0,1,33.8
SHP103706,Mumbai,Singapore,XPO Logistics,Road,2024-11-05,2024-11-13,8,2,Delayed,204.07,5,0,Storm,7.78,6,3,Equipment Failure,5.85,0.818,0.077,0.32,1.0,1,57.1
SHP103707,Rotterdam,New York,DHL,Road,2023-09-13,2023-09-20,7,12,Customs Hold,2565.02,4,1,Heavy Rain,4.8,9,3,Port Strike,9.0,0.885,0.323,0.27,1.0,1,34.5
SHP103708,Los Angeles,Singapore,FedEx,Road,2023-08-31,2023-09-07,7,10,Customs Hold,4792.48,1,0,Fog,3.92,8,9,Traffic Jam,3.54,0.925,0.253,0.16,0.8492,1,65.0
SHP103709,Hamburg,New York,XPO Logistics,Road,2024-07-02,2024-07-07,5,10,Out for Delivery,444.4,2,0,Rain,2.03,7,6,Natural Disaster,10.34,0.798,0.265,0.29,1.0,1,47.1
SHP103710,Dubai,Chicago,UPS,Rail,2023-01-25,2023-02-01,7,1,Delayed,4467.35,2,0,Storm,7.69,2,1,Natural Disaster,10.5,0.936,0.22,0.21,0.9596,1,88.0
SHP103711,Shanghai,Sydney,DB Schenker,Rail,2023-03-20,2023-04-02,13,17,At Port,2670.27,3,0,Heavy Rain,5.46,5,8,Traffic Jam,4.44,0.869,0.397,0.43,1.0,1,57.0
SHP103712,Mumbai,Sydney,UPS,Road,2024-07-08,2024-07-15,7,11,Out for Delivery,3819.11,3,0,Rain,2.13,6,6,Port Strike,8.59,0.925,0.08,0.3,1.0,1,51.6
SHP103713,Hamburg,Chicago,UPS,Sea,2023-07-07,2023-08-08,32,5,Out for Delivery,2369.69,4,1,Fog,3.68,3,2,Natural Disaster,9.82,0.893,0.373,0.19,0.8797,1,26.0
SHP103714,Dubai,Chicago,Maersk,Rail,2023-02-15,2023-02-26,11,9,Customs Hold,1397.59,4,0,Blizzard,9.11,4,4,Port Strike,8.94,0.867,0.225,0.44,1.0,1,63.7
SHP103715,Dubai,Chicago,FedEx,Rail,2024-09-06,2024-09-18,12,3,Customs Hold,3477.4,1,0,Snow,6.23,4,6,None,0.36,0.902,0.04,0.15,0.575,1,19.0
SHP103716,Rotterdam,Sydney,DHL,Rail,2024-08-22,2024-08-31,9,4,In Transit,387.27,5,1,Clear,0.29,2,3,Equipment Failure,5.56,0.874,0.061,0.31,0.6634,1,53.1
SHP103717,Los Angeles,London,Maersk,Road,2024-04-07,2024-04-14,7,6,In Transit,2653.76,1,0,Clear,0.07,6,8,None,0.0,0.874,0.06,0.18,0.5436,1,23.6
SHP103718,Hamburg,New York,DHL,Road,2023-04-19,2023-04-24,5,10,Delayed,1372.83,1,0,Fog,3.98,6,8,Port Strike,8.89,0.862,0.164,0.28,1.0,1,38.8
SHP103719,Dubai,London,DHL,Air,2024-11-26,2024-11-29,3,3,In Transit,3326.3,5,1,Clear,0.31,4,9,Natural Disaster,9.58,0.896,0.215,0.15,0.8183,1,60.6
SHP103720,Los Angeles,New York,UPS,Rail,2023-12-07,2023-12-14,7,3,Customs Hold,1708.69,4,0,Snow,5.92,2,7,Natural Disaster,9.61,0.918,0.168,0.3,0.9506,1,77.8
SHP103721,Los Angeles,Sydney,DHL,Road,2023-07-21,2023-07-24,3,2,Out for Delivery,4049.14,4,1,Heavy Rain,4.9,8,10,Traffic Jam,3.74,0.868,0.2,0.13,0.8164,1,28.7
SHP103722,Los Angeles,Tokyo,DB Schenker,Air,2023-05-30,2023-06-02,3,7,Out for Delivery,1585.63,5,0,Rain,2.17,4,8,None,0.0,0.865,0.323,0.25,0.9943,1,35.5
SHP103723,Mumbai,Sydney,FedEx,Road,2024-09-21,2024-09-30,9,13,At Port,3266.56,3,0,Storm,7.89,6,10,Equipment Failure,5.63,0.911,0.214,0.3,1.0,1,42.3
SHP103724,Los Angeles,Chicago,DB Schenker,Rail,2024-06-21,2024-07-06,15,16,Customs Hold,2530.26,3,0,Clear,0.0,4,10,Equipment Failure,5.94,0.899,0.294,0.14,0.758,1,27.3
SHP103725,Dubai,New York,UPS,Road,2024-11-09,2024-11-14,5,5,At Port,1348.22,5,0,Clear,0.0,6,9,Traffic Jam,3.62,0.927,0.393,0.42,1.0,1,75.6
SHP103726,Rotterdam,Chicago,FedEx,Air,2023-02-17,2023-02-22,5,2,Out for Delivery,4265.36,2,0,Clear,0.31,1,4,None,0.0,0.913,0.313,0.2,0.5505,1,51.6
SHP103727,Hamburg,Sydney,FedEx,Air,2024-03-28,2024-03-31,3,5,At Port,4451.48,2,1,Rain,2.18,4,7,Equipment Failure,5.56,0.904,0.284,0.36,1.0,1,73.7
SHP103728,Los Angeles,Chicago,FedEx,Air,2024-07-17,2024-07-19,2,4,In Transit,3744.15,5,0,Snow,6.48,1,4,Traffic Jam,4.43,0.939,0.392,0.13,0.9343,1,14.1
SHP103729,Mumbai,London,XPO Logistics,Sea,2024-02-16,2024-03-20,33,3,In Transit,2086.36,1,0,Blizzard,9.21,3,4,Equipment Failure,5.84,0.826,0.242,0.3,1.0,1,43.9
SHP103730,Los Angeles,Singapore,UPS,Rail,2023-11-16,2023-11-26,10,12,Out for Delivery,67.29,2,0,Blizzard,9.36,4,10,None,0.41,0.885,0.131,0.38,1.0,1,28.1
SHP103731,Rotterdam,London,FedEx,Sea,2023-07-22,2023-08-14,23,17,Out for Delivery,2721.03,4,0,Storm,7.82,5,2,Port Strike,8.94,0.899,0.31,0.14,0.9949,1,52.6
SHP103732,Los Angeles,Chicago,Maersk,Sea,2023-10-05,2023-10-29,24,13,At Port,1420.24,4,0,Heavy Rain,4.9,3,1,Natural Disaster,9.69,0.845,0.182,0.12,0.9479,1,83.3
SHP103733,Rotterdam,Chicago,DB Schenker,Air,2023-12-20,2023-12-22,2,1,At Port,3017.35,3,0,Clear,0.35,4,2,Natural Disaster,9.91,0.853,0.36,0.2,1.0,1,75.0
SHP103734,Mumbai,Chicago,DB Schenker,Sea,2024-02-25,2024-03-27,31,24,In Transit,4028.95,2,0,Clear,0.0,4,7,None,0.22,0.887,0.385,0.22,0.6718,1,38.4
SHP103735,Mumbai,Chicago,DHL,Air,2024-02-21,2024-02-23,2,5,At Port,3805.37,3,1,Rain,2.02,4,9,None,0.0,0.897,0.217,0.29,0.832,1,58.1
SHP103736,Dubai,Sydney,Maersk,Road,2023-12-20,2023-12-26,6,2,In Transit,4079.9,4,1,Rain,2.11,9,9,Traffic Jam,4.26,0.84,0.345,0.33,1.0,1,86.2
SHP103737,Los Angeles,London,DHL,Air,2023-12-09,2023-12-11,2,0,Customs Hold,2415.02,5,1,Heavy Rain,5.41,1,2,Traffic Jam,3.76,0.887,0.266,0.15,0.6554,1,33.7
SHP103738,Rotterdam,London,DB Schenker,Rail,2023-04-28,2023-05-11,13,17,At Port,4952.1,3,0,Storm,7.59,4,9,Natural Disaster,10.47,0.907,0.261,0.14,1.0,1,38.4
SHP103739,Hamburg,Sydney,UPS,Air,2024-05-11,2024-05-15,4,9,Out for Delivery,2489.28,5,0,Blizzard,9.08,2,1,None,0.0,0.928,0.169,0.42,1.0,1,93.0
SHP103740,Rotterdam,New York,Maersk,Rail,2023-11-15,2023-11-24,9,0,Delayed,4477.79,4,0,Blizzard,9.26,4,6,Natural Disaster,10.32,0.853,0.345,0.37,1.0,1,70.2
SHP103741,Hamburg,Chicago,UPS,Rail,2023-12-12,2023-12-24,12,1,In Transit,3040.88,1,0,Rain,2.05,4,6,None,0.05,0.894,0.33,0.37,0.7248,1,12.9
SHP103742,Shanghai,Sydney,XPO Logistics,Sea,2024-01-30,2024-03-02,32,30,In Transit,2682.49,4,0,Storm,8.41,3,8,Natural Disaster,9.53,0.808,0.066,0.39,1.0,1,33.5
SHP103743,Los Angeles,New York,XPO Logistics,Rail,2023-07-27,2023-08-06,10,7,In Transit,1398.89,2,1,Rain,1.83,4,2,None,0.21,0.833,0.063,0.17,0.5612,1,47.8
SHP103744,Hamburg,London,Maersk,Road,2023-12-02,2023-12-06,4,3,At Port,1343.81,3,0,Fog,3.52,6,8,Port Strike,9.18,0.816,0.218,0.1,0.9286,1,14.9
SHP103745,Hamburg,Sydney,Maersk,Sea,2024-02-05,2024-03-11,35,1,Delayed,909.55,3,0,Snow,6.38,5,5,Equipment Failure,6.23,0.831,0.391,0.15,0.952,1,27.5
SHP103746,Shanghai,New York,UPS,Air,2024-07-13,2024-07-18,5,5,Delayed,3248.59,3,0,Rain,1.89,4,6,Equipment Failure,5.52,0.902,0.308,0.35,0.9564,1,75.5
SHP103747,Mumbai,New York,FedEx,Road,2024-07-24,2024-08-02,9,1,Customs Hold,4792.66,5,0,Rain,2.12,7,8,Traffic Jam,3.95,0.921,0.243,0.23,0.7434,1,46.5
SHP103748,Shanghai,London,XPO Logistics,Rail,2023-10-27,2023-11-03,7,7,In Transit,2238.47,5,0,Fog,3.66,3,4,Port Strike,8.89,0.836,0.191,0.34,1.0,1,91.3
SHP103749,Shanghai,Sydney,XPO Logistics,Sea,2023-09-18,2023-10-17,29,17,In Transit,541.5,1,0,Heavy Rain,5.43,4,5,None,0.0,0.802,0.044,0.37,0.8829,1,36.8
SHP103750,Hamburg,Sydney,DHL,Sea,2024-07-01,2024-07-20,19,11,At Port,3540.76,4,0,Blizzard,8.87,5,7,Natural Disaster,10.16,0.896,0.036,0.32,1.0,1,16.6
SHP103751,Hamburg,London,XPO Logistics,Road,2024-01-15,2024-01-21,6,7,Out for Delivery,4625.72,2,1,Rain,1.7,8,5,Natural Disaster,10.02,0.776,0.37,0.1,1.0,1,76.2
SHP103752,Los Angeles,Singapore,DB Schenker,Road,2023-04-16,2023-04-23,7,11,Out for Delivery,1367.55,5,1,Clear,0.36,6,9,Port Strike,9.19,0.887,0.35,0.17,1.0,1,88.6
SHP103753,Dubai,Singapore,UPS,Air,2024-04-09,2024-04-13,4,1,Customs Hold,3609.44,2,0,Snow,6.07,1,10,Equipment Failure,6.04,0.929,0.373,0.15,0.8274,1,44.8
SHP103754,Shanghai,New York,Maersk,Air,2024-05-20,2024-05-22,2,5,In Transit,2866.04,1,0,Fog,4.13,2,1,Natural Disaster,10.24,0.837,0.229,0.35,1.0,1,43.7
SHP103755,Hamburg,Chicago,Maersk,Air,2023-06-07,2023-06-10,3,1,Delayed,4197.16,1,0,Clear,0.17,4,6,Port Strike,8.57,0.808,0.042,0.25,0.8275,1,57.4
SHP103756,Rotterdam,London,DHL,Road,2023-03-25,2023-03-31,6,8,Out for Delivery,53.94,3,0,Clear,0.0,8,3,Port Strike,8.67,0.89,0.35,0.25,1.0,1,74.1
SHP103757,Shanghai,Sydney,UPS,Sea,2023-10-16,2023-11-18,33,12,Out for Delivery,3410.42,1,0,Fog,3.71,6,9,None,0.0,0.914,0.082,0.41,0.6467,1,50.1
SHP103758,Shanghai,Tokyo,DHL,Road,2024-10-09,2024-10-19,10,0,Out for Delivery,2169.27,1,0,Clear,0.24,9,2,Equipment Failure,5.98,0.911,0.209,0.42,0.9316,1,16.1
SHP103759,Los Angeles,Chicago,DHL,Rail,2024-10-21,2024-10-31,10,1,Delayed,3967.74,1,0,Heavy Rain,4.95,5,4,Port Strike,8.86,0.86,0.193,0.36,1.0,1,66.8
SHP103760,Rotterdam,New York,DHL,Air,2024-01-24,2024-01-26,2,4,Customs Hold,1877.0,3,0,Rain,2.38,2,5,Equipment Failure,6.47,0.948,0.071,0.16,0.685,1,42.3
SHP103761,Dubai,London,XPO Logistics,Sea,2023-04-16,2023-05-16,30,12,Delayed,2163.01,5,0,Storm,8.49,5,5,Equipment Failure,6.12,0.866,0.118,0.37,1.0,1,54.1
SHP103762,Los Angeles,Sydney,FedEx,Rail,2024-08-09,2024-08-22,13,9,Delayed,407.9,5,0,Heavy Rain,5.29,2,1,Natural Disaster,10.01,0.905,0.248,0.31,0.9911,1,10.6
SHP103763,Mumbai,Singapore,UPS,Air,2024-10-28,2024-11-02,5,10,Customs Hold,2275.13,3,0,Rain,2.2,3,10,Traffic Jam,3.82,0.895,0.134,0.43,0.9338,1,52.8
SHP103764,Mumbai,New York,XPO Logistics,Road,2023-02-16,2023-02-25,9,1,At Port,1523.43,1,0,Blizzard,8.96,6,4,Natural Disaster,9.89,0.85,0.297,0.31,1.0,1,20.0
SHP103765,Mumbai,Chicago,UPS,Rail,2023-06-08,2023-06-16,8,5,In Transit,1753.45,1,1,Heavy Rain,4.53,4,10,None,0.0,0.9,0.34,0.33,0.8502,1,16.6
SHP103766,Hamburg,Chicago,Maersk,Sea,2024-09-07,2024-10-06,29,9,At Port,246.35,4,1,Heavy Rain,4.87,3,2,Natural Disaster,10.42,0.833,0.041,0.31,1.0,1,53.9
SHP103767,Hamburg,Singapore,FedEx,Air,2023-09-04,2023-09-09,5,5,Delayed,1771.22,2,1,Storm,8.2,1,8,Traffic Jam,4.15,0.934,0.086,0.27,0.8223,1,12.9
SHP103768,Hamburg,Singapore,DHL,Rail,2024-10-29,2024-11-11,13,14,Out for Delivery,1019.07,5,0,Heavy Rain,5.45,4,5,Port Strike,8.54,0.877,0.034,0.33,1.0,1,48.4
SHP103769,Hamburg,Singapore,FedEx,Air,2024-11-24,2024-11-29,5,0,At Port,4864.08,3,1,Storm,7.97,2,2,Traffic Jam,3.76,0.914,0.098,0.32,0.8288,1,36.2
SHP103770,Dubai,Chicago,DHL,Sea,2024-10-07,2024-11-01,25,30,Delayed,4917.8,3,0,Rain,1.78,5,9,None,0.44,0.913,0.203,0.37,0.8081,1,51.3
SHP103771,Dubai,Singapore,DB Schenker,Rail,2023-08-13,2023-08-22,9,7,Out for Delivery,1455.58,1,0,Fog,3.87,3,6,Equipment Failure,5.88,0.893,0.321,0.15,0.7977,1,74.9
SHP103772,Los Angeles,Chicago,UPS,Rail,2024-10-10,2024-10-18,8,6,Delayed,3445.05,2,0,Snow,6.28,3,2,None,0.07,0.914,0.211,0.42,0.8708,1,8.7
SHP103773,Dubai,Sydney,DHL,Road,2023-07-05,2023-07-13,8,4,Delayed,2443.19,1,1,Heavy Rain,5.39,7,2,Port Strike,9.07,0.88,0.034,0.35,1.0,1,54.2
SHP103774,Los Angeles,New York,UPS,Road,2024-01-01,2024-01-06,5,8,In Transit,2308.96,2,0,Snow,5.55,6,5,Equipment Failure,6.41,0.887,0.11,0.14,0.9335,1,61.9
SHP103775,Los Angeles,London,DB Schenker,Sea,2023-10-30,2023-11-23,24,10,In Transit,274.96,2,1,Snow,5.59,3,10,Traffic Jam,4.35,0.894,0.249,0.14,0.8023,1,7.6
SHP103776,Mumbai,Sydney,XPO Logistics,Sea,2023-07-16,2023-08-09,24,11,At Port,3438.47,5,0,Storm,8.09,6,9,Traffic Jam,4.49,0.794,0.298,0.3,1.0,1,36.8
SHP103777,Rotterdam,Sydney,XPO Logistics,Sea,2023-09-26,2023-10-19,23,1,Customs Hold,3168.98,5,1,Fog,3.68,6,4,Equipment Failure,6.05,0.793,0.112,0.32,0.9697,1,58.8
SHP103778,Dubai,Tokyo,FedEx,Rail,2024-06-23,2024-07-08,15,19,At Port,2598.32,2,1,Rain,1.71,4,3,Equipment Failure,6.21,0.913,0.265,0.2,0.8331,1,75.1
SHP103779,Hamburg,Singapore,DHL,Rail,2023-03-05,2023-03-17,12,12,At Port,1416.63,1,1,Fog,4.03,5,8,Natural Disaster,10.25,0.872,0.237,0.34,1.0,1,83.2
SHP103780,Dubai,London,DHL,Rail,2023-01-17,2023-01-24,7,12,Delayed,1626.01,5,0,Heavy Rain,4.76,4,10,Traffic Jam,3.9,0.877,0.068,0.1,0.7408,1,25.2
SHP103781,Los Angeles,Sydney,DB Schenker,Sea,2024-05-08,2024-05-31,23,18,At Port,1094.62,3,0,Snow,5.64,3,9,Equipment Failure,6.04,0.913,0.233,0.14,0.7628,1,45.9
SHP103782,Dubai,London,DB Schenker,Road,2024-01-31,2024-02-08,8,5,Delayed,127.3,1,1,Snow,5.56,6,9,Equipment Failure,5.54,0.904,0.11,0.12,0.7036,1,21.5
SHP103783,Shanghai,London,Maersk,Air,2023-04-02,2023-04-04,2,0,In Transit,4750.96,4,0,Blizzard,9.09,3,5,Equipment Failure,6.23,0.824,0.306,0.38,1.0,1,94.2
SHP103784,Mumbai,Chicago,Maersk,Road,2023-09-06,2023-09-10,4,6,In Transit,2501.29,4,0,Storm,8.22,8,1,Natural Disaster,10.28,0.86,0.025,0.37,1.0,1,34.0
SHP103785,Mumbai,New York,DHL,Rail,2023-03-24,2023-04-01,8,5,At Port,1852.81,1,0,Clear,0.0,4,4,None,0.0,0.913,0.355,0.21,0.615,1,57.8
SHP103786,Hamburg,Singapore,XPO Logistics,Road,2023-06-01,2023-06-05,4,7,Customs Hold,4723.85,1,0,Blizzard,8.81,7,1,Port Strike,9.29,0.861,0.04,0.31,1.0,1,52.1
SHP103787,Shanghai,New York,XPO Logistics,Rail,2023-09-24,2023-10-08,14,18,Customs Hold,427.31,5,0,Blizzard,8.9,2,7,Port Strike,9.34,0.823,0.397,0.35,1.0,1,29.7
SHP103788,Hamburg,Chicago,DHL,Air,2024-06-04,2024-06-06,2,1,At Port,2239.16,4,1,Storm,8.15,1,10,Equipment Failure,5.87,0.853,0.063,0.43,1.0,1,32.8
SHP103789,Los Angeles,London,XPO Logistics,Road,2023-05-26,2023-06-01,6,9,Delayed,669.25,1,0,Snow,5.51,9,3,Equipment Failure,5.81,0.844,0.374,0.32,1.0,1,43.9
SHP103790,Hamburg,Chicago,XPO Logistics,Road,2023-05-28,2023-06-02,5,2,At Port,880.95,2,0,Blizzard,9.42,6,5,Traffic Jam,4.16,0.818,0.152,0.2,0.9156,1,21.0
SHP103791,Mumbai,Chicago,FedEx,Rail,2023-10-09,2023-10-22,13,7,Delayed,3057.48,4,1,Rain,2.02,4,1,Port Strike,9.12,0.943,0.03,0.21,0.805,1,32.0
SHP103792,Dubai,Tokyo,DHL,Road,2024-09-01,2024-09-11,10,8,Delayed,1472.47,4,0,Rain,1.54,9,2,Traffic Jam,3.76,0.924,0.253,0.3,0.8784,1,62.1
SHP103793,Dubai,Sydney,FedEx,Air,2024-01-10,2024-01-12,2,7,Out for Delivery,1893.75,4,0,Clear,0.44,4,9,Traffic Jam,3.65,0.902,0.332,0.13,0.9668,1,40.1
SHP103794,Shanghai,Chicago,FedEx,Air,2023-06-18,2023-06-21,3,3,At Port,3742.56,4,1,Storm,7.54,4,2,Port Strike,9.13,0.9,0.1,0.12,0.9162,1,49.0
SHP103795,Hamburg,London,XPO Logistics,Sea,2023-11-10,2023-12-15,35,36,Customs Hold,3963.13,4,0,Clear,0.0,5,1,Natural Disaster,9.52,0.874,0.355,0.1,0.96,1,81.4
SHP103796,Mumbai,New York,FedEx,Air,2024-06-10,2024-06-15,5,1,At Port,4037.59,1,0,Fog,4.26,4,4,Traffic Jam,3.51,0.923,0.355,0.35,0.8343,1,69.1
SHP103797,Rotterdam,Sydney,DB Schenker,Air,2024-08-20,2024-08-22,2,4,Out for Delivery,4490.46,2,0,Snow,6.48,2,5,Natural Disaster,9.71,0.874,0.128,0.24,1.0,1,63.0
SHP103798,Los Angeles,Singapore,UPS,Sea,2024-01-19,2024-02-23,35,2,At Port,4846.97,4,0,Heavy Rain,4.53,6,7,None,0.49,0.912,0.17,0.21,0.6038,1,43.8
SHP103799,Hamburg,New York,FedEx,Sea,2023-09-02,2023-10-05,33,5,In Transit,3184.98,1,1,Fog,4.45,5,4,Natural Disaster,9.54,0.908,0.318,0.15,0.8951,1,76.8
SHP103800,Hamburg,New York,UPS,Air,2023-05-23,2023-05-28,5,5,Out for Delivery,3095.44,3,0,Storm,7.7,3,8,Equipment Failure,5.82,0.862,0.295,0.25,1.0,1,88.3
SHP103801,Los Angeles,Singapore,XPO Logistics,Air,2024-04-05,2024-04-10,5,6,At Port,4390.87,3,0,Fog,4.1,4,5,None,0.0,0.842,0.191,0.27,0.8248,1,20.5
SHP103802,Mumbai,Sydney,FedEx,Rail,2024-06-06,2024-06-21,15,11,In Transit,1483.33,5,1,Blizzard,8.79,5,9,Traffic Jam,3.96,0.956,0.382,0.3,1.0,1,13.8
SHP103803,Rotterdam,Singapore,FedEx,Sea,2023-04-05,2023-05-08,33,1,Out for Delivery,914.4,5,0,Fog,4.16,3,9,Port Strike,9.11,0.893,0.221,0.42,0.9536,1,38.2
SHP103804,Mumbai,Chicago,Maersk,Sea,2024-06-26,2024-07-17,21,5,Delayed,4984.81,2,0,Blizzard,9.48,3,6,Natural Disaster,10.16,0.855,0.359,0.13,1.0,1,30.6
SHP103805,Los Angeles,Tokyo,XPO Logistics,Road,2023-05-13,2023-05-17,4,5,In Transit,1058.42,1,0,Blizzard,8.9,9,2,Natural Disaster,10.28,0.794,0.154,0.25,1.0,1,70.3
SHP103806,Hamburg,New York,FedEx,Sea,2024-08-16,2024-09-18,33,30,Delayed,564.84,3,0,Rain,2.28,6,7,Port Strike,8.89,0.887,0.084,0.35,0.9813,1,67.0
SHP103807,Hamburg,Tokyo,XPO Logistics,Air,2024-02-24,2024-02-26,2,1,In Transit,3784.32,2,0,Clear,0.0,2,1,Equipment Failure,5.89,0.834,0.182,0.11,0.623,1,8.9
SHP103808,Mumbai,Tokyo,UPS,Air,2024-08-22,2024-08-25,3,3,At Port,2921.69,3,0,Snow,6.23,4,9,Equipment Failure,5.73,0.919,0.305,0.12,0.8805,1,43.5
SHP103809,Mumbai,New York,DHL,Road,2023-04-29,2023-05-05,6,2,Out for Delivery,4073.85,1,0,Heavy Rain,5.49,8,8,Traffic Jam,4.39,0.877,0.03,0.11,0.6739,1,29.4
SHP103810,Dubai,Tokyo,DB Schenker,Air,2024-07-13,2024-07-17,4,3,Out for Delivery,1107.51,3,1,Heavy Rain,4.55,3,9,Natural Disaster,9.62,0.862,0.213,0.35,1.0,1,35.7
SHP103811,Rotterdam,Singapore,UPS,Rail,2023-09-29,2023-10-13,14,16,At Port,823.21,1,0,Storm,7.96,4,6,Traffic Jam,3.94,0.903,0.258,0.22,0.9388,1,27.8
SHP103812,Los Angeles,Chicago,DHL,Road,2024-03-11,2024-03-18,7,3,Out for Delivery,2812.03,4,0,Snow,6.21,7,8,Natural Disaster,10.18,0.896,0.033,0.13,0.782,1,66.6
SHP103813,Dubai,Tokyo,DHL,Sea,2024-10-24,2024-11-28,35,26,At Port,1230.57,1,1,Blizzard,8.8,6,4,Traffic Jam,4.3,0.891,0.268,0.27,1.0,1,49.2
SHP103814,Hamburg,London,Maersk,Sea,2023-10-06,2023-10-30,24,1,Delayed,732.08,2,0,Snow,6.21,3,4,Equipment Failure,5.86,0.847,0.393,0.1,0.899,1,40.4
SHP103815,Hamburg,Chicago,FedEx,Road,2023-05-15,2023-05-22,7,3,Customs Hold,2987.47,2,0,Clear,0.0,7,5,None,0.0,0.901,0.297,0.3,0.7449,1,33.3
SHP103816,Los Angeles,Singapore,UPS,Sea,2024-03-09,2024-04-11,33,6,In Transit,4609.01,3,0,Fog,3.58,3,3,Port Strike,9.39,0.883,0.29,0.25,0.9644,1,71.8
SHP103817,Mumbai,New York,DHL,Rail,2024-04-26,2024-05-08,12,16,In Transit,3286.92,1,0,Fog,3.86,4,2,Port Strike,9.31,0.886,0.081,0.38,1.0,1,15.8
SHP103818,Rotterdam,Singapore,DHL,Rail,2023-07-10,2023-07-20,10,10,Customs Hold,4921.33,3,1,Heavy Rain,4.9,4,1,Traffic Jam,4.34,0.869,0.145,0.11,0.7518,1,48.7
SHP103819,Shanghai,New York,FedEx,Rail,2023-03-01,2023-03-10,9,1,Customs Hold,951.53,2,0,Rain,2.13,3,8,Equipment Failure,5.89,0.898,0.303,0.35,0.835,1,32.7
SHP103820,Dubai,Singapore,Maersk,Air,2024-01-29,2024-02-01,3,2,Out for Delivery,4135.25,4,0,Rain,2.02,2,2,None,0.15,0.847,0.281,0.15,0.6868,1,44.8
SHP103821,Los Angeles,London,DHL,Sea,2024-10-28,2024-11-17,20,14,In Transit,3779.62,2,0,Rain,2.22,5,6,Equipment Failure,6.31,0.871,0.38,0.38,1.0,1,20.8
SHP103822,Los Angeles,Singapore,Maersk,Road,2024-02-03,2024-02-08,5,9,At Port,617.12,5,0,Heavy Rain,5.42,8,3,Natural Disaster,10.06,0.842,0.354,0.16,1.0,1,20.6
SHP103823,Mumbai,London,UPS,Road,2023-06-03,2023-06-07,4,7,At Port,2040.36,5,0,Heavy Rain,5.22,8,1,Port Strike,9.47,0.927,0.053,0.34,1.0,1,42.6
SHP103824,Dubai,Tokyo,DB Schenker,Air,2024-03-01,2024-03-06,5,0,At Port,1273.1,5,1,Heavy Rain,5.16,4,4,None,0.0,0.881,0.107,0.44,0.7388,1,15.5
SHP103825,Rotterdam,Chicago,UPS,Air,2024-07-22,2024-07-26,4,3,Out for Delivery,613.5,1,0,Heavy Rain,4.72,3,7,Port Strike,8.67,0.888,0.3,0.2,0.9639,1,14.6
SHP103826,Mumbai,Sydney,FedEx,Road,2024-01-10,2024-01-20,10,14,At Port,4328.13,3,0,Snow,6.14,6,7,Natural Disaster,9.51,0.963,0.186,0.3,1.0,1,65.3
SHP103827,Shanghai,Tokyo,Maersk,Air,2024-11-15,2024-11-17,2,2,Customs Hold,1751.13,1,0,Blizzard,9.25,3,10,None,0.13,0.879,0.263,0.41,0.9798,1,51.1
SHP103828,Los Angeles,Singapore,DHL,Road,2023-07-27,2023-07-30,3,0,Delayed,2998.38,5,0,Heavy Rain,4.73,8,5,None,0.25,0.887,0.09,0.33,0.7398,1,55.0
SHP103829,Dubai,Sydney,DHL,Road,2024-09-18,2024-09-27,9,4,Delayed,3124.96,2,0,Clear,0.0,6,5,Equipment Failure,5.58,0.91,0.032,0.13,0.5343,1,43.9
SHP103830,Mumbai,Singapore,XPO Logistics,Sea,2023-12-27,2024-01-22,26,3,Out for Delivery,3234.98,2,0,Fog,3.52,5,1,Natural Disaster,10.14,0.847,0.264,0.39,1.0,1,33.6
SHP103831,Rotterdam,Chicago,XPO Logistics,Air,2023-01-04,2023-01-06,2,5,At Port,3680.26,5,0,Heavy Rain,4.77,2,6,Traffic Jam,4.35,0.878,0.294,0.2,1.0,1,23.1
SHP103832,Los Angeles,New York,DHL,Rail,2024-07-28,2024-08-09,12,10,Out for Delivery,3850.56,4,0,Clear,0.13,5,7,None,0.34,0.865,0.169,0.43,0.7538,1,6.6
SHP103833,Mumbai,London,DB Schenker,Rail,2024-05-03,2024-05-12,9,12,Out for Delivery,4510.91,3,0,Clear,0.01,5,9,Port Strike,9.36,0.884,0.146,0.26,0.8881,1,11.9
SHP103834,Mumbai,New York,Maersk,Sea,2023-10-26,2023-11-18,23,9,Out for Delivery,3193.2,2,0,Snow,6.41,6,1,Natural Disaster,10.46,0.856,0.061,0.12,0.9533,1,60.9
SHP103835,Hamburg,Tokyo,DB Schenker,Sea,2024-02-17,2024-03-23,35,14,Out for Delivery,797.43,2,0,Clear,0.0,3,10,Equipment Failure,6.06,0.898,0.295,0.4,0.8122,1,67.2
SHP103836,Shanghai,Sydney,DB Schenker,Sea,2023-08-02,2023-08-26,24,25,Delayed,2081.44,1,0,Blizzard,8.6,3,10,Equipment Failure,5.68,0.891,0.345,0.34,1.0,1,82.4
SHP103837,Los Angeles,Tokyo,DHL,Road,2023-01-20,2023-01-24,4,9,Customs Hold,1012.41,1,0,Snow,6.4,7,8,None,0.19,0.88,0.077,0.25,0.9164,1,65.7
SHP103838,Rotterdam,Singapore,UPS,Road,2023-08-04,2023-08-12,8,4,In Transit,1582.07,3,1,Snow,5.83,8,5,Traffic Jam,3.82,0.944,0.163,0.33,0.8744,1,27.7
SHP103839,Los Angeles,New York,Maersk,Sea,2023-10-07,2023-10-28,21,17,Customs Hold,3838.27,5,0,Clear,0.0,6,5,Port Strike,8.72,0.834,0.045,0.36,0.9563,1,51.0
SHP103840,Shanghai,London,Maersk,Sea,2023-08-01,2023-09-01,31,1,Customs Hold,179.26,5,0,Snow,6.11,6,6,Port Strike,8.95,0.856,0.343,0.4,1.0,1,72.7
SHP103841,Mumbai,Tokyo,UPS,Air,2024-04-22,2024-04-25,3,4,In Transit,2550.09,3,0,Storm,8.12,1,4,None,0.09,0.892,0.214,0.31,0.8894,1,20.7
SHP103842,Dubai,New York,Maersk,Rail,2024-03-16,2024-03-26,10,0,Out for Delivery,3985.76,3,1,Clear,0.0,2,5,Port Strike,9.09,0.844,0.382,0.12,0.8235,1,28.5
SHP103843,Hamburg,Tokyo,XPO Logistics,Sea,2023-07-25,2023-08-18,24,1,Delayed,1844.13,2,0,Heavy Rain,4.85,4,1,Port Strike,8.88,0.819,0.367,0.3,1.0,1,71.0
SHP103844,Dubai,New York,UPS,Road,2024-08-11,2024-08-15,4,5,Out for Delivery,2052.57,1,0,Storm,7.61,6,2,Equipment Failure,6.01,0.953,0.378,0.28,1.0,1,30.1
SHP103845,Shanghai,New York,Maersk,Road,2023-09-02,2023-09-08,6,3,Out for Delivery,477.89,1,0,Clear,0.0,6,2,Equipment Failure,5.72,0.873,0.062,0.35,0.7969,1,63.3
SHP103846,Los Angeles,Singapore,DB Schenker,Air,2024-09-09,2024-09-13,4,9,Out for Delivery,2088.33,1,0,Storm,7.62,3,2,Natural Disaster,9.55,0.896,0.091,0.37,1.0,1,25.6
SHP103847,Dubai,New York,FedEx,Rail,2023-04-09,2023-04-23,14,6,Delayed,1858.61,2,1,Rain,2.08,4,9,Port Strike,9.03,0.901,0.249,0.19,0.8749,1,29.5
SHP103848,Los Angeles,Chicago,UPS,Sea,2023-10-02,2023-11-04,33,26,In Transit,4796.53,1,0,Blizzard,9.28,6,5,Port Strike,8.78,0.901,0.286,0.32,1.0,1,16.4
SHP103849,Dubai,Tokyo,DB Schenker,Air,2023-02-21,2023-02-25,4,2,Customs Hold,4984.62,3,0,Rain,1.74,3,8,Natural Disaster,10.28,0.885,0.053,0.26,0.8444,1,31.7
SHP103850,Dubai,New York,DHL,Rail,2023-09-03,2023-09-14,11,11,Out for Delivery,4335.99,4,0,Blizzard,9.35,5,5,Equipment Failure,5.66,0.909,0.261,0.25,1.0,1,13.3
SHP103851,Rotterdam,London,Maersk,Air,2024-01-21,2024-01-26,5,9,In Transit,307.36,2,0,Blizzard,9.5,1,5,Port Strike,8.74,0.86,0.26,0.2,1.0,1,71.6
SHP103852,Mumbai,Chicago,Maersk,Rail,2023-11-20,2023-12-03,13,15,Delayed,980.7,3,0,Snow,6.25,2,3,None,0.18,0.851,0.028,0.16,0.636,1,57.6
SHP103853,Shanghai,Chicago,DB Schenker,Sea,2023-08-07,2023-09-01,25,29,Out for Delivery,1658.41,4,0,Snow,5.79,3,4,Port Strike,8.62,0.889,0.174,0.16,0.8876,1,39.3
SHP103854,Dubai,Chicago,DB Schenker,Rail,2024-06-08,2024-06-19,11,10,In Transit,4809.53,2,1,Heavy Rain,5.27,3,4,Natural Disaster,10.44,0.883,0.358,0.21,1.0,1,47.9
SHP103855,Shanghai,Singapore,DB Schenker,Sea,2023-07-16,2023-08-14,29,28,Customs Hold,1514.22,4,1,Blizzard,9.31,6,4,Natural Disaster,9.91,0.887,0.345,0.15,1.0,1,28.1
SHP103856,Dubai,Chicago,UPS,Air,2024-05-13,2024-05-16,3,3,Out for Delivery,2368.72,1,0,Heavy Rain,5.41,3,7,Port Strike,8.75,0.883,0.393,0.38,1.0,1,63.9
SHP103857,Mumbai,New York,UPS,Air,2024-10-25,2024-10-27,2,0,Delayed,242.65,3,1,Clear,0.01,1,1,Port Strike,8.69,0.91,0.107,0.27,0.6264,1,38.0
SHP103858,Dubai,New York,Maersk,Air,2024-01-16,2024-01-19,3,3,Customs Hold,1761.26,2,1,Rain,1.99,4,9,Natural Disaster,10.4,0.868,0.161,0.42,1.0,1,85.6
SHP103859,Hamburg,London,Maersk,Rail,2023-08-29,2023-09-08,10,0,Customs Hold,4953.01,1,0,Clear,0.0,4,8,Traffic Jam,4.04,0.854,0.219,0.1,0.6357,1,57.2
SHP103860,Hamburg,Singapore,XPO Logistics,Road,2024-03-10,2024-03-14,4,2,Out for Delivery,3396.31,3,0,Rain,1.89,9,3,Port Strike,8.68,0.83,0.058,0.41,1.0,1,46.2
SHP103861,Rotterdam,Tokyo,DHL,Road,2023-12-28,2023-12-31,3,6,Delayed,4513.31,5,0,Heavy Rain,4.97,9,3,Equipment Failure,5.83,0.906,0.361,0.33,1.0,1,41.6
SHP103862,Shanghai,Tokyo,DB Schenker,Rail,2024-08-11,2024-08-19,8,0,Out for Delivery,837.67,2,0,Heavy Rain,5.15,5,9,Port Strike,9.41,0.851,0.187,0.42,1.0,1,38.1
SHP103863,Dubai,Chicago,DB Schenker,Sea,2023-05-17,2023-06-07,21,7,Customs Hold,4086.92,2,0,Blizzard,9.16,5,6,None,0.0,0.906,0.176,0.42,0.8797,1,69.2
SHP103864,Shanghai,Chicago,UPS,Rail,2023-10-27,2023-11-11,15,9,Out for Delivery,1658.33,2,0,Snow,6.43,4,5,Natural Disaster,9.72,0.928,0.325,0.36,1.0,1,27.6
SHP103865,Shanghai,New York,UPS,Rail,2023-12-07,2023-12-22,15,0,Customs Hold,3249.16,1,0,Heavy Rain,5.3,3,5,Equipment Failure,6.18,0.898,0.141,0.35,0.8042,1,34.6
SHP103866,Los Angeles,Chicago,FedEx,Road,2023-11-23,2023-11-29,6,9,In Transit,129.58,5,0,Clear,0.14,8,8,Traffic Jam,3.52,0.916,0.334,0.37,1.0,1,14.4
SHP103867,Los Angeles,Sydney,XPO Logistics,Road,2024-05-13,2024-05-21,8,2,Customs Hold,1825.74,3,0,Snow,5.67,7,8,None,0.06,0.85,0.241,0.13,0.7552,1,43.2
SHP103868,Rotterdam,Tokyo,FedEx,Sea,2024-06-23,2024-07-21,28,20,At Port,668.43,3,1,Fog,4.1,4,4,Port Strike,8.65,0.925,0.381,0.12,0.8486,1,33.9
SHP103869,Dubai,Sydney,UPS,Rail,2024-10-25,2024-11-02,8,7,Delayed,2329.44,1,0,Storm,7.96,5,10,Port Strike,8.82,0.923,0.247,0.44,1.0,1,16.8
SHP103870,Hamburg,New York,DHL,Road,2024-02-08,2024-02-17,9,14,In Transit,838.5,5,1,Fog,4.25,8,9,Port Strike,9.31,0.873,0.159,0.13,1.0,1,67.8
SHP103871,Shanghai,Singapore,Maersk,Sea,2024-09-13,2024-10-05,22,0,In Transit,4263.22,1,0,Fog,4.03,5,9,Port Strike,9.27,0.838,0.245,0.19,0.963,1,14.3
SHP103872,Mumbai,Sydney,UPS,Sea,2023-03-23,2023-04-11,19,13,Out for Delivery,1325.44,2,0,Clear,0.02,4,7,Port Strike,8.81,0.947,0.373,0.3,0.8811,1,34.3
SHP103873,Hamburg,New York,DHL,Rail,2023-04-08,2023-04-19,11,16,Delayed,1406.57,5,1,Snow,6.29,2,7,Traffic Jam,4.06,0.873,0.147,0.19,0.8935,1,12.5
SHP103874,Hamburg,Tokyo,DB Schenker,Road,2024-06-06,2024-06-09,3,4,Customs Hold,3392.95,5,1,Blizzard,9.32,8,4,Equipment Failure,5.61,0.847,0.339,0.39,1.0,1,46.9
SHP103875,Rotterdam,Sydney,DB Schenker,Rail,2024-03-03,2024-03-14,11,1,In Transit,3895.53,1,1,Clear,0.23,5,6,Equipment Failure,5.68,0.872,0.358,0.17,0.8017,1,36.4
SHP103876,Rotterdam,Chicago,DHL,Rail,2023-09-03,2023-09-10,7,8,Delayed,746.48,3,0,Snow,5.54,3,6,None,0.0,0.885,0.093,0.2,0.6871,1,26.2
SHP103877,Rotterdam,Sydney,FedEx,Rail,2023-07-05,2023-07-14,9,0,Out for Delivery,3430.05,3,0,Storm,7.8,2,1,None,0.39,0.944,0.132,0.29,0.6139,1,53.5
SHP103878,Rotterdam,Chicago,UPS,Air,2023-01-16,2023-01-20,4,4,Delayed,1779.58,2,0,Fog,4.36,4,3,Traffic Jam,3.55,0.926,0.336,0.2,0.8698,1,35.7
SHP103879,Los Angeles,Singapore,UPS,Road,2023-07-22,2023-07-31,9,0,At Port,207.5,4,0,Clear,0.0,7,3,Natural Disaster,10.47,0.919,0.266,0.24,0.9103,1,73.5
SHP103880,Rotterdam,New York,UPS,Road,2024-05-20,2024-05-25,5,8,At Port,1251.05,4,0,Clear,0.0,6,10,Equipment Failure,5.9,0.904,0.288,0.13,0.8059,1,52.2
SHP103881,Rotterdam,Singapore,Maersk,Air,2024-08-12,2024-08-17,5,9,At Port,1384.43,2,0,Storm,8.15,1,6,Traffic Jam,3.87,0.886,0.356,0.27,1.0,1,18.6
SHP103882,Dubai,Singapore,DB Schenker,Air,2024-05-23,2024-05-26,3,7,Out for Delivery,4084.39,2,0,Fog,4.1,2,2,Equipment Failure,6.01,0.874,0.333,0.15,1.0,1,48.9
SHP103883,Shanghai,Chicago,FedEx,Air,2023-11-02,2023-11-05,3,5,At Port,2035.23,3,0,Blizzard,9.45,4,6,None,0.38,0.932,0.25,0.12,0.7866,1,10.4
SHP103884,Dubai,New York,Maersk,Air,2023-01-27,2023-01-30,3,3,At Port,1782.47,5,0,Fog,3.88,2,8,Traffic Jam,3.82,0.833,0.136,0.17,0.6932,1,52.2
SHP103885,Hamburg,Sydney,Maersk,Sea,2023-10-22,2023-11-19,28,29,At Port,101.87,5,0,Heavy Rain,4.51,4,10,Natural Disaster,9.87,0.815,0.285,0.3,1.0,1,86.0
SHP103886,Los Angeles,Sydney,FedEx,Road,2023-12-14,2023-12-21,7,11,In Transit,2675.31,4,0,Rain,1.86,9,9,Port Strike,9.46,0.921,0.324,0.38,1.0,1,77.3
SHP103887,Los Angeles,Sydney,Maersk,Rail,2024-02-01,2024-02-14,13,11,Customs Hold,2209.8,1,0,Rain,1.68,4,9,None,0.0,0.836,0.279,0.44,0.8862,1,26.1
SHP103888,Shanghai,Tokyo,DB Schenker,Road,2024-09-11,2024-09-20,9,4,In Transit,722.98,2,1,Heavy Rain,4.55,9,6,Natural Disaster,9.83,0.859,0.389,0.32,1.0,1,95.4
SHP103889,Los Angeles,London,DB Schenker,Rail,2023-10-24,2023-11-04,11,15,In Transit,1300.31,5,0,Storm,7.74,5,4,Equipment Failure,5.88,0.851,0.059,0.28,1.0,1,69.9
SHP103890,Hamburg,New York,XPO Logistics,Sea,2024-08-12,2024-09-06,25,23,At Port,4281.14,1,1,Snow,5.98,3,6,Equipment Failure,5.86,0.83,0.352,0.43,1.0,1,89.8
SHP103891,Dubai,London,FedEx,Road,2023-05-20,2023-05-29,9,4,At Port,3510.61,4,0,Storm,7.94,9,1,Traffic Jam,4.47,0.904,0.168,0.11,0.879,1,15.8
SHP103892,Dubai,London,DHL,Sea,2024-06-22,2024-07-14,22,8,Out for Delivery,572.4,1,0,Blizzard,9.06,6,5,Equipment Failure,6.15,0.912,0.202,0.3,1.0,1,49.5
SHP103893,Rotterdam,New York,DHL,Air,2023-08-28,2023-09-01,4,9,In Transit,606.37,1,1,Blizzard,9.14,3,7,None,0.38,0.909,0.084,0.36,0.9306,1,44.1
SHP103894,Los Angeles,Sydney,Maersk,Sea,2023-10-02,2023-10-23,21,4,In Transit,3769.71,5,1,Rain,2.22,4,3,Port Strike,8.85,0.854,0.2,0.22,0.8538,1,10.1
SHP103895,Dubai,Sydney,UPS,Air,2024-06-01,2024-06-04,3,6,Customs Hold,4937.47,3,0,Blizzard,8.84,2,8,Traffic Jam,4.03,0.896,0.192,0.43,1.0,1,90.2
SHP103896,Los Angeles,Sydney,UPS,Road,2023-05-06,2023-05-14,8,1,In Transit,742.57,4,0,Snow,5.86,8,5,Traffic Jam,4.25,0.918,0.31,0.28,0.9081,1,62.1
SHP103897,Shanghai,Tokyo,FedEx,Air,2024-05-31,2024-06-02,2,5,In Transit,1363.87,1,0,Clear,0.0,3,3,Natural Disaster,9.8,0.906,0.071,0.32,0.9797,1,69.3
SHP103898,Los Angeles,Chicago,DB Schenker,Air,2024-08-20,2024-08-24,4,4,At Port,2096.39,2,0,Clear,0.0,4,3,Traffic Jam,3.78,0.871,0.315,0.24,0.8509,1,21.8
SHP103899,Rotterdam,London,DHL,Air,2023-12-28,2023-12-30,2,3,Out for Delivery,2627.81,5,1,Clear,0.0,4,1,Port Strike,9.03,0.918,0.138,0.39,0.9334,1,41.0
SHP103900,Shanghai,Chicago,DB Schenker,Rail,2024-03-13,2024-03-25,12,6,Out for Delivery,3334.56,2,0,Snow,6.02,5,3,Equipment Failure,6.37,0.84,0.066,0.35,1.0,1,16.6
SHP103901,Shanghai,Chicago,DHL,Sea,2024-05-11,2024-06-05,25,24,Out for Delivery,4478.58,4,1,Storm,8.33,4,10,Port Strike,9.16,0.887,0.056,0.16,0.9237,1,75.3
SHP103902,Dubai,Singapore,FedEx,Sea,2023-07-26,2023-08-16,21,4,In Transit,1097.81,3,0,Clear,0.37,4,8,Traffic Jam,4.44,0.937,0.358,0.15,0.6475,1,34.7
SHP103903,Mumbai,Singapore,DB Schenker,Road,2024-01-09,2024-01-18,9,4,Customs Hold,2584.13,4,0,Rain,2.34,6,2,None,0.17,0.857,0.091,0.32,0.65,1,5.5
SHP103904,Los Angeles,Sydney,UPS,Sea,2024-12-01,2024-12-31,30,35,Out for Delivery,4021.6,4,0,Storm,8.32,3,1,Traffic Jam,3.93,0.899,0.107,0.1,0.6609,1,9.7
SHP103905,Hamburg,Sydney,XPO Logistics,Road,2023-08-22,2023-08-26,4,8,Customs Hold,395.92,2,0,Snow,6.26,8,4,Traffic Jam,4.12,0.854,0.124,0.44,1.0,1,47.9
SHP103906,Rotterdam,London,XPO Logistics,Road,2023-04-29,2023-05-07,8,7,Out for Delivery,2801.01,1,0,Fog,4.17,9,7,Traffic Jam,4.03,0.826,0.203,0.33,1.0,1,60.9
SHP103907,Rotterdam,Singapore,DHL,Road,2024-04-08,2024-04-14,6,7,Out for Delivery,3601.7,5,1,Snow,5.54,9,1,Port Strike,9.29,0.915,0.112,0.43,1.0,1,44.7
SHP103908,Los Angeles,New York,Maersk,Sea,2023-12-29,2024-01-26,28,6,In Transit,1235.42,1,0,Rain,1.53,6,6,None,0.0,0.836,0.158,0.14,0.6515,1,48.7
SHP103909,Hamburg,Chicago,XPO Logistics,Rail,2023-01-20,2023-01-29,9,10,In Transit,1592.91,3,0,Heavy Rain,4.65,2,3,None,0.0,0.851,0.166,0.1,0.6779,1,40.5
SHP103910,Hamburg,London,DB Schenker,Rail,2023-10-25,2023-11-07,13,3,In Transit,1273.02,3,0,Blizzard,8.9,5,10,Port Strike,8.69,0.858,0.312,0.1,1.0,1,93.6
SHP103911,Los Angeles,Chicago,XPO Logistics,Air,2023-03-11,2023-03-14,3,1,Out for Delivery,3020.66,3,0,Blizzard,9.35,3,6,Traffic Jam,4.2,0.818,0.298,0.18,1.0,1,55.2
SHP103912,Shanghai,Singapore,UPS,Air,2023-09-04,2023-09-09,5,9,Out for Delivery,53.78,5,0,Heavy Rain,4.84,1,3,Natural Disaster,10.35,0.912,0.174,0.18,1.0,1,81.2
SHP103913,Rotterdam,Singapore,FedEx,Sea,2024-10-05,2024-11-05,31,6,Customs Hold,1301.68,4,0,Rain,1.84,6,4,Traffic Jam,3.74,0.936,0.388,0.3,0.8517,1,56.7
SHP103914,Hamburg,London,DHL,Rail,2024-09-21,2024-10-01,10,11,In Transit,4026.41,3,0,Fog,3.57,4,3,Equipment Failure,5.78,0.894,0.093,0.1,0.6349,1,11.3
SHP103915,Shanghai,Tokyo,FedEx,Air,2023-06-06,2023-06-08,2,1,Out for Delivery,3648.84,5,1,Blizzard,8.59,3,5,Equipment Failure,5.66,0.928,0.078,0.2,0.7788,1,22.3
SHP103916,Shanghai,Tokyo,XPO Logistics,Rail,2023-01-21,2023-02-05,15,6,Customs Hold,586.12,1,0,Rain,1.53,3,2,Port Strike,9.07,0.795,0.093,0.44,1.0,1,86.2
SHP103917,Mumbai,New York,FedEx,Road,2023-11-14,2023-11-23,9,1,In Transit,1131.98,4,0,Blizzard,8.57,6,5,Natural Disaster,9.9,0.939,0.313,0.27,1.0,1,62.6
SHP103918,Mumbai,New York,XPO Logistics,Road,2023-10-10,2023-10-19,9,13,In Transit,4752.82,2,0,Storm,8.45,6,4,None,0.0,0.839,0.14,0.28,0.9826,1,72.3
SHP103919,Mumbai,Sydney,XPO Logistics,Sea,2023-12-03,2024-01-07,35,15,Delayed,1456.13,2,1,Blizzard,8.94,5,9,None,0.0,0.843,0.318,0.3,1.0,1,65.0
SHP103920,Hamburg,Singapore,FedEx,Air,2023-11-16,2023-11-20,4,2,At Port,1867.34,2,0,Fog,3.65,3,1,Traffic Jam,3.62,0.907,0.33,0.2,0.7615,1,35.4
SHP103921,Dubai,London,DB Schenker,Air,2024-04-01,2024-04-04,3,2,In Transit,1038.83,1,1,Blizzard,9.39,2,2,Natural Disaster,9.71,0.889,0.273,0.41,1.0,1,86.6
SHP103922,Hamburg,Tokyo,DHL,Air,2024-04-11,2024-04-16,5,2,Delayed,1563.76,3,0,Storm,7.83,4,5,Equipment Failure,6.03,0.895,0.28,0.37,1.0,1,69.2
SHP103923,Dubai,London,FedEx,Road,2023-08-27,2023-08-31,4,3,At Port,3889.14,4,1,Clear,0.0,8,9,Natural Disaster,9.93,0.931,0.324,0.26,1.0,1,42.2
SHP103924,Shanghai,Tokyo,DB Schenker,Air,2024-08-02,2024-08-07,5,6,Customs Hold,1612.98,4,1,Snow,6.16,2,6,Natural Disaster,9.56,0.878,0.231,0.15,1.0,1,41.0
SHP103925,Shanghai,New York,Maersk,Sea,2024-03-08,2024-03-28,20,20,At Port,580.96,2,0,Snow,6.31,3,3,Port Strike,9.11,0.866,0.311,0.35,1.0,1,29.8
SHP103926,Los Angeles,London,UPS,Road,2024-04-26,2024-05-05,9,13,At Port,4327.71,2,1,Clear,0.0,6,10,Port Strike,8.84,0.885,0.083,0.44,1.0,1,32.3
SHP103927,Los Angeles,New York,DB Schenker,Air,2024-11-09,2024-11-13,4,4,Out for Delivery,4023.45,4,0,Storm,8.0,3,9,Equipment Failure,5.96,0.887,0.049,0.25,0.9085,1,46.6
SHP103928,Rotterdam,Tokyo,DHL,Road,2024-11-12,2024-11-20,8,5,At Port,1133.92,1,0,Storm,8.1,9,5,Equipment Failure,6.31,0.906,0.265,0.1,1.0,1,39.7
SHP103929,Rotterdam,Singapore,UPS,Sea,2024-06-03,2024-07-07,34,8,Customs Hold,4942.3,3,1,Heavy Rain,4.93,6,10,None,0.0,0.894,0.133,0.24,0.6963,1,21.0
SHP103930,Rotterdam,London,UPS,Rail,2023-09-14,2023-09-21,7,3,Delayed,2357.41,2,0,Fog,3.64,3,5,Port Strike,8.51,0.91,0.229,0.12,0.7514,1,6.4
SHP103931,Hamburg,New York,UPS,Sea,2023-02-28,2023-03-19,19,6,At Port,410.95,3,0,Clear,0.0,6,5,Port Strike,9.1,0.914,0.029,0.44,0.8399,1,52.2
SHP103932,Shanghai,New York,DHL,Rail,2023-10-19,2023-10-29,10,15,In Transit,313.48,3,0,Fog,3.61,5,10,Port Strike,9.13,0.928,0.027,0.35,1.0,1,86.3
SHP103933,Hamburg,Tokyo,DB Schenker,Sea,2024-11-28,2025-01-02,35,17,In Transit,3385.16,1,0,Heavy Rain,5.32,3,9,Traffic Jam,4.11,0.875,0.377,0.33,0.9841,1,62.3
SHP103934,Los Angeles,Chicago,UPS,Sea,2024-08-05,2024-09-07,33,4,Out for Delivery,4838.81,2,0,Blizzard,8.55,4,1,Natural Disaster,9.63,0.927,0.031,0.13,0.7428,1,35.3
SHP103935,Mumbai,Singapore,FedEx,Sea,2023-08-23,2023-09-26,34,35,Customs Hold,511.43,1,1,Heavy Rain,5.43,4,6,Natural Disaster,9.65,0.914,0.344,0.21,1.0,1,53.3
SHP103936,Mumbai,Sydney,DHL,Road,2024-06-11,2024-06-20,9,1,Customs Hold,2256.99,1,0,Snow,6.44,9,2,Natural Disaster,9.85,0.885,0.237,0.3,1.0,1,75.9
SHP103937,Los Angeles,Chicago,DHL,Road,2024-05-04,2024-05-07,3,7,In Transit,2398.5,4,0,Blizzard,8.87,9,5,Natural Disaster,10.21,0.845,0.244,0.33,1.0,1,89.2
SHP103938,Dubai,Singapore,XPO Logistics,Road,2023-04-19,2023-04-28,9,12,Customs Hold,1401.45,4,1,Snow,5.55,6,1,Port Strike,9.49,0.814,0.358,0.15,1.0,1,70.2
SHP103939,Shanghai,London,UPS,Rail,2024-11-09,2024-11-21,12,2,Customs Hold,2217.84,5,1,Fog,4.08,5,5,Traffic Jam,4.16,0.944,0.245,0.15,0.7005,1,49.9
SHP103940,Shanghai,London,Maersk,Road,2023-01-04,2023-01-09,5,7,Customs Hold,1383.89,3,0,Clear,0.0,6,7,Traffic Jam,3.94,0.86,0.109,0.23,0.7502,1,20.9
SHP103941,Los Angeles,Chicago,DB Schenker,Rail,2023-03-24,2023-04-01,8,11,At Port,2605.12,1,0,Fog,3.84,4,4,Traffic Jam,4.48,0.901,0.091,0.35,0.8663,1,70.1
SHP103942,Dubai,Singapore,XPO Logistics,Road,2024-01-28,2024-02-05,8,11,Customs Hold,109.09,4,1,Blizzard,9.39,7,9,Traffic Jam,4.0,0.809,0.118,0.15,1.0,1,12.1
SHP103943,Los Angeles,Singapore,FedEx,Road,2024-06-09,2024-06-15,6,0,At Port,1383.57,4,0,Heavy Rain,5.31,6,7,Traffic Jam,4.23,0.919,0.178,0.19,0.7035,1,39.9
SHP103944,Shanghai,Chicago,DHL,Rail,2023-08-11,2023-08-22,11,2,Out for Delivery,2299.56,3,0,Blizzard,8.61,4,7,Traffic Jam,4.09,0.868,0.315,0.26,0.9985,1,94.0
SHP103945,Mumbai,Sydney,FedEx,Air,2023-10-06,2023-10-11,5,9,Delayed,491.92,1,1,Storm,8.49,1,7,None,0.5,0.913,0.272,0.3,0.9057,1,19.2
SHP103946,Mumbai,Singapore,XPO Logistics,Air,2023-12-25,2023-12-28,3,2,Out for Delivery,3572.16,3,0,Snow,5.5,2,6,Natural Disaster,10.08,0.83,0.242,0.12,0.9822,1,76.3
SHP103947,Hamburg,Sydney,Maersk,Sea,2024-08-08,2024-09-04,27,29,In Transit,1552.16,1,1,Snow,5.75,6,8,Port Strike,8.64,0.854,0.177,0.38,1.0,1,19.5
SHP103948,Dubai,Chicago,Maersk,Sea,2024-01-25,2024-02-29,35,16,In Transit,2255.01,4,0,Storm,8.27,3,9,Equipment Failure,5.5,0.85,0.239,0.36,1.0,1,66.6
SHP103949,Shanghai,New York,DHL,Sea,2024-09-20,2024-10-13,23,10,In Transit,4700.27,1,0,Rain,2.06,3,10,Traffic Jam,4.15,0.897,0.391,0.35,0.9058,1,30.4
SHP103950,Shanghai,Tokyo,Maersk,Sea,2024-08-27,2024-09-17,21,6,Delayed,1337.47,5,0,Fog,4.07,5,1,Traffic Jam,3.92,0.83,0.263,0.42,1.0,1,52.7
SHP103951,Hamburg,New York,DB Schenker,Road,2023-12-16,2023-12-25,9,10,At Port,638.68,4,1,Clear,0.0,7,9,Port Strike,9.17,0.884,0.359,0.31,1.0,1,43.6
SHP103952,Shanghai,Singapore,FedEx,Road,2023-01-19,2023-01-23,4,6,In Transit,3832.73,4,0,Rain,1.98,9,2,None,0.48,0.914,0.238,0.26,0.8261,1,26.5
SHP103953,Hamburg,Tokyo,XPO Logistics,Air,2023-05-15,2023-05-20,5,3,In Transit,2573.07,5,0,Snow,6.25,4,8,Natural Disaster,10.38,0.884,0.057,0.13,0.9291,1,78.7
SHP103954,Rotterdam,New York,UPS,Rail,2023-10-30,2023-11-11,12,3,Out for Delivery,3473.37,4,0,Rain,1.88,3,10,Natural Disaster,9.79,0.893,0.216,0.14,0.8247,1,29.7
SHP103955,Shanghai,Tokyo,Maersk,Sea,2024-10-06,2024-11-08,33,38,Customs Hold,69.1,2,0,Clear,0.0,6,6,None,0.0,0.854,0.176,0.23,0.6785,1,48.4
SHP103956,Los Angeles,New York,FedEx,Road,2024-11-12,2024-11-21,9,2,Customs Hold,3690.4,1,0,Storm,7.92,8,8,Natural Disaster,9.55,0.917,0.238,0.32,1.0,1,28.5
SHP103957,Rotterdam,Tokyo,Maersk,Sea,2023-06-18,2023-07-22,34,6,Customs Hold,2559.64,4,0,Blizzard,8.9,3,2,Traffic Jam,4.07,0.827,0.221,0.21,0.8838,1,14.2
SHP103958,Hamburg,Tokyo,DHL,Air,2024-09-12,2024-09-17,5,8,At Port,2863.05,2,1,Clear,0.46,1,5,Traffic Jam,3.82,0.858,0.349,0.31,0.8178,1,45.1
SHP103959,Los Angeles,Tokyo,Maersk,Sea,2024-03-29,2024-04-28,30,6,At Port,3464.37,1,0,Fog,3.52,6,6,Equipment Failure,5.64,0.813,0.23,0.25,0.94,1,86.7
SHP103960,Rotterdam,New York,DB Schenker,Rail,2024-10-16,2024-10-28,12,16,In Transit,3671.97,2,1,Rain,2.3,3,8,Natural Disaster,10.42,0.883,0.133,0.21,0.9984,1,47.8
SHP103961,Shanghai,London,UPS,Road,2024-07-26,2024-08-04,9,6,In Transit,1872.55,5,1,Fog,3.91,9,7,Traffic Jam,4.12,0.894,0.136,0.36,0.9609,1,46.0
SHP103962,Dubai,Chicago,XPO Logistics,Rail,2023-12-28,2024-01-04,7,11,Customs Hold,3760.16,5,1,Heavy Rain,5.3,3,6,None,0.0,0.847,0.279,0.16,0.7823,1,10.7
SHP103963,Dubai,Tokyo,XPO Logistics,Road,2024-11-09,2024-11-12,3,6,Customs Hold,3556.82,4,1,Snow,6.25,8,1,Traffic Jam,4.11,0.824,0.275,0.26,1.0,1,7.7
SHP103964,Mumbai,Singapore,XPO Logistics,Road,2024-03-29,2024-04-01,3,8,Customs Hold,1632.55,5,1,Heavy Rain,4.91,8,7,Equipment Failure,5.79,0.868,0.294,0.3,1.0,1,23.7
SHP103965,Mumbai,Sydney,DHL,Air,2024-09-26,2024-09-28,2,1,At Port,424.87,4,0,Fog,3.89,2,2,Natural Disaster,10.05,0.872,0.296,0.3,1.0,1,52.8
SHP103966,Rotterdam,London,UPS,Sea,2023-03-10,2023-04-14,35,3,Delayed,2360.92,2,0,Snow,5.86,6,3,Equipment Failure,6.46,0.91,0.331,0.4,1.0,1,71.8
SHP103967,Mumbai,London,Maersk,Road,2023-05-13,2023-05-21,8,7,Out for Delivery,90.01,2,0,Rain,1.63,9,8,Port Strike,8.64,0.849,0.377,0.45,1.0,1,24.2
SHP103968,Mumbai,New York,DHL,Air,2024-06-10,2024-06-15,5,7,Delayed,428.77,4,1,Heavy Rain,5.21,1,8,None,0.0,0.895,0.348,0.36,0.9646,1,27.6
SHP103969,Los Angeles,Tokyo,XPO Logistics,Sea,2023-05-05,2023-05-31,26,15,Customs Hold,877.81,2,1,Clear,0.2,6,9,Equipment Failure,6.47,0.853,0.178,0.25,0.879,1,6.6
SHP103970,Los Angeles,Singapore,Maersk,Rail,2024-06-13,2024-06-27,14,4,Delayed,182.58,4,1,Rain,1.69,4,9,Traffic Jam,3.72,0.879,0.359,0.43,1.0,1,49.7
SHP103971,Rotterdam,New York,DHL,Air,2024-11-21,2024-11-24,3,2,Customs Hold,1000.01,1,0,Heavy Rain,4.56,1,8,Natural Disaster,10.06,0.911,0.395,0.1,0.9768,1,33.2
SHP103972,Dubai,New York,XPO Logistics,Rail,2023-08-20,2023-09-02,13,10,Delayed,73.3,5,0,Rain,1.9,4,9,Equipment Failure,6.17,0.846,0.278,0.35,0.9964,1,34.6
SHP103973,Mumbai,Chicago,Maersk,Rail,2024-02-24,2024-03-02,7,0,Delayed,3207.23,4,0,Storm,7.71,3,1,Traffic Jam,4.38,0.89,0.306,0.26,0.8827,1,54.0
SHP103974,Los Angeles,Chicago,UPS,Road,2023-08-23,2023-08-29,6,10,In Transit,4393.24,4,1,Rain,1.67,8,8,None,0.03,0.917,0.143,0.16,0.6402,1,22.8
SHP103975,Los Angeles,Chicago,DB Schenker,Road,2024-07-12,2024-07-20,8,13,Delayed,454.6,3,0,Fog,3.74,6,10,None,0.0,0.883,0.191,0.22,0.7311,1,29.1
SHP103976,Los Angeles,Chicago,UPS,Sea,2024-01-30,2024-02-28,29,11,Delayed,2155.1,4,0,Storm,7.75,6,10,None,0.4,0.896,0.047,0.34,0.7577,1,71.8
SHP103977,Dubai,Singapore,DHL,Rail,2023-01-02,2023-01-14,12,3,Delayed,1013.28,2,0,Rain,2.0,5,9,Traffic Jam,4.13,0.89,0.134,0.15,0.5538,1,40.0
SHP103978,Dubai,Singapore,DB Schenker,Sea,2024-05-13,2024-06-15,33,36,Out for Delivery,3019.86,1,0,Storm,7.65,3,5,Port Strike,8.9,0.891,0.133,0.15,0.9638,1,88.1
SHP103979,Dubai,Singapore,FedEx,Air,2024-07-10,2024-07-13,3,1,In Transit,3209.66,1,0,Rain,2.14,4,9,Traffic Jam,4.41,0.95,0.351,0.15,0.7503,1,36.7
SHP103980,Los Angeles,Singapore,Maersk,Sea,2024-09-14,2024-10-08,24,25,At Port,2430.41,2,0,Storm,7.95,3,8,None,0.0,0.846,0.052,0.31,0.7713,1,41.2
SHP103981,Hamburg,London,DB Schenker,Rail,2023-04-07,2023-04-22,15,17,Delayed,2788.75,2,0,Blizzard,9.21,4,9,Equipment Failure,6.26,0.87,0.346,0.1,1.0,1,43.9
SHP103982,Los Angeles,Tokyo,DHL,Rail,2023-09-20,2023-09-28,8,3,Delayed,849.91,2,1,Storm,7.86,5,5,None,0.0,0.829,0.209,0.25,0.8727,1,34.0
SHP103983,Shanghai,New York,DB Schenker,Road,2024-02-24,2024-02-29,5,6,At Port,137.34,2,1,Storm,7.68,8,5,Traffic Jam,3.8,0.838,0.322,0.35,1.0,1,86.0
SHP103984,Rotterdam,Sydney,DB Schenker,Road,2024-07-31,2024-08-07,7,10,At Port,4101.52,5,0,Rain,1.57,7,4,Equipment Failure,6.13,0.856,0.08,0.33,0.9387,1,48.4
SHP103985,Mumbai,Sydney,Maersk,Rail,2023-11-19,2023-12-03,14,8,Customs Hold,2645.91,4,1,Clear,0.2,2,10,Port Strike,9.15,0.851,0.396,0.3,1.0,1,26.4
SHP103986,Los Angeles,New York,Maersk,Road,2024-05-27,2024-06-02,6,11,In Transit,1354.48,5,1,Fog,3.79,7,5,Equipment Failure,6.3,0.83,0.04,0.18,0.9594,1,72.3
SHP103987,Shanghai,London,XPO Logistics,Rail,2024-10-16,2024-10-27,11,1,Delayed,1583.85,2,0,Fog,4.33,3,1,None,0.0,0.835,0.255,0.37,0.8501,1,34.0
SHP103988,Dubai,New York,Maersk,Rail,2023-01-09,2023-01-18,9,1,Customs Hold,2793.08,5,1,Clear,0.0,3,4,Equipment Failure,5.56,0.827,0.052,0.25,0.6476,1,13.3
SHP103989,Dubai,Singapore,XPO Logistics,Rail,2023-06-02,2023-06-11,9,2,Delayed,2983.84,4,1,Rain,1.87,3,6,Equipment Failure,5.7,0.812,0.269,0.15,0.8206,1,54.6
SHP103990,Dubai,London,UPS,Rail,2023-09-02,2023-09-11,9,1,At Port,2943.17,4,0,Snow,5.76,5,9,Equipment Failure,5.81,0.945,0.24,0.3,0.8658,1,70.6
SHP103991,Shanghai,London,DB Schenker,Road,2024-06-13,2024-06-18,5,1,Out for Delivery,4094.75,1,0,Storm,8.25,8,9,Port Strike,9.06,0.881,0.354,0.23,1.0,1,85.3
SHP103992,Rotterdam,Singapore,FedEx,Air,2023-04-10,2023-04-12,2,0,Customs Hold,323.54,5,0,Fog,3.64,3,2,None,0.03,0.872,0.378,0.29,0.7899,1,67.7
SHP103993,Mumbai,Singapore,FedEx,Road,2024-05-06,2024-05-16,10,8,Delayed,992.12,1,0,Rain,1.89,8,3,Natural Disaster,10.24,0.938,0.287,0.19,0.9326,1,84.3
SHP103994,Los Angeles,New York,DB Schenker,Air,2024-05-11,2024-05-16,5,1,Customs Hold,2164.99,1,0,Storm,8.27,2,4,Port Strike,8.89,0.867,0.06,0.24,0.8901,1,70.4
SHP103995,Hamburg,Chicago,UPS,Sea,2023-08-20,2023-09-23,34,24,Out for Delivery,3428.46,3,0,Snow,5.53,4,10,Natural Disaster,9.7,0.919,0.212,0.31,1.0,1,10.7
SHP103996,Los Angeles,Sydney,XPO Logistics,Rail,2023-06-24,2023-07-09,15,9,Delayed,614.33,4,1,Fog,4.43,4,5,Port Strike,9.08,0.852,0.228,0.41,1.0,1,64.9
SHP103997,Mumbai,Tokyo,XPO Logistics,Sea,2023-05-31,2023-06-20,20,21,Delayed,3960.8,1,0,Fog,3.66,3,4,None,0.0,0.831,0.37,0.22,0.8586,1,67.9
SHP103998,Hamburg,Chicago,XPO Logistics,Sea,2024-01-29,2024-02-26,28,0,Delayed,2244.35,4,0,Heavy Rain,4.52,6,10,Natural Disaster,10.12,0.852,0.15,0.17,0.9393,1,28.0
SHP103999,Dubai,Singapore,XPO Logistics,Rail,2024-03-31,2024-04-09,9,0,At Port,4386.26,4,1,Snow,5.79,5,10,None,0.0,0.826,0.101,0.15,0.6724,1,61.4
SHP104000,Rotterdam,Chicago,DHL,Road,2024-09-02,2024-09-12,10,5,Delayed,1108.57,2,0,Blizzard,9.26,9,5,Traffic Jam,4.16,0.932,0.046,0.2,0.8486,1,19.5
SHP104001,Shanghai,Singapore,FedEx,Rail,2023-05-31,2023-06-13,13,9,In Transit,2250.21,5,0,Storm,8.25,2,7,Natural Disaster,9.91,0.945,0.133,0.18,0.8201,1,31.2
SHP104002,Mumbai,London,DHL,Air,2024-04-06,2024-04-09,3,7,Customs Hold,1744.85,2,0,Clear,0.0,4,6,None,0.0,0.893,0.052,0.19,0.6383,1,49.8
SHP104003,Mumbai,Chicago,DB Schenker,Road,2024-05-12,2024-05-16,4,7,At Port,2225.96,2,0,Clear,0.0,6,3,Traffic Jam,3.89,0.862,0.091,0.31,0.8698,1,67.8
SHP104004,Hamburg,Tokyo,FedEx,Road,2023-11-25,2023-12-01,6,4,Customs Hold,2652.26,5,0,Snow,5.74,7,7,Port Strike,9.05,0.95,0.079,0.13,0.8192,1,39.8
SHP104005,Shanghai,Chicago,Maersk,Road,2023-03-11,2023-03-14,3,0,In Transit,1295.81,4,0,Snow,6.38,6,3,Port Strike,8.98,0.856,0.262,0.36,1.0,1,40.3
SHP104006,Dubai,Chicago,XPO Logistics,Sea,2023-06-22,2023-07-15,23,9,Out for Delivery,4469.51,5,0,Fog,3.82,5,1,Traffic Jam,3.98,0.853,0.058,0.24,0.7731,1,22.7
SHP104007,Rotterdam,New York,DB Schenker,Air,2023-12-01,2023-12-05,4,3,Delayed,3452.72,1,0,Fog,3.68,1,9,Traffic Jam,4.05,0.862,0.091,0.21,0.7207,1,46.0
SHP104008,Mumbai,London,UPS,Air,2023-02-12,2023-02-15,3,6,Delayed,4041.57,2,0,Storm,8.41,2,3,Equipment Failure,5.71,0.893,0.093,0.21,1.0,1,80.8
SHP104009,Shanghai,New York,FedEx,Road,2024-09-21,2024-09-26,5,8,Delayed,1077.95,2,0,Storm,7.96,7,6,Natural Disaster,10.22,0.953,0.038,0.35,1.0,1,40.4
SHP104010,Shanghai,Tokyo,UPS,Road,2023-07-04,2023-07-12,8,1,Delayed,3876.43,1,0,Clear,0.0,9,9,Traffic Jam,3.58,0.927,0.121,0.27,0.6211,1,46.6
SHP104011,Dubai,New York,FedEx,Air,2023-05-07,2023-05-10,3,6,In Transit,302.63,5,0,Storm,8.44,4,9,Port Strike,8.7,0.924,0.265,0.29,1.0,1,57.0
SHP104012,Los Angeles,London,Maersk,Rail,2024-01-11,2024-01-24,13,3,Delayed,1038.15,2,0,Blizzard,9.01,2,8,Traffic Jam,3.87,0.883,0.059,0.19,0.672,1,6.9
SHP104013,Dubai,Tokyo,Maersk,Sea,2023-10-30,2023-11-30,31,25,Out for Delivery,3291.07,5,1,Rain,1.65,6,8,Equipment Failure,5.96,0.865,0.108,0.33,0.9372,1,40.1
SHP104014,Dubai,Chicago,UPS,Sea,2024-01-02,2024-01-27,25,29,Out for Delivery,336.48,4,0,Storm,7.77,6,4,Equipment Failure,5.96,0.903,0.233,0.45,1.0,1,22.5
SHP104015,Dubai,Sydney,DHL,Sea,2024-03-14,2024-04-16,33,29,In Transit,2166.36,2,0,Snow,5.83,6,2,None,0.0,0.914,0.4,0.31,0.9744,1,42.8
SHP104016,Shanghai,Sydney,XPO Logistics,Sea,2023-01-29,2023-02-24,26,27,Customs Hold,112.91,2,0,Clear,0.0,3,3,Traffic Jam,4.16,0.8,0.295,0.42,1.0,1,84.8
SHP104017,Mumbai,New York,DHL,Air,2024-07-28,2024-07-31,3,6,At Port,3226.12,1,0,Fog,4.2,3,4,Traffic Jam,3.88,0.883,0.349,0.17,0.9336,1,61.5
SHP104018,Shanghai,Singapore,XPO Logistics,Rail,2023-08-13,2023-08-23,10,0,Out for Delivery,1587.93,3,0,Storm,7.82,2,6,Port Strike,9.41,0.827,0.285,0.45,1.0,1,68.4
SHP104019,Rotterdam,New York,UPS,Rail,2023-08-13,2023-08-25,12,4,Delayed,4997.1,2,1,Blizzard,8.68,3,5,Natural Disaster,9.55,0.873,0.096,0.23,0.9306,1,34.8
SHP104020,Mumbai,Sydney,Maersk,Air,2023-01-18,2023-01-23,5,6,Customs Hold,311.01,2,0,Clear,0.29,3,10,Port Strike,8.64,0.838,0.208,0.3,0.9981,1,92.0
SHP104021,Rotterdam,New York,XPO Logistics,Road,2024-06-13,2024-06-21,8,2,Out for Delivery,1044.82,1,0,Heavy Rain,5.04,6,7,Port Strike,8.81,0.818,0.29,0.16,1.0,1,22.3
SHP104022,Dubai,Singapore,XPO Logistics,Road,2023-02-09,2023-02-14,5,4,At Port,3804.24,5,1,Heavy Rain,5.31,8,5,Equipment Failure,6.12,0.826,0.199,0.15,1.0,1,62.7
SHP104023,Los Angeles,London,FedEx,Sea,2024-01-18,2024-02-19,32,25,At Port,3425.81,4,1,Snow,6.15,3,2,Traffic Jam,4.19,0.927,0.106,0.14,0.7032,1,6.1
SHP104024,Shanghai,Chicago,XPO Logistics,Rail,2023-09-09,2023-09-24,15,0,Delayed,4525.78,3,1,Fog,4.09,3,4,Natural Disaster,10.03,0.794,0.055,0.18,0.9334,1,22.5
SHP104025,Dubai,Singapore,DHL,Road,2024-01-10,2024-01-14,4,7,In Transit,2180.76,2,1,Clear,0.0,8,3,Traffic Jam,4.32,0.879,0.367,0.15,0.9495,1,36.9
SHP104026,Dubai,Chicago,DHL,Sea,2023-10-19,2023-11-11,23,14,At Port,3240.36,3,0,Clear,0.0,4,9,Traffic Jam,3.97,0.871,0.323,0.36,0.8597,1,17.0
SHP104027,Dubai,Chicago,UPS,Sea,2023-10-06,2023-10-25,19,13,Out for Delivery,2898.32,5,0,Snow,5.59,3,7,Natural Disaster,10.34,0.941,0.378,0.38,1.0,1,45.4
SHP104028,Dubai,Tokyo,Maersk,Road,2024-08-29,2024-09-01,3,1,Delayed,4856.32,1,0,Rain,1.58,9,8,Equipment Failure,6.44,0.871,0.259,0.26,0.9952,1,78.3
SHP104029,Dubai,Sydney,DHL,Rail,2023-07-26,2023-08-02,7,8,Delayed,3282.49,1,1,Rain,1.54,4,6,Natural Disaster,9.96,0.871,0.381,0.38,1.0,1,13.0
SHP104030,Hamburg,Sydney,XPO Logistics,Rail,2023-12-15,2023-12-23,8,9,At Port,2271.01,4,1,Fog,3.59,2,4,Equipment Failure,6.23,0.841,0.316,0.27,1.0,1,69.0
SHP104031,Shanghai,London,XPO Logistics,Air,2024-08-05,2024-08-10,5,1,Delayed,469.72,1,0,Fog,3.58,3,10,Traffic Jam,4.26,0.827,0.199,0.18,0.8099,1,64.4
SHP104032,Shanghai,London,DB Schenker,Rail,2023-09-10,2023-09-22,12,9,Customs Hold,2107.02,2,1,Snow,6.32,3,3,Port Strike,9.17,0.871,0.332,0.38,1.0,1,75.6
SHP104033,Rotterdam,Chicago,FedEx,Road,2024-03-19,2024-03-24,5,0,Delayed,497.86,4,0,Fog,3.65,8,9,Traffic Jam,3.54,0.92,0.117,0.2,0.6958,1,31.7
SHP104034,Hamburg,Singapore,XPO Logistics,Air,2023-05-13,2023-05-18,5,1,Out for Delivery,1456.8,5,1,Rain,1.71,1,6,Natural Disaster,10.27,0.808,0.398,0.3,0.9947,1,59.5
SHP104035,Hamburg,Chicago,DHL,Road,2024-11-09,2024-11-15,6,5,In Transit,2934.77,5,0,Heavy Rain,5.14,9,5,Equipment Failure,5.76,0.884,0.291,0.36,1.0,1,74.5
SHP104036,Shanghai,Tokyo,UPS,Sea,2023-12-30,2024-01-23,24,28,At Port,1873.06,5,0,Clear,0.45,6,3,None,0.0,0.912,0.327,0.12,0.681,1,56.3
SHP104037,Rotterdam,Sydney,Maersk,Air,2024-03-18,2024-03-22,4,9,In Transit,4894.79,3,0,Fog,4.29,1,9,None,0.0,0.839,0.053,0.21,0.7013,1,7.7
SHP104038,Dubai,Sydney,DHL,Rail,2023-07-31,2023-08-11,11,7,Out for Delivery,1222.9,2,0,Blizzard,8.68,5,6,Port Strike,8.78,0.876,0.343,0.23,1.0,1,69.9
SHP104039,Hamburg,Tokyo,FedEx,Road,2023-02-10,2023-02-18,8,0,Delayed,396.52,3,0,Fog,4.03,8,1,Equipment Failure,6.15,0.934,0.357,0.11,0.8193,1,60.9
SHP104040,Los Angeles,New York,XPO Logistics,Air,2023-03-28,2023-04-01,4,1,At Port,839.36,1,0,Blizzard,9.2,2,8,Port Strike,8.81,0.846,0.156,0.28,1.0,1,93.6
SHP104041,Dubai,New York,DB Schenker,Road,2023-05-16,2023-05-21,5,5,Delayed,4682.1,5,0,Clear,0.25,7,2,Traffic Jam,4.43,0.865,0.175,0.36,0.9128,1,9.7
SHP104042,Dubai,Singapore,Maersk,Sea,2024-01-17,2024-02-08,22,27,Out for Delivery,1342.15,1,1,Heavy Rain,4.83,6,5,Equipment Failure,5.61,0.856,0.125,0.15,0.8739,1,44.8
SHP104043,Los Angeles,Sydney,Maersk,Road,2024-09-28,2024-10-03,5,10,Delayed,3659.94,3,0,Rain,1.61,9,8,Natural Disaster,10.46,0.861,0.174,0.38,1.0,1,62.4
SHP104044,Hamburg,New York,FedEx,Air,2023-06-19,2023-06-22,3,3,At Port,3704.83,4,1,Blizzard,8.59,1,2,None,0.0,0.898,0.253,0.29,0.8774,1,78.1
SHP104045,Rotterdam,Singapore,XPO Logistics,Air,2024-02-18,2024-02-23,5,3,Delayed,4813.83,1,0,Fog,3.85,2,6,Traffic Jam,3.68,0.845,0.092,0.44,0.8968,1,43.4
SHP104046,Hamburg,Singapore,FedEx,Road,2023-01-13,2023-01-17,4,3,At Port,4483.17,4,0,Storm,8.16,8,4,Natural Disaster,10.38,0.937,0.252,0.14,1.0,1,13.3
SHP104047,Hamburg,Chicago,Maersk,Sea,2023-12-23,2024-01-23,31,32,At Port,1246.94,2,0,Fog,3.63,6,6,Natural Disaster,10.38,0.843,0.034,0.18,0.9799,1,74.2
SHP104048,Hamburg,Sydney,UPS,Sea,2023-01-22,2023-02-24,33,3,Delayed,53.32,1,0,Storm,8.04,3,1,Traffic Jam,3.63,0.921,0.388,0.27,0.9307,1,78.1
SHP104049,Hamburg,Chicago,DHL,Air,2023-07-12,2023-07-17,5,9,In Transit,3490.54,2,1,Clear,0.25,4,2,None,0.46,0.908,0.133,0.33,0.71,1,55.2
SHP104050,Hamburg,New York,Maersk,Air,2023-09-05,2023-09-09,4,1,In Transit,4731.9,2,1,Rain,2.2,2,2,Equipment Failure,5.7,0.838,0.171,0.14,0.7094,1,37.9
SHP104051,Shanghai,Singapore,XPO Logistics,Air,2023-12-18,2023-12-21,3,1,In Transit,2165.83,5,0,Blizzard,8.54,4,6,Port Strike,8.79,0.843,0.086,0.34,1.0,1,32.7
SHP104052,Dubai,Chicago,DHL,Sea,2023-11-05,2023-12-10,35,14,In Transit,3997.32,3,0,Rain,2.46,6,8,Equipment Failure,5.71,0.897,0.21,0.4,0.992,1,7.0
SHP104053,Hamburg,New York,UPS,Road,2023-05-12,2023-05-19,7,8,Out for Delivery,4470.77,1,0,Snow,6.14,8,1,None,0.0,0.925,0.27,0.24,0.8507,1,23.6
SHP104054,Mumbai,Sydney,Maersk,Air,2024-11-22,2024-11-27,5,10,Customs Hold,169.55,2,0,Rain,2.4,3,7,Traffic Jam,4.26,0.853,0.252,0.3,1.0,1,92.9
SHP104055,Dubai,Chicago,Maersk,Rail,2023-10-31,2023-11-12,12,16,At Port,609.14,5,1,Heavy Rain,5.26,5,5,None,0.0,0.829,0.136,0.39,1.0,1,92.9
SHP104056,Dubai,Sydney,FedEx,Rail,2023-12-30,2024-01-12,13,5,Customs Hold,4986.88,5,1,Snow,5.77,3,5,None,0.0,0.878,0.183,0.12,0.6192,1,8.0
SHP104057,Hamburg,Sydney,XPO Logistics,Air,2024-11-12,2024-11-17,5,7,Out for Delivery,1586.96,4,0,Fog,4.11,1,1,Port Strike,8.74,0.815,0.052,0.14,0.8773,1,13.2
SHP104058,Shanghai,New York,XPO Logistics,Air,2024-07-05,2024-07-08,3,5,In Transit,1094.59,3,0,Blizzard,8.53,2,1,Port Strike,8.9,0.823,0.388,0.35,1.0,1,10.8
SHP104059,Los Angeles,Tokyo,FedEx,Sea,2024-06-22,2024-07-13,21,11,In Transit,3819.19,1,0,Storm,8.16,4,10,Traffic Jam,4.23,0.93,0.078,0.25,0.7926,1,63.1
SHP104060,Mumbai,Singapore,FedEx,Sea,2023-03-18,2023-04-16,29,6,At Port,1772.96,3,1,Storm,8.2,6,2,Port Strike,9.0,0.965,0.232,0.15,0.8879,1,42.6
SHP104061,Los Angeles,Singapore,Maersk,Road,2023-05-06,2023-05-15,9,8,In Transit,4288.59,2,1,Rain,2.34,8,2,Natural Disaster,9.57,0.845,0.173,0.41,1.0,1,84.3
SHP104062,Mumbai,Tokyo,UPS,Road,2024-03-28,2024-04-06,9,11,At Port,3538.94,2,0,Storm,7.98,9,3,Port Strike,8.58,0.877,0.205,0.17,1.0,1,30.7
SHP104063,Dubai,London,XPO Logistics,Road,2024-02-23,2024-02-26,3,6,At Port,3936.54,4,0,Storm,8.4,6,8,Port Strike,9.25,0.813,0.193,0.11,1.0,1,95.1
SHP104064,Los Angeles,Tokyo,DHL,Road,2023-01-03,2023-01-10,7,6,Delayed,2746.29,2,1,Heavy Rain,4.54,8,5,Equipment Failure,6.31,0.908,0.357,0.25,1.0,1,74.9
SHP104065,Hamburg,Tokyo,XPO Logistics,Rail,2024-02-16,2024-03-02,15,14,Customs Hold,4545.16,3,0,Rain,2.33,2,1,Traffic Jam,4.32,0.831,0.092,0.42,0.8827,1,5.8
SHP104066,Los Angeles,New York,DHL,Road,2023-07-13,2023-07-20,7,3,At Port,999.59,1,0,Storm,7.73,8,3,Equipment Failure,5.54,0.875,0.276,0.16,1.0,1,26.2
SHP104067,Hamburg,Sydney,DHL,Sea,2023-10-29,2023-11-20,22,17,At Port,3546.44,5,0,Heavy Rain,4.59,5,9,Port Strike,8.91,0.877,0.33,0.41,1.0,1,7.6
SHP104068,Los Angeles,New York,FedEx,Air,2024-05-14,2024-05-19,5,1,At Port,2678.62,1,1,Clear,0.0,4,8,Equipment Failure,6.27,0.938,0.064,0.36,0.6885,1,61.9
SHP104069,Dubai,London,DHL,Sea,2023-10-31,2023-12-01,31,24,At Port,4931.61,3,0,Heavy Rain,4.53,6,10,Traffic Jam,3.78,0.85,0.198,0.42,1.0,1,22.1
SHP104070,Los Angeles,New York,Maersk,Rail,2023-10-22,2023-10-30,8,9,Delayed,3665.02,2,1,Heavy Rain,5.28,4,1,Traffic Jam,4.2,0.881,0.074,0.36,1.0,1,67.6
SHP104071,Mumbai,Sydney,DHL,Road,2024-06-05,2024-06-09,4,2,Customs Hold,3705.91,1,1,Fog,4.0,8,5,None,0.17,0.89,0.358,0.3,0.9207,1,83.8
SHP104072,Los Angeles,London,UPS,Air,2024-02-07,2024-02-12,5,6,Customs Hold,343.49,2,1,Fog,3.85,3,5,Port Strike,9.38,0.875,0.309,0.17,1.0,1,68.3
SHP104073,Los Angeles,London,DHL,Rail,2023-04-18,2023-04-27,9,8,Customs Hold,2761.0,3,0,Fog,3.59,4,2,None,0.0,0.89,0.193,0.37,0.8316,1,57.0
SHP104074,Hamburg,Chicago,DB Schenker,Sea,2024-10-05,2024-11-08,34,19,At Port,2616.2,1,0,Fog,3.85,4,9,None,0.0,0.865,0.345,0.45,1.0,1,58.6
SHP104075,Dubai,Chicago,Maersk,Road,2024-04-11,2024-04-21,10,7,Out for Delivery,4660.08,1,0,Rain,2.3,6,6,Port Strike,9.13,0.852,0.088,0.14,0.8789,1,79.1
SHP104076,Mumbai,Singapore,XPO Logistics,Road,2023-06-21,2023-06-27,6,11,In Transit,4620.46,5,0,Blizzard,8.64,8,4,Port Strike,8.67,0.831,0.19,0.28,1.0,1,68.1
SHP104077,Rotterdam,Sydney,DHL,Air,2024-06-30,2024-07-04,4,1,Customs Hold,4891.96,1,0,Snow,5.55,4,5,None,0.08,0.852,0.154,0.39,0.7408,1,16.3
SHP104078,Hamburg,Tokyo,XPO Logistics,Sea,2024-05-31,2024-06-21,21,20,Out for Delivery,2853.66,1,0,Clear,0.0,5,7,Port Strike,8.9,0.823,0.301,0.42,1.0,1,78.8
SHP104079,Hamburg,Tokyo,DB Schenker,Road,2024-06-20,2024-06-23,3,5,Customs Hold,270.78,2,0,Clear,0.19,7,5,Traffic Jam,3.77,0.862,0.218,0.2,0.9378,1,64.3
SHP104080,Mumbai,Singapore,DHL,Road,2023-07-03,2023-07-10,7,9,Customs Hold,3800.7,5,0,Heavy Rain,5.16,9,3,Port Strike,9.14,0.871,0.373,0.29,1.0,1,11.0
SHP104081,Los Angeles,London,XPO Logistics,Sea,2023-05-14,2023-06-13,30,20,Customs Hold,4084.38,1,1,Heavy Rain,5.35,6,3,Natural Disaster,9.74,0.848,0.049,0.18,0.9678,1,20.1
SHP104082,Los Angeles,Singapore,XPO Logistics,Road,2024-11-21,2024-12-01,10,1,Customs Hold,2165.55,2,1,Clear,0.13,6,10,Natural Disaster,10.22,0.874,0.091,0.35,0.9066,1,60.9
SHP104083,Mumbai,Sydney,DHL,Rail,2023-12-12,2023-12-26,14,3,In Transit,4788.54,4,0,Fog,4.13,4,10,Equipment Failure,6.45,0.9,0.209,0.3,0.8513,1,14.2
SHP104084,Los Angeles,New York,UPS,Rail,2023-05-22,2023-06-01,10,11,In Transit,93.97,5,0,Heavy Rain,5.49,2,1,Equipment Failure,5.71,0.918,0.338,0.38,1.0,1,93.5
SHP104085,Mumbai,Chicago,XPO Logistics,Air,2024-05-28,2024-06-02,5,3,In Transit,3876.23,1,1,Blizzard,9.15,3,8,Equipment Failure,6.18,0.835,0.036,0.31,1.0,1,35.5
SHP104086,Hamburg,Tokyo,Maersk,Rail,2024-09-14,2024-09-21,7,0,At Port,3940.95,3,0,Rain,1.69,4,3,Equipment Failure,6.45,0.873,0.08,0.24,0.5902,1,32.6
SHP104087,Shanghai,London,UPS,Rail,2023-10-29,2023-11-07,9,8,Delayed,2592.99,5,1,Clear,0.0,4,4,Traffic Jam,4.18,0.91,0.127,0.14,0.5793,1,27.6
SHP104088,Mumbai,London,DHL,Road,2023-01-13,2023-01-20,7,2,Customs Hold,3076.11,4,0,Rain,1.59,8,1,Equipment Failure,6.05,0.891,0.104,0.12,0.6948,1,6.3
SHP104089,Shanghai,London,DHL,Road,2024-08-02,2024-08-11,9,3,Customs Hold,3882.84,4,0,Blizzard,9.38,6,5,Natural Disaster,9.52,0.885,0.215,0.43,1.0,1,87.5
SHP104090,Shanghai,Tokyo,DHL,Sea,2023-06-08,2023-07-02,24,23,Out for Delivery,746.34,1,0,Fog,4.03,3,5,Equipment Failure,5.9,0.888,0.098,0.13,0.8048,1,48.9
SHP104091,Dubai,New York,DB Schenker,Sea,2024-05-09,2024-06-10,32,14,At Port,3135.28,3,1,Rain,2.34,6,1,Port Strike,9.32,0.868,0.133,0.15,0.8473,1,36.5
SHP104092,Hamburg,New York,FedEx,Air,2023-05-07,2023-05-11,4,7,Customs Hold,2669.61,4,1,Clear,0.0,1,10,Traffic Jam,3.63,0.94,0.309,0.11,0.6099,1,18.1
SHP104093,Shanghai,Sydney,Maersk,Road,2024-06-19,2024-06-22,3,3,In Transit,2370.22,5,0,Heavy Rain,4.53,6,3,None,0.0,0.837,0.325,0.45,1.0,1,20.4
SHP104094,Dubai,Chicago,DHL,Sea,2023-07-05,2023-07-28,23,1,Customs Hold,1175.55,1,0,Rain,2.41,3,3,Traffic Jam,4.21,0.866,0.167,0.34,0.7463,1,13.1
SHP104095,Hamburg,Sydney,UPS,Sea,2023-05-20,2023-06-23,34,3,Delayed,914.72,2,0,Snow,6.11,4,5,Port Strike,8.98,0.931,0.084,0.37,0.927,1,81.3
SHP104096,Dubai,Sydney,DHL,Air,2023-06-21,2023-06-26,5,8,Delayed,2347.92,5,0,Heavy Rain,4.78,4,8,Port Strike,9.17,0.904,0.095,0.22,0.93,1,16.0
SHP104097,Rotterdam,Tokyo,XPO Logistics,Air,2024-03-16,2024-03-20,4,8,Out for Delivery,4921.77,3,1,Blizzard,8.89,4,10,Traffic Jam,4.41,0.796,0.044,0.3,1.0,1,15.6
SHP104098,Hamburg,Singapore,FedEx,Air,2024-08-07,2024-08-09,2,6,Delayed,4727.89,1,1,Heavy Rain,4.59,2,1,Natural Disaster,9.73,0.911,0.152,0.37,1.0,1,38.0
SHP104099,Hamburg,London,DB Schenker,Rail,2023-01-24,2023-02-05,12,8,At Port,477.04,3,1,Rain,1.57,5,9,Equipment Failure,5.63,0.813,0.108,0.1,0.7254,1,32.7
SHP104100,Shanghai,Chicago,UPS,Sea,2023-11-01,2023-12-04,33,6,Out for Delivery,4973.41,5,0,Clear,0.18,4,8,Port Strike,8.72,0.925,0.128,0.2,0.6402,1,47.1
SHP104101,Los Angeles,Tokyo,DHL,Air,2024-10-08,2024-10-13,5,8,At Port,4323.18,5,0,Heavy Rain,4.87,2,4,Port Strike,8.78,0.897,0.282,0.25,1.0,1,56.2
SHP104102,Rotterdam,London,UPS,Rail,2023-12-27,2024-01-07,11,3,At Port,3880.98,1,1,Heavy Rain,4.99,2,7,Traffic Jam,4.01,0.913,0.04,0.37,0.6788,1,53.9
SHP104103,Rotterdam,Singapore,DHL,Road,2024-09-16,2024-09-20,4,2,Out for Delivery,4827.77,5,0,Fog,4.1,8,1,Port Strike,9.05,0.931,0.299,0.43,1.0,1,77.4
SHP104104,Rotterdam,Tokyo,DHL,Road,2024-05-15,2024-05-20,5,8,Delayed,1350.31,1,0,Blizzard,8.82,7,8,Traffic Jam,3.8,0.898,0.239,0.13,0.9794,1,44.7
SHP104105,Hamburg,Chicago,DHL,Road,2024-07-23,2024-07-29,6,6,Out for Delivery,1081.96,5,0,Snow,5.99,8,8,Equipment Failure,5.7,0.908,0.299,0.12,0.9982,1,69.7
SHP104106,Dubai,Tokyo,UPS,Road,2023-04-23,2023-05-02,9,3,At Port,1881.84,3,1,Clear,0.0,9,2,Traffic Jam,3.76,0.898,0.344,0.21,0.8046,1,10.0
SHP104107,Dubai,New York,FedEx,Rail,2024-05-09,2024-05-16,7,1,Out for Delivery,1286.29,3,0,Heavy Rain,5.25,5,10,Port Strike,9.39,0.923,0.13,0.31,0.9597,1,6.2
SHP104108,Shanghai,New York,Maersk,Rail,2024-01-18,2024-01-28,10,9,Delayed,1462.92,4,0,Blizzard,9.5,2,3,Natural Disaster,9.81,0.821,0.251,0.35,1.0,1,56.1
SHP104109,Los Angeles,New York,FedEx,Rail,2023-01-30,2023-02-10,11,13,Delayed,2500.96,4,0,Rain,2.0,5,8,Traffic Jam,4.14,0.904,0.298,0.37,1.0,1,56.8
SHP104110,Dubai,London,DB Schenker,Rail,2023-08-12,2023-08-27,15,5,Customs Hold,2285.31,2,1,Rain,2.02,2,10,Natural Disaster,9.77,0.849,0.175,0.37,0.927,1,68.0
SHP104111,Mumbai,New York,DB Schenker,Rail,2023-12-31,2024-01-15,15,8,Customs Hold,4572.9,3,0,Rain,2.08,4,2,Equipment Failure,5.65,0.861,0.323,0.19,0.846,1,53.0
SHP104112,Dubai,Sydney,DHL,Sea,2023-01-20,2023-02-23,34,33,Customs Hold,2909.91,3,1,Fog,3.83,6,2,Port Strike,9.38,0.905,0.221,0.32,1.0,1,21.8
SHP104113,Dubai,Tokyo,XPO Logistics,Air,2023-09-20,2023-09-25,5,9,Customs Hold,3115.47,2,0,Clear,0.41,2,9,Natural Disaster,10.03,0.83,0.068,0.31,1.0,1,22.5
SHP104114,Los Angeles,London,DHL,Sea,2023-03-21,2023-04-12,22,23,Delayed,3840.68,3,0,Blizzard,9.45,3,6,None,0.0,0.882,0.321,0.4,1.0,1,52.4
SHP104115,Mumbai,Singapore,DB Schenker,Air,2023-04-27,2023-05-02,5,3,Out for Delivery,1391.42,3,0,Clear,0.0,3,7,Traffic Jam,4.33,0.853,0.369,0.23,0.8227,1,34.8
SHP104116,Rotterdam,London,Maersk,Sea,2024-06-23,2024-07-24,31,0,Customs Hold,3691.73,3,1,Heavy Rain,5.34,5,7,Traffic Jam,4.16,0.82,0.188,0.21,0.8169,1,42.7
SHP104117,Shanghai,London,DHL,Air,2024-03-21,2024-03-24,3,1,In Transit,968.32,4,0,Storm,7.5,2,7,Traffic Jam,4.0,0.907,0.201,0.43,0.9612,1,82.4
SHP104118,Shanghai,Singapore,DB Schenker,Rail,2024-01-17,2024-01-31,14,1,Out for Delivery,4982.55,2,1,Snow,5.61,5,6,None,0.0,0.867,0.314,0.13,0.6839,1,61.3
SHP104119,Los Angeles,Sydney,DB Schenker,Sea,2023-07-01,2023-07-28,27,17,Out for Delivery,2334.19,2,0,Blizzard,9.07,5,8,None,0.0,0.858,0.311,0.24,0.9779,1,72.9
SHP104120,Rotterdam,Chicago,DHL,Road,2023-05-06,2023-05-12,6,2,Customs Hold,3765.57,4,0,Clear,0.4,8,4,Traffic Jam,3.61,0.919,0.369,0.2,0.7861,1,68.9
SHP104121,Los Angeles,Singapore,UPS,Sea,2023-06-10,2023-07-03,23,23,In Transit,4466.4,3,1,Heavy Rain,5.0,5,6,None,0.0,0.951,0.281,0.44,0.9911,1,72.4
SHP104122,Los Angeles,London,XPO Logistics,Rail,2023-10-24,2023-11-02,9,1,Customs Hold,1851.89,4,0,Fog,3.62,5,7,Traffic Jam,3.94,0.828,0.387,0.3,0.8915,1,65.0
SHP104123,Dubai,Chicago,FedEx,Air,2024-02-09,2024-02-13,4,4,Out for Delivery,9.51,5,0,Rain,1.93,1,1,Equipment Failure,6.12,0.948,0.38,0.21,0.8316,1,47.1
SHP104124,Los Angeles,Chicago,FedEx,Sea,2023-12-20,2024-01-17,28,26,Delayed,4301.64,1,1,Snow,5.55,3,4,Equipment Failure,5.83,0.908,0.102,0.16,0.7724,1,33.8
SHP104125,Rotterdam,Sydney,UPS,Air,2023-09-26,2023-10-01,5,5,Out for Delivery,1522.44,3,1,Snow,5.53,2,5,Natural Disaster,9.55,0.897,0.274,0.37,1.0,1,42.3
SHP104126,Mumbai,Tokyo,DB Schenker,Rail,2023-04-18,2023-04-30,12,12,Customs Hold,1402.2,4,1,Snow,5.98,4,1,None,0.0,0.855,0.168,0.4,0.9503,1,61.2
SHP104127,Shanghai,Chicago,Maersk,Rail,2024-06-22,2024-07-01,9,5,Out for Delivery,4972.83,4,0,Snow,5.58,3,3,Equipment Failure,6.02,0.872,0.21,0.18,0.8105,1,77.1
SHP104128,Los Angeles,New York,Maersk,Road,2024-01-09,2024-01-18,9,5,In Transit,170.69,1,0,Storm,8.1,6,7,None,0.48,0.819,0.225,0.25,0.9818,1,15.8
SHP104129,Mumbai,Chicago,FedEx,Sea,2023-08-30,2023-09-28,29,7,In Transit,959.76,4,0,Heavy Rain,4.93,3,1,None,0.0,0.952,0.228,0.19,0.5487,1,8.0
SHP104130,Dubai,New York,Maersk,Rail,2023-10-06,2023-10-14,8,2,At Port,2611.58,1,1,Rain,2.47,5,8,Natural Disaster,10.28,0.905,0.335,0.41,1.0,1,92.0
SHP104131,Shanghai,Singapore,XPO Logistics,Road,2024-05-28,2024-06-03,6,10,Customs Hold,3125.0,3,0,Blizzard,8.69,9,4,Traffic Jam,4.16,0.854,0.26,0.42,1.0,1,37.2
SHP104132,Hamburg,Tokyo,Maersk,Rail,2024-04-20,2024-05-01,11,5,Out for Delivery,2311.76,3,0,Clear,0.0,2,1,None,0.08,0.86,0.285,0.41,0.7341,1,12.3
SHP104133,Mumbai,Chicago,DHL,Sea,2023-10-21,2023-11-09,19,24,In Transit,3674.34,5,0,Snow,5.61,3,10,Traffic Jam,3.84,0.898,0.386,0.42,1.0,1,55.4
SHP104134,Mumbai,New York,FedEx,Rail,2023-07-10,2023-07-23,13,11,At Port,2388.88,4,0,Heavy Rain,4.69,5,2,Natural Disaster,10.12,0.922,0.169,0.4,1.0,1,53.0
SHP104135,Hamburg,New York,XPO Logistics,Rail,2023-06-30,2023-07-11,11,5,In Transit,3766.44,4,0,Rain,1.61,5,9,None,0.18,0.842,0.038,0.25,0.7127,1,67.9
SHP104136,Rotterdam,Singapore,DB Schenker,Road,2023-04-20,2023-04-23,3,6,Out for Delivery,2552.61,2,1,Rain,1.51,9,9,None,0.12,0.836,0.301,0.21,1.0,1,84.2
SHP104137,Hamburg,New York,DB Schenker,Rail,2024-07-04,2024-07-14,10,5,At Port,2038.47,2,0,Fog,4.34,4,7,Natural Disaster,10.17,0.887,0.048,0.32,0.8755,1,35.6
SHP104138,Los Angeles,New York,DB Schenker,Sea,2023-06-01,2023-06-24,23,25,Delayed,3812.57,5,0,Blizzard,9.32,4,7,None,0.0,0.88,0.211,0.21,0.7689,1,5.4
SHP104139,Shanghai,Singapore,DHL,Sea,2023-11-06,2023-12-01,25,11,In Transit,4401.96,3,1,Snow,6.07,3,2,Traffic Jam,3.8,0.904,0.242,0.17,0.7639,1,26.7
SHP104140,Los Angeles,Singapore,FedEx,Road,2024-10-14,2024-10-23,9,12,Out for Delivery,1939.62,1,0,Heavy Rain,5.39,9,4,Traffic Jam,4.33,0.892,0.368,0.26,1.0,1,95.2
SHP104141,Mumbai,London,FedEx,Sea,2024-04-22,2024-05-22,30,15,Delayed,4036.96,1,0,Clear,0.0,6,1,Port Strike,9.19,0.94,0.152,0.32,0.9071,1,69.7
SHP104142,Shanghai,New York,Maersk,Air,2024-07-28,2024-08-02,5,10,Delayed,589.65,1,0,Heavy Rain,4.94,2,7,None,0.16,0.845,0.334,0.35,1.0,1,46.0
SHP104143,Mumbai,Tokyo,DHL,Air,2023-01-12,2023-01-14,2,0,Out for Delivery,2838.1,5,0,Snow,6.03,2,3,Port Strike,8.96,0.872,0.074,0.26,0.8773,1,44.9
SHP104144,Los Angeles,Tokyo,FedEx,Sea,2023-10-17,2023-11-20,34,37,Customs Hold,2977.99,1,1,Snow,5.95,5,10,Traffic Jam,3.78,0.925,0.293,0.25,0.9689,1,63.8
SHP104145,Mumbai,Sydney,DHL,Air,2023-10-01,2023-10-04,3,1,Out for Delivery,3202.16,5,0,Storm,7.96,1,9,None,0.0,0.888,0.059,0.3,0.6367,1,50.9
SHP104146,Hamburg,Chicago,DB Schenker,Air,2024-06-07,2024-06-11,4,5,In Transit,4677.56,5,0,Snow,5.95,1,1,Natural Disaster,10.29,0.865,0.08,0.32,1.0,1,28.2
SHP104147,Hamburg,Tokyo,FedEx,Sea,2024-03-11,2024-04-01,21,9,Out for Delivery,2453.08,5,1,Heavy Rain,5.18,6,10,Equipment Failure,6.07,0.901,0.328,0.28,0.9933,1,79.4
SHP104148,Mumbai,Tokyo,DB Schenker,Rail,2023-09-24,2023-10-06,12,1,Delayed,3974.98,2,1,Clear,0.0,2,6,Equipment Failure,5.58,0.865,0.175,0.31,0.6916,1,33.9
SHP104149,Los Angeles,Tokyo,Maersk,Sea,2024-02-09,2024-03-10,30,32,At Port,4578.07,2,0,Heavy Rain,5.36,6,8,None,0.0,0.86,0.332,0.25,0.9096,1,78.0
SHP104150,Shanghai,Sydney,XPO Logistics,Air,2023-03-23,2023-03-25,2,5,Out for Delivery,4686.19,3,0,Fog,4.28,2,2,Equipment Failure,6.3,0.866,0.343,0.18,1.0,1,31.9
SHP104151,Mumbai,Chicago,Maersk,Air,2023-04-03,2023-04-06,3,6,Out for Delivery,1919.24,4,0,Blizzard,9.42,3,7,Natural Disaster,9.9,0.846,0.025,0.34,1.0,1,9.3
SHP104152,Mumbai,New York,UPS,Rail,2024-10-16,2024-10-31,15,7,Customs Hold,998.68,2,0,Rain,1.51,5,7,Natural Disaster,10.2,0.92,0.285,0.27,0.9532,1,15.6
SHP104153,Dubai,Chicago,DHL,Sea,2024-07-17,2024-08-14,28,11,Customs Hold,4743.27,5,0,Heavy Rain,5.35,4,8,Equipment Failure,5.62,0.906,0.191,0.13,0.7108,1,19.5
SHP104154,Los Angeles,Tokyo,FedEx,Sea,2024-04-14,2024-05-06,22,2,Out for Delivery,2552.46,4,0,Rain,1.54,3,9,Port Strike,9.22,0.906,0.2,0.25,0.7523,1,49.1
SHP104155,Dubai,Tokyo,DHL,Road,2024-06-25,2024-07-02,7,0,Customs Hold,2820.63,2,0,Fog,3.91,9,4,Port Strike,9.36,0.875,0.239,0.43,1.0,1,71.5
SHP104156,Los Angeles,London,DHL,Sea,2024-08-17,2024-09-21,35,11,In Transit,3050.49,1,0,Heavy Rain,5.02,4,9,Traffic Jam,4.21,0.925,0.07,0.36,0.8555,1,21.6
SHP104157,Mumbai,Tokyo,DB Schenker,Road,2024-04-22,2024-04-29,7,1,Delayed,2011.04,2,0,Fog,3.93,7,4,None,0.0,0.876,0.292,0.12,0.7105,1,30.0
SHP104158,Mumbai,New York,DHL,Rail,2023-12-20,2023-12-30,10,7,Out for Delivery,2176.84,1,0,Fog,4.0,2,9,Traffic Jam,4.29,0.866,0.114,0.36,0.7903,1,38.6
SHP104159,Dubai,Chicago,Maersk,Sea,2023-10-22,2023-11-19,28,22,Customs Hold,438.03,5,0,Clear,0.0,3,8,Natural Disaster,10.42,0.892,0.186,0.24,0.9214,1,12.0
SHP104160,Shanghai,Sydney,DB Schenker,Rail,2024-11-01,2024-11-14,13,8,Delayed,4524.44,5,0,Heavy Rain,4.97,2,5,Port Strike,8.88,0.886,0.052,0.28,0.8857,1,54.0
SHP104161,Hamburg,Tokyo,DHL,Rail,2023-09-10,2023-09-18,8,6,In Transit,1222.91,2,1,Blizzard,8.9,2,6,None,0.36,0.889,0.041,0.39,0.8543,1,26.9
SHP104162,Dubai,New York,Maersk,Rail,2023-03-09,2023-03-21,12,2,Out for Delivery,2366.37,3,0,Fog,3.98,3,9,Equipment Failure,5.69,0.821,0.241,0.4,0.99,1,92.4
SHP104163,Rotterdam,Tokyo,Maersk,Air,2024-04-05,2024-04-07,2,5,Delayed,273.77,1,0,Fog,3.88,3,5,Natural Disaster,10.41,0.839,0.143,0.3,1.0,1,33.5
SHP104164,Shanghai,London,XPO Logistics,Sea,2023-09-25,2023-10-15,20,17,In Transit,3470.66,2,1,Fog,3.69,4,6,None,0.09,0.795,0.182,0.42,1.0,1,75.6
SHP104165,Hamburg,Tokyo,DB Schenker,Rail,2023-06-19,2023-06-27,8,2,Out for Delivery,2387.05,2,0,Heavy Rain,5.29,4,5,Equipment Failure,5.92,0.857,0.194,0.16,0.834,1,7.3
SHP104166,Hamburg,Chicago,XPO Logistics,Rail,2024-07-19,2024-07-31,12,8,Delayed,1069.34,1,0,Rain,1.57,4,6,None,0.0,0.82,0.282,0.1,0.7197,1,51.4
SHP104167,Dubai,Tokyo,Maersk,Road,2023-04-08,2023-04-11,3,5,In Transit,4513.4,1,0,Storm,7.97,7,2,Port Strike,9.23,0.855,0.221,0.4,1.0,1,12.5
SHP104168,Los Angeles,Singapore,FedEx,Rail,2024-02-27,2024-03-10,12,2,Out for Delivery,3107.24,2,0,Fog,3.51,2,6,None,0.0,0.948,0.233,0.28,0.6029,1,7.1
SHP104169,Dubai,Chicago,DB Schenker,Road,2024-11-27,2024-12-03,6,5,Out for Delivery,4132.35,3,0,Storm,7.65,7,3,None,0.1,0.865,0.222,0.17,0.8678,1,62.3
SHP104170,Hamburg,Sydney,Maersk,Road,2024-02-17,2024-02-21,4,1,Customs Hold,3146.48,3,0,Fog,3.72,8,7,Port Strike,9.14,0.856,0.213,0.3,1.0,1,69.6
SHP104171,Hamburg,London,XPO Logistics,Air,2024-07-09,2024-07-13,4,5,Delayed,306.77,5,1,Clear,0.48,3,6,None,0.36,0.786,0.288,0.1,0.682,1,48.2
SHP104172,Rotterdam,London,DB Schenker,Sea,2023-06-18,2023-07-15,27,26,Customs Hold,1112.93,5,0,Clear,0.0,5,8,Traffic Jam,3.56,0.868,0.258,0.13,0.7578,1,32.1
SHP104173,Shanghai,Chicago,DB Schenker,Road,2023-09-06,2023-09-11,5,3,Out for Delivery,2349.17,5,0,Rain,1.5,9,8,Traffic Jam,3.56,0.89,0.098,0.42,0.9009,1,8.5
SHP104174,Los Angeles,Singapore,FedEx,Road,2024-05-02,2024-05-10,8,4,Customs Hold,981.6,2,0,Rain,2.12,8,9,None,0.0,0.933,0.268,0.23,0.6333,1,47.9
SHP104175,Mumbai,Sydney,FedEx,Air,2023-12-30,2024-01-01,2,4,In Transit,862.5,2,0,Rain,1.59,2,10,Port Strike,8.95,0.882,0.044,0.3,0.918,1,47.9
SHP104176,Los Angeles,London,Maersk,Air,2023-02-07,2023-02-09,2,3,Out for Delivery,344.9,2,1,Blizzard,8.82,1,8,Natural Disaster,10.16,0.859,0.199,0.42,1.0,1,31.9
SHP104177,Mumbai,London,FedEx,Road,2023-09-08,2023-09-16,8,6,Customs Hold,4841.31,2,0,Snow,5.87,6,5,Natural Disaster,9.86,0.889,0.172,0.37,1.0,1,45.6
SHP104178,Rotterdam,London,Maersk,Sea,2023-05-31,2023-07-02,32,12,In Transit,4084.16,4,1,Storm,8.28,4,10,Port Strike,9.3,0.85,0.127,0.44,1.0,1,8.0
SHP104179,Dubai,Chicago,XPO Logistics,Road,2024-10-16,2024-10-20,4,3,In Transit,2594.17,1,0,Fog,4.05,6,10,Traffic Jam,3.85,0.843,0.312,0.23,0.9881,1,87.5
SHP104180,Hamburg,London,Maersk,Rail,2023-09-30,2023-10-07,7,11,At Port,1094.87,1,0,Storm,8.35,3,8,Traffic Jam,4.5,0.825,0.354,0.1,1.0,1,52.3
SHP104181,Mumbai,New York,DB Schenker,Sea,2023-09-20,2023-10-23,33,4,In Transit,1327.58,1,0,Fog,4.45,4,10,Natural Disaster,10.21,0.868,0.217,0.28,1.0,1,87.2
SHP104182,Dubai,Singapore,Maersk,Air,2023-04-17,2023-04-22,5,3,Out for Delivery,4597.25,1,0,Rain,1.6,1,9,Equipment Failure,6.01,0.873,0.199,0.15,0.729,1,50.7
SHP104183,Los Angeles,Sydney,UPS,Rail,2024-05-14,2024-05-23,9,14,Customs Hold,4120.92,5,1,Heavy Rain,5.39,3,7,Equipment Failure,6.15,0.886,0.147,0.32,0.9318,1,29.4
SHP104184,Dubai,New York,XPO Logistics,Road,2024-03-24,2024-03-29,5,7,At Port,3860.02,2,1,Heavy Rain,5.27,6,5,Equipment Failure,6.11,0.833,0.136,0.13,0.909,1,49.4
SHP104185,Dubai,New York,UPS,Air,2024-09-01,2024-09-04,3,8,Delayed,2108.84,3,0,Snow,5.81,2,3,Port Strike,9.14,0.912,0.352,0.38,1.0,1,33.2
SHP104186,Shanghai,London,FedEx,Rail,2023-03-03,2023-03-10,7,6,At Port,1662.01,2,1,Clear,0.43,5,7,Equipment Failure,5.52,0.911,0.284,0.39,0.8932,1,19.8
SHP104187,Shanghai,Tokyo,DB Schenker,Sea,2023-06-17,2023-07-07,20,13,Delayed,3494.61,5,0,Clear,0.47,4,2,Traffic Jam,4.36,0.863,0.097,0.24,0.6598,1,15.9
SHP104188,Rotterdam,London,XPO Logistics,Road,2024-09-15,2024-09-21,6,8,Delayed,3250.32,3,0,Storm,7.56,6,8,None,0.0,0.882,0.039,0.21,0.7506,1,5.8
SHP104189,Shanghai,Singapore,DB Schenker,Rail,2023-04-27,2023-05-09,12,8,In Transit,806.05,4,0,Rain,2.03,5,3,Port Strike,9.19,0.865,0.15,0.31,1.0,1,28.2
SHP104190,Rotterdam,Singapore,FedEx,Road,2023-10-12,2023-10-21,9,4,In Transit,4808.9,1,0,Rain,1.98,9,6,None,0.0,0.915,0.397,0.15,0.7975,1,23.5
SHP104191,Rotterdam,Chicago,UPS,Road,2023-07-06,2023-07-14,8,9,Customs Hold,1951.86,5,1,Fog,3.63,8,4,Traffic Jam,4.05,0.9,0.246,0.2,0.8878,1,10.5
SHP104192,Shanghai,New York,FedEx,Rail,2023-01-10,2023-01-22,12,15,At Port,537.29,2,1,Heavy Rain,5.3,2,8,Traffic Jam,4.5,0.906,0.143,0.35,0.8772,1,72.1
SHP104193,Rotterdam,Tokyo,FedEx,Sea,2024-11-09,2024-12-09,30,14,Delayed,1687.86,4,0,Snow,6.35,3,3,Natural Disaster,10.35,0.902,0.12,0.21,0.9075,1,44.2
SHP104194,Rotterdam,Chicago,FedEx,Road,2024-05-28,2024-05-31,3,0,In Transit,1207.56,4,1,Blizzard,8.85,7,3,Equipment Failure,5.55,0.937,0.195,0.2,0.8415,1,38.5
SHP104195,Hamburg,Chicago,FedEx,Road,2024-08-03,2024-08-06,3,0,At Port,224.66,1,0,Fog,3.74,6,10,Natural Disaster,9.67,0.912,0.111,0.36,0.9373,1,46.9
SHP104196,Hamburg,Singapore,Maersk,Sea,2023-08-16,2023-09-20,35,5,Delayed,670.83,2,0,Snow,5.84,5,10,Equipment Failure,6.28,0.849,0.062,0.3,0.939,1,70.4
SHP104197,Dubai,Tokyo,XPO Logistics,Air,2024-09-01,2024-09-05,4,6,Customs Hold,3621.2,4,1,Storm,7.74,1,9,Traffic Jam,3.7,0.797,0.251,0.18,1.0,1,93.4
SHP104198,Hamburg,London,DHL,Rail,2023-06-11,2023-06-25,14,11,Customs Hold,4422.2,4,0,Fog,4.3,5,1,Port Strike,9.39,0.918,0.34,0.1,0.9398,1,86.2
SHP104199,Rotterdam,Chicago,FedEx,Rail,2024-11-13,2024-11-24,11,1,At Port,4838.57,2,0,Clear,0.26,3,1,Port Strike,8.92,0.938,0.148,0.2,0.6847,1,26.4
SHP104200,Rotterdam,London,UPS,Sea,2024-11-10,2024-12-04,24,6,Out for Delivery,487.58,5,0,Storm,8.5,4,7,None,0.5,0.876,0.319,0.39,0.9407,1,6.0
SHP104201,Mumbai,Chicago,DB Schenker,Sea,2023-12-25,2024-01-14,20,12,Delayed,1693.38,2,0,Blizzard,8.8,6,8,None,0.0,0.816,0.148,0.14,0.7375,1,37.1
SHP104202,Hamburg,Tokyo,UPS,Sea,2023-03-10,2023-03-30,20,11,Delayed,343.87,3,1,Storm,7.81,3,10,Port Strike,8.85,0.896,0.271,0.27,1.0,1,45.6
SHP104203,Rotterdam,London,DHL,Air,2024-03-05,2024-03-09,4,6,Delayed,4691.73,4,0,Heavy Rain,5.05,3,5,Equipment Failure,5.77,0.924,0.176,0.27,0.9226,1,35.6
SHP104204,Dubai,Singapore,Maersk,Sea,2023-03-29,2023-04-23,25,6,Out for Delivery,326.17,5,0,Snow,6.46,6,3,Traffic Jam,3.72,0.838,0.303,0.15,0.8705,1,39.3
SHP104205,Rotterdam,Sydney,DB Schenker,Road,2024-05-12,2024-05-21,9,10,In Transit,4234.24,5,0,Rain,1.69,8,3,Natural Disaster,9.66,0.873,0.281,0.11,1.0,1,65.7
SHP104206,Shanghai,London,XPO Logistics,Road,2023-10-19,2023-10-28,9,8,Customs Hold,2140.02,5,1,Rain,1.75,8,4,Traffic Jam,3.9,0.863,0.21,0.13,0.7629,1,17.7
SHP104207,Mumbai,Chicago,DB Schenker,Rail,2024-04-07,2024-04-17,10,5,At Port,808.64,2,1,Snow,5.73,3,8,Natural Disaster,10.22,0.899,0.206,0.43,1.0,1,84.1
SHP104208,Hamburg,London,DHL,Sea,2024-10-12,2024-11-13,32,33,Customs Hold,1925.98,4,1,Blizzard,9.26,5,5,Equipment Failure,5.97,0.917,0.127,0.1,0.9067,1,13.7
SHP104209,Rotterdam,New York,FedEx,Rail,2023-01-26,2023-02-06,11,11,At Port,2175.24,2,0,Rain,2.12,5,10,None,0.14,0.922,0.04,0.4,0.6956,1,28.8
SHP104210,Hamburg,London,DHL,Rail,2024-02-18,2024-03-01,12,6,In Transit,4359.69,1,0,Clear,0.12,2,1,Port Strike,9.16,0.891,0.169,0.1,0.6335,1,10.5
SHP104211,Mumbai,New York,Maersk,Sea,2024-10-23,2024-11-20,28,32,At Port,4034.19,1,1,Fog,3.92,5,6,Equipment Failure,6.24,0.884,0.341,0.41,1.0,1,38.9
SHP104212,Mumbai,London,DB Schenker,Road,2024-04-02,2024-04-10,8,2,Delayed,4368.38,3,0,Heavy Rain,5.25,6,1,None,0.0,0.856,0.237,0.33,0.9237,1,29.1
SHP104213,Shanghai,Tokyo,XPO Logistics,Road,2023-04-27,2023-05-03,6,0,Out for Delivery,903.55,5,0,Clear,0.0,6,9,Equipment Failure,5.89,0.817,0.215,0.12,0.7201,1,67.9
SHP104214,Mumbai,Chicago,DHL,Air,2023-01-27,2023-02-01,5,2,Delayed,2597.17,2,0,Rain,1.88,2,5,Equipment Failure,6.28,0.856,0.333,0.34,0.8997,1,53.4
SHP104215,Mumbai,London,DB Schenker,Air,2024-07-07,2024-07-12,5,7,Delayed,4962.52,4,0,Blizzard,9.47,2,7,Port Strike,8.76,0.859,0.217,0.41,1.0,1,31.5
SHP104216,Hamburg,Tokyo,UPS,Road,2023-12-20,2023-12-28,8,3,Customs Hold,2770.37,1,0,Heavy Rain,5.0,8,5,Traffic Jam,3.98,0.925,0.231,0.32,0.8775,1,12.9
SHP104217,Rotterdam,Singapore,UPS,Sea,2024-02-16,2024-03-15,28,28,At Port,2125.25,1,1,Rain,2.31,3,8,Natural Disaster,10.07,0.908,0.026,0.42,0.9383,1,48.2
SHP104218,Los Angeles,Tokyo,Maersk,Road,2024-01-16,2024-01-24,8,10,Customs Hold,1879.78,2,1,Fog,3.65,8,8,None,0.0,0.886,0.177,0.25,0.8011,1,11.2
SHP104219,Dubai,New York,DHL,Sea,2023-02-16,2023-03-13,25,9,At Port,2521.61,4,0,Clear,0.18,5,9,Traffic Jam,3.71,0.902,0.385,0.34,0.9071,1,15.3
SHP104220,Rotterdam,New York,XPO Logistics,Sea,2023-07-20,2023-08-18,29,32,Out for Delivery,4602.15,3,1,Blizzard,9.04,5,4,Equipment Failure,5.59,0.784,0.302,0.18,1.0,1,64.9
SHP104221,Dubai,London,DB Schenker,Sea,2024-06-30,2024-07-24,24,2,Delayed,3786.33,5,0,Blizzard,8.58,4,5,Natural Disaster,9.5,0.882,0.085,0.21,0.9117,1,86.6
SHP104222,Rotterdam,Sydney,Maersk,Road,2023-01-28,2023-02-06,9,10,At Port,1620.59,3,1,Heavy Rain,4.69,9,2,Equipment Failure,6.11,0.856,0.314,0.3,1.0,1,20.0
SHP104223,Hamburg,Chicago,DHL,Road,2023-11-06,2023-11-12,6,1,In Transit,446.88,3,0,Snow,6.47,8,8,Natural Disaster,10.43,0.88,0.189,0.11,0.9589,1,67.4
SHP104224,Mumbai,Sydney,DHL,Road,2023-02-17,2023-02-26,9,3,Customs Hold,3042.44,2,0,Heavy Rain,4.8,9,9,Port Strike,9.34,0.93,0.2,0.3,1.0,1,51.3
SHP104225,Dubai,Chicago,UPS,Road,2023-02-26,2023-03-04,6,9,In Transit,3519.23,5,1,Rain,2.46,8,9,Equipment Failure,6.25,0.922,0.046,0.31,0.9237,1,76.7
SHP104226,Hamburg,London,XPO Logistics,Road,2023-08-18,2023-08-28,10,7,Customs Hold,547.92,1,0,Snow,6.44,9,9,None,0.0,0.844,0.166,0.1,0.8305,1,53.8
SHP104227,Rotterdam,Singapore,XPO Logistics,Sea,2023-06-13,2023-07-11,28,18,Customs Hold,3670.97,2,1,Fog,4.08,5,4,Port Strike,8.87,0.82,0.05,0.29,1.0,1,55.8
SHP104228,Mumbai,Chicago,Maersk,Rail,2023-01-03,2023-01-14,11,9,In Transit,1978.53,4,0,Clear,0.43,5,8,Port Strike,9.43,0.855,0.182,0.29,0.9801,1,28.3
SHP104229,Dubai,Chicago,DB Schenker,Air,2023-08-23,2023-08-28,5,3,Delayed,3640.25,5,0,Heavy Rain,5.42,1,7,Equipment Failure,6.22,0.897,0.195,0.12,0.6793,1,17.8
SHP104230,Shanghai,Singapore,DB Schenker,Road,2024-04-28,2024-05-05,7,5,Delayed,3764.65,4,1,Fog,4.33,6,1,Natural Disaster,9.83,0.838,0.281,0.28,1.0,1,6.6
SHP104231,Hamburg,London,UPS,Road,2024-04-11,2024-04-17,6,10,At Port,621.2,3,0,Heavy Rain,4.97,6,6,Port Strike,9.16,0.894,0.034,0.1,0.9394,1,21.7
SHP104232,Shanghai,London,DHL,Air,2023-09-11,2023-09-16,5,7,Out for Delivery,41.78,1,0,Clear,0.41,4,7,Port Strike,8.74,0.902,0.217,0.27,0.9163,1,69.7
SHP104233,Shanghai,Sydney,Maersk,Sea,2024-12-01,2024-12-22,21,25,In Transit,857.17,4,0,Blizzard,8.78,5,1,Natural Disaster,9.62,0.834,0.18,0.4,1.0,1,36.6
SHP104234,Los Angeles,Tokyo,Maersk,Road,2023-10-30,2023-11-09,10,6,Delayed,4859.1,5,0,Fog,4.14,7,5,Port Strike,8.69,0.849,0.075,0.25,1.0,1,77.5
SHP104235,Shanghai,New York,DB Schenker,Air,2024-04-30,2024-05-05,5,3,At Port,3050.63,5,0,Rain,2.37,2,4,Equipment Failure,5.9,0.882,0.275,0.35,0.9029,1,28.2
SHP104236,Shanghai,London,XPO Logistics,Road,2023-02-27,2023-03-07,8,0,Out for Delivery,273.57,1,1,Heavy Rain,5.25,7,10,Traffic Jam,3.55,0.82,0.086,0.44,0.9489,1,43.3
SHP104237,Mumbai,Singapore,XPO Logistics,Rail,2023-02-06,2023-02-15,9,2,Out for Delivery,4177.61,2,0,Heavy Rain,5.18,5,6,Traffic Jam,4.44,0.832,0.147,0.31,0.91,1,81.3
SHP104238,Hamburg,Chicago,DB Schenker,Air,2023-05-14,2023-05-16,2,2,Customs Hold,2862.23,4,0,Snow,5.51,1,3,None,0.0,0.864,0.215,0.24,0.7126,1,49.8
SHP104239,Rotterdam,New York,XPO Logistics,Road,2024-04-24,2024-04-30,6,8,Out for Delivery,851.48,5,0,Heavy Rain,5.24,6,7,None,0.0,0.815,0.355,0.34,1.0,1,68.5
SHP104240,Rotterdam,Chicago,XPO Logistics,Air,2024-07-12,2024-07-14,2,5,Delayed,2865.23,4,0,Rain,1.91,1,5,Natural Disaster,10.39,0.848,0.397,0.2,1.0,1,82.7
SHP104241,Hamburg,Tokyo,FedEx,Sea,2024-09-12,2024-10-10,28,22,Out for Delivery,155.54,3,1,Fog,3.68,4,4,Equipment Failure,6.22,0.939,0.071,0.13,0.6422,1,37.9
SHP104242,Los Angeles,Sydney,DHL,Rail,2023-11-17,2023-11-28,11,12,Customs Hold,1133.46,4,1,Blizzard,8.9,5,2,Natural Disaster,9.57,0.87,0.102,0.34,1.0,1,36.3
SHP104243,Shanghai,Singapore,DHL,Road,2024-04-14,2024-04-18,4,9,Delayed,3859.97,2,0,Blizzard,8.79,6,2,Equipment Failure,6.19,0.887,0.032,0.13,0.9708,1,37.6
SHP104244,Shanghai,New York,FedEx,Rail,2023-05-22,2023-06-02,11,2,At Port,4195.19,5,1,Blizzard,9.29,4,9,Port Strike,8.77,0.865,0.328,0.35,1.0,1,31.3
SHP104245,Dubai,New York,Maersk,Road,2024-09-02,2024-09-09,7,9,At Port,463.36,1,0,Clear,0.02,7,8,Natural Disaster,9.74,0.866,0.333,0.34,1.0,1,45.3
SHP104246,Dubai,Sydney,Maersk,Sea,2024-04-13,2024-05-18,35,23,In Transit,1380.21,4,0,Fog,3.51,6,2,None,0.0,0.859,0.231,0.42,0.9644,1,21.8
SHP104247,Dubai,New York,DB Schenker,Rail,2024-07-10,2024-07-19,9,9,Customs Hold,2974.85,5,0,Blizzard,8.93,3,10,Traffic Jam,4.07,0.866,0.377,0.39,1.0,1,38.7
SHP104248,Hamburg,New York,UPS,Sea,2023-10-31,2023-11-23,23,10,Out for Delivery,2792.65,3,1,Snow,5.93,3,8,Natural Disaster,10.04,0.915,0.191,0.31,1.0,1,23.5
SHP104249,Dubai,Sydney,DHL,Sea,2023-02-02,2023-02-25,23,6,Customs Hold,222.18,1,0,Storm,8.25,4,2,None,0.21,0.92,0.042,0.22,0.6731,1,50.8
SHP104250,Los Angeles,London,XPO Logistics,Rail,2024-06-05,2024-06-14,9,11,In Transit,3792.47,2,0,Blizzard,9.27,3,9,Equipment Failure,6.15,0.795,0.394,0.15,1.0,1,43.8
SHP104251,Hamburg,London,FedEx,Rail,2023-03-16,2023-03-28,12,14,In Transit,1974.51,4,1,Storm,7.94,5,4,Port Strike,9.42,0.901,0.165,0.1,1.0,1,24.0
SHP104252,Hamburg,Tokyo,UPS,Rail,2023-02-01,2023-02-13,12,3,Customs Hold,1580.39,2,0,Blizzard,8.84,5,6,Traffic Jam,3.83,0.935,0.375,0.42,1.0,1,73.3
SHP104253,Hamburg,Tokyo,XPO Logistics,Sea,2024-02-29,2024-04-03,34,16,In Transit,1519.51,2,1,Storm,7.83,5,3,Natural Disaster,9.89,0.858,0.169,0.34,1.0,1,78.4
SHP104254,Hamburg,London,Maersk,Rail,2024-06-17,2024-07-01,14,0,Delayed,2099.58,4,0,Blizzard,9.08,3,10,None,0.0,0.84,0.135,0.1,0.6369,1,9.2
SHP104255,Shanghai,Chicago,XPO Logistics,Road,2023-03-31,2023-04-05,5,0,In Transit,2687.68,2,0,Fog,4.47,9,8,Port Strike,9.04,0.877,0.322,0.34,1.0,1,60.9
SHP104256,Rotterdam,Tokyo,Maersk,Air,2023-09-01,2023-09-05,4,8,In Transit,3102.19,4,0,Clear,0.0,2,5,None,0.0,0.849,0.377,0.31,0.9364,1,58.1
SHP104257,Los Angeles,London,XPO Logistics,Sea,2023-06-19,2023-07-13,24,5,Customs Hold,207.56,1,0,Heavy Rain,4.66,3,4,None,0.0,0.834,0.109,0.2,0.5952,1,4.3
SHP104258,Rotterdam,Sydney,DHL,Air,2024-07-07,2024-07-09,2,5,Out for Delivery,1954.25,1,0,Fog,4.3,2,6,Traffic Jam,4.32,0.871,0.269,0.38,1.0,1,80.8
SHP104259,Rotterdam,Singapore,Maersk,Air,2024-03-14,2024-03-18,4,2,Customs Hold,77.43,4,0,Fog,3.85,1,6,None,0.0,0.886,0.174,0.32,0.724,1,54.0
SHP104260,Los Angeles,Singapore,DB Schenker,Sea,2024-06-19,2024-07-21,32,0,At Port,230.41,5,1,Rain,1.73,4,6,Equipment Failure,6.3,0.907,0.184,0.17,0.715,1,15.9
SHP104261,Mumbai,Singapore,XPO Logistics,Rail,2024-11-17,2024-11-30,13,13,In Transit,110.16,5,0,Storm,8.03,2,6,Port Strike,8.96,0.83,0.127,0.24,1.0,1,80.7
SHP104262,Shanghai,Singapore,XPO Logistics,Sea,2024-08-29,2024-09-22,24,4,In Transit,847.36,4,0,Clear,0.07,3,6,None,0.49,0.87,0.333,0.4,0.7088,1,14.4
SHP104263,Dubai,Singapore,XPO Logistics,Air,2024-11-30,2024-12-03,3,3,Customs Hold,1901.84,5,0,Storm,7.93,3,6,Traffic Jam,4.48,0.875,0.173,0.15,0.8524,1,68.7
SHP104264,Los Angeles,London,UPS,Air,2024-11-27,2024-11-30,3,7,Out for Delivery,3450.31,1,0,Fog,4.06,1,8,None,0.0,0.88,0.083,0.4,0.9457,1,6.6
SHP104265,Shanghai,Singapore,Maersk,Road,2023-04-02,2023-04-11,9,13,Customs Hold,354.02,3,0,Snow,5.6,8,3,Port Strike,8.79,0.884,0.056,0.23,1.0,1,76.5
SHP104266,Dubai,Chicago,XPO Logistics,Road,2024-01-19,2024-01-24,5,8,In Transit,2816.72,2,0,Snow,5.89,8,10,Natural Disaster,10.44,0.832,0.298,0.15,1.0,1,11.0
SHP104267,Shanghai,London,DHL,Road,2024-04-08,2024-04-13,5,8,In Transit,4455.94,5,0,Snow,6.25,8,1,None,0.0,0.912,0.02,0.2,0.7277,1,25.6
SHP104268,Mumbai,Tokyo,XPO Logistics,Rail,2023-01-22,2023-01-30,8,10,Customs Hold,3212.61,4,0,Fog,3.96,4,1,Equipment Failure,5.95,0.82,0.114,0.16,0.8931,1,29.4
SHP104269,Shanghai,Chicago,DHL,Rail,2024-08-02,2024-08-09,7,2,In Transit,3967.57,4,1,Rain,1.74,2,9,Port Strike,8.97,0.902,0.253,0.23,0.839,1,77.1
SHP104270,Hamburg,Chicago,FedEx,Sea,2023-03-14,2023-04-12,29,10,Customs Hold,4928.77,5,1,Blizzard,8.5,4,2,Natural Disaster,9.85,0.904,0.076,0.21,1.0,1,10.2
SHP104271,Los Angeles,London,Maersk,Sea,2024-03-29,2024-04-21,23,17,Delayed,1648.92,3,0,Blizzard,8.74,5,4,Port Strike,9.5,0.84,0.239,0.11,1.0,1,62.8
SHP104272,Dubai,Sydney,UPS,Rail,2024-06-21,2024-07-06,15,8,Delayed,1098.32,5,0,Heavy Rain,4.98,5,4,Port Strike,8.57,0.925,0.106,0.13,0.8697,1,7.3
SHP104273,Rotterdam,Chicago,Maersk,Road,2024-03-10,2024-03-20,10,0,Out for Delivery,4513.26,4,1,Snow,6.36,7,2,Traffic Jam,4.27,0.808,0.022,0.2,0.7484,1,52.0
SHP104274,Hamburg,London,FedEx,Rail,2023-04-21,2023-05-02,11,12,In Transit,1603.9,5,0,Fog,3.83,4,6,None,0.0,0.913,0.139,0.1,0.5889,1,54.1
SHP104275,Dubai,Tokyo,FedEx,Sea,2024-02-12,2024-03-05,22,10,Delayed,140.92,3,1,Heavy Rain,4.68,3,6,Port Strike,8.62,0.927,0.331,0.45,1.0,1,60.7
SHP104276,Los Angeles,Tokyo,DB Schenker,Sea,2023-02-15,2023-03-14,27,22,Out for Delivery,4735.64,4,0,Rain,1.86,6,4,Natural Disaster,9.7,0.891,0.038,0.25,0.9493,1,48.3
SHP104277,Mumbai,New York,UPS,Rail,2024-09-24,2024-10-01,7,1,Delayed,105.49,2,0,Fog,3.69,5,4,None,0.0,0.904,0.385,0.12,0.6639,1,54.9
SHP104278,Dubai,Tokyo,DHL,Rail,2023-07-04,2023-07-18,14,13,Customs Hold,1103.54,5,0,Storm,7.88,3,2,Port Strike,9.19,0.89,0.273,0.27,0.9933,1,76.2
SHP104279,Dubai,London,DB Schenker,Road,2023-08-14,2023-08-23,9,8,In Transit,2365.05,2,0,Rain,1.83,6,7,Natural Disaster,10.33,0.879,0.244,0.35,1.0,1,66.0
SHP104280,Mumbai,New York,FedEx,Sea,2023-01-29,2023-03-05,35,10,In Transit,1790.25,5,0,Blizzard,8.93,5,3,None,0.06,0.953,0.348,0.25,0.8181,1,44.2
SHP104281,Dubai,Tokyo,DHL,Rail,2024-04-11,2024-04-22,11,15,Delayed,3968.87,1,0,Blizzard,8.68,2,9,None,0.0,0.892,0.045,0.36,0.8675,1,59.3
SHP104282,Mumbai,New York,DB Schenker,Sea,2023-02-04,2023-02-24,20,8,In Transit,1861.6,1,0,Rain,1.79,5,3,None,0.0,0.841,0.035,0.32,0.6547,1,27.1
SHP104283,Dubai,Tokyo,Maersk,Rail,2023-11-21,2023-12-06,15,13,Delayed,1706.53,5,0,Clear,0.0,4,2,Equipment Failure,5.59,0.841,0.264,0.37,0.9797,1,51.2
SHP104284,Dubai,London,UPS,Sea,2023-03-31,2023-04-26,26,2,At Port,2344.22,5,0,Snow,6.03,5,10,Port Strike,8.59,0.895,0.368,0.36,1.0,1,68.5
SHP104285,Shanghai,Singapore,UPS,Sea,2023-04-02,2023-05-01,29,27,Delayed,181.84,3,1,Snow,5.62,6,8,Port Strike,8.58,0.901,0.367,0.29,1.0,1,72.3
SHP104286,Los Angeles,Chicago,DHL,Sea,2024-01-18,2024-02-17,30,8,In Transit,4684.1,5,0,Storm,8.09,5,2,Port Strike,9.47,0.869,0.094,0.39,1.0,1,65.8
SHP104287,Dubai,Chicago,UPS,Rail,2023-03-09,2023-03-18,9,1,In Transit,1691.4,4,0,Snow,6.49,3,8,Natural Disaster,10.09,0.89,0.358,0.36,1.0,1,37.5
SHP104288,Mumbai,London,FedEx,Air,2024-03-19,2024-03-21,2,1,Out for Delivery,3587.03,1,0,Rain,2.27,3,2,None,0.28,0.933,0.345,0.18,0.6751,1,23.0
SHP104289,Mumbai,Singapore,FedEx,Road,2024-11-11,2024-11-17,6,8,Delayed,2453.6,5,0,Snow,5.72,7,2,Port Strike,9.06,0.924,0.248,0.26,1.0,1,21.0
SHP104290,Hamburg,Singapore,FedEx,Air,2023-10-13,2023-10-17,4,6,At Port,4130.66,3,0,Snow,6.45,3,2,None,0.29,0.964,0.309,0.29,0.7852,1,32.1
SHP104291,Los Angeles,Sydney,DHL,Rail,2023-06-10,2023-06-20,10,7,Delayed,475.93,4,0,Clear,0.15,2,7,Traffic Jam,4.29,0.9,0.185,0.15,0.5915,1,54.1
SHP104292,Rotterdam,Tokyo,Maersk,Air,2024-02-29,2024-03-02,2,2,Out for Delivery,1028.65,5,1,Rain,2.22,1,9,Natural Disaster,10.03,0.848,0.246,0.11,0.8475,1,65.8
SHP104293,Los Angeles,Sydney,UPS,Road,2023-05-10,2023-05-17,7,11,Customs Hold,2327.15,5,0,Snow,6.2,7,3,Traffic Jam,3.55,0.899,0.206,0.1,0.8279,1,78.5
SHP104294,Los Angeles,Chicago,DB Schenker,Rail,2024-06-28,2024-07-08,10,5,At Port,869.3,1,1,Snow,5.71,4,5,Equipment Failure,6.44,0.882,0.178,0.18,0.8504,1,73.5
SHP104295,Mumbai,Tokyo,XPO Logistics,Rail,2023-03-17,2023-03-25,8,3,In Transit,4553.74,3,0,Storm,8.06,4,6,Traffic Jam,4.48,0.849,0.336,0.13,0.8308,1,65.5
SHP104296,Dubai,Singapore,Maersk,Road,2024-08-17,2024-08-21,4,8,In Transit,4604.27,4,0,Snow,6.16,7,9,None,0.0,0.852,0.246,0.15,0.9314,1,68.6
SHP104297,Los Angeles,London,DB Schenker,Air,2023-08-06,2023-08-11,5,5,Out for Delivery,4583.48,2,1,Snow,5.81,4,2,Equipment Failure,6.2,0.836,0.295,0.22,0.9841,1,72.3
SHP104298,Mumbai,New York,DHL,Air,2023-12-11,2023-12-14,3,6,Out for Delivery,4838.67,1,0,Clear,0.0,2,4,Traffic Jam,3.65,0.88,0.114,0.12,0.7145,1,45.9
SHP104299,Rotterdam,London,DB Schenker,Road,2024-11-28,2024-12-02,4,9,In Transit,4008.82,1,0,Rain,1.56,6,4,Traffic Jam,3.74,0.903,0.069,0.3,0.8598,1,71.4
SHP104300,Dubai,New York,XPO Logistics,Road,2024-04-20,2024-04-26,6,8,Delayed,1681.38,4,0,Snow,5.67,6,5,Port Strike,8.74,0.822,0.032,0.39,1.0,1,38.8
SHP104301,Dubai,New York,DHL,Road,2023-02-04,2023-02-08,4,3,Customs Hold,3179.28,3,0,Snow,5.54,9,1,Natural Disaster,9.55,0.862,0.312,0.37,1.0,1,17.1
SHP104302,Mumbai,Singapore,Maersk,Road,2023-10-06,2023-10-16,10,3,At Port,1345.03,1,0,Storm,7.86,8,10,Equipment Failure,5.66,0.884,0.327,0.2,1.0,1,65.5
SHP104303,Dubai,London,UPS,Air,2023-04-14,2023-04-17,3,8,Out for Delivery,384.06,3,0,Storm,7.89,4,9,Equipment Failure,5.54,0.906,0.192,0.14,1.0,1,74.9
SHP104304,Dubai,New York,DB Schenker,Air,2024-08-17,2024-08-22,5,7,Out for Delivery,4983.91,2,0,Blizzard,8.72,4,6,Port Strike,8.72,0.858,0.032,0.23,1.0,1,22.7
SHP104305,Los Angeles,Chicago,Maersk,Rail,2024-05-23,2024-06-01,9,3,Delayed,2204.59,5,0,Rain,2.17,2,2,Traffic Jam,4.45,0.872,0.084,0.24,0.7461,1,18.8
SHP104306,Hamburg,Chicago,UPS,Air,2023-09-21,2023-09-24,3,3,At Port,1035.73,2,0,Rain,2.39,4,7,Equipment Failure,6.04,0.913,0.355,0.2,0.9278,1,43.3
SHP104307,Mumbai,Chicago,XPO Logistics,Rail,2023-02-14,2023-02-23,9,9,At Port,2446.19,4,0,Fog,3.63,2,10,None,0.3,0.831,0.096,0.41,0.7968,1,47.7
SHP104308,Hamburg,Singapore,DHL,Sea,2023-06-21,2023-07-25,34,5,Out for Delivery,4298.33,5,0,Clear,0.0,3,10,None,0.0,0.915,0.347,0.13,0.4376,0,0.0
SHP104309,Shanghai,Sydney,UPS,Air,2023-12-15,2023-12-17,2,6,Delayed,1434.97,5,0,Snow,5.95,1,2,Traffic Jam,3.84,0.904,0.1,0.22,0.9812,1,86.0
SHP104310,Mumbai,New York,XPO Logistics,Sea,2023-07-03,2023-08-04,32,0,In Transit,1122.8,2,0,Fog,3.95,3,7,None,0.0,0.838,0.251,0.44,0.8593,1,65.4
SHP104311,Mumbai,Singapore,Maersk,Road,2024-07-26,2024-08-05,10,11,In Transit,2334.17,5,0,Clear,0.0,9,5,Natural Disaster,9.94,0.84,0.132,0.16,0.9867,1,13.7
SHP104312,Dubai,Chicago,DHL,Air,2023-04-13,2023-04-18,5,10,In Transit,80.75,3,0,Snow,5.9,1,9,Port Strike,8.72,0.887,0.323,0.15,1.0,1,29.0
SHP104313,Shanghai,Chicago,DHL,Rail,2023-10-11,2023-10-24,13,3,Out for Delivery,804.66,2,0,Clear,0.0,3,9,Natural Disaster,10.45,0.92,0.283,0.24,0.818,1,10.9
SHP104314,Shanghai,Singapore,XPO Logistics,Rail,2024-10-17,2024-10-25,8,6,At Port,4789.02,4,0,Storm,8.36,2,3,Natural Disaster,10.47,0.824,0.253,0.22,1.0,1,54.1
SHP104315,Mumbai,London,UPS,Road,2023-10-09,2023-10-15,6,11,Customs Hold,2747.26,3,0,Clear,0.0,8,4,None,0.0,0.882,0.381,0.35,0.9672,1,22.0
SHP104316,Mumbai,Sydney,XPO Logistics,Air,2023-01-13,2023-01-17,4,7,At Port,4075.93,5,0,Heavy Rain,4.9,1,5,Traffic Jam,4.21,0.839,0.198,0.3,0.9961,1,74.9
SHP104317,Rotterdam,London,UPS,Rail,2024-04-13,2024-04-24,11,6,Delayed,1642.26,5,1,Clear,0.27,3,8,None,0.0,0.926,0.036,0.25,0.469,0,0.0
SHP104318,Los Angeles,Singapore,XPO Logistics,Rail,2023-07-03,2023-07-15,12,16,Delayed,3267.24,5,0,Fog,4.48,3,2,None,0.28,0.833,0.247,0.42,1.0,1,35.9
SHP104319,Los Angeles,Chicago,Maersk,Sea,2024-03-17,2024-04-08,22,14,At Port,2197.5,1,0,Clear,0.07,5,4,Port Strike,8.57,0.831,0.1,0.43,0.992,1,72.6
SHP104320,Hamburg,London,DB Schenker,Sea,2024-02-24,2024-03-23,28,14,Delayed,4907.07,2,1,Snow,5.59,3,6,Port Strike,8.8,0.885,0.115,0.1,0.7961,1,62.5
SHP104321,Dubai,Sydney,DHL,Sea,2023-01-21,2023-02-24,34,0,In Transit,4553.85,4,0,Blizzard,9.14,5,3,Natural Disaster,10.45,0.856,0.1,0.13,0.9818,1,59.4
SHP104322,Dubai,Tokyo,FedEx,Air,2023-04-04,2023-04-06,2,4,Out for Delivery,780.76,2,0,Fog,3.99,3,2,Port Strike,8.51,0.943,0.366,0.26,1.0,1,94.0
SHP104323,Dubai,New York,FedEx,Air,2024-08-27,2024-08-29,2,0,At Port,3178.93,5,0,Blizzard,9.04,4,6,Port Strike,9.0,0.937,0.33,0.31,1.0,1,40.0
SHP104324,Mumbai,New York,DHL,Sea,2024-06-24,2024-07-29,35,5,Customs Hold,641.79,4,0,Clear,0.0,3,5,Natural Disaster,9.95,0.883,0.33,0.1,0.7836,1,21.9
SHP104325,Los Angeles,Tokyo,DHL,Rail,2023-02-28,2023-03-09,9,6,Delayed,220.41,3,1,Heavy Rain,4.75,2,10,Port Strike,9.4,0.893,0.307,0.25,0.996,1,21.4
SHP104326,Hamburg,London,XPO Logistics,Road,2024-10-25,2024-11-01,7,1,In Transit,1752.97,2,0,Storm,7.65,6,5,Equipment Failure,5.63,0.865,0.171,0.1,0.8239,1,36.8
SHP104327,Los Angeles,Tokyo,XPO Logistics,Rail,2024-03-25,2024-04-07,13,10,Customs Hold,2352.96,4,0,Fog,3.55,2,6,Equipment Failure,6.27,0.854,0.373,0.25,1.0,1,13.8
SHP104328,Hamburg,Tokyo,FedEx,Sea,2023-05-17,2023-06-14,28,28,At Port,4485.47,1,0,Rain,2.33,6,5,Traffic Jam,4.26,0.932,0.189,0.27,0.8217,1,76.6
SHP104329,Hamburg,Tokyo,DB Schenker,Rail,2024-09-12,2024-09-21,9,12,At Port,2660.1,2,0,Clear,0.0,2,3,Equipment Failure,5.65,0.852,0.065,0.12,0.6908,1,50.7
SHP104330,Rotterdam,Sydney,DHL,Rail,2024-03-13,2024-03-27,14,14,Customs Hold,2984.0,5,1,Snow,5.88,3,3,Port Strike,9.13,0.876,0.354,0.2,1.0,1,72.5
SHP104331,Mumbai,Tokyo,Maersk,Road,2024-11-28,2024-12-04,6,2,Customs Hold,4466.88,5,0,Rain,2.09,7,9,Traffic Jam,3.83,0.841,0.31,0.38,1.0,1,93.5
SHP104332,Dubai,Tokyo,FedEx,Road,2024-02-10,2024-02-20,10,12,At Port,3084.8,4,1,Rain,2.12,6,6,None,0.0,0.898,0.32,0.11,0.6364,1,15.3
SHP104333,Hamburg,New York,XPO Logistics,Rail,2023-07-02,2023-07-12,10,11,Customs Hold,1307.95,4,1,Blizzard,8.95,4,4,Equipment Failure,5.67,0.813,0.253,0.37,1.0,1,41.9
SHP104334,Los Angeles,Singapore,UPS,Road,2024-07-12,2024-07-20,8,12,Out for Delivery,1799.91,1,1,Rain,2.29,8,5,Port Strike,9.25,0.932,0.161,0.26,0.9553,1,5.9
SHP104335,Los Angeles,Tokyo,FedEx,Sea,2023-02-09,2023-03-10,29,20,Out for Delivery,3809.51,3,0,Heavy Rain,5.21,6,3,Port Strike,8.65,0.941,0.322,0.25,1.0,1,41.8
SHP104336,Los Angeles,Chicago,UPS,Rail,2024-02-07,2024-02-14,7,8,Customs Hold,996.32,5,0,Snow,6.05,2,9,Traffic Jam,3.85,0.894,0.244,0.1,0.8333,1,49.8
SHP104337,Mumbai,New York,Maersk,Rail,2023-05-13,2023-05-25,12,17,Out for Delivery,1279.95,3,0,Heavy Rain,4.79,5,9,Port Strike,9.29,0.878,0.122,0.42,1.0,1,11.1
SHP104338,Mumbai,Singapore,DB Schenker,Air,2023-10-01,2023-10-05,4,8,Out for Delivery,1103.23,3,1,Heavy Rain,5.45,1,4,Natural Disaster,9.94,0.854,0.385,0.41,1.0,1,40.7
SHP104339,Shanghai,Singapore,DHL,Air,2024-08-09,2024-08-11,2,2,In Transit,828.1,4,0,Snow,5.78,3,7,Natural Disaster,10.3,0.882,0.089,0.16,0.9603,1,20.7
SHP104340,Dubai,London,FedEx,Road,2023-03-29,2023-04-08,10,15,Customs Hold,3918.99,4,0,Clear,0.18,9,9,Traffic Jam,3.67,0.928,0.035,0.24,0.7054,1,37.1
SHP104341,Rotterdam,London,UPS,Air,2023-07-12,2023-07-15,3,2,Delayed,434.28,5,1,Clear,0.0,4,5,Port Strike,8.87,0.937,0.099,0.3,0.7138,1,7.7
SHP104342,Mumbai,Tokyo,XPO Logistics,Rail,2023-08-13,2023-08-24,11,4,Out for Delivery,1529.35,4,1,Clear,0.0,2,4,Equipment Failure,6.47,0.838,0.168,0.15,0.6762,1,49.0
SHP104343,Hamburg,Chicago,Maersk,Sea,2024-05-09,2024-06-11,33,26,Delayed,3595.79,4,1,Clear,0.0,3,3,Traffic Jam,3.62,0.856,0.052,0.35,0.7214,1,54.1
SHP104344,Hamburg,Chicago,Maersk,Rail,2024-10-13,2024-10-25,12,11,Customs Hold,2161.29,3,0,Fog,4.32,4,1,Port Strike,9.17,0.843,0.292,0.29,1.0,1,83.0
SHP104345,Dubai,London,FedEx,Rail,2023-08-16,2023-08-23,7,10,Delayed,4075.01,1,0,Fog,3.65,4,2,Natural Disaster,9.88,0.893,0.129,0.37,1.0,1,82.2
SHP104346,Rotterdam,London,DB Schenker,Rail,2024-11-19,2024-12-01,12,4,Customs Hold,4543.63,2,0,Clear,0.02,3,9,Equipment Failure,5.56,0.862,0.3,0.15,0.6999,1,17.1
SHP104347,Hamburg,Chicago,UPS,Air,2023-01-03,2023-01-05,2,1,At Port,2486.9,1,0,Heavy Rain,4.99,1,6,Natural Disaster,9.59,0.9,0.255,0.43,1.0,1,16.5
SHP104348,Mumbai,Chicago,DHL,Sea,2024-02-24,2024-03-17,22,7,Customs Hold,638.39,5,0,Fog,4.35,6,9,Natural Disaster,9.56,0.891,0.27,0.43,1.0,1,81.6
SHP104349,Shanghai,Singapore,FedEx,Road,2024-06-08,2024-06-12,4,5,Customs Hold,1498.87,5,0,Rain,1.96,9,2,Port Strike,9.34,0.927,0.185,0.43,1.0,1,73.3
SHP104350,Mumbai,Singapore,FedEx,Rail,2023-04-09,2023-04-20,11,3,Customs Hold,41.85,5,0,Storm,7.65,2,8,None,0.48,0.921,0.351,0.39,0.9507,1,21.4
SHP104351,Shanghai,Singapore,DB Schenker,Rail,2024-06-26,2024-07-08,12,9,In Transit,2040.68,2,0,Storm,8.41,3,8,Port Strike,8.77,0.868,0.184,0.31,1.0,1,54.5
SHP104352,Mumbai,New York,FedEx,Rail,2023-07-04,2023-07-11,7,8,In Transit,4063.17,5,0,Storm,8.28,3,10,Port Strike,8.54,0.946,0.359,0.35,1.0,1,87.1
SHP104353,Los Angeles,Chicago,FedEx,Air,2024-04-04,2024-04-06,2,6,In Transit,76.24,1,0,Snow,5.57,1,4,Equipment Failure,5.67,0.917,0.284,0.29,1.0,1,14.9
SHP104354,Hamburg,Chicago,XPO Logistics,Air,2023-11-25,2023-11-30,5,3,In Transit,4400.03,1,0,Blizzard,9.49,4,1,Port Strike,8.99,0.896,0.109,0.26,1.0,1,55.6
SHP104355,Mumbai,Singapore,XPO Logistics,Sea,2023-04-23,2023-05-18,25,6,At Port,2008.8,2,0,Clear,0.04,3,10,Port Strike,8.71,0.853,0.299,0.28,0.8747,1,57.6
SHP104356,Rotterdam,Chicago,UPS,Rail,2023-09-25,2023-10-10,15,13,At Port,2900.24,1,0,Rain,2.03,3,4,Traffic Jam,4.45,0.895,0.079,0.2,0.6016,1,26.8
SHP104357,Hamburg,New York,DHL,Road,2024-11-30,2024-12-05,5,6,At Port,3362.67,3,1,Fog,3.54,7,1,Traffic Jam,4.06,0.907,0.276,0.19,0.9155,1,13.1
SHP104358,Los Angeles,Sydney,XPO Logistics,Road,2023-05-21,2023-05-25,4,7,Customs Hold,4204.11,1,0,Snow,6.24,6,5,None,0.0,0.812,0.344,0.39,1.0,1,9.5
SHP104359,Mumbai,Sydney,XPO Logistics,Air,2023-05-01,2023-05-04,3,2,Customs Hold,4838.48,2,1,Rain,1.79,4,8,Port Strike,9.37,0.842,0.098,0.3,0.9217,1,44.8
SHP104360,Shanghai,Singapore,FedEx,Road,2023-02-24,2023-03-06,10,3,Out for Delivery,3535.52,1,0,Fog,4.06,9,3,None,0.17,0.925,0.325,0.25,0.8658,1,53.5
SHP104361,Los Angeles,Chicago,DHL,Rail,2023-06-07,2023-06-20,13,1,In Transit,1448.95,5,1,Storm,8.11,4,8,Natural Disaster,9.71,0.864,0.388,0.31,1.0,1,25.2
SHP104362,Shanghai,Sydney,Maersk,Air,2023-11-10,2023-11-15,5,3,At Port,3568.41,5,0,Fog,3.92,1,9,Equipment Failure,6.02,0.849,0.299,0.35,0.9657,1,38.8
SHP104363,Rotterdam,London,XPO Logistics,Road,2023-12-31,2024-01-04,4,1,Out for Delivery,2419.12,1,0,Heavy Rain,4.89,7,6,Port Strike,8.68,0.801,0.109,0.28,1.0,1,34.7
SHP104364,Shanghai,Chicago,UPS,Air,2024-04-19,2024-04-22,3,1,Customs Hold,3974.18,4,1,Rain,2.06,2,3,Natural Disaster,9.79,0.898,0.249,0.24,0.8758,1,14.1
SHP104365,Dubai,Singapore,DHL,Sea,2023-03-11,2023-04-05,25,7,In Transit,591.85,2,0,Snow,6.24,6,5,Port Strike,8.58,0.894,0.102,0.15,0.8819,1,62.3
SHP104366,Hamburg,London,DB Schenker,Sea,2023-02-24,2023-03-16,20,17,Customs Hold,3870.24,4,1,Heavy Rain,4.89,4,1,Traffic Jam,3.83,0.848,0.33,0.1,0.8682,1,5.3
SHP104367,Hamburg,London,Maersk,Road,2024-10-03,2024-10-12,9,4,Customs Hold,4757.36,2,0,Clear,0.12,7,6,None,0.0,0.824,0.199,0.1,0.6475,1,59.8
SHP104368,Dubai,New York,UPS,Air,2023-09-25,2023-09-27,2,2,Out for Delivery,3615.56,2,1,Clear,0.0,1,4,Port Strike,8.91,0.892,0.365,0.36,1.0,1,86.9
SHP104369,Hamburg,London,FedEx,Rail,2023-07-28,2023-08-06,9,14,Customs Hold,309.18,1,1,Heavy Rain,5.15,3,7,Port Strike,9.3,0.916,0.227,0.1,0.901,1,8.6
SHP104370,Hamburg,New York,FedEx,Rail,2023-09-24,2023-10-05,11,4,Customs Hold,4723.29,5,0,Fog,4.2,2,1,Natural Disaster,10.27,0.901,0.168,0.28,0.8646,1,72.7
SHP104371,Rotterdam,Chicago,UPS,Road,2024-08-05,2024-08-14,9,2,Customs Hold,3799.67,2,1,Clear,0.0,9,8,Natural Disaster,9.83,0.889,0.118,0.2,0.81,1,44.7
SHP104372,Rotterdam,New York,UPS,Road,2024-09-27,2024-10-04,7,12,Customs Hold,4356.86,2,0,Rain,1.52,7,1,None,0.2,0.936,0.33,0.12,0.7606,1,55.8
SHP104373,Shanghai,Sydney,UPS,Road,2023-08-13,2023-08-22,9,3,Out for Delivery,3890.89,4,0,Storm,7.71,6,2,Traffic Jam,4.45,0.926,0.269,0.1,0.7527,1,17.8
SHP104374,Mumbai,Sydney,XPO Logistics,Air,2023-05-14,2023-05-16,2,5,Customs Hold,1385.35,3,0,Heavy Rain,4.51,1,8,Equipment Failure,5.54,0.82,0.275,0.3,1.0,1,54.4
SHP104375,Mumbai,Singapore,FedEx,Sea,2023-06-09,2023-07-14,35,38,Delayed,4368.4,1,0,Fog,4.17,3,8,Port Strike,9.27,0.922,0.271,0.18,0.9608,1,48.0
SHP104376,Shanghai,London,XPO Logistics,Sea,2024-11-28,2024-12-17,19,1,Customs Hold,4999.72,2,1,Rain,2.32,5,3,Traffic Jam,4.27,0.872,0.214,0.33,0.8404,1,68.1
SHP104377,Shanghai,Sydney,UPS,Sea,2024-01-18,2024-02-20,33,18,Delayed,4830.6,4,0,Storm,7.99,4,6,Port Strike,9.13,0.921,0.235,0.38,1.0,1,87.3
SHP104378,Mumbai,Tokyo,UPS,Air,2024-04-08,2024-04-10,2,0,Customs Hold,1736.12,3,0,Storm,8.19,1,5,Natural Disaster,9.64,0.874,0.214,0.26,0.9533,1,30.2
SHP104379,Hamburg,Singapore,FedEx,Sea,2023-06-09,2023-06-29,20,1,Customs Hold,2910.5,2,0,Rain,1.81,5,2,Equipment Failure,5.8,0.914,0.338,0.33,0.887,1,44.6
SHP104380,Los Angeles,Sydney,UPS,Sea,2024-09-15,2024-10-12,27,22,In Transit,1292.06,2,0,Snow,6.02,4,8,Port Strike,9.5,0.885,0.278,0.4,1.0,1,21.8
SHP104381,Dubai,London,DHL,Sea,2024-09-20,2024-10-24,34,28,In Transit,2673.52,2,0,Blizzard,9.48,5,3,Port Strike,9.33,0.899,0.333,0.3,1.0,1,39.6
SHP104382,Shanghai,Tokyo,UPS,Rail,2023-11-29,2023-12-12,13,3,Customs Hold,2796.47,4,0,Heavy Rain,5.21,5,5,Natural Disaster,9.93,0.893,0.366,0.23,1.0,1,45.7
SHP104383,Hamburg,Tokyo,FedEx,Air,2024-10-20,2024-10-25,5,6,Out for Delivery,2046.16,5,0,Rain,1.9,1,10,Traffic Jam,3.63,0.93,0.118,0.37,0.6752,1,42.8
SHP104384,Mumbai,New York,DB Schenker,Air,2023-10-07,2023-10-11,4,3,Out for Delivery,1921.1,4,0,Blizzard,9.35,3,4,None,0.47,0.882,0.09,0.35,0.8482,1,25.2
SHP104385,Hamburg,New York,FedEx,Rail,2023-07-03,2023-07-17,14,6,Out for Delivery,2048.83,1,0,Storm,7.57,3,8,Natural Disaster,9.62,0.89,0.129,0.37,1.0,1,88.6
SHP104386,Mumbai,New York,DB Schenker,Sea,2024-11-14,2024-12-11,27,8,Customs Hold,2476.25,2,0,Blizzard,9.33,6,9,Equipment Failure,5.57,0.852,0.199,0.28,1.0,1,84.8
SHP104387,Shanghai,New York,UPS,Sea,2023-12-16,2024-01-17,32,22,In Transit,1804.43,2,0,Rain,2.31,5,5,Port Strike,8.88,0.938,0.278,0.35,1.0,1,23.6
SHP104388,Dubai,Tokyo,FedEx,Rail,2023-07-04,2023-07-12,8,12,In Transit,2941.89,1,0,Blizzard,8.66,3,3,Traffic Jam,4.15,0.918,0.098,0.2,0.899,1,10.9
SHP104389,Dubai,Sydney,DHL,Air,2023-05-26,2023-05-31,5,2,Customs Hold,4000.71,1,0,Snow,5.54,1,2,Port Strike,9.19,0.879,0.056,0.19,0.7691,1,34.1
SHP104390,Dubai,Tokyo,UPS,Sea,2024-05-22,2024-06-12,21,15,In Transit,279.68,3,1,Heavy Rain,5.47,4,7,Natural Disaster,10.32,0.927,0.117,0.3,1.0,1,67.6
SHP104391,Rotterdam,New York,Maersk,Road,2024-01-10,2024-01-19,9,14,Customs Hold,3483.47,2,0,Clear,0.17,7,2,Natural Disaster,9.52,0.825,0.091,0.43,1.0,1,90.8
SHP104392,Rotterdam,Singapore,Maersk,Rail,2023-01-05,2023-01-19,14,0,Customs Hold,1382.39,4,1,Rain,1.74,3,8,Equipment Failure,5.66,0.874,0.273,0.37,0.9171,1,28.1
SHP104393,Rotterdam,London,DB Schenker,Air,2023-05-13,2023-05-18,5,5,Delayed,235.46,3,0,Clear,0.33,1,5,Port Strike,9.37,0.84,0.021,0.23,0.785,1,26.3
SHP104394,Los Angeles,New York,FedEx,Rail,2023-12-25,2024-01-01,7,6,At Port,3460.36,4,0,Rain,1.83,4,7,Equipment Failure,5.67,0.916,0.23,0.29,0.8506,1,50.9
SHP104395,Mumbai,London,UPS,Sea,2024-09-24,2024-10-24,30,13,Out for Delivery,2234.71,2,1,Snow,6.46,3,1,Equipment Failure,6.16,0.894,0.273,0.35,1.0,1,39.1
SHP104396,Shanghai,Sydney,DB Schenker,Sea,2024-07-24,2024-08-27,34,33,Out for Delivery,3629.54,3,0,Rain,1.61,5,6,Traffic Jam,4.06,0.873,0.302,0.38,1.0,1,75.7
SHP104397,Dubai,London,Maersk,Road,2023-05-10,2023-05-14,4,8,Customs Hold,704.99,2,0,Blizzard,9.25,8,2,None,0.33,0.833,0.112,0.18,0.9337,1,60.4
SHP104398,Rotterdam,New York,FedEx,Rail,2024-07-27,2024-08-10,14,16,Out for Delivery,3493.6,4,0,Rain,2.41,5,2,Natural Disaster,10.11,0.907,0.079,0.29,0.8924,1,39.1
SHP104399,Dubai,New York,DB Schenker,Sea,2024-09-15,2024-10-08,23,3,In Transit,3556.53,4,0,Rain,2.0,6,2,Traffic Jam,4.1,0.883,0.15,0.25,0.6921,1,17.6
SHP104400,Hamburg,Sydney,DHL,Sea,2024-04-27,2024-05-17,20,7,Delayed,3385.17,5,0,Snow,6.45,6,5,Equipment Failure,5.95,0.903,0.183,0.1,0.7389,1,49.3
SHP104401,Los Angeles,Chicago,UPS,Road,2023-06-11,2023-06-17,6,4,Customs Hold,4046.34,1,1,Clear,0.21,9,10,None,0.03,0.931,0.385,0.2,0.7335,1,6.2
SHP104402,Mumbai,Singapore,FedEx,Road,2023-03-05,2023-03-11,6,11,Out for Delivery,2299.11,3,0,Storm,8.24,7,9,Traffic Jam,4.13,0.949,0.309,0.12,0.9615,1,53.5
SHP104403,Los Angeles,Singapore,UPS,Air,2024-11-13,2024-11-16,3,5,At Port,2713.46,3,0,Blizzard,8.88,2,7,Port Strike,9.2,0.914,0.081,0.34,1.0,1,76.9
SHP104404,Dubai,New York,Maersk,Sea,2023-03-18,2023-04-12,25,17,In Transit,282.89,4,1,Fog,4.18,6,3,None,0.0,0.849,0.149,0.32,0.8137,1,40.9
SHP104405,Dubai,Singapore,FedEx,Road,2024-08-22,2024-08-26,4,4,In Transit,4031.29,4,0,Fog,3.96,9,2,None,0.0,0.925,0.349,0.15,0.8763,1,19.3
SHP104406,Rotterdam,Singapore,DB Schenker,Rail,2024-08-23,2024-09-07,15,19,In Transit,3122.76,5,1,Blizzard,9.34,4,10,Traffic Jam,4.3,0.825,0.312,0.22,1.0,1,92.0
SHP104407,Hamburg,Chicago,DB Schenker,Air,2023-09-25,2023-09-29,4,9,Customs Hold,3028.79,4,0,Heavy Rain,5.36,3,8,Traffic Jam,4.17,0.834,0.14,0.23,1.0,1,8.8
SHP104408,Los Angeles,Chicago,FedEx,Air,2023-10-25,2023-10-29,4,5,At Port,2691.05,1,0,Heavy Rain,4.85,1,8,Equipment Failure,6.4,0.903,0.063,0.32,0.8714,1,23.1
SHP104409,Dubai,New York,DHL,Air,2023-05-08,2023-05-12,4,8,In Transit,1390.3,3,0,Storm,7.55,2,9,Equipment Failure,6.23,0.899,0.3,0.23,1.0,1,49.6
SHP104410,Hamburg,London,UPS,Air,2023-04-19,2023-04-21,2,0,Customs Hold,1544.66,4,0,Storm,7.92,3,4,Port Strike,9.05,0.897,0.168,0.1,0.7778,1,70.1
SHP104411,Los Angeles,Chicago,XPO Logistics,Rail,2023-01-20,2023-02-03,14,4,Delayed,141.79,3,0,Clear,0.0,2,6,Natural Disaster,10.26,0.847,0.365,0.36,0.9985,1,20.7
SHP104412,Shanghai,Sydney,XPO Logistics,Road,2024-09-09,2024-09-16,7,6,In Transit,4534.6,5,1,Blizzard,9.16,9,10,Traffic Jam,3.74,0.831,0.176,0.23,1.0,1,33.4
SHP104413,Hamburg,London,DHL,Road,2024-04-10,2024-04-16,6,4,At Port,2658.87,2,1,Clear,0.02,9,3,None,0.32,0.874,0.272,0.1,0.6579,1,29.6
SHP104414,Los Angeles,Sydney,DHL,Air,2024-10-07,2024-10-11,4,7,Customs Hold,2403.31,1,1,Fog,3.76,1,10,Equipment Failure,6.4,0.889,0.174,0.15,0.6915,1,9.2
SHP104415,Hamburg,New York,UPS,Sea,2024-05-30,2024-06-18,19,20,In Transit,1545.94,5,0,Clear,0.19,4,6,Port Strike,8.61,0.879,0.19,0.28,0.907,1,81.0
SHP104416,Rotterdam,Chicago,DHL,Road,2023-08-23,2023-09-02,10,8,In Transit,2447.89,4,0,Heavy Rain,4.79,7,2,None,0.0,0.879,0.286,0.2,0.8426,1,42.5
SHP104417,Los Angeles,London,Maersk,Rail,2023-03-27,2023-04-05,9,10,At Port,549.92,2,0,Heavy Rain,5.37,5,9,Traffic Jam,3.51,0.846,0.324,0.22,0.9193,1,21.2
SHP104418,Los Angeles,London,XPO Logistics,Rail,2024-09-19,2024-09-29,10,6,Out for Delivery,2020.99,1,0,Rain,2.04,2,1,Traffic Jam,4.21,0.816,0.21,0.29,0.8326,1,55.2
SHP104419,Los Angeles,London,UPS,Road,2024-11-13,2024-11-23,10,4,In Transit,2308.48,2,0,Storm,8.45,8,7,Equipment Failure,6.34,0.887,0.365,0.19,1.0,1,79.4
SHP104420,Mumbai,Tokyo,XPO Logistics,Air,2023-06-15,2023-06-18,3,8,At Port,711.23,2,0,Rain,1.64,3,9,Port Strike,8.61,0.865,0.233,0.38,1.0,1,93.0
SHP104421,Dubai,Sydney,UPS,Rail,2023-02-02,2023-02-16,14,9,Customs Hold,4180.96,5,0,Fog,4.1,4,10,Traffic Jam,3.71,0.894,0.038,0.3,0.7147,1,40.3
SHP104422,Rotterdam,Singapore,Maersk,Air,2023-04-22,2023-04-24,2,2,Customs Hold,1047.3,1,0,Fog,4.41,1,5,None,0.47,0.857,0.161,0.28,0.7756,1,32.2
SHP104423,Hamburg,Tokyo,FedEx,Rail,2023-07-21,2023-08-03,13,10,Customs Hold,3442.59,1,0,Snow,6.35,5,8,Equipment Failure,6.36,0.947,0.339,0.15,0.8635,1,21.8
SHP104424,Mumbai,Chicago,DHL,Sea,2023-11-15,2023-12-07,22,24,Out for Delivery,1820.27,3,1,Snow,6.04,3,3,Equipment Failure,5.75,0.919,0.122,0.41,0.9805,1,21.4
SHP104425,Dubai,Singapore,DHL,Air,2024-01-09,2024-01-11,2,5,At Port,1190.09,3,0,Rain,2.16,2,8,Natural Disaster,9.67,0.886,0.036,0.15,0.8371,1,64.9
SHP104426,Los Angeles,Singapore,Maersk,Sea,2023-07-26,2023-08-13,18,23,Customs Hold,3719.04,3,0,Clear,0.0,4,9,Equipment Failure,5.84,0.845,0.174,0.34,0.8777,1,60.2
SHP104427,Dubai,Singapore,XPO Logistics,Air,2023-05-02,2023-05-05,3,6,Out for Delivery,2571.18,2,1,Fog,4.15,4,10,Traffic Jam,3.91,0.807,0.024,0.15,0.8854,1,31.6
SHP104428,Dubai,New York,XPO Logistics,Sea,2023-05-28,2023-06-18,21,20,Out for Delivery,3262.43,3,0,Fog,4.36,4,8,Equipment Failure,6.33,0.788,0.316,0.26,1.0,1,82.6
SHP104429,Hamburg,Singapore,FedEx,Rail,2023-01-19,2023-02-03,15,18,In Transit,3609.98,2,0,Clear,0.21,2,5,Natural Disaster,9.88,0.91,0.338,0.36,0.9973,1,53.9
SHP104430,Shanghai,London,UPS,Air,2024-05-16,2024-05-18,2,3,In Transit,86.67,1,0,Heavy Rain,4.91,3,7,Equipment Failure,6.39,0.882,0.343,0.23,0.9799,1,81.8
SHP104431,Dubai,Chicago,Maersk,Sea,2024-07-28,2024-08-21,24,22,At Port,1177.59,3,1,Clear,0.0,4,7,None,0.39,0.8,0.146,0.17,0.66,1,9.1
SHP104432,Shanghai,Singapore,DHL,Sea,2023-10-30,2023-11-29,30,30,Customs Hold,1.64,1,0,Heavy Rain,4.79,6,6,Natural Disaster,9.63,0.918,0.116,0.33,1.0,1,91.9
SHP104433,Mumbai,Singapore,Maersk,Road,2023-12-27,2024-01-05,9,10,Delayed,944.95,2,0,Heavy Rain,4.66,6,4,Port Strike,8.72,0.828,0.183,0.1,1.0,1,18.3
SHP104434,Dubai,London,UPS,Rail,2024-07-11,2024-07-18,7,12,Customs Hold,2802.01,4,0,Storm,8.19,2,4,None,0.47,0.896,0.253,0.26,0.8792,1,15.8
SHP104435,Rotterdam,Singapore,DB Schenker,Rail,2024-05-08,2024-05-15,7,11,Delayed,15.49,3,1,Storm,7.99,3,5,Equipment Failure,5.87,0.846,0.069,0.32,1.0,1,25.2
SHP104436,Los Angeles,London,DHL,Road,2023-11-24,2023-11-28,4,3,Customs Hold,4826.07,2,0,Fog,4.38,7,9,Traffic Jam,3.85,0.845,0.361,0.3,1.0,1,57.3
SHP104437,Hamburg,London,Maersk,Rail,2023-06-14,2023-06-28,14,4,At Port,4454.1,5,0,Clear,0.0,4,3,Equipment Failure,5.65,0.828,0.175,0.1,0.6297,1,15.0
SHP104438,Dubai,New York,Maersk,Rail,2024-05-20,2024-06-03,14,0,Customs Hold,2130.78,1,1,Fog,4.44,4,10,None,0.26,0.859,0.05,0.44,0.6915,1,34.0
SHP104439,Dubai,Chicago,Maersk,Rail,2023-05-09,2023-05-18,9,11,In Transit,3217.39,5,0,Snow,5.74,5,4,Port Strike,9.39,0.815,0.169,0.12,1.0,1,59.7
SHP104440,Los Angeles,Chicago,DHL,Air,2023-08-27,2023-08-30,3,1,At Port,1357.39,2,0,Clear,0.03,3,2,Natural Disaster,9.91,0.949,0.028,0.36,0.7327,1,26.6
SHP104441,Rotterdam,Sydney,Maersk,Air,2023-11-12,2023-11-15,3,5,At Port,2889.73,4,0,Heavy Rain,5.16,2,10,Natural Disaster,10.07,0.848,0.025,0.42,1.0,1,76.1
SHP104442,Los Angeles,Tokyo,DHL,Air,2024-04-12,2024-04-16,4,9,Out for Delivery,2471.04,1,1,Blizzard,9.43,1,5,Port Strike,9.0,0.922,0.214,0.25,1.0,1,19.2
SHP104443,Rotterdam,New York,UPS,Sea,2024-06-05,2024-06-24,19,20,Customs Hold,177.43,4,0,Heavy Rain,5.0,6,7,Port Strike,8.92,0.928,0.19,0.35,1.0,1,61.0
SHP104444,Shanghai,London,DHL,Road,2023-11-30,2023-12-07,7,9,Delayed,1553.56,1,0,Storm,8.13,9,4,Natural Disaster,10.27,0.879,0.295,0.35,1.0,1,93.2
SHP104445,Los Angeles,Sydney,DB Schenker,Rail,2024-06-21,2024-07-01,10,15,Out for Delivery,4653.66,4,0,Fog,3.57,2,1,Traffic Jam,3.62,0.861,0.344,0.13,0.8547,1,30.1
SHP104446,Dubai,New York,XPO Logistics,Rail,2024-07-29,2024-08-13,15,19,At Port,3020.38,2,0,Snow,5.82,5,4,Natural Disaster,10.15,0.814,0.376,0.11,1.0,1,59.0
SHP104447,Mumbai,Sydney,Maersk,Air,2024-03-19,2024-03-22,3,6,Delayed,2233.23,2,0,Fog,4.05,2,7,Port Strike,9.17,0.835,0.255,0.3,1.0,1,55.8
SHP104448,Dubai,New York,DHL,Air,2023-03-07,2023-03-11,4,3,At Port,2576.5,3,0,Storm,8.3,3,4,Natural Disaster,10.19,0.904,0.113,0.13,0.9452,1,89.4
SHP104449,Los Angeles,London,Maersk,Air,2023-09-09,2023-09-12,3,3,Delayed,2155.53,3,0,Rain,2.17,2,2,Traffic Jam,3.9,0.876,0.16,0.31,0.7838,1,20.6
SHP104450,Hamburg,Sydney,DHL,Air,2023-12-24,2023-12-28,4,9,Delayed,1372.01,2,0,Blizzard,9.24,2,6,Equipment Failure,6.01,0.893,0.176,0.36,1.0,1,78.8
SHP104451,Los Angeles,Sydney,DHL,Road,2024-08-05,2024-08-15,10,14,Delayed,61.26,5,1,Rain,1.82,9,4,Natural Disaster,10.33,0.885,0.214,0.12,1.0,1,23.5
SHP104452,Rotterdam,Tokyo,XPO Logistics,Rail,2024-04-24,2024-05-09,15,17,Delayed,4523.62,1,0,Storm,7.99,3,6,Traffic Jam,4.34,0.859,0.146,0.34,1.0,1,89.3
SHP104453,Rotterdam,London,UPS,Air,2024-09-21,2024-09-26,5,7,At Port,2341.1,4,0,Blizzard,9.14,3,3,Port Strike,8.76,0.927,0.275,0.22,1.0,1,69.8
SHP104454,Shanghai,Tokyo,UPS,Road,2023-11-09,2023-11-13,4,2,Customs Hold,2967.76,5,0,Fog,3.6,7,10,Natural Disaster,10.12,0.896,0.07,0.3,1.0,1,34.0
SHP104455,Los Angeles,Singapore,DHL,Sea,2024-08-29,2024-09-16,18,14,Out for Delivery,3474.34,4,1,Storm,7.61,3,10,None,0.42,0.861,0.027,0.26,0.7623,1,39.8
SHP104456,Los Angeles,New York,DB Schenker,Road,2023-04-26,2023-05-01,5,2,Out for Delivery,421.69,5,0,Clear,0.0,9,6,None,0.18,0.888,0.258,0.28,0.7613,1,46.7
SHP104457,Mumbai,Sydney,DB Schenker,Road,2023-01-22,2023-01-27,5,5,At Port,4181.22,2,1,Rain,1.95,8,6,Natural Disaster,10.26,0.892,0.211,0.3,1.0,1,53.9
SHP104458,Shanghai,Sydney,Maersk,Sea,2024-11-02,2024-12-06,34,16,Out for Delivery,2863.4,4,0,Blizzard,8.94,4,3,Equipment Failure,5.99,0.856,0.327,0.21,1.0,1,38.0
SHP104459,Shanghai,Chicago,DB Schenker,Rail,2024-03-04,2024-03-19,15,2,Customs Hold,358.49,3,0,Storm,7.82,5,8,Equipment Failure,5.76,0.859,0.081,0.19,0.9305,1,71.3
SHP104460,Shanghai,New York,FedEx,Air,2023-04-27,2023-05-02,5,1,In Transit,4937.55,2,0,Clear,0.26,4,4,Natural Disaster,10.48,0.934,0.044,0.35,0.8102,1,71.3
SHP104461,Los Angeles,London,DB Schenker,Rail,2024-01-31,2024-02-09,9,6,In Transit,401.12,3,0,Rain,1.64,5,7,Equipment Failure,6.45,0.867,0.24,0.15,0.8159,1,68.0
SHP104462,Rotterdam,Sydney,DHL,Air,2023-12-27,2023-12-29,2,1,Delayed,2070.07,1,0,Snow,6.03,3,5,None,0.23,0.874,0.081,0.38,0.6971,1,53.0
SHP104463,Shanghai,Tokyo,DHL,Road,2024-05-14,2024-05-20,6,9,In Transit,4220.58,2,0,Heavy Rain,4.74,8,6,Equipment Failure,5.83,0.876,0.399,0.3,1.0,1,44.8
SHP104464,Rotterdam,Chicago,UPS,Rail,2023-04-23,2023-05-03,10,13,In Transit,2740.23,2,0,Storm,8.05,2,8,None,0.0,0.927,0.368,0.2,0.8202,1,18.2
SHP104465,Los Angeles,Chicago,UPS,Road,2023-03-15,2023-03-21,6,6,Customs Hold,343.47,5,1,Clear,0.0,8,1,None,0.0,0.927,0.049,0.23,0.4863,0,0.0
SHP104466,Dubai,Chicago,UPS,Sea,2023-06-12,2023-07-03,21,11,At Port,4024.1,5,0,Rain,1.84,5,8,Port Strike,8.55,0.91,0.24,0.33,0.9733,1,13.9
SHP104467,Rotterdam,New York,XPO Logistics,Air,2024-05-25,2024-05-27,2,7,Out for Delivery,1972.47,2,1,Rain,2.14,4,4,Port Strike,8.98,0.842,0.342,0.2,1.0,1,13.9
SHP104468,Dubai,Sydney,DB Schenker,Rail,2024-03-16,2024-03-28,12,15,In Transit,4778.45,5,1,Storm,8.02,2,9,Natural Disaster,9.64,0.898,0.066,0.3,1.0,1,36.3
SHP104469,Mumbai,Tokyo,UPS,Road,2024-11-23,2024-11-28,5,9,At Port,439.2,3,1,Storm,7.97,8,9,None,0.03,0.911,0.064,0.28,0.9718,1,25.2
SHP104470,Hamburg,New York,DHL,Rail,2023-07-27,2023-08-10,14,6,At Port,3370.57,5,0,Storm,7.85,5,8,Equipment Failure,6.07,0.912,0.399,0.18,0.8943,1,25.5
SHP104471,Dubai,London,DHL,Sea,2023-06-23,2023-07-14,21,12,Delayed,4285.63,2,1,Storm,7.82,4,8,None,0.0,0.927,0.249,0.32,0.8594,1,5.2
SHP104472,Shanghai,London,XPO Logistics,Sea,2024-07-15,2024-08-09,25,12,At Port,3509.27,1,0,Fog,3.55,6,9,Traffic Jam,3.91,0.837,0.025,0.15,0.7034,1,47.8
SHP104473,Rotterdam,Singapore,DB Schenker,Road,2024-04-06,2024-04-16,10,10,In Transit,1039.47,2,1,Fog,4.11,8,4,Natural Disaster,10.03,0.882,0.072,0.38,1.0,1,43.9
SHP104474,Dubai,Chicago,DHL,Sea,2024-02-16,2024-03-08,21,3,Delayed,3546.13,3,0,Fog,4.23,5,3,Equipment Failure,6.35,0.89,0.224,0.1,0.736,1,49.3
SHP104475,Rotterdam,Sydney,Maersk,Rail,2023-11-25,2023-12-05,10,11,Out for Delivery,1153.33,2,1,Heavy Rain,4.75,3,6,Natural Disaster,10.48,0.807,0.257,0.26,1.0,1,59.3
SHP104476,Rotterdam,Sydney,XPO Logistics,Air,2024-01-14,2024-01-16,2,7,Delayed,903.45,4,0,Blizzard,8.96,4,5,Traffic Jam,4.47,0.822,0.057,0.42,1.0,1,36.7
SHP104477,Mumbai,New York,UPS,Air,2023-05-31,2023-06-03,3,1,Customs Hold,3929.24,5,0,Storm,8.31,3,6,Traffic Jam,4.45,0.919,0.204,0.17,0.7938,1,68.9
SHP104478,Hamburg,London,DHL,Air,2023-10-03,2023-10-05,2,2,In Transit,2030.09,5,0,Blizzard,8.69,3,2,Equipment Failure,6.5,0.905,0.224,0.1,0.8938,1,15.7
SHP104479,Los Angeles,Sydney,DHL,Rail,2023-08-30,2023-09-14,15,10,At Port,96.78,5,0,Fog,4.28,5,9,Natural Disaster,10.04,0.91,0.14,0.22,0.8836,1,67.2
SHP104480,Dubai,Tokyo,Maersk,Sea,2023-08-13,2023-09-14,32,37,Customs Hold,4334.01,1,1,Blizzard,8.89,4,6,Port Strike,8.65,0.867,0.158,0.12,0.9768,1,6.3
SHP104481,Shanghai,Tokyo,DB Schenker,Sea,2024-09-09,2024-10-11,32,22,In Transit,2471.09,3,0,Storm,7.55,3,2,Traffic Jam,4.09,0.897,0.118,0.29,0.8667,1,78.4
SHP104482,Rotterdam,Sydney,DB Schenker,Sea,2023-06-22,2023-07-10,18,2,At Port,4810.33,3,1,Clear,0.29,4,9,None,0.0,0.846,0.329,0.27,0.6899,1,36.3
SHP104483,Hamburg,Sydney,DHL,Air,2024-06-03,2024-06-06,3,5,Delayed,1338.63,2,0,Snow,6.17,1,8,Equipment Failure,6.36,0.901,0.104,0.21,0.8582,1,56.0
SHP104484,Hamburg,Singapore,DHL,Road,2023-12-04,2023-12-12,8,11,Delayed,2269.14,3,0,Heavy Rain,5.25,6,1,Natural Disaster,9.77,0.908,0.147,0.23,1.0,1,84.6
SHP104485,Rotterdam,Chicago,DHL,Air,2024-03-29,2024-04-02,4,2,Out for Delivery,232.79,2,0,Fog,4.0,2,5,Equipment Failure,5.54,0.901,0.084,0.2,0.6855,1,9.4
SHP104486,Shanghai,Sydney,DB Schenker,Air,2024-02-12,2024-02-14,2,3,In Transit,2429.36,2,0,Blizzard,9.0,1,5,Traffic Jam,4.01,0.892,0.067,0.17,0.8369,1,7.7
SHP104487,Los Angeles,Sydney,DB Schenker,Road,2024-01-28,2024-01-31,3,4,Customs Hold,4606.29,3,0,Heavy Rain,5.18,7,6,None,0.0,0.888,0.373,0.17,0.8859,1,12.2
SHP104488,Rotterdam,New York,DHL,Road,2023-07-08,2023-07-13,5,1,Out for Delivery,559.63,3,0,Heavy Rain,5.03,7,9,Traffic Jam,3.85,0.876,0.242,0.42,1.0,1,47.0
SHP104489,Shanghai,New York,UPS,Rail,2023-11-19,2023-11-28,9,11,Delayed,1382.4,5,0,Rain,1.98,5,1,Natural Disaster,9.85,0.908,0.157,0.35,0.9815,1,82.7
SHP104490,Mumbai,Tokyo,Maersk,Rail,2023-04-28,2023-05-11,13,12,At Port,588.83,3,0,Storm,7.77,5,2,None,0.24,0.84,0.191,0.14,0.8225,1,19.2
SHP104491,Rotterdam,Singapore,FedEx,Rail,2024-07-17,2024-07-27,10,2,Delayed,1354.58,3,1,Snow,6.04,5,6,Equipment Failure,5.92,0.913,0.115,0.14,0.7074,1,40.3
SHP104492,Hamburg,Singapore,DB Schenker,Air,2023-09-27,2023-09-30,3,8,Customs Hold,3472.81,2,0,Fog,4.4,2,2,None,0.31,0.892,0.103,0.28,0.8466,1,21.8
SHP104493,Mumbai,Singapore,UPS,Air,2023-10-18,2023-10-23,5,7,Delayed,1861.6,1,0,Rain,1.7,4,1,None,0.0,0.901,0.161,0.42,0.8396,1,32.6
SHP104494,Rotterdam,Tokyo,XPO Logistics,Sea,2023-05-02,2023-05-30,28,31,Customs Hold,3857.57,3,1,Fog,3.78,5,7,Traffic Jam,4.13,0.836,0.256,0.12,0.8612,1,23.1
SHP104495,Shanghai,Sydney,DB Schenker,Road,2024-03-09,2024-03-14,5,8,In Transit,303.9,2,1,Heavy Rain,5.5,6,10,Natural Disaster,9.91,0.89,0.042,0.25,1.0,1,27.2
SHP104496,Shanghai,London,FedEx,Road,2023-01-09,2023-01-18,9,10,At Port,2965.82,4,1,Rain,1.59,7,6,None,0.32,0.946,0.352,0.32,0.8164,1,5.4
SHP104497,Hamburg,Singapore,DHL,Air,2023-12-12,2023-12-15,3,6,At Port,3433.34,5,0,Fog,4.33,2,3,None,0.0,0.886,0.355,0.18,0.9393,1,20.8
SHP104498,Mumbai,Tokyo,UPS,Air,2023-07-27,2023-07-31,4,0,Out for Delivery,2748.67,2,0,Clear,0.0,2,5,Equipment Failure,6.21,0.9,0.164,0.4,0.7515,1,59.5
SHP104499,Mumbai,Tokyo,DHL,Road,2023-10-27,2023-11-02,6,8,In Transit,1668.05,2,0,Fog,4.27,6,7,Port Strike,9.31,0.891,0.304,0.31,1.0,1,29.9
SHP104500,Los Angeles,Singapore,UPS,Road,2023-02-16,2023-02-20,4,8,Customs Hold,2324.41,1,1,Clear,0.0,8,1,Equipment Failure,5.87,0.886,0.35,0.3,1.0,1,88.9
SHP104501,Los Angeles,Chicago,UPS,Air,2023-01-11,2023-01-15,4,4,Delayed,1791.0,2,0,Fog,4.19,3,8,Natural Disaster,9.67,0.904,0.077,0.11,0.8503,1,61.9
SHP104502,Hamburg,New York,FedEx,Air,2023-12-07,2023-12-10,3,8,Customs Hold,2317.61,2,0,Snow,5.65,4,2,Natural Disaster,9.72,0.931,0.262,0.37,1.0,1,16.7
SHP104503,Rotterdam,Singapore,DB Schenker,Sea,2024-06-01,2024-06-22,21,10,Delayed,733.75,1,0,Fog,4.09,6,2,Traffic Jam,3.58,0.85,0.252,0.13,0.784,1,69.9
SHP104504,Rotterdam,Sydney,DB Schenker,Sea,2024-07-02,2024-08-04,33,35,In Transit,1622.56,4,1,Storm,7.69,5,6,Traffic Jam,4.47,0.872,0.191,0.27,0.9981,1,80.7
SHP104505,Shanghai,Chicago,XPO Logistics,Sea,2023-04-27,2023-05-30,33,22,Customs Hold,624.11,4,1,Rain,2.29,4,2,Traffic Jam,3.82,0.817,0.221,0.21,0.797,1,16.4
SHP104506,Dubai,Sydney,FedEx,Sea,2024-06-22,2024-07-27,35,37,Customs Hold,4291.35,2,1,Heavy Rain,4.76,6,6,Port Strike,9.29,0.925,0.023,0.44,1.0,1,60.0
SHP104507,Mumbai,New York,DHL,Road,2023-07-22,2023-07-25,3,6,Customs Hold,4712.23,3,0,Rain,2.25,6,10,None,0.0,0.91,0.172,0.45,0.9721,1,49.1
SHP104508,Dubai,London,FedEx,Rail,2023-11-05,2023-11-18,13,9,Out for Delivery,3550.02,3,0,Clear,0.3,5,10,None,0.02,0.891,0.069,0.39,0.7399,1,5.7
SHP104509,Shanghai,London,XPO Logistics,Sea,2023-09-22,2023-10-17,25,16,In Transit,207.27,3,0,Heavy Rain,5.28,4,6,Port Strike,8.52,0.811,0.192,0.23,1.0,1,15.7
SHP104510,Hamburg,Tokyo,UPS,Road,2024-04-20,2024-04-26,6,7,In Transit,4335.72,5,1,Clear,0.44,6,2,Equipment Failure,5.87,0.895,0.361,0.24,0.893,1,22.2
SHP104511,Mumbai,London,Maersk,Sea,2023-04-07,2023-05-12,35,9,In Transit,1857.43,3,0,Rain,2.16,4,1,Natural Disaster,10.05,0.866,0.337,0.14,0.9011,1,69.3
SHP104512,Mumbai,Singapore,UPS,Air,2024-05-04,2024-05-09,5,7,Customs Hold,3014.69,4,0,Blizzard,9.45,3,2,Traffic Jam,4.1,0.924,0.099,0.43,0.99,1,8.2
SHP104513,Hamburg,Chicago,DHL,Air,2023-03-01,2023-03-03,2,6,Out for Delivery,1567.49,2,0,Rain,1.91,3,9,Natural Disaster,10.17,0.885,0.217,0.35,1.0,1,16.8
SHP104514,Rotterdam,New York,XPO Logistics,Air,2024-11-02,2024-11-04,2,3,In Transit,1639.67,5,1,Storm,8.01,2,9,Equipment Failure,5.61,0.877,0.086,0.34,1.0,1,49.2
SHP104515,Los Angeles,Chicago,XPO Logistics,Sea,2023-12-28,2024-01-31,34,21,In Transit,4590.02,3,0,Blizzard,8.72,4,3,Natural Disaster,9.52,0.818,0.395,0.29,1.0,1,54.4
SHP104516,Shanghai,Singapore,DB Schenker,Rail,2024-11-24,2024-12-09,15,18,At Port,4085.77,2,0,Storm,8.12,5,10,Port Strike,8.85,0.892,0.048,0.4,1.0,1,38.4
SHP104517,Shanghai,Tokyo,XPO Logistics,Rail,2024-08-17,2024-08-30,13,8,In Transit,4806.83,2,0,Rain,2.44,5,1,Port Strike,8.9,0.81,0.024,0.22,0.9577,1,43.5
SHP104518,Mumbai,London,DB Schenker,Rail,2024-07-04,2024-07-11,7,6,Out for Delivery,3247.87,5,1,Fog,3.95,2,6,Equipment Failure,5.79,0.896,0.024,0.29,0.7576,1,18.7
SHP104519,Los Angeles,Singapore,XPO Logistics,Road,2023-02-03,2023-02-06,3,4,At Port,746.17,2,0,Clear,0.0,9,10,Port Strike,9.25,0.783,0.12,0.21,1.0,1,6.7
SHP104520,Dubai,Chicago,UPS,Road,2024-03-12,2024-03-22,10,12,In Transit,3041.6,5,0,Storm,8.34,6,3,Equipment Failure,5.86,0.927,0.214,0.36,1.0,1,79.7
SHP104521,Dubai,Sydney,Maersk,Sea,2024-04-11,2024-05-14,33,32,Delayed,1043.38,5,0,Heavy Rain,4.88,4,1,Natural Disaster,9.83,0.813,0.199,0.14,1.0,1,55.3
SHP104522,Dubai,London,DHL,Rail,2023-03-13,2023-03-21,8,3,Customs Hold,4547.93,3,1,Rain,1.9,5,10,Port Strike,8.93,0.888,0.318,0.33,1.0,1,94.9
SHP104523,Mumbai,New York,DB Schenker,Rail,2024-02-29,2024-03-15,15,4,Customs Hold,3110.34,1,0,Fog,4.35,5,5,Natural Disaster,9.96,0.846,0.044,0.41,0.9589,1,9.5
SHP104524,Hamburg,Sydney,UPS,Air,2023-08-13,2023-08-18,5,5,At Port,3967.75,2,0,Storm,8.47,1,4,Port Strike,9.31,0.948,0.137,0.24,0.9043,1,50.3
SHP104525,Dubai,Singapore,FedEx,Rail,2023-01-30,2023-02-06,7,11,Delayed,4402.39,4,0,Blizzard,9.17,3,3,Equipment Failure,5.8,0.949,0.316,0.15,0.9463,1,49.2
SHP104526,Dubai,London,UPS,Rail,2023-10-16,2023-10-23,7,2,In Transit,3736.19,3,0,Fog,3.76,3,1,None,0.0,0.925,0.295,0.2,0.616,1,10.5
SHP104527,Dubai,New York,FedEx,Sea,2023-08-29,2023-10-02,34,38,Customs Hold,302.94,2,0,Clear,0.0,4,3,None,0.35,0.925,0.038,0.36,0.6333,1,23.2
SHP104528,Rotterdam,New York,FedEx,Air,2023-08-29,2023-08-31,2,5,Customs Hold,2796.27,2,0,Storm,7.64,4,2,Port Strike,8.77,0.911,0.159,0.28,1.0,1,58.5
SHP104529,Shanghai,Sydney,Maersk,Air,2023-11-21,2023-11-25,4,1,Delayed,2878.14,1,0,Storm,7.7,2,10,Port Strike,8.91,0.878,0.067,0.13,0.846,1,48.6
SHP104530,Hamburg,Tokyo,DHL,Sea,2023-02-06,2023-02-27,21,8,In Transit,395.15,1,1,Heavy Rain,5.44,4,3,Port Strike,9.35,0.881,0.062,0.19,0.8286,1,62.1
SHP104531,Los Angeles,Tokyo,UPS,Rail,2024-04-05,2024-04-17,12,3,Customs Hold,4108.06,3,0,Heavy Rain,5.2,4,2,Equipment Failure,6.0,0.9,0.151,0.25,0.8147,1,46.0
SHP104532,Los Angeles,Sydney,DHL,Air,2023-04-15,2023-04-20,5,7,In Transit,1810.47,3,0,Heavy Rain,4.95,1,2,Traffic Jam,4.27,0.888,0.07,0.24,0.8193,1,59.5
SHP104533,Shanghai,Chicago,FedEx,Road,2023-09-21,2023-09-25,4,7,At Port,3479.65,2,0,Fog,4.46,7,4,Port Strike,9.23,0.931,0.141,0.25,1.0,1,35.4
SHP104534,Dubai,Tokyo,DB Schenker,Road,2023-05-18,2023-05-22,4,8,In Transit,792.1,1,1,Blizzard,8.83,6,5,Equipment Failure,5.69,0.889,0.045,0.33,1.0,1,95.5
SHP104535,Los Angeles,New York,UPS,Road,2023-06-18,2023-06-21,3,1,In Transit,2165.13,5,1,Blizzard,9.19,8,2,Port Strike,8.5,0.929,0.244,0.15,1.0,1,70.0
SHP104536,Los Angeles,Tokyo,Maersk,Sea,2024-06-10,2024-07-01,21,14,Out for Delivery,2217.95,2,0,Heavy Rain,4.98,3,6,Natural Disaster,9.95,0.836,0.395,0.25,1.0,1,74.1
SHP104537,Shanghai,Sydney,DB Schenker,Road,2023-07-07,2023-07-16,9,11,Delayed,1108.5,2,1,Blizzard,8.76,8,8,Port Strike,9.24,0.891,0.245,0.36,1.0,1,72.8
SHP104538,Los Angeles,Chicago,Maersk,Road,2024-02-19,2024-02-26,7,8,Delayed,4349.28,4,0,Storm,7.8,6,4,Equipment Failure,5.52,0.842,0.052,0.3,1.0,1,11.2
SHP104539,Dubai,Sydney,DB Schenker,Sea,2023-02-08,2023-03-12,32,36,At Port,91.42,5,0,Blizzard,9.04,4,6,Traffic Jam,3.99,0.886,0.339,0.12,0.9589,1,36.0
SHP104540,Mumbai,Sydney,FedEx,Rail,2024-07-09,2024-07-19,10,15,Out for Delivery,1063.5,3,0,Storm,7.78,2,6,Natural Disaster,9.94,0.922,0.309,0.3,1.0,1,68.0
SHP104541,Los Angeles,Chicago,DB Schenker,Air,2024-04-22,2024-04-26,4,2,Out for Delivery,954.51,4,0,Rain,1.91,4,8,Port Strike,8.81,0.858,0.22,0.28,0.9462,1,80.9
SHP104542,Dubai,Chicago,UPS,Sea,2024-09-21,2024-10-26,35,36,Out for Delivery,1280.19,2,0,Storm,7.5,4,5,Traffic Jam,3.71,0.903,0.159,0.18,0.8365,1,31.0
SHP104543,Hamburg,Sydney,XPO Logistics,Road,2024-03-07,2024-03-17,10,6,Delayed,3115.86,3,0,Fog,4.11,7,7,Traffic Jam,4.05,0.836,0.373,0.22,1.0,1,51.4
SHP104544,Mumbai,New York,Maersk,Air,2024-01-13,2024-01-17,4,7,In Transit,3856.16,2,0,Blizzard,9.46,4,7,Equipment Failure,5.57,0.844,0.096,0.26,1.0,1,81.5
SHP104545,Mumbai,London,Maersk,Rail,2024-05-24,2024-06-06,13,2,Customs Hold,121.17,1,0,Rain,2.43,3,5,Natural Disaster,9.59,0.879,0.187,0.44,1.0,1,84.9
SHP104546,Hamburg,Chicago,DHL,Rail,2023-07-03,2023-07-18,15,16,In Transit,169.29,4,0,Fog,3.52,2,4,Natural Disaster,10.45,0.891,0.168,0.29,0.9862,1,38.4
SHP104547,Los Angeles,Singapore,XPO Logistics,Sea,2023-02-18,2023-03-14,24,28,At Port,476.21,2,0,Rain,1.92,5,4,Traffic Jam,4.29,0.814,0.369,0.14,0.9794,1,34.4
SHP104548,Dubai,London,DHL,Rail,2024-10-08,2024-10-16,8,4,At Port,3001.22,1,0,Blizzard,9.42,3,10,None,0.0,0.898,0.036,0.16,0.5551,1,38.6
SHP104549,Rotterdam,New York,XPO Logistics,Rail,2023-05-01,2023-05-09,8,9,In Transit,2595.9,1,0,Blizzard,9.07,2,5,None,0.0,0.79,0.081,0.35,0.9338,1,73.7
SHP104550,Los Angeles,Singapore,DB Schenker,Road,2023-10-16,2023-10-22,6,11,Delayed,938.17,1,1,Clear,0.0,6,8,Natural Disaster,10.47,0.864,0.187,0.38,1.0,1,12.0
SHP104551,Rotterdam,Tokyo,DB Schenker,Road,2023-04-06,2023-04-15,9,3,In Transit,3831.49,2,0,Rain,2.04,7,7,Traffic Jam,4.12,0.838,0.399,0.44,1.0,1,29.9
SHP104552,Mumbai,New York,UPS,Road,2023-03-01,2023-03-11,10,5,Delayed,1386.48,5,0,Rain,1.59,8,2,Natural Disaster,10.28,0.899,0.194,0.16,0.9452,1,37.8
SHP104553,Dubai,London,Maersk,Road,2024-10-08,2024-10-11,3,6,In Transit,2644.27,2,0,Heavy Rain,4.54,6,2,None,0.0,0.857,0.157,0.41,1.0,1,77.9
SHP104554,Mumbai,Singapore,XPO Logistics,Rail,2023-03-28,2023-04-10,13,8,Customs Hold,1079.38,1,0,Clear,0.0,5,5,Port Strike,8.75,0.835,0.027,0.25,0.8339,1,18.3
SHP104555,Dubai,Tokyo,Maersk,Air,2024-09-18,2024-09-23,5,0,Delayed,2582.11,2,0,Heavy Rain,5.09,4,3,Natural Disaster,10.22,0.855,0.13,0.13,0.8839,1,60.1
SHP104556,Shanghai,Tokyo,FedEx,Sea,2024-04-17,2024-05-17,30,6,At Port,983.43,2,0,Snow,6.11,5,2,Port Strike,8.96,0.932,0.245,0.29,0.9339,1,59.3
SHP104557,Mumbai,Sydney,DB Schenker,Rail,2023-07-17,2023-07-29,12,12,Out for Delivery,236.24,2,0,Snow,6.39,2,8,Port Strike,8.8,0.849,0.197,0.3,1.0,1,34.7
SHP104558,Los Angeles,London,Maersk,Rail,2023-11-04,2023-11-12,8,13,At Port,4315.97,4,0,Rain,2.05,2,2,Traffic Jam,3.83,0.858,0.151,0.14,0.7369,1,9.4
SHP104559,Los Angeles,Tokyo,UPS,Air,2023-06-19,2023-06-22,3,8,Customs Hold,3593.22,1,0,Rain,1.83,4,5,Traffic Jam,3.84,0.902,0.191,0.25,0.9206,1,43.7
SHP104560,Hamburg,London,DB Schenker,Road,2024-03-28,2024-04-02,5,0,Out for Delivery,1233.26,1,0,Rain,2.19,7,2,Equipment Failure,5.53,0.889,0.399,0.1,0.7398,1,14.7
SHP104561,Shanghai,Sydney,UPS,Sea,2024-09-02,2024-09-30,28,3,At Port,2646.35,3,0,Clear,0.0,5,6,Port Strike,8.54,0.888,0.34,0.27,0.8522,1,62.5
SHP104562,Shanghai,Sydney,Maersk,Road,2023-12-30,2024-01-08,9,4,In Transit,2588.97,5,0,Clear,0.0,7,4,Traffic Jam,4.3,0.837,0.249,0.15,0.7605,1,64.2
SHP104563,Los Angeles,New York,XPO Logistics,Air,2023-11-06,2023-11-11,5,1,In Transit,2285.91,4,0,Blizzard,9.15,4,1,None,0.08,0.823,0.107,0.28,0.798,1,30.7
SHP104564,Los Angeles,New York,Maersk,Sea,2023-06-20,2023-07-18,28,32,Delayed,507.42,2,0,Fog,4.3,3,7,Port Strike,8.97,0.851,0.259,0.43,1.0,1,28.9
SHP104565,Mumbai,London,DB Schenker,Road,2023-11-22,2023-11-29,7,9,Delayed,1572.01,1,0,Rain,1.58,7,5,Natural Disaster,10.14,0.878,0.042,0.12,0.8462,1,37.2
SHP104566,Hamburg,Singapore,UPS,Sea,2024-09-01,2024-09-25,24,3,Customs Hold,3547.83,5,1,Storm,8.33,5,3,None,0.19,0.87,0.361,0.24,0.8516,1,49.6
SHP104567,Shanghai,London,DHL,Air,2024-01-13,2024-01-15,2,6,Out for Delivery,2670.11,5,0,Fog,4.49,2,3,Equipment Failure,5.9,0.91,0.225,0.18,0.9826,1,15.4
SHP104568,Dubai,London,DHL,Road,2023-05-20,2023-05-24,4,9,At Port,3424.94,5,1,Snow,5.84,9,6,Traffic Jam,4.05,0.868,0.027,0.37,1.0,1,93.4
SHP104569,Hamburg,Tokyo,DB Schenker,Sea,2024-10-22,2024-11-22,31,32,Out for Delivery,632.19,2,1,Snow,6.25,5,8,Traffic Jam,3.83,0.865,0.154,0.11,0.7826,1,60.9
SHP104570,Hamburg,London,Maersk,Rail,2024-11-03,2024-11-12,9,0,Out for Delivery,4671.69,3,1,Blizzard,8.75,2,8,Equipment Failure,6.29,0.823,0.391,0.1,0.8884,1,84.6
SHP104571,Shanghai,New York,FedEx,Air,2024-07-10,2024-07-12,2,4,At Port,4696.24,1,0,Heavy Rain,5.23,4,8,Port Strike,8.78,0.963,0.11,0.35,1.0,1,91.4
SHP104572,Los Angeles,Sydney,DB Schenker,Road,2024-10-01,2024-10-05,4,6,Customs Hold,4195.13,4,0,Blizzard,8.81,6,6,Traffic Jam,4.02,0.885,0.108,0.36,1.0,1,80.2
SHP104573,Los Angeles,Singapore,DHL,Rail,2023-11-16,2023-11-26,10,3,In Transit,4887.23,4,0,Blizzard,9.33,4,10,Natural Disaster,10.12,0.917,0.353,0.23,1.0,1,33.4
SHP104574,Mumbai,Singapore,Maersk,Air,2024-08-13,2024-08-15,2,0,Out for Delivery,2330.85,1,1,Blizzard,8.58,3,3,Natural Disaster,9.71,0.867,0.293,0.32,1.0,1,78.0
SHP104575,Dubai,Tokyo,DB Schenker,Sea,2024-01-19,2024-02-07,19,11,In Transit,1693.75,5,0,Snow,5.6,5,8,Port Strike,8.91,0.843,0.217,0.33,1.0,1,60.1
SHP104576,Rotterdam,Singapore,FedEx,Rail,2023-05-17,2023-05-30,13,13,Delayed,4957.67,2,1,Blizzard,9.1,3,3,Equipment Failure,6.27,0.889,0.332,0.18,1.0,1,25.3
SHP104577,Shanghai,Chicago,Maersk,Road,2024-08-30,2024-09-05,6,11,Out for Delivery,3335.3,5,0,Fog,3.57,7,10,Natural Disaster,10.42,0.87,0.056,0.17,1.0,1,26.2
SHP104578,Hamburg,Tokyo,XPO Logistics,Sea,2024-06-18,2024-07-08,20,16,Customs Hold,4100.28,5,0,Storm,8.08,4,1,Equipment Failure,5.51,0.844,0.119,0.34,1.0,1,82.7
SHP104579,Los Angeles,Sydney,UPS,Road,2024-09-16,2024-09-22,6,9,At Port,512.23,5,0,Storm,8.39,6,9,Equipment Failure,6.33,0.914,0.303,0.35,1.0,1,76.2
SHP104580,Rotterdam,Singapore,UPS,Road,2023-09-28,2023-10-04,6,9,Customs Hold,283.63,4,0,Blizzard,8.56,6,3,Port Strike,9.07,0.922,0.116,0.17,1.0,1,39.0
SHP104581,Hamburg,Tokyo,FedEx,Rail,2024-04-09,2024-04-22,13,17,At Port,2268.86,2,0,Heavy Rain,5.0,2,1,Traffic Jam,3.92,0.945,0.086,0.25,0.676,1,12.8
SHP104582,Shanghai,Singapore,DB Schenker,Air,2023-02-21,2023-02-23,2,0,Out for Delivery,642.31,2,0,Storm,7.66,4,3,Equipment Failure,5.67,0.882,0.117,0.13,0.7433,1,29.1
SHP104583,Dubai,Chicago,DHL,Rail,2023-02-06,2023-02-16,10,1,At Port,2934.76,1,0,Clear,0.33,5,6,Natural Disaster,9.56,0.889,0.092,0.18,0.6804,1,57.5
SHP104584,Shanghai,New York,FedEx,Road,2024-11-03,2024-11-06,3,2,At Port,1082.4,1,1,Blizzard,9.07,9,3,Natural Disaster,9.71,0.952,0.08,0.35,1.0,1,75.2
SHP104585,Hamburg,London,DB Schenker,Road,2024-04-30,2024-05-10,10,11,In Transit,4527.86,2,0,Storm,8.03,7,4,None,0.0,0.869,0.26,0.1,0.844,1,79.8
SHP104586,Hamburg,Singapore,DB Schenker,Air,2024-03-22,2024-03-25,3,2,Customs Hold,3331.38,3,0,Snow,6.44,1,5,Natural Disaster,10.0,0.861,0.269,0.32,1.0,1,72.3
SHP104587,Los Angeles,Singapore,UPS,Sea,2023-11-10,2023-12-15,35,35,Customs Hold,1144.92,3,0,Storm,7.85,3,7,Natural Disaster,10.38,0.902,0.325,0.24,1.0,1,29.6
SHP104588,Shanghai,Chicago,DHL,Sea,2023-06-18,2023-07-06,18,23,In Transit,4371.34,4,0,Clear,0.0,5,2,Port Strike,9.16,0.898,0.369,0.37,1.0,1,70.8
SHP104589,Los Angeles,Chicago,Maersk,Road,2023-09-21,2023-09-24,3,6,At Port,1252.88,2,0,Snow,6.36,7,4,Port Strike,9.03,0.888,0.084,0.1,1.0,1,54.9
SHP104590,Mumbai,Tokyo,DB Schenker,Sea,2024-06-05,2024-07-01,26,29,Out for Delivery,2885.66,5,0,Fog,3.94,6,1,None,0.47,0.867,0.088,0.14,0.7197,1,12.0
SHP104591,Los Angeles,Sydney,FedEx,Sea,2023-04-02,2023-04-21,19,16,Out for Delivery,3305.93,4,1,Rain,2.36,6,6,Traffic Jam,4.06,0.896,0.334,0.15,0.8089,1,65.4
SHP104592,Rotterdam,Tokyo,XPO Logistics,Air,2023-01-16,2023-01-18,2,0,At Port,4807.71,2,0,Rain,2.01,3,4,Equipment Failure,5.8,0.829,0.254,0.44,0.8406,1,26.5
SHP104593,Dubai,Singapore,FedEx,Sea,2024-11-19,2024-12-16,27,15,In Transit,4236.3,5,0,Fog,4.46,5,1,None,0.0,0.937,0.191,0.15,0.6062,1,31.6
SHP104594,Shanghai,Chicago,FedEx,Rail,2023-06-10,2023-06-23,13,7,Customs Hold,2706.55,3,0,Clear,0.0,3,10,Port Strike,8.54,0.92,0.092,0.3,0.7763,1,50.7
SHP104595,Hamburg,Chicago,Maersk,Rail,2023-05-13,2023-05-25,12,17,Out for Delivery,4586.27,4,0,Clear,0.0,4,5,Natural Disaster,9.59,0.841,0.116,0.2,0.9311,1,22.1
SHP104596,Shanghai,New York,FedEx,Air,2024-06-25,2024-06-30,5,6,At Port,771.42,4,0,Rain,1.53,2,2,None,0.27,0.934,0.317,0.35,0.847,1,81.2
SHP104597,Rotterdam,London,Maersk,Rail,2024-08-07,2024-08-22,15,0,Customs Hold,1576.23,3,1,Fog,4.35,2,6,Port Strike,8.83,0.872,0.268,0.28,0.9799,1,79.7
SHP104598,Los Angeles,Sydney,DB Schenker,Air,2024-06-12,2024-06-14,2,4,Delayed,2368.5,4,0,Rain,2.35,4,6,Natural Disaster,9.64,0.894,0.078,0.23,0.9907,1,33.2
SHP104599,Shanghai,Tokyo,DHL,Rail,2024-06-22,2024-06-29,7,5,Delayed,3405.36,3,0,Storm,8.23,4,6,Traffic Jam,3.77,0.875,0.105,0.29,0.9114,1,47.9
SHP104600,Hamburg,Chicago,DHL,Road,2023-12-27,2023-12-31,4,7,Out for Delivery,4241.01,5,0,Rain,2.11,7,1,Natural Disaster,10.06,0.883,0.138,0.24,1.0,1,78.3
SHP104601,Dubai,New York,DHL,Rail,2024-11-15,2024-11-22,7,2,In Transit,3686.15,2,0,Heavy Rain,5.12,3,3,Natural Disaster,10.4,0.893,0.316,0.19,1.0,1,48.1
SHP104602,Mumbai,London,DB Schenker,Road,2023-06-02,2023-06-06,4,6,Out for Delivery,2757.67,5,0,Heavy Rain,5.12,9,5,Natural Disaster,10.07,0.85,0.344,0.15,1.0,1,13.3
SHP104603,Mumbai,Tokyo,XPO Logistics,Road,2023-05-07,2023-05-14,7,7,Delayed,4996.72,5,0,Rain,2.04,6,9,Port Strike,8.84,0.827,0.095,0.21,1.0,1,42.4
SHP104604,Shanghai,Singapore,DB Schenker,Road,2023-12-24,2023-12-28,4,8,In Transit,4854.99,4,1,Storm,8.1,6,4,Equipment Failure,5.91,0.853,0.236,0.26,1.0,1,71.8
SHP104605,Hamburg,London,XPO Logistics,Rail,2024-07-08,2024-07-18,10,4,In Transit,1326.51,4,0,Heavy Rain,4.82,4,8,Traffic Jam,3.52,0.833,0.274,0.1,0.7694,1,20.0
SHP104606,Mumbai,Chicago,FedEx,Road,2024-05-22,2024-05-25,3,5,Out for Delivery,3901.98,4,0,Fog,4.06,7,10,Equipment Failure,5.83,0.947,0.274,0.14,0.8789,1,49.9
SHP104607,Rotterdam,London,UPS,Sea,2024-03-05,2024-03-28,23,10,At Port,2347.69,5,0,Heavy Rain,4.69,5,3,Equipment Failure,6.14,0.889,0.308,0.24,0.8767,1,78.4
SHP104608,Mumbai,London,UPS,Sea,2023-12-23,2024-01-26,34,12,At Port,2335.04,1,0,Clear,0.0,3,2,Port Strike,9.14,0.913,0.271,0.36,0.8781,1,35.5
SHP104609,Los Angeles,London,DB Schenker,Sea,2023-05-05,2023-05-24,19,12,In Transit,34.85,3,0,Blizzard,9.12,5,6,Natural Disaster,10.38,0.859,0.205,0.26,1.0,1,52.3
SHP104610,Dubai,New York,DHL,Road,2024-07-09,2024-07-14,5,4,Out for Delivery,4098.26,4,0,Snow,6.28,9,7,None,0.14,0.886,0.16,0.39,1.0,1,49.5
SHP104611,Shanghai,Chicago,FedEx,Rail,2024-06-29,2024-07-10,11,11,In Transit,1003.47,2,0,Storm,7.52,4,2,None,0.0,0.905,0.029,0.41,0.8507,1,72.9
SHP104612,Shanghai,Sydney,XPO Logistics,Road,2023-03-16,2023-03-23,7,0,Out for Delivery,258.87,5,0,Blizzard,8.77,8,9,None,0.0,0.84,0.394,0.1,0.8785,1,78.6
SHP104613,Rotterdam,New York,XPO Logistics,Sea,2024-08-04,2024-08-26,22,26,Out for Delivery,3268.02,5,1,Clear,0.0,6,7,None,0.0,0.872,0.072,0.35,0.6509,1,31.5
SHP104614,Hamburg,New York,XPO Logistics,Rail,2024-10-09,2024-10-21,12,13,At Port,605.88,5,0,Blizzard,8.89,2,2,Port Strike,8.73,0.833,0.215,0.26,1.0,1,51.5
SHP104615,Mumbai,Chicago,DHL,Sea,2024-05-01,2024-05-25,24,7,Customs Hold,2231.7,3,0,Storm,7.69,3,1,Equipment Failure,6.06,0.895,0.217,0.27,0.9269,1,81.6
SHP104616,Mumbai,Singapore,UPS,Sea,2023-06-08,2023-07-07,29,19,At Port,3180.52,1,0,Snow,6.2,3,8,Equipment Failure,5.54,0.934,0.232,0.22,0.7538,1,64.3
SHP104617,Rotterdam,New York,XPO Logistics,Road,2023-09-18,2023-09-25,7,4,At Port,4519.57,1,0,Fog,3.84,7,10,Port Strike,9.03,0.804,0.322,0.13,1.0,1,25.3
SHP104618,Dubai,Chicago,XPO Logistics,Air,2024-09-22,2024-09-27,5,9,Customs Hold,2909.69,2,0,Clear,0.4,1,6,Equipment Failure,5.89,0.832,0.238,0.38,0.9825,1,25.1
SHP104619,Hamburg,Sydney,FedEx,Rail,2024-04-23,2024-05-06,13,15,Out for Delivery,2101.17,5,0,Fog,4.41,4,10,Port Strike,8.62,0.896,0.238,0.32,1.0,1,63.4
SHP104620,Shanghai,Chicago,FedEx,Road,2024-06-10,2024-06-19,9,12,At Port,3521.59,4,0,Storm,8.26,9,1,Natural Disaster,9.55,0.945,0.027,0.23,1.0,1,52.8
SHP104621,Rotterdam,Singapore,Maersk,Road,2024-10-11,2024-10-18,7,5,At Port,3314.25,4,0,Fog,4.01,7,9,Port Strike,8.59,0.883,0.338,0.3,1.0,1,70.5
SHP104622,Mumbai,Singapore,DHL,Air,2024-06-30,2024-07-02,2,4,Delayed,4927.29,5,1,Blizzard,8.61,2,4,Equipment Failure,6.45,0.897,0.203,0.37,1.0,1,92.0
SHP104623,Rotterdam,Chicago,FedEx,Air,2024-06-15,2024-06-17,2,7,Customs Hold,1917.17,4,0,Storm,7.85,1,7,None,0.18,0.904,0.142,0.2,0.9436,1,30.6
SHP104624,Hamburg,Sydney,DB Schenker,Air,2023-03-28,2023-03-30,2,1,Customs Hold,4474.93,4,0,Heavy Rain,4.73,2,2,Equipment Failure,5.66,0.869,0.145,0.3,0.8553,1,21.6
SHP104625,Los Angeles,Tokyo,FedEx,Road,2023-10-25,2023-10-29,4,5,At Port,2269.11,3,1,Fog,3.74,9,1,Natural Disaster,9.98,0.914,0.209,0.25,1.0,1,37.1
SHP104626,Dubai,London,FedEx,Road,2024-04-15,2024-04-18,3,4,Out for Delivery,942.95,2,1,Fog,3.56,6,9,Port Strike,9.19,0.899,0.12,0.37,1.0,1,58.6
SHP104627,Hamburg,New York,UPS,Sea,2023-11-02,2023-11-23,21,5,Delayed,1258.96,3,1,Clear,0.04,5,10,Natural Disaster,10.36,0.926,0.371,0.18,0.8724,1,61.9
SHP104628,Dubai,Sydney,FedEx,Road,2024-04-24,2024-05-01,7,5,At Port,658.22,5,0,Clear,0.0,6,10,Traffic Jam,4.28,0.919,0.194,0.33,0.8093,1,46.2
SHP104629,Rotterdam,Chicago,DHL,Air,2024-07-03,2024-07-05,2,1,Customs Hold,854.24,2,0,Clear,0.0,1,1,Equipment Failure,6.4,0.92,0.224,0.2,0.6472,1,55.6
SHP104630,Hamburg,Chicago,Maersk,Road,2023-10-30,2023-11-08,9,14,Out for Delivery,2224.98,5,0,Heavy Rain,5.03,9,1,Equipment Failure,6.5,0.86,0.135,0.31,1.0,1,95.2
SHP104631,Los Angeles,New York,XPO Logistics,Rail,2023-10-22,2023-10-29,7,3,At Port,3921.99,2,1,Heavy Rain,5.12,3,1,Port Strike,8.64,0.838,0.372,0.38,1.0,1,15.1
SHP104632,Hamburg,Sydney,Maersk,Sea,2024-05-09,2024-06-13,35,22,Delayed,1824.02,5,0,Storm,8.48,5,7,Equipment Failure,5.68,0.863,0.041,0.39,1.0,1,78.6
SHP104633,Mumbai,Chicago,DB Schenker,Sea,2024-08-07,2024-09-10,34,24,Customs Hold,863.0,3,0,Rain,1.72,6,4,Equipment Failure,6.14,0.893,0.219,0.26,0.8689,1,53.6
SHP104634,Mumbai,Sydney,UPS,Road,2023-02-28,2023-03-07,7,0,Out for Delivery,346.12,3,0,Fog,4.42,7,10,None,0.0,0.896,0.071,0.3,0.755,1,59.3
SHP104635,Los Angeles,Tokyo,DB Schenker,Sea,2024-10-20,2024-11-08,19,1,At Port,3530.67,2,0,Storm,8.27,4,2,None,0.0,0.834,0.291,0.25,0.8574,1,22.9
SHP104636,Mumbai,New York,XPO Logistics,Rail,2023-03-14,2023-03-26,12,12,At Port,1517.87,1,1,Heavy Rain,4.83,3,1,Port Strike,9.48,0.81,0.235,0.24,1.0,1,84.3
SHP104637,Los Angeles,Chicago,UPS,Air,2023-10-20,2023-10-25,5,3,In Transit,2274.01,1,0,Fog,4.09,2,2,Equipment Failure,5.85,0.867,0.254,0.16,0.7979,1,40.5
SHP104638,Dubai,Sydney,UPS,Road,2023-06-21,2023-06-26,5,0,Delayed,2582.83,4,0,Rain,1.71,9,9,Equipment Failure,5.55,0.888,0.176,0.15,0.7727,1,36.6
SHP104639,Rotterdam,Sydney,DHL,Road,2023-12-31,2024-01-09,9,13,At Port,2740.84,2,0,Snow,5.92,9,10,Natural Disaster,10.36,0.929,0.338,0.26,1.0,1,19.8
SHP104640,Rotterdam,Tokyo,Maersk,Sea,2024-01-20,2024-02-20,31,8,Customs Hold,3008.46,4,1,Clear,0.06,3,5,None,0.0,0.864,0.166,0.26,0.5878,1,48.7
SHP104641,Shanghai,London,UPS,Rail,2024-01-20,2024-01-31,11,6,Delayed,1131.72,5,0,Rain,1.84,3,2,Equipment Failure,6.17,0.897,0.176,0.3,0.8382,1,60.8
SHP104642,Rotterdam,New York,Maersk,Air,2024-02-10,2024-02-15,5,2,Delayed,864.51,5,1,Clear,0.0,4,3,Port Strike,9.27,0.852,0.083,0.24,0.8233,1,37.8
SHP104643,Hamburg,Chicago,UPS,Rail,2024-10-30,2024-11-09,10,13,Customs Hold,4967.17,5,0,Heavy Rain,4.62,2,9,Equipment Failure,5.6,0.913,0.185,0.43,0.9644,1,56.0
SHP104644,Los Angeles,New York,DHL,Air,2023-07-28,2023-08-02,5,2,Customs Hold,1968.32,2,0,Heavy Rain,5.03,2,7,Equipment Failure,5.82,0.87,0.083,0.27,0.7404,1,64.5
SHP104645,Hamburg,New York,UPS,Rail,2024-02-12,2024-02-26,14,4,At Port,2504.65,3,0,Clear,0.0,4,9,Natural Disaster,9.9,0.943,0.093,0.28,0.668,1,44.4
SHP104646,Shanghai,London,DHL,Air,2023-08-31,2023-09-04,4,5,Out for Delivery,739.8,2,0,Rain,1.6,1,4,Port Strike,8.77,0.922,0.115,0.18,0.7426,1,21.9
SHP104647,Dubai,Tokyo,Maersk,Rail,2024-05-11,2024-05-26,15,12,At Port,4162.13,4,0,Rain,2.09,4,10,Port Strike,9.4,0.861,0.127,0.43,1.0,1,13.9
SHP104648,Shanghai,London,DHL,Air,2023-09-16,2023-09-19,3,0,At Port,2146.28,3,0,Clear,0.19,3,8,Traffic Jam,4.04,0.908,0.201,0.4,0.667,1,29.1
SHP104649,Rotterdam,New York,UPS,Sea,2023-09-16,2023-10-12,26,19,Delayed,867.37,5,0,Snow,5.63,5,1,Traffic Jam,3.65,0.938,0.109,0.19,0.7252,1,30.6
SHP104650,Shanghai,London,Maersk,Air,2023-08-30,2023-09-01,2,1,Delayed,2748.14,1,1,Storm,8.04,2,8,Natural Disaster,9.96,0.835,0.283,0.15,1.0,1,7.5
SHP104651,Los Angeles,London,DB Schenker,Rail,2023-09-18,2023-10-02,14,7,Delayed,4263.32,3,0,Clear,0.22,4,6,Port Strike,9.39,0.857,0.097,0.33,0.8849,1,7.4
SHP104652,Shanghai,Chicago,Maersk,Air,2024-11-02,2024-11-07,5,0,In Transit,348.53,4,0,Blizzard,8.84,3,4,Natural Disaster,10.32,0.82,0.231,0.38,1.0,1,59.4
SHP104653,Dubai,Sydney,DHL,Air,2024-08-02,2024-08-04,2,2,Out for Delivery,1433.03,3,0,Snow,6.0,3,3,Natural Disaster,9.72,0.851,0.353,0.39,1.0,1,62.2
SHP104654,Hamburg,Tokyo,UPS,Road,2024-11-23,2024-12-03,10,9,Delayed,4936.53,3,0,Rain,1.67,8,1,Natural Disaster,9.74,0.932,0.077,0.2,0.8554,1,51.5
SHP104655,Hamburg,New York,UPS,Air,2024-08-17,2024-08-21,4,0,In Transit,326.08,2,0,Storm,7.51,1,4,Natural Disaster,9.89,0.92,0.144,0.35,0.9437,1,19.5
SHP104656,Shanghai,Tokyo,XPO Logistics,Sea,2023-10-13,2023-11-14,32,37,Out for Delivery,4641.11,3,0,Heavy Rain,5.15,4,4,None,0.0,0.835,0.321,0.32,0.9957,1,41.2
SHP104657,Shanghai,Chicago,DHL,Air,2024-07-25,2024-07-29,4,5,Customs Hold,4071.18,1,1,Storm,8.23,1,7,Traffic Jam,4.28,0.909,0.31,0.32,1.0,1,13.8
SHP104658,Hamburg,London,DHL,Sea,2024-03-12,2024-04-02,21,6,Customs Hold,1056.53,1,0,Snow,5.8,4,7,None,0.0,0.895,0.139,0.1,0.5576,1,6.2
SHP104659,Dubai,Sydney,DB Schenker,Rail,2023-05-20,2023-05-30,10,4,Out for Delivery,4079.69,3,0,Heavy Rain,4.78,3,8,Natural Disaster,9.84,0.866,0.027,0.33,0.9092,1,30.3
SHP104660,Mumbai,Chicago,DB Schenker,Air,2023-03-13,2023-03-16,3,1,In Transit,776.54,3,0,Blizzard,9.26,2,1,Natural Disaster,10.42,0.87,0.177,0.35,1.0,1,86.5
SHP104661,Dubai,Chicago,FedEx,Air,2023-11-28,2023-12-02,4,0,Delayed,1126.32,3,0,Blizzard,9.02,1,8,Equipment Failure,6.01,0.904,0.211,0.4,1.0,1,48.4
SHP104662,Dubai,Singapore,DHL,Sea,2023-03-26,2023-04-18,23,27,At Port,3248.12,4,0,Heavy Rain,5.09,6,8,Port Strike,8.74,0.873,0.308,0.15,1.0,1,47.1
SHP104663,Shanghai,Tokyo,DB Schenker,Rail,2023-09-17,2023-09-30,13,15,Customs Hold,806.54,5,0,Clear,0.22,3,5,None,0.0,0.926,0.375,0.44,0.7585,1,12.7
SHP104664,Los Angeles,Chicago,Maersk,Sea,2024-02-09,2024-03-01,21,11,In Transit,556.89,2,0,Fog,4.2,5,6,Port Strike,9.26,0.857,0.214,0.43,1.0,1,33.3
SHP104665,Mumbai,Singapore,UPS,Rail,2024-02-20,2024-03-05,14,5,Delayed,4642.42,1,1,Snow,6.27,5,1,Equipment Failure,5.68,0.916,0.382,0.35,1.0,1,51.1
SHP104666,Hamburg,Sydney,UPS,Air,2023-05-04,2023-05-09,5,10,At Port,3592.85,5,0,Snow,6.48,2,6,Traffic Jam,4.43,0.92,0.059,0.13,0.8005,1,15.1
SHP104667,Mumbai,Chicago,DB Schenker,Road,2024-02-20,2024-02-25,5,5,At Port,4336.84,5,1,Heavy Rain,5.4,6,2,None,0.06,0.847,0.058,0.12,0.5916,1,38.1
SHP104668,Dubai,Tokyo,DB Schenker,Rail,2024-08-11,2024-08-18,7,11,Delayed,4859.87,4,0,Clear,0.0,2,7,None,0.14,0.887,0.306,0.22,0.7069,1,25.4
SHP104669,Rotterdam,Singapore,DHL,Sea,2024-03-18,2024-04-10,23,9,Delayed,15.26,2,0,Heavy Rain,4.76,3,4,Port Strike,8.68,0.917,0.185,0.27,0.8891,1,10.8
SHP104670,Shanghai,Chicago,XPO Logistics,Road,2024-05-16,2024-05-21,5,6,Out for Delivery,2422.24,3,0,Fog,4.25,9,5,Natural Disaster,9.94,0.814,0.215,0.17,1.0,1,94.6
SHP104671,Hamburg,Singapore,UPS,Air,2024-05-09,2024-05-11,2,5,Delayed,3832.87,2,1,Rain,2.38,1,1,None,0.21,0.93,0.265,0.31,0.825,1,60.6
SHP104672,Los Angeles,New York,FedEx,Air,2023-02-27,2023-03-03,4,3,At Port,4501.75,4,0,Blizzard,8.85,2,8,Equipment Failure,6.14,0.927,0.056,0.28,0.8182,1,7.2
SHP104673,Dubai,Chicago,DHL,Rail,2023-01-24,2023-02-06,13,8,Customs Hold,4215.15,4,0,Fog,3.67,3,8,None,0.0,0.869,0.268,0.41,0.8692,1,8.3
SHP104674,Mumbai,Sydney,FedEx,Air,2023-09-30,2023-10-04,4,5,At Port,1130.88,1,0,Blizzard,9.44,1,7,Port Strike,8.53,0.927,0.278,0.3,1.0,1,27.4
SHP104675,Mumbai,Tokyo,Maersk,Rail,2023-02-01,2023-02-09,8,12,In Transit,1360.89,4,0,Clear,0.0,3,7,Traffic Jam,3.58,0.844,0.181,0.17,0.759,1,22.0
SHP104676,Rotterdam,New York,UPS,Rail,2024-11-03,2024-11-17,14,2,Out for Delivery,2552.57,2,0,Clear,0.0,3,6,Natural Disaster,10.13,0.902,0.145,0.16,0.6677,1,4.3
SHP104677,Rotterdam,Tokyo,Maersk,Rail,2023-11-04,2023-11-12,8,12,Delayed,2454.2,1,0,Storm,8.02,3,6,None,0.0,0.83,0.214,0.32,0.9843,1,76.0
SHP104678,Los Angeles,London,XPO Logistics,Air,2024-03-14,2024-03-16,2,6,Customs Hold,4410.59,2,1,Rain,2.03,2,1,Natural Disaster,9.76,0.852,0.3,0.38,1.0,1,89.5
SHP104679,Shanghai,Sydney,XPO Logistics,Air,2023-07-25,2023-07-30,5,2,Customs Hold,3318.99,5,0,Storm,7.72,2,3,Port Strike,9.04,0.831,0.388,0.33,1.0,1,31.9
SHP104680,Los Angeles,Singapore,DHL,Rail,2023-05-24,2023-06-02,9,12,Delayed,1900.74,5,0,Clear,0.0,3,9,Port Strike,9.12,0.884,0.141,0.44,0.9944,1,71.8
SHP104681,Rotterdam,Singapore,FedEx,Sea,2023-08-22,2023-09-19,28,25,Customs Hold,3706.92,3,0,Heavy Rain,5.14,4,9,Port Strike,8.75,0.916,0.195,0.27,0.9503,1,70.2
SHP104682,Dubai,Chicago,DHL,Rail,2023-12-18,2023-12-28,10,1,In Transit,620.51,5,1,Heavy Rain,5.36,5,8,Equipment Failure,6.1,0.9,0.192,0.22,0.9088,1,80.5
SHP104683,Hamburg,New York,DHL,Rail,2023-02-07,2023-02-17,10,11,Out for Delivery,3047.74,5,1,Storm,7.76,4,10,None,0.0,0.877,0.26,0.32,0.9612,1,10.6
SHP104684,Rotterdam,Singapore,XPO Logistics,Rail,2023-10-03,2023-10-16,13,0,At Port,2043.59,3,0,Clear,0.0,4,2,Natural Disaster,10.47,0.836,0.307,0.39,1.0,1,70.5
SHP104685,Shanghai,Chicago,Maersk,Rail,2024-04-16,2024-04-28,12,1,Out for Delivery,3334.25,4,1,Snow,6.29,5,4,Port Strike,9.04,0.837,0.03,0.33,0.9226,1,86.2
SHP104686,Dubai,Chicago,Maersk,Air,2024-04-10,2024-04-15,5,4,In Transit,433.26,5,1,Clear,0.38,2,10,Traffic Jam,3.94,0.88,0.181,0.18,0.6652,1,12.0
SHP104687,Hamburg,Tokyo,DHL,Rail,2024-09-04,2024-09-12,8,10,Delayed,2254.06,4,0,Rain,2.45,3,5,Port Strike,9.45,0.899,0.215,0.18,0.9139,1,25.2
SHP104688,Los Angeles,New York,UPS,Road,2023-05-05,2023-05-13,8,7,In Transit,912.53,5,0,Blizzard,8.91,6,5,None,0.0,0.913,0.344,0.19,0.8002,1,31.9
SHP104689,Mumbai,Chicago,XPO Logistics,Air,2023-07-28,2023-08-02,5,4,Out for Delivery,3280.84,2,0,Clear,0.0,3,6,Port Strike,8.84,0.837,0.237,0.19,0.9126,1,53.0
SHP104690,Mumbai,Tokyo,XPO Logistics,Sea,2024-07-22,2024-08-13,22,15,Out for Delivery,2851.2,3,0,Heavy Rain,4.91,6,3,Equipment Failure,6.19,0.828,0.035,0.21,0.9199,1,73.6
SHP104691,Shanghai,Tokyo,Maersk,Road,2023-12-24,2024-01-01,8,3,At Port,1052.71,3,0,Blizzard,8.53,6,2,Equipment Failure,6.33,0.876,0.295,0.43,1.0,1,75.1
SHP104692,Mumbai,New York,DHL,Road,2024-01-13,2024-01-17,4,4,Delayed,699.48,2,0,Blizzard,8.76,8,3,Natural Disaster,10.0,0.876,0.366,0.13,1.0,1,60.4
SHP104693,Mumbai,Tokyo,FedEx,Sea,2024-09-10,2024-10-08,28,13,Customs Hold,3681.79,5,1,Storm,8.44,6,3,None,0.02,0.927,0.384,0.21,0.905,1,66.8
SHP104694,Hamburg,Chicago,UPS,Air,2023-12-18,2023-12-22,4,7,Out for Delivery,4626.35,2,1,Blizzard,8.51,4,4,Traffic Jam,3.9,0.925,0.24,0.29,1.0,1,77.7
SHP104695,Shanghai,Singapore,UPS,Road,2024-10-27,2024-11-06,10,10,Customs Hold,1407.31,4,0,Snow,6.08,7,3,Equipment Failure,5.85,0.896,0.355,0.39,1.0,1,47.4
SHP104696,Dubai,New York,DB Schenker,Rail,2024-01-11,2024-01-21,10,13,Out for Delivery,4834.17,3,1,Clear,0.0,4,4,Traffic Jam,4.31,0.864,0.153,0.1,0.6635,1,45.5
SHP104697,Mumbai,Tokyo,DB Schenker,Rail,2023-04-15,2023-04-22,7,11,In Transit,217.18,3,0,Fog,3.51,2,2,Equipment Failure,6.31,0.883,0.291,0.24,0.9856,1,90.3
SHP104698,Rotterdam,New York,DB Schenker,Rail,2023-04-22,2023-05-07,15,4,In Transit,1201.43,5,0,Snow,5.97,4,10,Natural Disaster,10.23,0.877,0.331,0.19,1.0,1,53.2
SHP104699,Hamburg,London,Maersk,Road,2023-09-15,2023-09-20,5,2,In Transit,212.47,1,0,Blizzard,9.18,8,4,Natural Disaster,10.32,0.848,0.166,0.1,1.0,1,14.5
SHP104700,Hamburg,London,XPO Logistics,Rail,2023-04-18,2023-04-30,12,7,In Transit,1945.83,3,1,Rain,2.24,2,2,Traffic Jam,4.18,0.822,0.254,0.1,0.6796,1,60.8
SHP104701,Los Angeles,New York,DB Schenker,Road,2024-03-05,2024-03-15,10,7,In Transit,4683.99,2,1,Storm,8.29,7,1,Natural Disaster,10.25,0.851,0.272,0.28,1.0,1,63.9
SHP104702,Hamburg,New York,FedEx,Rail,2023-09-15,2023-09-22,7,1,At Port,3426.53,4,1,Clear,0.5,3,1,Traffic Jam,4.33,0.893,0.089,0.26,0.6825,1,47.1
SHP104703,Rotterdam,Sydney,DB Schenker,Road,2024-10-11,2024-10-20,9,6,At Port,863.11,3,1,Blizzard,8.54,8,2,Equipment Failure,6.37,0.857,0.387,0.2,1.0,1,57.2
SHP104704,Rotterdam,Chicago,UPS,Rail,2024-07-06,2024-07-16,10,3,At Port,469.98,5,0,Snow,6.12,4,7,Port Strike,9.49,0.92,0.125,0.2,0.8389,1,51.8
SHP104705,Los Angeles,New York,FedEx,Air,2024-11-25,2024-11-28,3,6,Out for Delivery,787.7,1,0,Rain,2.49,4,6,Equipment Failure,5.99,0.959,0.205,0.39,1.0,1,92.0
SHP104706,Mumbai,Singapore,DB Schenker,Road,2024-07-28,2024-07-31,3,1,Customs Hold,1344.07,3,0,Rain,1.67,8,7,Equipment Failure,6.18,0.837,0.31,0.1,0.8357,1,64.7
SHP104707,Los Angeles,New York,Maersk,Rail,2023-04-13,2023-04-25,12,1,In Transit,4252.02,2,0,Rain,2.26,3,7,Equipment Failure,5.89,0.857,0.196,0.19,0.7137,1,56.7
SHP104708,Mumbai,Tokyo,DB Schenker,Sea,2023-06-22,2023-07-17,25,3,Out for Delivery,512.97,5,1,Storm,7.54,4,6,None,0.45,0.88,0.292,0.11,0.7149,1,28.4
SHP104709,Hamburg,Chicago,FedEx,Sea,2024-09-08,2024-10-09,31,6,Delayed,3453.36,5,0,Clear,0.0,6,6,Port Strike,9.2,0.898,0.2,0.38,0.9355,1,89.8
SHP104710,Rotterdam,Singapore,FedEx,Road,2023-02-18,2023-02-22,4,8,Out for Delivery,4118.53,3,1,Fog,3.75,9,6,Traffic Jam,3.52,0.938,0.348,0.2,1.0,1,25.2
SHP104711,Shanghai,New York,FedEx,Sea,2023-09-30,2023-10-27,27,14,Out for Delivery,3992.46,4,0,Clear,0.01,6,6,Equipment Failure,5.82,0.94,0.096,0.35,0.7665,1,20.4
SHP104712,Shanghai,New York,XPO Logistics,Rail,2024-02-07,2024-02-16,9,11,Out for Delivery,4402.2,4,0,Blizzard,9.14,2,5,Natural Disaster,10.25,0.845,0.339,0.35,1.0,1,60.4
SHP104713,Rotterdam,Chicago,UPS,Road,2024-04-12,2024-04-19,7,4,Delayed,3928.45,1,0,Rain,2.23,6,2,Equipment Failure,6.2,0.929,0.306,0.2,0.8876,1,44.6
SHP104714,Hamburg,Chicago,DHL,Road,2024-03-01,2024-03-07,6,10,Out for Delivery,20.26,2,0,Rain,2.41,8,5,Port Strike,9.32,0.916,0.393,0.43,1.0,1,86.7
SHP104715,Hamburg,Chicago,UPS,Road,2024-06-16,2024-06-20,4,7,Out for Delivery,229.55,5,0,Clear,0.17,7,1,Traffic Jam,4.29,0.932,0.02,0.14,0.6179,1,6.8
SHP104716,Dubai,London,Maersk,Rail,2024-07-17,2024-07-28,11,2,Customs Hold,2984.69,3,0,Snow,5.74,3,10,None,0.0,0.865,0.182,0.3,0.7104,1,20.0
SHP104717,Los Angeles,Tokyo,DB Schenker,Sea,2023-07-13,2023-08-07,25,17,Customs Hold,4545.54,4,0,Clear,0.0,3,3,Traffic Jam,3.72,0.875,0.16,0.25,0.7359,1,33.9
SHP104718,Shanghai,Chicago,DB Schenker,Air,2024-07-27,2024-07-31,4,7,Customs Hold,1353.33,3,0,Rain,2.0,3,9,Traffic Jam,4.44,0.884,0.375,0.15,0.8275,1,7.4
SHP104719,Hamburg,Sydney,FedEx,Air,2024-08-06,2024-08-10,4,8,Customs Hold,4243.35,5,0,Blizzard,8.71,3,6,Natural Disaster,9.76,0.933,0.304,0.17,1.0,1,79.5
SHP104720,Mumbai,Tokyo,Maersk,Sea,2023-05-02,2023-06-01,30,20,Delayed,279.07,3,0,Clear,0.0,4,8,Equipment Failure,6.31,0.836,0.083,0.24,0.7383,1,53.6
SHP104721,Rotterdam,Singapore,UPS,Road,2023-03-16,2023-03-26,10,0,Delayed,896.88,1,0,Heavy Rain,5.19,9,5,Natural Disaster,9.7,0.92,0.058,0.45,1.0,1,12.0
SHP104722,Dubai,London,DHL,Sea,2023-05-06,2023-06-10,35,13,At Port,2517.87,2,0,Fog,4.0,5,8,Traffic Jam,4.24,0.905,0.146,0.13,0.6787,1,19.8
SHP104723,Rotterdam,Tokyo,DHL,Road,2024-05-23,2024-05-27,4,5,At Port,1502.17,5,0,Snow,6.3,6,1,None,0.36,0.937,0.075,0.41,0.8679,1,58.3
SHP104724,Dubai,Tokyo,DHL,Air,2024-04-07,2024-04-11,4,7,Out for Delivery,923.65,1,0,Clear,0.0,2,8,Natural Disaster,9.63,0.891,0.051,0.17,0.8042,1,10.9
SHP104725,Shanghai,Chicago,FedEx,Sea,2023-09-13,2023-10-16,33,0,Delayed,1884.24,4,0,Clear,0.0,3,6,None,0.0,0.923,0.119,0.2,0.3887,0,0.0
SHP104726,Hamburg,Singapore,XPO Logistics,Sea,2024-02-02,2024-02-22,20,3,Customs Hold,4984.89,3,0,Blizzard,9.25,3,6,Port Strike,9.5,0.832,0.043,0.31,1.0,1,77.2
SHP104727,Rotterdam,Singapore,Maersk,Road,2024-01-19,2024-01-29,10,3,Delayed,2343.59,2,0,Snow,6.23,6,3,None,0.0,0.852,0.242,0.33,0.8944,1,35.3
SHP104728,Los Angeles,Sydney,XPO Logistics,Rail,2023-12-05,2023-12-18,13,5,At Port,4900.81,3,0,Storm,7.92,3,2,Port Strike,8.69,0.823,0.194,0.18,1.0,1,9.0
SHP104729,Rotterdam,London,DHL,Road,2023-12-14,2023-12-24,10,8,Out for Delivery,1926.38,1,1,Clear,0.1,7,7,Port Strike,9.04,0.888,0.379,0.45,1.0,1,74.5
SHP104730,Dubai,Singapore,DHL,Road,2023-08-17,2023-08-25,8,5,Out for Delivery,572.47,4,0,Heavy Rain,4.68,6,10,Port Strike,9.06,0.862,0.323,0.15,1.0,1,52.9
SHP104731,Shanghai,London,FedEx,Rail,2023-02-24,2023-03-08,12,9,Delayed,737.08,3,0,Clear,0.0,3,6,Port Strike,8.61,0.936,0.134,0.21,0.7045,1,64.9
SHP104732,Los Angeles,New York,XPO Logistics,Road,2024-10-05,2024-10-15,10,5,In Transit,1595.08,1,0,Clear,0.36,9,2,None,0.0,0.842,0.296,0.29,0.8181,1,77.1
SHP104733,Los Angeles,Sydney,DB Schenker,Road,2024-05-27,2024-06-04,8,8,Customs Hold,3210.35,4,1,Fog,4.42,6,8,Port Strike,8.81,0.828,0.353,0.18,1.0,1,88.5
SHP104734,Rotterdam,New York,DB Schenker,Air,2023-04-29,2023-05-04,5,10,In Transit,4753.53,1,0,Fog,4.01,2,10,None,0.0,0.871,0.277,0.32,0.9626,1,7.3
SHP104735,Hamburg,Singapore,XPO Logistics,Rail,2023-09-03,2023-09-17,14,6,At Port,2971.88,5,0,Heavy Rain,5.07,4,4,None,0.0,0.829,0.27,0.19,0.7898,1,66.5
SHP104736,Dubai,Singapore,DB Schenker,Rail,2024-07-13,2024-07-25,12,13,At Port,1820.61,3,0,Clear,0.0,2,5,Traffic Jam,4.12,0.859,0.175,0.15,0.6902,1,48.8
SHP104737,Mumbai,Singapore,Maersk,Air,2023-01-09,2023-01-11,2,1,In Transit,1004.87,2,1,Storm,7.73,3,2,Natural Disaster,9.88,0.818,0.233,0.34,1.0,1,94.3
SHP104738,Rotterdam,Sydney,DHL,Rail,2024-04-20,2024-04-28,8,10,Delayed,1399.14,2,0,Blizzard,9.46,4,4,Equipment Failure,5.57,0.899,0.396,0.23,1.0,1,41.9
SHP104739,Mumbai,New York,XPO Logistics,Air,2024-02-28,2024-03-03,4,1,Out for Delivery,918.69,5,0,Snow,5.88,3,2,Traffic Jam,4.09,0.866,0.084,0.18,0.6317,1,16.4
SHP104740,Rotterdam,New York,DB Schenker,Air,2023-09-20,2023-09-25,5,9,Delayed,3334.89,1,0,Storm,7.85,1,10,Natural Disaster,10.01,0.899,0.363,0.13,1.0,1,72.1
SHP104741,Shanghai,Sydney,DHL,Rail,2023-03-22,2023-04-03,12,9,Delayed,2561.46,3,1,Heavy Rain,4.84,4,3,Equipment Failure,6.38,0.883,0.256,0.45,1.0,1,67.2
SHP104742,Hamburg,Singapore,FedEx,Road,2023-04-10,2023-04-15,5,5,At Port,4488.61,3,0,Storm,8.41,6,10,Natural Disaster,10.01,0.921,0.299,0.28,1.0,1,51.7
SHP104743,Shanghai,Chicago,DHL,Air,2024-07-19,2024-07-24,5,1,Customs Hold,2209.92,4,0,Snow,6.07,2,2,Traffic Jam,4.44,0.9,0.182,0.17,0.7134,1,5.6
SHP104744,Mumbai,Singapore,XPO Logistics,Air,2024-03-29,2024-04-02,4,1,In Transit,2036.46,1,0,Snow,5.7,2,9,Natural Disaster,10.07,0.806,0.335,0.33,1.0,1,77.6
SHP104745,Hamburg,New York,DB Schenker,Air,2024-09-07,2024-09-10,3,3,In Transit,554.56,1,1,Storm,7.52,4,8,Natural Disaster,10.07,0.892,0.14,0.27,1.0,1,45.1
SHP104746,Dubai,London,FedEx,Rail,2024-06-19,2024-06-26,7,1,Delayed,1270.23,1,0,Clear,0.0,2,9,Port Strike,9.33,0.883,0.069,0.43,0.8417,1,12.1
SHP104747,Los Angeles,Chicago,Maersk,Sea,2024-08-15,2024-09-19,35,2,Out for Delivery,3851.55,5,0,Heavy Rain,4.76,3,10,Traffic Jam,3.75,0.871,0.212,0.41,0.9202,1,16.9
SHP104748,Los Angeles,New York,DHL,Rail,2023-02-26,2023-03-13,15,1,Out for Delivery,4134.12,5,0,Heavy Rain,4.81,2,8,Traffic Jam,3.55,0.905,0.095,0.19,0.6132,1,29.9
SHP104749,Mumbai,Tokyo,Maersk,Sea,2023-05-20,2023-06-16,27,29,Delayed,425.48,1,0,Storm,7.54,5,4,Port Strike,8.56,0.836,0.362,0.31,1.0,1,18.1
SHP104750,Hamburg,London,FedEx,Rail,2024-02-12,2024-02-24,12,2,Customs Hold,2748.16,1,0,Fog,3.56,5,4,Port Strike,9.3,0.908,0.201,0.1,0.8303,1,55.2
SHP104751,Dubai,London,DB Schenker,Air,2023-01-29,2023-02-01,3,4,Customs Hold,4737.82,3,1,Fog,3.59,1,8,Traffic Jam,4.24,0.886,0.327,0.42,1.0,1,47.5
SHP104752,Mumbai,Singapore,Maersk,Road,2024-10-27,2024-10-30,3,1,Out for Delivery,4342.34,3,0,Storm,8.42,8,2,Port Strike,8.87,0.857,0.238,0.29,1.0,1,19.6
SHP104753,Hamburg,Sydney,Maersk,Air,2023-10-04,2023-10-09,5,4,Customs Hold,2641.24,2,1,Heavy Rain,4.76,3,8,Equipment Failure,5.68,0.821,0.171,0.27,0.9663,1,69.4
SHP104754,Hamburg,New York,FedEx,Air,2024-03-19,2024-03-24,5,9,In Transit,2014.87,1,0,Heavy Rain,4.68,3,2,Traffic Jam,4.31,0.896,0.282,0.21,0.9541,1,78.0
SHP104755,Mumbai,Singapore,DB Schenker,Air,2024-05-01,2024-05-04,3,7,Out for Delivery,3013.19,2,0,Clear,0.0,4,8,Traffic Jam,3.83,0.858,0.199,0.32,1.0,1,18.3
SHP104756,Mumbai,Sydney,FedEx,Air,2024-07-03,2024-07-06,3,3,At Port,4278.21,2,1,Fog,4.2,2,10,Traffic Jam,3.62,0.913,0.154,0.3,0.774,1,68.7
SHP104757,Dubai,New York,UPS,Rail,2023-11-09,2023-11-22,13,11,At Port,4106.52,4,1,Rain,2.47,4,2,Traffic Jam,4.35,0.901,0.112,0.16,0.5906,1,48.7
SHP104758,Dubai,New York,UPS,Air,2024-03-20,2024-03-25,5,3,At Port,3778.62,2,0,Heavy Rain,5.15,3,10,Traffic Jam,3.61,0.932,0.153,0.16,0.6455,1,49.9
SHP104759,Los Angeles,Sydney,Maersk,Air,2024-05-24,2024-05-29,5,10,Customs Hold,4954.27,1,1,Storm,7.98,1,10,Port Strike,9.01,0.872,0.112,0.4,1.0,1,69.3
SHP104760,Dubai,Sydney,Maersk,Sea,2023-06-20,2023-07-25,35,24,Delayed,4478.26,3,0,Clear,0.0,3,1,Natural Disaster,9.82,0.851,0.365,0.19,0.9387,1,77.1
SHP104761,Rotterdam,London,DHL,Sea,2024-01-11,2024-02-14,34,22,In Transit,2568.32,1,0,Heavy Rain,4.77,6,10,None,0.17,0.9,0.347,0.41,1.0,1,83.9
SHP104762,Los Angeles,New York,Maersk,Road,2024-01-11,2024-01-19,8,4,In Transit,3839.1,3,0,Heavy Rain,4.64,7,8,Natural Disaster,10.07,0.86,0.042,0.33,1.0,1,42.6
SHP104763,Mumbai,Tokyo,XPO Logistics,Rail,2023-06-20,2023-06-27,7,2,Delayed,1695.79,5,0,Clear,0.0,4,4,Port Strike,8.63,0.84,0.115,0.32,0.8227,1,73.2
SHP104764,Shanghai,New York,DB Schenker,Air,2024-05-01,2024-05-03,2,6,Customs Hold,609.28,5,0,Rain,1.93,3,8,Port Strike,8.71,0.868,0.259,0.35,1.0,1,90.3
SHP104765,Dubai,Tokyo,UPS,Road,2023-02-12,2023-02-21,9,2,Out for Delivery,1303.01,1,0,Fog,3.6,9,6,Equipment Failure,6.07,0.93,0.093,0.38,0.8921,1,36.4
SHP104766,Mumbai,Sydney,Maersk,Sea,2024-04-28,2024-05-29,31,3,At Port,3833.6,5,1,Fog,3.62,4,2,Traffic Jam,3.57,0.845,0.302,0.3,0.8981,1,63.0
SHP104767,Hamburg,Chicago,XPO Logistics,Sea,2023-06-06,2023-06-25,19,7,At Port,3953.89,5,1,Snow,6.14,3,3,Traffic Jam,4.31,0.801,0.21,0.11,0.78,1,47.2
SHP104768,Rotterdam,Tokyo,FedEx,Rail,2024-10-25,2024-11-02,8,7,In Transit,3684.13,4,1,Clear,0.0,5,3,Port Strike,9.21,0.923,0.27,0.41,1.0,1,47.6
SHP104769,Dubai,Chicago,FedEx,Air,2023-10-26,2023-10-28,2,5,At Port,1802.97,4,0,Snow,5.72,2,10,Port Strike,8.59,0.93,0.268,0.4,1.0,1,33.1
SHP104770,Mumbai,Singapore,Maersk,Road,2024-01-09,2024-01-18,9,10,Delayed,874.71,1,0,Fog,3.78,6,9,Equipment Failure,6.21,0.824,0.115,0.21,0.9776,1,82.3
SHP104771,Shanghai,Sydney,UPS,Air,2023-05-18,2023-05-20,2,7,At Port,4661.2,5,0,Heavy Rain,5.47,3,2,Port Strike,8.55,0.909,0.227,0.11,1.0,1,84.2
SHP104772,Hamburg,Tokyo,UPS,Air,2024-05-10,2024-05-12,2,6,Out for Delivery,4356.63,5,0,Storm,7.81,2,9,Natural Disaster,10.31,0.919,0.155,0.27,1.0,1,75.6
SHP104773,Hamburg,London,UPS,Rail,2024-08-11,2024-08-25,14,11,Out for Delivery,4120.44,3,0,Snow,5.76,3,1,Traffic Jam,3.69,0.894,0.164,0.1,0.7492,1,19.9
SHP104774,Los Angeles,London,DB Schenker,Sea,2024-02-19,2024-03-11,21,15,Customs Hold,2333.68,1,1,Clear,0.0,4,5,Traffic Jam,3.64,0.898,0.341,0.41,0.9795,1,81.0
SHP104775,Dubai,Tokyo,DB Schenker,Air,2023-12-03,2023-12-08,5,0,Customs Hold,1763.58,3,1,Fog,4.26,3,4,Equipment Failure,5.71,0.883,0.096,0.13,0.6294,1,24.3
SHP104776,Shanghai,Tokyo,XPO Logistics,Sea,2023-09-05,2023-09-30,25,16,In Transit,4893.27,3,1,Blizzard,8.51,4,9,Port Strike,9.25,0.844,0.188,0.35,1.0,1,83.3
SHP104777,Mumbai,Chicago,UPS,Air,2024-04-19,2024-04-24,5,10,Out for Delivery,3010.78,4,0,Fog,3.61,1,2,Natural Disaster,10.1,0.93,0.382,0.16,1.0,1,80.3
SHP104778,Los Angeles,Singapore,UPS,Air,2023-10-17,2023-10-20,3,0,Customs Hold,1875.68,5,0,Snow,6.03,4,3,Traffic Jam,3.84,0.901,0.173,0.26,0.7153,1,57.0
SHP104779,Mumbai,London,FedEx,Road,2023-06-01,2023-06-09,8,0,In Transit,1216.81,2,1,Fog,4.23,7,4,Traffic Jam,3.51,0.924,0.034,0.21,0.5701,1,47.4
SHP104780,Shanghai,New York,Maersk,Air,2023-04-29,2023-05-03,4,2,In Transit,1771.89,5,0,Blizzard,9.19,4,2,Port Strike,8.96,0.861,0.276,0.35,1.0,1,61.8
SHP104781,Los Angeles,Tokyo,Maersk,Road,2024-05-13,2024-05-23,10,0,Delayed,2567.05,2,0,Fog,4.02,9,5,Traffic Jam,4.17,0.872,0.047,0.25,0.7445,1,13.2
SHP104782,Hamburg,Singapore,Maersk,Road,2023-06-04,2023-06-10,6,8,Delayed,2183.55,4,1,Snow,6.11,6,3,Natural Disaster,10.42,0.848,0.223,0.13,1.0,1,93.0
SHP104783,Hamburg,London,UPS,Rail,2024-11-04,2024-11-15,11,14,In Transit,3335.53,1,0,Blizzard,8.8,3,7,None,0.32,0.913,0.109,0.1,0.6642,1,33.6
SHP104784,Rotterdam,Tokyo,DHL,Sea,2023-07-19,2023-08-08,20,7,At Port,2352.7,2,1,Fog,3.81,5,10,Equipment Failure,5.83,0.894,0.275,0.18,0.8736,1,68.5
SHP104785,Hamburg,London,FedEx,Air,2024-11-10,2024-11-13,3,3,At Port,3854.16,2,0,Heavy Rain,5.18,3,9,None,0.0,0.918,0.203,0.1,0.6578,1,33.9
SHP104786,Los Angeles,Tokyo,XPO Logistics,Rail,2023-01-01,2023-01-11,10,1,In Transit,3996.26,3,0,Fog,3.65,2,10,Traffic Jam,4.11,0.851,0.316,0.25,0.7296,1,61.1
SHP104787,Mumbai,Tokyo,UPS,Air,2024-07-07,2024-07-11,4,3,Out for Delivery,3222.63,4,0,Storm,7.75,1,10,Natural Disaster,9.69,0.929,0.151,0.15,0.8457,1,78.3
SHP104788,Shanghai,Tokyo,Maersk,Rail,2023-09-19,2023-10-03,14,11,At Port,2461.22,3,0,Storm,7.7,2,7,Port Strike,9.17,0.853,0.353,0.17,1.0,1,62.7
SHP104789,Dubai,Tokyo,DHL,Road,2024-10-03,2024-10-06,3,5,Delayed,2310.54,1,1,Heavy Rain,5.02,9,8,Natural Disaster,10.03,0.873,0.024,0.2,1.0,1,77.3
SHP104790,Rotterdam,Tokyo,DHL,Sea,2024-03-12,2024-04-06,25,21,Customs Hold,4353.39,3,0,Rain,1.9,4,7,Equipment Failure,6.02,0.888,0.298,0.29,0.9208,1,25.0
SHP104791,Shanghai,Sydney,XPO Logistics,Air,2024-08-01,2024-08-04,3,3,Out for Delivery,3960.86,1,0,Fog,4.16,4,1,Natural Disaster,9.9,0.833,0.241,0.2,1.0,1,51.0
SHP104792,Los Angeles,Chicago,DB Schenker,Air,2024-08-18,2024-08-23,5,10,In Transit,2427.16,2,1,Rain,1.69,1,3,Natural Disaster,9.9,0.883,0.327,0.25,1.0,1,29.6
SHP104793,Mumbai,Singapore,FedEx,Rail,2024-10-15,2024-10-30,15,9,Customs Hold,4300.75,3,0,Blizzard,9.29,3,8,Port Strike,9.49,0.932,0.149,0.17,0.9769,1,26.5
SHP104794,Shanghai,Tokyo,XPO Logistics,Sea,2023-09-20,2023-10-11,21,14,Delayed,424.82,3,0,Fog,3.54,6,4,Traffic Jam,4.07,0.846,0.139,0.22,0.8679,1,20.3
SHP104795,Dubai,Chicago,FedEx,Road,2023-06-26,2023-07-03,7,7,In Transit,3228.96,2,0,Rain,2.01,8,10,Natural Disaster,10.35,0.939,0.127,0.32,1.0,1,55.1
SHP104796,Hamburg,Sydney,DB Schenker,Sea,2023-11-19,2023-12-23,34,16,Customs Hold,3477.86,1,1,Snow,5.79,3,8,Natural Disaster,9.97,0.83,0.171,0.13,0.9494,1,68.0
SHP104797,Hamburg,Singapore,FedEx,Air,2024-08-10,2024-08-14,4,4,Customs Hold,2230.13,4,1,Storm,8.2,3,7,Traffic Jam,4.12,0.925,0.161,0.21,0.9001,1,14.4
SHP104798,Mumbai,New York,UPS,Air,2024-11-06,2024-11-10,4,2,Customs Hold,4978.35,1,0,Blizzard,9.41,4,9,None,0.25,0.909,0.164,0.32,0.9027,1,68.2
SHP104799,Rotterdam,London,XPO Logistics,Air,2023-01-19,2023-01-24,5,0,Delayed,758.63,5,0,Fog,4.4,3,1,Equipment Failure,5.92,0.83,0.32,0.27,1.0,1,53.0
SHP104800,Shanghai,New York,DHL,Rail,2024-02-27,2024-03-08,10,4,At Port,1485.16,1,1,Rain,1.68,4,3,Natural Disaster,9.57,0.93,0.28,0.35,0.969,1,62.4
SHP104801,Hamburg,Singapore,DHL,Road,2024-02-11,2024-02-18,7,6,Customs Hold,4857.26,4,0,Fog,3.95,9,6,Port Strike,8.76,0.895,0.071,0.12,0.8231,1,6.6
SHP104802,Mumbai,New York,Maersk,Rail,2023-07-27,2023-08-08,12,9,At Port,369.0,2,0,Storm,7.98,3,9,None,0.31,0.889,0.079,0.38,0.8513,1,12.6
SHP104803,Los Angeles,London,DB Schenker,Rail,2023-08-20,2023-08-29,9,12,At Port,262.53,5,0,Rain,1.66,2,4,Natural Disaster,10.11,0.861,0.203,0.2,0.8766,1,37.2
SHP104804,Rotterdam,Tokyo,XPO Logistics,Rail,2023-10-14,2023-10-23,9,2,Out for Delivery,2215.26,5,0,Snow,5.76,2,1,Equipment Failure,5.61,0.787,0.348,0.45,1.0,1,66.7
SHP104805,Hamburg,Sydney,XPO Logistics,Air,2024-05-04,2024-05-07,3,1,Delayed,2935.07,3,1,Clear,0.0,4,9,Equipment Failure,5.92,0.823,0.045,0.28,0.779,1,54.8
SHP104806,Rotterdam,London,FedEx,Road,2023-11-14,2023-11-24,10,8,In Transit,1727.03,3,1,Rain,2.38,8,5,Natural Disaster,10.25,0.88,0.394,0.44,1.0,1,42.1
SHP104807,Mumbai,London,DB Schenker,Road,2024-05-08,2024-05-14,6,2,In Transit,2469.59,5,0,Blizzard,8.55,9,8,Equipment Failure,6.1,0.848,0.151,0.44,1.0,1,88.8
SHP104808,Rotterdam,New York,FedEx,Air,2023-04-18,2023-04-22,4,7,In Transit,1773.24,5,1,Storm,8.25,3,6,Equipment Failure,5.74,0.931,0.058,0.37,0.9734,1,73.2
SHP104809,Mumbai,London,FedEx,Air,2024-03-14,2024-03-17,3,0,In Transit,3070.08,3,0,Clear,0.36,1,9,Equipment Failure,6.17,0.946,0.394,0.38,0.7932,1,7.6
SHP104810,Los Angeles,London,FedEx,Road,2024-09-11,2024-09-18,7,7,In Transit,3394.11,3,0,Storm,8.39,7,8,Equipment Failure,5.91,0.91,0.373,0.12,1.0,1,19.4
SHP104811,Rotterdam,London,XPO Logistics,Sea,2023-12-27,2024-01-27,31,4,In Transit,3404.36,5,0,Clear,0.0,6,5,Traffic Jam,3.8,0.853,0.338,0.34,0.9396,1,17.0
SHP104812,Mumbai,Chicago,UPS,Sea,2024-08-13,2024-09-12,30,29,In Transit,841.39,1,1,Rain,1.5,6,3,None,0.33,0.904,0.33,0.37,0.8833,1,52.6
SHP104813,Dubai,Tokyo,DB Schenker,Air,2024-06-13,2024-06-18,5,9,Out for Delivery,4198.75,3,0,Blizzard,9.36,4,1,Equipment Failure,5.56,0.871,0.299,0.21,1.0,1,47.0
SHP104814,Dubai,Sydney,XPO Logistics,Rail,2023-06-08,2023-06-15,7,5,Delayed,3833.83,4,0,Clear,0.0,2,9,Traffic Jam,4.31,0.828,0.266,0.11,0.6884,1,17.2
SHP104815,Los Angeles,Singapore,UPS,Road,2023-09-22,2023-10-01,9,14,Delayed,2593.49,2,0,Rain,2.46,7,8,Traffic Jam,3.75,0.904,0.372,0.11,0.8179,1,30.0
SHP104816,Los Angeles,Singapore,DHL,Road,2023-02-03,2023-02-07,4,2,Delayed,3389.65,3,0,Snow,6.22,9,7,None,0.16,0.865,0.338,0.22,0.9269,1,40.0
SHP104817,Rotterdam,Chicago,UPS,Sea,2024-09-17,2024-10-16,29,7,Customs Hold,411.36,2,1,Snow,5.76,6,8,Port Strike,8.79,0.937,0.168,0.2,0.8711,1,48.0
SHP104818,Hamburg,London,UPS,Air,2024-07-20,2024-07-22,2,1,At Port,3911.16,5,0,Rain,2.07,4,9,None,0.36,0.887,0.072,0.1,0.5018,1,4.8
SHP104819,Dubai,New York,Maersk,Sea,2024-09-20,2024-10-09,19,20,At Port,2278.21,3,0,Rain,2.26,4,2,Equipment Failure,6.41,0.814,0.113,0.17,0.8596,1,32.0
SHP104820,Shanghai,New York,DHL,Road,2024-01-25,2024-02-04,10,6,Customs Hold,3753.41,2,1,Storm,8.4,9,7,None,0.42,0.897,0.068,0.35,0.913,1,66.4
SHP104821,Dubai,Singapore,UPS,Sea,2023-12-29,2024-01-22,24,2,Delayed,971.74,4,1,Storm,7.5,6,1,Natural Disaster,9.65,0.915,0.322,0.15,1.0,1,21.6
SHP104822,Dubai,Tokyo,DHL,Air,2023-12-13,2023-12-15,2,4,Customs Hold,4725.07,5,0,Clear,0.0,3,7,Equipment Failure,5.87,0.901,0.125,0.18,0.7754,1,28.2
SHP104823,Rotterdam,London,Maersk,Sea,2024-07-19,2024-08-19,31,18,Delayed,1860.03,5,0,Storm,7.61,3,6,Equipment Failure,5.67,0.81,0.074,0.2,0.9001,1,38.8
SHP104824,Los Angeles,Tokyo,DHL,Road,2024-01-20,2024-01-30,10,9,At Port,588.47,4,1,Rain,2.37,6,10,Equipment Failure,5.99,0.909,0.309,0.25,0.9777,1,65.7
SHP104825,Shanghai,Singapore,XPO Logistics,Road,2023-09-06,2023-09-12,6,3,Customs Hold,1798.2,1,1,Rain,2.01,8,1,Equipment Failure,5.8,0.804,0.179,0.17,0.8706,1,50.7
SHP104826,Shanghai,Chicago,XPO Logistics,Air,2024-02-23,2024-02-25,2,3,Out for Delivery,547.44,4,0,Snow,5.97,4,4,Equipment Failure,6.05,0.826,0.058,0.28,0.9458,1,15.4
SHP104827,Hamburg,Sydney,DB Schenker,Rail,2023-01-27,2023-02-04,8,11,At Port,1499.41,4,0,Rain,1.63,5,7,Equipment Failure,6.05,0.858,0.348,0.21,1.0,1,30.0
SHP104828,Hamburg,New York,DHL,Air,2024-11-26,2024-11-30,4,4,Delayed,1662.3,1,0,Clear,0.0,2,4,Traffic Jam,3.56,0.856,0.353,0.18,0.8535,1,9.2
SHP104829,Dubai,New York,FedEx,Air,2023-07-01,2023-07-05,4,9,Customs Hold,295.44,1,1,Heavy Rain,5.18,1,4,Port Strike,8.99,0.909,0.179,0.26,1.0,1,73.4
SHP104830,Shanghai,Singapore,UPS,Rail,2024-07-14,2024-07-26,12,9,At Port,3288.98,2,0,Rain,2.05,2,8,Equipment Failure,6.21,0.902,0.363,0.23,0.9263,1,63.0
SHP104831,Hamburg,New York,Maersk,Road,2024-07-31,2024-08-04,4,7,In Transit,2425.22,1,1,Storm,8.25,7,9,Natural Disaster,10.2,0.884,0.225,0.28,1.0,1,74.4
SHP104832,Dubai,New York,UPS,Road,2023-03-05,2023-03-11,6,11,Customs Hold,2292.45,1,0,Heavy Rain,4.85,6,1,Port Strike,9.03,0.944,0.258,0.29,1.0,1,50.8
SHP104833,Shanghai,Singapore,Maersk,Road,2024-08-11,2024-08-21,10,11,Out for Delivery,994.19,3,0,Clear,0.0,7,3,Traffic Jam,3.68,0.825,0.187,0.34,0.8786,1,27.8
SHP104834,Dubai,London,DHL,Sea,2023-02-22,2023-03-28,34,3,In Transit,2750.1,1,1,Storm,8.21,3,1,Equipment Failure,5.52,0.924,0.092,0.39,0.8725,1,77.5
SHP104835,Hamburg,New York,DHL,Road,2023-09-14,2023-09-18,4,8,In Transit,2848.85,3,0,Fog,4.12,7,7,Traffic Jam,4.19,0.879,0.192,0.27,1.0,1,10.2
SHP104836,Rotterdam,Singapore,DB Schenker,Sea,2024-01-29,2024-02-23,25,27,Delayed,882.3,3,0,Fog,4.19,5,1,Traffic Jam,4.12,0.868,0.032,0.25,0.8247,1,22.7
SHP104837,Los Angeles,Singapore,UPS,Sea,2023-08-20,2023-09-15,26,5,At Port,240.18,3,1,Fog,3.93,5,7,Natural Disaster,10.28,0.932,0.187,0.43,0.9925,1,49.9
SHP104838,Mumbai,Sydney,UPS,Rail,2023-06-26,2023-07-07,11,8,In Transit,4322.56,1,0,Snow,6.12,3,9,Traffic Jam,4.31,0.918,0.398,0.3,0.9714,1,40.7
SHP104839,Los Angeles,Chicago,UPS,Rail,2024-05-08,2024-05-15,7,9,Delayed,3835.0,4,0,Snow,5.99,2,2,Traffic Jam,3.84,0.871,0.121,0.37,0.8474,1,37.7
SHP104840,Dubai,Singapore,FedEx,Sea,2024-11-30,2024-12-30,30,3,Customs Hold,4031.7,4,0,Heavy Rain,5.17,5,5,Equipment Failure,6.0,0.913,0.32,0.15,0.8084,1,6.5
SHP104841,Mumbai,London,FedEx,Road,2024-06-23,2024-06-28,5,3,At Port,3609.64,4,1,Storm,8.44,6,7,Port Strike,9.44,0.959,0.29,0.24,0.9969,1,41.3
SHP104842,Rotterdam,London,DB Schenker,Sea,2023-11-19,2023-12-12,23,28,Out for Delivery,1321.93,2,0,Clear,0.0,4,10,Natural Disaster,9.53,0.894,0.342,0.29,1.0,1,71.3
SHP104843,Hamburg,Tokyo,UPS,Rail,2024-08-16,2024-08-24,8,13,Delayed,4594.17,4,0,Rain,2.47,3,9,Equipment Failure,5.76,0.959,0.329,0.35,0.9545,1,28.9
SHP104844,Rotterdam,Tokyo,XPO Logistics,Rail,2023-01-22,2023-01-30,8,13,Delayed,2030.26,3,1,Fog,4.13,3,10,Traffic Jam,3.83,0.835,0.381,0.38,1.0,1,71.9
SHP104845,Hamburg,London,Maersk,Air,2024-07-17,2024-07-22,5,5,At Port,3263.83,4,0,Snow,6.4,3,10,None,0.0,0.84,0.091,0.1,0.558,1,11.8
SHP104846,Mumbai,Chicago,DHL,Sea,2024-05-25,2024-06-16,22,15,Customs Hold,4476.03,3,1,Rain,1.68,6,8,None,0.0,0.864,0.327,0.25,0.7969,1,72.8
SHP104847,Shanghai,Sydney,UPS,Air,2023-11-30,2023-12-04,4,2,Delayed,332.5,5,0,Rain,1.78,1,6,Equipment Failure,6.18,0.919,0.275,0.26,0.7502,1,59.5
SHP104848,Mumbai,New York,DB Schenker,Road,2023-01-14,2023-01-23,9,1,Delayed,1774.62,4,1,Snow,6.25,9,3,Port Strike,8.63,0.865,0.165,0.37,1.0,1,16.0
SHP104849,Hamburg,Tokyo,FedEx,Sea,2023-03-06,2023-03-29,23,11,Customs Hold,1263.31,3,0,Rain,2.16,3,2,Port Strike,8.9,0.918,0.244,0.19,0.8187,1,21.0
SHP104850,Shanghai,Tokyo,XPO Logistics,Rail,2023-03-08,2023-03-17,9,14,At Port,4140.07,5,0,Blizzard,8.78,2,2,Traffic Jam,4.41,0.815,0.349,0.3,1.0,1,53.5
SHP104851,Hamburg,New York,FedEx,Road,2024-01-01,2024-01-06,5,2,Delayed,767.32,4,0,Heavy Rain,5.0,6,5,Traffic Jam,4.42,0.897,0.302,0.36,0.936,1,81.1
SHP104852,Los Angeles,Sydney,Maersk,Sea,2024-10-06,2024-10-26,20,18,In Transit,471.35,5,0,Snow,6.44,4,5,Port Strike,8.97,0.849,0.393,0.37,1.0,1,84.7
SHP104853,Hamburg,Tokyo,DHL,Air,2024-08-15,2024-08-20,5,9,Customs Hold,526.84,2,0,Rain,1.92,1,10,Equipment Failure,6.45,0.901,0.362,0.2,0.999,1,19.8
SHP104854,Rotterdam,Singapore,DB Schenker,Sea,2024-02-09,2024-03-01,21,7,At Port,3744.73,3,0,Storm,8.23,5,5,None,0.3,0.833,0.292,0.2,0.8758,1,27.9
SHP104855,Rotterdam,New York,DB Schenker,Road,2023-09-11,2023-09-20,9,13,Delayed,4704.64,5,1,Rain,1.68,7,8,Natural Disaster,9.65,0.886,0.045,0.24,0.9047,1,29.5
SHP104856,Dubai,London,UPS,Road,2023-06-04,2023-06-09,5,8,Delayed,3689.09,1,0,Snow,5.88,9,4,Natural Disaster,10.29,0.871,0.377,0.3,1.0,1,77.0
SHP104857,Mumbai,Chicago,DB Schenker,Road,2023-06-21,2023-06-28,7,3,At Port,4786.86,2,0,Rain,1.8,6,4,Port Strike,9.23,0.856,0.049,0.33,0.9534,1,77.7
SHP104858,Shanghai,London,FedEx,Sea,2023-11-05,2023-11-24,19,20,Out for Delivery,886.52,3,1,Clear,0.0,6,10,Port Strike,9.39,0.923,0.263,0.38,1.0,1,54.9
SHP104859,Shanghai,London,XPO Logistics,Sea,2023-01-20,2023-02-14,25,30,At Port,2070.75,1,0,Storm,8.35,4,3,None,0.48,0.828,0.05,0.33,0.8831,1,22.4
SHP104860,Rotterdam,Chicago,XPO Logistics,Road,2024-06-03,2024-06-13,10,15,Customs Hold,1100.18,4,0,Rain,2.49,6,3,None,0.05,0.85,0.17,0.2,0.79,1,52.7
SHP104861,Hamburg,New York,XPO Logistics,Air,2023-03-20,2023-03-23,3,5,Delayed,4480.68,5,0,Blizzard,9.37,2,8,Traffic Jam,3.77,0.835,0.254,0.13,0.9686,1,57.3
SHP104862,Hamburg,Sydney,DB Schenker,Sea,2023-10-23,2023-11-13,21,2,Out for Delivery,4576.43,4,1,Snow,6.33,4,7,Port Strike,9.16,0.861,0.076,0.11,0.7346,1,51.2
SHP104863,Shanghai,Sydney,XPO Logistics,Road,2024-11-21,2024-12-01,10,1,Out for Delivery,434.34,4,0,Rain,1.94,8,10,Equipment Failure,5.61,0.845,0.211,0.31,1.0,1,55.0
SHP104864,Hamburg,London,Maersk,Sea,2023-07-14,2023-08-02,19,11,In Transit,4300.21,5,0,Storm,7.69,5,4,Equipment Failure,5.97,0.871,0.08,0.1,0.7015,1,64.3
SHP104865,Shanghai,Chicago,FedEx,Air,2023-01-16,2023-01-18,2,0,In Transit,3182.6,3,1,Snow,5.85,2,1,Natural Disaster,9.95,0.942,0.109,0.13,0.6754,1,27.3
SHP104866,Rotterdam,Tokyo,FedEx,Air,2024-01-01,2024-01-03,2,0,In Transit,2271.68,2,0,Storm,7.73,4,10,Port Strike,9.45,0.925,0.134,0.41,0.9803,1,10.0
SHP104867,Mumbai,London,Maersk,Rail,2024-06-03,2024-06-16,13,11,In Transit,1981.06,1,1,Storm,7.52,3,3,None,0.29,0.869,0.231,0.25,0.909,1,74.4
SHP104868,Mumbai,Singapore,DB Schenker,Rail,2024-02-15,2024-02-24,9,4,At Port,2356.84,4,0,Storm,7.69,4,1,Port Strike,8.7,0.891,0.198,0.33,1.0,1,77.0
SHP104869,Hamburg,London,DB Schenker,Sea,2024-10-26,2024-11-27,32,20,Customs Hold,3636.21,2,1,Storm,7.93,5,1,Traffic Jam,4.24,0.848,0.108,0.1,0.7996,1,55.9
SHP104870,Los Angeles,Singapore,UPS,Rail,2024-01-31,2024-02-09,9,10,Delayed,4844.56,1,0,Blizzard,9.04,2,3,Natural Disaster,9.7,0.908,0.254,0.3,1.0,1,86.6
SHP104871,Mumbai,Sydney,DB Schenker,Sea,2024-01-03,2024-02-02,30,33,Customs Hold,1579.59,1,0,Blizzard,9.36,3,9,Natural Disaster,10.12,0.874,0.209,0.3,1.0,1,80.4
SHP104872,Dubai,Singapore,DHL,Road,2024-02-23,2024-03-02,8,0,Out for Delivery,1390.58,5,0,Rain,1.51,8,8,Traffic Jam,3.52,0.871,0.136,0.15,0.7149,1,45.0
SHP104873,Shanghai,Sydney,DHL,Rail,2024-08-26,2024-09-09,14,17,In Transit,1544.33,3,1,Storm,8.13,4,5,Port Strike,9.12,0.906,0.288,0.31,1.0,1,49.0
SHP104874,Los Angeles,London,DHL,Road,2023-10-23,2023-10-29,6,11,Out for Delivery,4498.77,4,0,Heavy Rain,5.07,8,4,Equipment Failure,6.17,0.907,0.384,0.15,1.0,1,60.9
SHP104875,Hamburg,Chicago,DB Schenker,Rail,2023-02-03,2023-02-17,14,17,In Transit,4104.94,3,1,Rain,2.33,4,9,Traffic Jam,3.87,0.887,0.196,0.16,0.7918,1,67.6
SHP104876,Shanghai,London,DB Schenker,Sea,2023-09-05,2023-10-06,31,35,Out for Delivery,3580.31,4,1,Fog,3.87,4,3,Equipment Failure,5.55,0.88,0.26,0.3,0.9122,1,6.3
SHP104877,Mumbai,Sydney,DHL,Air,2023-07-17,2023-07-19,2,5,Out for Delivery,452.09,1,0,Heavy Rain,5.46,4,4,Natural Disaster,10.08,0.88,0.205,0.3,1.0,1,28.5
SHP104878,Shanghai,Chicago,XPO Logistics,Air,2024-08-19,2024-08-21,2,5,Customs Hold,2301.63,1,0,Clear,0.0,2,8,None,0.0,0.856,0.265,0.36,0.9019,1,9.5
SHP104879,Hamburg,Chicago,Maersk,Sea,2023-05-11,2023-06-15,35,3,Delayed,4654.07,2,0,Snow,5.72,3,6,Natural Disaster,9.76,0.843,0.194,0.32,1.0,1,79.7
SHP104880,Shanghai,Singapore,DB Schenker,Sea,2024-08-01,2024-08-22,21,11,Out for Delivery,448.8,3,1,Clear,0.0,5,9,Natural Disaster,10.39,0.874,0.113,0.27,0.9392,1,28.2
SHP104881,Shanghai,Chicago,UPS,Sea,2024-04-27,2024-06-01,35,33,At Port,3063.6,1,0,Blizzard,8.71,4,8,Natural Disaster,10.29,0.873,0.039,0.11,0.9709,1,91.3
SHP104882,Los Angeles,Sydney,FedEx,Road,2023-07-14,2023-07-19,5,0,In Transit,4931.65,3,0,Storm,8.24,7,1,Natural Disaster,9.88,0.926,0.158,0.26,0.9935,1,90.3
SHP104883,Dubai,Tokyo,UPS,Road,2023-04-03,2023-04-08,5,8,Customs Hold,1561.47,3,0,Storm,7.66,9,4,Port Strike,9.35,0.904,0.162,0.36,1.0,1,51.8
SHP104884,Los Angeles,Singapore,Maersk,Air,2024-10-31,2024-11-05,5,2,At Port,4044.07,2,1,Rain,2.32,1,2,None,0.0,0.873,0.048,0.23,0.4822,0,0.0
SHP104885,Shanghai,New York,Maersk,Air,2024-04-09,2024-04-11,2,1,At Port,3101.56,1,0,Blizzard,9.32,1,7,Traffic Jam,4.18,0.846,0.237,0.35,1.0,1,6.4
SHP104886,Dubai,Tokyo,FedEx,Air,2024-11-22,2024-11-26,4,6,In Transit,3344.85,3,0,Rain,2.28,4,8,Natural Disaster,9.96,0.943,0.297,0.36,1.0,1,32.7
SHP104887,Shanghai,New York,Maersk,Air,2024-08-13,2024-08-16,3,8,Delayed,164.16,2,1,Snow,6.41,3,9,Traffic Jam,4.49,0.863,0.286,0.35,1.0,1,91.2
SHP104888,Hamburg,Sydney,UPS,Air,2024-11-26,2024-11-30,4,4,Customs Hold,1604.12,4,0,Snow,6.19,3,6,Natural Disaster,10.32,0.883,0.271,0.22,1.0,1,31.5
SHP104889,Shanghai,Tokyo,DHL,Air,2024-10-19,2024-10-24,5,3,At Port,4011.93,1,0,Snow,6.29,1,10,Natural Disaster,9.84,0.899,0.177,0.14,0.8977,1,29.7
SHP104890,Los Angeles,Tokyo,Maersk,Air,2024-11-19,2024-11-24,5,2,Customs Hold,3819.46,5,0,Blizzard,8.74,1,7,Port Strike,8.53,0.859,0.368,0.25,1.0,1,42.8
SHP104891,Hamburg,London,DB Schenker,Sea,2024-02-10,2024-03-04,23,0,In Transit,2775.03,3,1,Storm,8.29,3,10,None,0.28,0.861,0.28,0.1,0.6947,1,4.9
SHP104892,Hamburg,Chicago,UPS,Sea,2024-10-18,2024-11-16,29,17,In Transit,1107.0,1,0,Rain,2.03,6,8,Port Strike,9.1,0.881,0.124,0.24,0.941,1,18.1
SHP104893,Rotterdam,London,XPO Logistics,Sea,2023-01-20,2023-02-10,21,2,At Port,3802.11,5,0,Rain,2.08,4,5,Traffic Jam,4.21,0.818,0.126,0.38,0.8777,1,25.5
SHP104894,Dubai,Chicago,Maersk,Rail,2023-09-13,2023-09-22,9,8,Delayed,2466.16,5,0,Storm,7.81,4,7,Natural Disaster,10.23,0.874,0.139,0.13,1.0,1,60.9
SHP104895,Dubai,New York,UPS,Air,2024-10-01,2024-10-05,4,7,Delayed,4477.44,4,0,Storm,7.67,2,9,Port Strike,9.33,0.888,0.254,0.24,1.0,1,6.6
SHP104896,Dubai,Singapore,DB Schenker,Road,2023-06-06,2023-06-10,4,9,In Transit,2561.8,3,0,Storm,7.7,7,3,Natural Disaster,9.69,0.89,0.241,0.15,1.0,1,22.6
SHP104897,Dubai,New York,FedEx,Rail,2023-10-18,2023-10-30,12,13,At Port,3250.2,1,0,Storm,7.75,3,10,None,0.0,0.901,0.251,0.29,0.7988,1,7.0
SHP104898,Hamburg,New York,UPS,Road,2023-03-09,2023-03-15,6,3,Customs Hold,2632.43,5,1,Heavy Rain,5.49,7,6,Natural Disaster,9.54,0.916,0.336,0.2,1.0,1,22.8
SHP104899,Los Angeles,Singapore,XPO Logistics,Road,2023-11-15,2023-11-25,10,4,Delayed,2327.08,4,0,Fog,3.58,6,7,Equipment Failure,6.21,0.851,0.269,0.36,0.9999,1,21.6
SHP104900,Mumbai,Sydney,UPS,Sea,2024-10-04,2024-11-04,31,29,Customs Hold,3046.67,2,0,Fog,3.94,5,7,Natural Disaster,10.39,0.853,0.212,0.3,1.0,1,52.4
SHP104901,Los Angeles,Singapore,DB Schenker,Sea,2023-05-27,2023-06-20,24,18,Delayed,1616.02,3,1,Blizzard,9.21,3,8,Equipment Failure,6.17,0.868,0.2,0.28,1.0,1,58.0
SHP104902,Dubai,London,XPO Logistics,Rail,2023-01-21,2023-01-31,10,5,At Port,1037.39,2,1,Rain,2.29,2,6,Port Strike,9.38,0.812,0.272,0.32,1.0,1,24.2
SHP104903,Rotterdam,Singapore,DB Schenker,Sea,2023-06-29,2023-07-30,31,11,In Transit,4353.7,5,0,Snow,6.13,5,1,Equipment Failure,6.21,0.846,0.243,0.33,1.0,1,62.9
SHP104904,Shanghai,London,Maersk,Air,2024-08-11,2024-08-16,5,1,Customs Hold,3255.09,4,1,Rain,1.96,1,1,Port Strike,8.62,0.857,0.219,0.29,0.8695,1,41.1
SHP104905,Rotterdam,Singapore,DB Schenker,Road,2024-11-02,2024-11-10,8,5,At Port,2467.28,3,0,Fog,4.12,8,7,Natural Disaster,9.53,0.839,0.386,0.21,1.0,1,63.0
SHP104906,Mumbai,Singapore,DB Schenker,Rail,2024-01-29,2024-02-13,15,20,At Port,3667.9,1,0,Snow,5.88,3,8,Port Strike,8.52,0.848,0.399,0.33,1.0,1,6.6
SHP104907,Mumbai,Sydney,Maersk,Road,2024-08-05,2024-08-13,8,3,Delayed,1642.6,3,0,Storm,7.71,8,3,None,0.0,0.883,0.174,0.3,0.8562,1,70.1
SHP104908,Rotterdam,Singapore,Maersk,Road,2024-05-25,2024-06-04,10,4,Customs Hold,456.5,5,0,Snow,5.86,8,8,Equipment Failure,5.58,0.857,0.302,0.39,1.0,1,17.0
SHP104909,Shanghai,London,UPS,Rail,2023-04-08,2023-04-19,11,5,Customs Hold,2565.39,2,0,Heavy Rain,5.26,2,4,Port Strike,9.04,0.894,0.021,0.27,0.7851,1,47.6
SHP104910,Shanghai,Sydney,Maersk,Road,2023-03-16,2023-03-20,4,2,Out for Delivery,1150.73,1,0,Snow,6.48,8,6,Equipment Failure,5.91,0.876,0.068,0.3,0.9784,1,22.2
SHP104911,Mumbai,Singapore,DB Schenker,Air,2023-08-28,2023-08-31,3,5,Customs Hold,4475.8,2,0,Storm,7.82,4,10,Traffic Jam,3.67,0.892,0.339,0.37,1.0,1,59.0
SHP104912,Mumbai,New York,UPS,Air,2024-03-12,2024-03-16,4,3,In Transit,23.8,2,0,Snow,6.18,2,7,None,0.0,0.926,0.221,0.11,0.5269,1,11.6
SHP104913,Shanghai,Singapore,FedEx,Rail,2023-10-03,2023-10-10,7,9,Delayed,1465.93,3,0,Snow,5.84,4,8,Port Strike,9.5,0.897,0.038,0.12,0.8597,1,5.7
SHP104914,Dubai,Tokyo,FedEx,Sea,2024-01-24,2024-02-25,32,28,In Transit,2700.92,4,0,Storm,7.89,3,7,Equipment Failure,5.53,0.892,0.044,0.12,0.7653,1,17.3
SHP104915,Los Angeles,Singapore,Maersk,Road,2024-06-20,2024-06-25,5,5,Out for Delivery,2361.08,2,1,Fog,4.21,7,7,None,0.02,0.852,0.358,0.41,1.0,1,40.2
SHP104916,Rotterdam,Sydney,DHL,Air,2023-09-20,2023-09-24,4,2,In Transit,2139.46,2,0,Rain,2.16,3,5,None,0.0,0.881,0.109,0.35,0.6251,1,44.5
SHP104917,Mumbai,Singapore,Maersk,Rail,2024-07-18,2024-07-31,13,9,Out for Delivery,2675.43,3,0,Storm,8.48,3,4,Natural Disaster,9.95,0.88,0.276,0.19,1.0,1,53.2
SHP104918,Rotterdam,New York,XPO Logistics,Sea,2023-03-03,2023-03-27,24,22,Out for Delivery,722.99,4,1,Snow,5.51,6,4,Traffic Jam,4.12,0.814,0.218,0.11,0.8916,1,43.8
SHP104919,Dubai,Tokyo,XPO Logistics,Road,2023-05-01,2023-05-06,5,8,Customs Hold,2350.0,5,0,Storm,7.83,9,4,Port Strike,8.59,0.812,0.097,0.36,1.0,1,39.6
SHP104920,Dubai,Chicago,FedEx,Rail,2024-05-02,2024-05-16,14,7,In Transit,4249.87,2,0,Storm,7.55,4,2,Equipment Failure,6.36,0.934,0.042,0.22,0.7067,1,54.7
SHP104921,Hamburg,New York,DB Schenker,Air,2023-12-04,2023-12-08,4,2,Customs Hold,1368.77,4,0,Fog,3.96,4,10,None,0.0,0.881,0.345,0.34,0.8994,1,63.0
SHP104922,Shanghai,New York,DB Schenker,Road,2024-05-06,2024-05-15,9,7,Customs Hold,3589.77,5,1,Snow,6.31,7,1,Equipment Failure,5.66,0.856,0.249,0.35,1.0,1,78.1
SHP104923,Shanghai,Chicago,FedEx,Sea,2024-01-12,2024-02-05,24,7,Delayed,1959.74,2,0,Rain,1.95,5,8,Natural Disaster,10.03,0.888,0.112,0.29,0.8414,1,80.2
SHP104924,Rotterdam,Sydney,DB Schenker,Air,2024-04-05,2024-04-07,2,5,Out for Delivery,628.44,5,0,Storm,7.6,2,9,Port Strike,9.28,0.89,0.372,0.11,1.0,1,46.8
SHP104925,Mumbai,Sydney,DB Schenker,Air,2024-05-24,2024-05-26,2,3,In Transit,1646.39,1,0,Storm,7.51,1,10,Port Strike,9.29,0.838,0.256,0.3,1.0,1,93.6
SHP104926,Hamburg,Singapore,Maersk,Rail,2024-05-17,2024-05-29,12,4,Out for Delivery,475.88,2,0,Rain,1.83,3,1,Natural Disaster,9.9,0.867,0.05,0.12,0.661,1,17.0
SHP104927,Los Angeles,Singapore,DB Schenker,Sea,2023-08-11,2023-09-01,21,4,Customs Hold,4978.62,4,0,Snow,5.72,5,4,Natural Disaster,9.98,0.885,0.143,0.16,0.8471,1,8.4
SHP104928,Rotterdam,London,UPS,Rail,2023-11-11,2023-11-19,8,4,Customs Hold,3601.3,2,0,Heavy Rain,5.01,5,4,Traffic Jam,4.41,0.9,0.151,0.22,0.7948,1,26.1
SHP104929,Dubai,New York,DHL,Road,2023-05-02,2023-05-12,10,12,Delayed,4621.29,3,0,Storm,7.67,8,7,Equipment Failure,6.34,0.91,0.34,0.3,1.0,1,90.2
SHP104930,Dubai,Chicago,XPO Logistics,Road,2024-07-28,2024-08-05,8,7,At Port,4011.16,3,0,Heavy Rain,4.68,8,5,None,0.47,0.831,0.359,0.17,0.9472,1,13.7
SHP104931,Mumbai,Tokyo,UPS,Rail,2023-06-29,2023-07-07,8,10,At Port,475.15,1,0,Clear,0.3,4,5,Natural Disaster,9.7,0.922,0.064,0.15,0.7635,1,38.5
SHP104932,Los Angeles,Chicago,Maersk,Sea,2024-11-28,2024-12-18,20,15,At Port,2878.29,5,0,Rain,2.01,5,10,Natural Disaster,9.74,0.838,0.073,0.15,0.9069,1,70.1
SHP104933,Mumbai,Tokyo,Maersk,Rail,2023-08-05,2023-08-12,7,1,Customs Hold,3259.38,4,0,Clear,0.0,4,7,Natural Disaster,9.54,0.896,0.137,0.37,0.815,1,75.8
SHP104934,Los Angeles,Sydney,DHL,Air,2024-09-07,2024-09-09,2,6,Customs Hold,2850.76,3,1,Heavy Rain,4.55,4,7,None,0.3,0.897,0.128,0.33,0.9466,1,40.1
SHP104935,Los Angeles,Sydney,Maersk,Sea,2024-04-08,2024-05-01,23,28,In Transit,2717.02,1,0,Blizzard,8.61,6,10,None,0.45,0.844,0.25,0.36,1.0,1,71.2
SHP104936,Los Angeles,London,FedEx,Sea,2023-06-25,2023-07-25,30,7,At Port,3290.7,2,0,Snow,5.5,4,10,Natural Disaster,9.57,0.917,0.387,0.34,1.0,1,61.1
SHP104937,Dubai,Tokyo,DHL,Sea,2024-02-25,2024-03-17,21,25,At Port,1935.95,5,0,Blizzard,8.55,6,9,Equipment Failure,5.88,0.868,0.351,0.43,1.0,1,94.5
SHP104938,Dubai,New York,FedEx,Rail,2024-09-20,2024-09-29,9,4,Customs Hold,1985.39,3,0,Storm,8.12,3,10,Equipment Failure,5.92,0.895,0.223,0.37,1.0,1,75.4
SHP104939,Hamburg,Chicago,DHL,Air,2023-03-10,2023-03-13,3,2,Out for Delivery,1463.57,3,0,Fog,3.65,1,10,Equipment Failure,6.31,0.888,0.052,0.44,0.8471,1,56.3
SHP104940,Rotterdam,Singapore,UPS,Rail,2023-05-29,2023-06-10,12,2,Customs Hold,3696.13,3,0,Clear,0.0,5,3,Natural Disaster,9.92,0.907,0.263,0.39,0.9433,1,19.1
SHP104941,Mumbai,Chicago,DB Schenker,Road,2023-08-14,2023-08-19,5,5,Out for Delivery,1809.98,1,0,Rain,2.33,8,2,Equipment Failure,6.03,0.871,0.397,0.12,0.9903,1,32.8
SHP104942,Shanghai,Tokyo,DHL,Road,2024-07-04,2024-07-13,9,10,Delayed,114.21,5,0,Fog,4.0,9,10,Equipment Failure,5.67,0.895,0.258,0.37,1.0,1,83.7
SHP104943,Rotterdam,New York,DHL,Rail,2023-06-07,2023-06-16,9,1,Customs Hold,1997.78,1,1,Fog,4.27,2,9,Port Strike,8.69,0.897,0.095,0.33,0.8915,1,23.4
SHP104944,Los Angeles,London,UPS,Air,2023-10-31,2023-11-04,4,1,At Port,3723.17,5,0,Blizzard,8.94,3,6,None,0.0,0.915,0.274,0.4,0.8259,1,14.7
SHP104945,Mumbai,Singapore,DB Schenker,Air,2023-10-10,2023-10-12,2,6,At Port,977.55,2,0,Heavy Rain,4.68,3,3,Equipment Failure,6.22,0.855,0.278,0.32,1.0,1,52.7
SHP104946,Mumbai,Sydney,XPO Logistics,Rail,2023-05-06,2023-05-18,12,17,Out for Delivery,3767.49,4,1,Heavy Rain,4.99,5,8,Port Strike,8.78,0.814,0.107,0.3,1.0,1,69.0
SHP104947,Hamburg,Chicago,DHL,Sea,2023-10-06,2023-11-05,30,25,Delayed,1314.49,3,0,Blizzard,8.95,3,10,Port Strike,9.43,0.898,0.069,0.31,0.9996,1,59.4
SHP104948,Rotterdam,Chicago,DHL,Rail,2023-12-13,2023-12-20,7,9,At Port,4929.67,3,0,Storm,7.53,5,5,Equipment Failure,6.42,0.91,0.135,0.2,1.0,1,84.7
SHP104949,Dubai,New York,FedEx,Road,2024-05-08,2024-05-16,8,11,Customs Hold,1664.7,5,0,Snow,6.09,7,6,Traffic Jam,3.93,0.894,0.228,0.16,0.9568,1,57.7
SHP104950,Los Angeles,Chicago,UPS,Air,2024-08-23,2024-08-28,5,4,Customs Hold,2002.96,5,0,Heavy Rain,5.38,1,7,Port Strike,9.27,0.898,0.337,0.29,1.0,1,35.4
SHP104951,Hamburg,Tokyo,XPO Logistics,Road,2023-09-04,2023-09-10,6,6,In Transit,3499.2,1,1,Snow,5.77,7,5,Traffic Jam,4.25,0.807,0.202,0.36,1.0,1,56.9
SHP104952,Shanghai,Sydney,DHL,Road,2023-08-17,2023-08-27,10,9,At Port,1624.08,5,1,Storm,8.19,7,7,Port Strike,8.99,0.897,0.203,0.4,1.0,1,88.2
SHP104953,Dubai,Tokyo,XPO Logistics,Rail,2024-03-31,2024-04-12,12,12,At Port,2139.73,2,0,Rain,1.91,4,6,Equipment Failure,6.49,0.827,0.062,0.43,0.9574,1,31.2
SHP104954,Shanghai,Sydney,DB Schenker,Air,2023-12-01,2023-12-03,2,4,Out for Delivery,2483.38,2,0,Heavy Rain,5.22,2,2,Port Strike,8.88,0.852,0.111,0.31,1.0,1,75.3
SHP104955,Shanghai,New York,Maersk,Road,2023-10-01,2023-10-09,8,2,Delayed,3003.44,4,0,Snow,6.41,9,3,Port Strike,8.5,0.843,0.14,0.35,1.0,1,43.3
SHP104956,Dubai,Singapore,Maersk,Road,2023-04-03,2023-04-09,6,6,In Transit,178.57,4,0,Rain,1.99,8,9,Port Strike,9.49,0.858,0.113,0.15,0.987,1,78.8
SHP104957,Dubai,London,XPO Logistics,Sea,2023-05-08,2023-05-28,20,18,Customs Hold,1985.21,3,0,Fog,3.63,5,1,Equipment Failure,6.29,0.825,0.276,0.29,1.0,1,65.9
SHP104958,Dubai,Sydney,FedEx,Sea,2023-08-07,2023-08-30,23,8,In Transit,4876.66,4,0,Fog,4.31,5,7,Natural Disaster,9.84,0.964,0.06,0.26,0.8208,1,17.8
SHP104959,Mumbai,Singapore,FedEx,Road,2023-04-28,2023-05-01,3,3,Out for Delivery,492.34,5,0,Fog,4.28,7,2,Traffic Jam,4.06,0.921,0.216,0.34,1.0,1,34.2
SHP104960,Rotterdam,London,UPS,Air,2023-04-09,2023-04-14,5,7,At Port,155.85,1,0,Blizzard,8.74,2,4,Equipment Failure,5.87,0.902,0.284,0.26,1.0,1,35.3
SHP104961,Shanghai,London,XPO Logistics,Road,2024-05-28,2024-06-06,9,14,At Port,2114.65,1,1,Clear,0.16,6,6,Port Strike,9.14,0.85,0.093,0.27,0.9777,1,32.9
SHP104962,Mumbai,Tokyo,FedEx,Sea,2024-09-25,2024-10-18,23,6,Customs Hold,1373.67,2,0,Storm,8.35,4,7,Natural Disaster,9.62,0.915,0.236,0.33,1.0,1,82.1
SHP104963,Los Angeles,London,XPO Logistics,Rail,2024-05-20,2024-06-03,14,1,Customs Hold,63.31,5,0,Fog,4.44,2,4,None,0.0,0.825,0.123,0.11,0.5755,1,40.0
SHP104964,Mumbai,Sydney,FedEx,Rail,2024-11-29,2024-12-07,8,11,Out for Delivery,2639.74,2,0,Blizzard,8.6,4,1,Natural Disaster,10.15,0.933,0.261,0.3,1.0,1,93.0
SHP104965,Shanghai,New York,DB Schenker,Road,2024-09-25,2024-10-04,9,9,In Transit,664.74,3,1,Heavy Rain,4.91,9,3,Equipment Failure,6.09,0.857,0.327,0.35,1.0,1,40.9
SHP104966,Mumbai,London,FedEx,Air,2023-10-12,2023-10-15,3,7,Delayed,3905.46,3,0,Snow,5.53,1,4,Traffic Jam,3.73,0.932,0.243,0.41,1.0,1,95.7
SHP104967,Hamburg,Tokyo,UPS,Air,2024-07-20,2024-07-25,5,3,At Port,2227.47,5,0,Storm,7.58,3,6,Natural Disaster,10.3,0.901,0.136,0.17,0.9782,1,82.0
SHP104968,Los Angeles,Tokyo,DB Schenker,Rail,2024-08-01,2024-08-13,12,11,At Port,1644.32,2,0,Fog,3.55,5,2,Traffic Jam,4.21,0.88,0.032,0.25,0.7537,1,69.5
SHP104969,Shanghai,Tokyo,UPS,Road,2024-02-12,2024-02-21,9,13,Out for Delivery,3072.19,1,0,Storm,8.09,8,3,Traffic Jam,3.69,0.889,0.243,0.3,1.0,1,29.6
SHP104970,Dubai,New York,UPS,Sea,2023-11-24,2023-12-17,23,0,Out for Delivery,995.36,5,0,Fog,4.03,4,8,Port Strike,9.31,0.896,0.187,0.24,0.8558,1,47.1
SHP104971,Hamburg,New York,Maersk,Air,2024-10-09,2024-10-11,2,4,At Port,2305.38,5,0,Blizzard,8.55,3,7,None,0.02,0.872,0.114,0.41,1.0,1,21.2
SHP104972,Shanghai,Sydney,UPS,Sea,2023-05-19,2023-06-22,34,18,Delayed,1383.16,1,0,Heavy Rain,4.81,4,3,Equipment Failure,6.33,0.918,0.369,0.19,0.8852,1,8.3
SHP104973,Rotterdam,Chicago,DB Schenker,Sea,2023-01-25,2023-03-01,35,30,Out for Delivery,3145.54,3,0,Rain,2.33,4,4,None,0.32,0.875,0.127,0.2,0.5963,1,7.7
SHP104974,Rotterdam,London,DHL,Air,2024-02-20,2024-02-23,3,3,Delayed,3249.17,4,1,Storm,7.68,4,5,Port Strike,8.53,0.892,0.244,0.13,0.9988,1,89.1
SHP104975,Hamburg,Chicago,DB Schenker,Sea,2023-06-20,2023-07-21,31,8,At Port,414.42,5,1,Snow,5.9,4,6,None,0.18,0.875,0.337,0.43,1.0,1,32.0
SHP104976,Hamburg,Tokyo,XPO Logistics,Road,2024-06-01,2024-06-08,7,11,In Transit,960.89,3,0,Storm,7.75,9,5,Traffic Jam,3.76,0.824,0.248,0.34,1.0,1,33.6
SHP104977,Hamburg,Chicago,Maersk,Rail,2023-11-08,2023-11-18,10,0,Customs Hold,2178.44,2,0,Blizzard,9.13,4,4,Natural Disaster,10.14,0.842,0.088,0.3,1.0,1,72.3
SHP104978,Shanghai,Chicago,FedEx,Sea,2023-01-05,2023-01-23,18,12,Delayed,2164.89,1,1,Clear,0.04,5,9,Port Strike,8.88,0.928,0.336,0.45,1.0,1,31.3
SHP104979,Hamburg,New York,DB Schenker,Air,2023-06-21,2023-06-24,3,8,Delayed,1320.0,5,0,Rain,1.7,2,2,Port Strike,8.63,0.88,0.092,0.29,0.9943,1,91.6
SHP104980,Rotterdam,Tokyo,DHL,Road,2024-11-12,2024-11-22,10,0,At Port,4087.55,1,0,Rain,2.42,6,9,Port Strike,8.62,0.873,0.262,0.2,0.8291,1,9.6
SHP104981,Rotterdam,Tokyo,FedEx,Air,2024-07-22,2024-07-27,5,0,At Port,3660.58,3,1,Heavy Rain,4.55,2,7,Natural Disaster,9.84,0.933,0.106,0.23,0.8565,1,56.0
SHP104982,Dubai,London,FedEx,Air,2023-06-14,2023-06-19,5,3,In Transit,739.61,5,0,Clear,0.0,2,3,Traffic Jam,3.71,0.917,0.309,0.2,0.6093,1,51.2
SHP104983,Los Angeles,Sydney,UPS,Road,2024-08-11,2024-08-20,9,8,Customs Hold,4334.24,3,0,Clear,0.0,6,1,Traffic Jam,4.29,0.893,0.052,0.19,0.6536,1,14.2
SHP104984,Los Angeles,London,Maersk,Road,2023-06-21,2023-06-28,7,3,At Port,4393.78,5,0,Clear,0.19,9,10,Equipment Failure,6.06,0.838,0.203,0.16,0.762,1,14.0
SHP104985,Hamburg,Tokyo,DB Schenker,Road,2024-04-22,2024-04-27,5,5,At Port,4756.53,5,0,Heavy Rain,5.29,8,5,Traffic Jam,3.81,0.899,0.392,0.17,0.9874,1,73.9
SHP104986,Dubai,Chicago,XPO Logistics,Rail,2024-05-25,2024-06-05,11,2,Customs Hold,1259.17,4,0,Heavy Rain,4.59,4,7,Natural Disaster,10.06,0.838,0.173,0.31,1.0,1,57.0
SHP104987,Mumbai,Sydney,DHL,Rail,2024-06-05,2024-06-20,15,9,Customs Hold,3853.28,5,0,Rain,1.68,4,3,Equipment Failure,5.81,0.891,0.138,0.3,0.8012,1,71.1
SHP104988,Mumbai,London,UPS,Road,2024-05-25,2024-05-30,5,4,In Transit,302.47,3,0,Clear,0.0,8,2,Traffic Jam,4.05,0.92,0.057,0.31,0.7108,1,46.2
SHP104989,Rotterdam,Sydney,XPO Logistics,Air,2024-10-31,2024-11-02,2,2,Customs Hold,843.77,3,0,Heavy Rain,4.94,2,10,Natural Disaster,9.81,0.846,0.261,0.32,1.0,1,14.2
SHP104990,Hamburg,New York,UPS,Air,2024-01-02,2024-01-05,3,7,In Transit,78.43,1,1,Clear,0.0,4,6,Natural Disaster,10.01,0.9,0.282,0.27,1.0,1,74.3
SHP104991,Los Angeles,Sydney,FedEx,Rail,2023-07-16,2023-07-25,9,11,Out for Delivery,1990.27,5,1,Storm,8.36,3,2,None,0.26,0.907,0.369,0.34,1.0,1,35.6
SHP104992,Los Angeles,Chicago,XPO Logistics,Road,2023-07-28,2023-08-01,4,3,At Port,4430.88,5,0,Heavy Rain,4.96,7,8,Equipment Failure,5.51,0.833,0.081,0.22,0.9673,1,30.3
SHP104993,Los Angeles,London,UPS,Rail,2024-03-25,2024-04-07,13,10,In Transit,4718.76,4,0,Snow,6.15,5,1,Natural Disaster,9.99,0.931,0.228,0.12,0.9218,1,16.2
SHP104994,Shanghai,Tokyo,Maersk,Rail,2024-07-17,2024-07-24,7,8,Customs Hold,44.84,3,1,Blizzard,8.55,4,7,Equipment Failure,6.25,0.852,0.25,0.35,1.0,1,15.8
SHP104995,Hamburg,Tokyo,DHL,Air,2023-12-27,2023-12-29,2,2,Out for Delivery,632.64,3,0,Storm,7.86,4,10,Natural Disaster,9.9,0.892,0.129,0.25,1.0,1,36.9
SHP104996,Shanghai,Sydney,XPO Logistics,Air,2023-01-16,2023-01-20,4,7,At Port,4567.19,5,0,Blizzard,9.36,2,2,Traffic Jam,3.84,0.842,0.396,0.13,1.0,1,75.7
SHP104997,Dubai,New York,Maersk,Road,2023-12-14,2023-12-18,4,7,Customs Hold,518.31,3,0,Snow,6.2,6,1,Natural Disaster,10.34,0.845,0.371,0.19,1.0,1,57.2
SHP104998,Los Angeles,Sydney,DB Schenker,Road,2023-11-28,2023-12-08,10,15,At Port,4059.79,2,0,Clear,0.43,8,8,Natural Disaster,10.22,0.875,0.163,0.14,0.9587,1,46.5
SHP104999,Shanghai,Sydney,Maersk,Air,2023-05-10,2023-05-14,4,8,In Transit,3220.29,1,0,Blizzard,8.94,2,9,Natural Disaster,10.04,0.842,0.325,0.19,1.0,1,13.0
SHP105000,Mumbai,Singapore,XPO Logistics,Rail,2023-02-13,2023-02-22,9,0,Delayed,1281.25,3,0,Storm,8.46,5,7,Port Strike,8.58,0.821,0.376,0.42,1.0,1,78.2
SHP105001,Los Angeles,Tokyo,DB Schenker,Sea,2024-05-24,2024-06-13,20,8,At Port,970.47,2,0,Blizzard,9.13,3,1,Traffic Jam,3.84,0.866,0.229,0.25,0.9329,1,49.8
SHP105002,Los Angeles,Sydney,UPS,Rail,2024-09-11,2024-09-20,9,2,Out for Delivery,879.75,3,1,Blizzard,8.65,5,3,None,0.03,0.919,0.397,0.35,0.8896,1,82.1
SHP105003,Hamburg,Tokyo,XPO Logistics,Air,2023-02-04,2023-02-06,2,2,At Port,133.34,5,0,Blizzard,8.55,1,2,Natural Disaster,10.08,0.856,0.337,0.28,1.0,1,58.2
SHP105004,Rotterdam,Singapore,FedEx,Road,2023-09-11,2023-09-19,8,0,In Transit,621.42,2,1,Fog,3.66,6,8,Traffic Jam,4.4,0.907,0.345,0.28,0.886,1,29.0
SHP105005,Rotterdam,Singapore,DB Schenker,Air,2023-11-16,2023-11-18,2,3,In Transit,379.8,1,0,Snow,5.59,3,10,None,0.0,0.876,0.314,0.36,0.9835,1,24.2
SHP105006,Hamburg,London,UPS,Sea,2023-02-17,2023-03-15,26,12,Out for Delivery,1255.52,4,0,Clear,0.15,4,9,Port Strike,8.77,0.922,0.081,0.1,0.5323,1,43.3
SHP105007,Rotterdam,Tokyo,DHL,Rail,2023-01-27,2023-02-08,12,7,At Port,1746.77,3,0,Blizzard,9.24,2,5,Port Strike,9.3,0.889,0.377,0.2,1.0,1,66.6
SHP105008,Los Angeles,Singapore,XPO Logistics,Rail,2023-01-27,2023-02-05,9,1,In Transit,1432.01,1,0,Storm,8.2,5,10,Natural Disaster,9.57,0.824,0.148,0.31,1.0,1,33.2
SHP105009,Dubai,London,DB Schenker,Rail,2023-12-10,2023-12-19,9,5,Delayed,4600.75,5,1,Snow,6.47,2,10,Equipment Failure,6.04,0.868,0.308,0.16,0.919,1,26.7
SHP105010,Hamburg,Sydney,DB Schenker,Air,2024-01-22,2024-01-24,2,5,Customs Hold,1537.93,3,0,Fog,4.35,1,8,None,0.0,0.881,0.283,0.29,0.8658,1,52.2
SHP105011,Los Angeles,New York,FedEx,Rail,2023-02-17,2023-03-02,13,12,Delayed,3827.73,5,0,Fog,3.73,3,7,Natural Disaster,9.89,0.91,0.244,0.11,0.8284,1,33.1
SHP105012,Dubai,London,Maersk,Road,2024-01-23,2024-01-31,8,0,Customs Hold,122.1,1,0,Fog,4.21,9,2,Port Strike,9.1,0.835,0.163,0.45,1.0,1,48.2
SHP105013,Hamburg,Tokyo,FedEx,Rail,2024-05-12,2024-05-24,12,15,Delayed,3348.25,1,0,Snow,6.05,2,5,None,0.41,0.91,0.246,0.21,0.7778,1,56.9
SHP105014,Los Angeles,London,UPS,Rail,2023-02-19,2023-02-28,9,12,Customs Hold,865.11,5,1,Clear,0.0,4,9,Equipment Failure,6.36,0.905,0.119,0.34,0.7894,1,56.1
SHP105015,Shanghai,London,FedEx,Rail,2024-11-30,2024-12-07,7,10,Out for Delivery,927.07,2,0,Clear,0.0,3,2,Equipment Failure,6.12,0.917,0.098,0.34,0.8086,1,69.6
SHP105016,Mumbai,New York,XPO Logistics,Rail,2024-07-30,2024-08-14,15,19,Out for Delivery,250.72,2,0,Blizzard,8.67,5,9,None,0.14,0.817,0.276,0.21,1.0,1,41.2
SHP105017,Dubai,Singapore,DB Schenker,Sea,2023-04-11,2023-05-09,28,14,Out for Delivery,3904.98,3,0,Clear,0.0,5,3,Equipment Failure,5.68,0.879,0.363,0.15,0.7873,1,6.7
SHP105018,Dubai,Chicago,DHL,Rail,2023-10-18,2023-10-28,10,7,Customs Hold,1286.32,1,1,Fog,3.66,4,1,Port Strike,9.04,0.876,0.194,0.38,1.0,1,27.4
SHP105019,Dubai,Sydney,DB Schenker,Air,2023-03-17,2023-03-20,3,7,At Port,494.09,4,0,Snow,6.02,4,5,Natural Disaster,9.97,0.867,0.243,0.11,1.0,1,20.0
SHP105020,Mumbai,Chicago,DB Schenker,Rail,2024-11-10,2024-11-23,13,1,At Port,4231.38,1,0,Storm,8.47,4,8,Natural Disaster,10.39,0.862,0.121,0.25,1.0,1,52.4
SHP105021,Mumbai,Tokyo,XPO Logistics,Air,2023-11-13,2023-11-18,5,3,In Transit,3862.94,1,0,Clear,0.0,4,9,Traffic Jam,4.32,0.804,0.333,0.23,0.8685,1,47.5
SHP105022,Rotterdam,Tokyo,UPS,Air,2024-10-28,2024-11-01,4,8,At Port,3260.87,2,0,Snow,5.97,2,8,Port Strike,9.14,0.908,0.101,0.39,1.0,1,93.6
SHP105023,Hamburg,Sydney,DHL,Road,2024-05-11,2024-05-19,8,13,Customs Hold,4752.88,1,0,Rain,2.23,6,9,Traffic Jam,4.03,0.868,0.152,0.14,0.7619,1,18.6
SHP105024,Mumbai,New York,Maersk,Road,2024-09-15,2024-09-23,8,4,Out for Delivery,4277.5,5,0,Heavy Rain,4.91,6,8,Traffic Jam,3.56,0.86,0.197,0.28,0.8249,1,31.6
SHP105025,Hamburg,Singapore,XPO Logistics,Road,2023-10-07,2023-10-10,3,3,Out for Delivery,2369.89,1,0,Rain,1.65,7,8,Traffic Jam,4.34,0.827,0.397,0.41,1.0,1,88.5
SHP105026,Rotterdam,London,FedEx,Road,2024-03-30,2024-04-07,8,6,At Port,3786.86,3,1,Clear,0.36,6,1,Natural Disaster,10.26,0.907,0.039,0.31,0.8844,1,52.2
SHP105027,Dubai,Singapore,FedEx,Rail,2024-05-08,2024-05-22,14,13,At Port,2158.65,4,0,Snow,6.17,5,10,Natural Disaster,10.27,0.894,0.382,0.15,1.0,1,62.5
SHP105028,Dubai,London,Maersk,Rail,2023-07-18,2023-07-26,8,8,Customs Hold,3494.48,5,0,Storm,7.57,4,10,Port Strike,9.15,0.846,0.167,0.41,1.0,1,14.4
SHP105029,Los Angeles,New York,FedEx,Air,2023-11-12,2023-11-14,2,0,Customs Hold,2587.0,2,0,Storm,8.13,3,6,Traffic Jam,4.34,0.901,0.182,0.43,0.9485,1,14.6
SHP105030,Rotterdam,Tokyo,FedEx,Road,2023-04-12,2023-04-15,3,3,Out for Delivery,2131.92,3,0,Clear,0.05,9,10,Traffic Jam,3.75,0.913,0.112,0.45,0.9441,1,40.1
SHP105031,Rotterdam,Singapore,Maersk,Sea,2023-01-11,2023-02-15,35,1,In Transit,4228.09,2,0,Clear,0.0,5,8,Port Strike,9.48,0.873,0.165,0.31,0.9072,1,66.9
SHP105032,Shanghai,Sydney,Maersk,Sea,2024-11-22,2024-12-23,31,32,Out for Delivery,2576.66,4,0,Clear,0.0,3,6,Port Strike,8.79,0.835,0.04,0.32,0.9052,1,51.5
SHP105033,Hamburg,Chicago,DHL,Road,2023-12-08,2023-12-16,8,9,Out for Delivery,406.01,3,0,Heavy Rain,5.4,9,7,Traffic Jam,4.33,0.858,0.083,0.27,1.0,1,52.1
SHP105034,Hamburg,Tokyo,XPO Logistics,Rail,2023-11-29,2023-12-14,15,19,In Transit,4543.76,3,1,Clear,0.28,2,10,Port Strike,9.13,0.838,0.347,0.45,1.0,1,76.5
SHP105035,Hamburg,London,UPS,Sea,2023-01-30,2023-02-18,19,12,At Port,4724.39,5,1,Fog,4.14,3,9,Traffic Jam,3.54,0.908,0.078,0.1,0.6723,1,33.0
SHP105036,Dubai,Singapore,XPO Logistics,Air,2024-08-26,2024-08-31,5,0,Out for Delivery,1369.45,1,0,Snow,5.6,1,6,Port Strike,9.39,0.832,0.229,0.15,0.8988,1,5.9
SHP105037,Rotterdam,New York,DHL,Rail,2024-05-06,2024-05-18,12,7,At Port,400.71,4,0,Rain,1.86,4,5,Equipment Failure,6.18,0.887,0.125,0.37,0.8753,1,37.2
SHP105038,Dubai,Chicago,Maersk,Air,2024-04-19,2024-04-24,5,7,Customs Hold,2354.46,2,1,Storm,7.7,3,4,Equipment Failure,6.48,0.872,0.124,0.26,1.0,1,50.9
SHP105039,Shanghai,Tokyo,DB Schenker,Air,2023-07-20,2023-07-25,5,8,Customs Hold,1638.62,5,1,Clear,0.09,3,9,None,0.15,0.881,0.113,0.3,0.7329,1,8.7
SHP105040,Hamburg,Singapore,UPS,Air,2023-01-16,2023-01-21,5,0,Out for Delivery,4357.9,1,0,Heavy Rain,5.13,3,4,Port Strike,9.28,0.89,0.286,0.42,1.0,1,18.7
SHP105041,Hamburg,London,Maersk,Sea,2023-11-07,2023-12-01,24,3,Out for Delivery,4868.26,5,0,Storm,8.26,5,5,Traffic Jam,3.8,0.859,0.228,0.1,0.8185,1,25.1
SHP105042,Shanghai,London,Maersk,Road,2024-01-12,2024-01-18,6,11,Out for Delivery,2860.34,4,1,Snow,5.55,9,9,Natural Disaster,9.93,0.807,0.086,0.33,1.0,1,70.9
SHP105043,Rotterdam,Chicago,UPS,Sea,2023-09-20,2023-10-18,28,27,Customs Hold,4150.87,1,0,Fog,3.57,5,9,Traffic Jam,4.22,0.889,0.378,0.2,0.9871,1,29.4
SHP105044,Mumbai,Tokyo,UPS,Rail,2023-05-08,2023-05-16,8,10,Delayed,2595.37,5,0,Clear,0.02,4,9,Equipment Failure,6.48,0.894,0.168,0.42,0.9444,1,6.1
SHP105045,Mumbai,Chicago,UPS,Road,2023-09-30,2023-10-06,6,0,Delayed,338.0,3,1,Rain,1.94,7,8,Equipment Failure,6.27,0.896,0.074,0.21,0.7329,1,30.8
SHP105046,Hamburg,New York,DB Schenker,Air,2023-01-24,2023-01-28,4,2,At Port,2671.08,5,1,Snow,6.36,3,5,Port Strike,9.3,0.875,0.398,0.11,1.0,1,90.1
SHP105047,Dubai,Singapore,DHL,Sea,2023-12-15,2024-01-03,19,7,Customs Hold,3242.83,2,0,Fog,4.39,6,1,Natural Disaster,9.94,0.913,0.318,0.15,0.908,1,58.5
SHP105048,Shanghai,New York,UPS,Air,2024-05-09,2024-05-14,5,0,At Port,187.6,2,0,Heavy Rain,5.42,2,4,Equipment Failure,6.02,0.934,0.387,0.35,0.9969,1,92.0
SHP105049,Los Angeles,Chicago,FedEx,Air,2023-09-27,2023-10-02,5,3,Customs Hold,2969.5,4,0,Blizzard,8.88,4,1,Natural Disaster,10.03,0.912,0.353,0.25,1.0,1,13.6
SHP105050,Shanghai,Singapore,DB Schenker,Rail,2024-04-01,2024-04-11,10,0,At Port,4668.6,2,0,Storm,8.46,3,5,Port Strike,9.14,0.898,0.357,0.18,0.9615,1,14.7
SHP105051,Hamburg,New York,Maersk,Sea,2023-06-29,2023-07-20,21,14,Out for Delivery,610.56,5,0,Blizzard,9.49,3,5,Traffic Jam,4.24,0.856,0.287,0.37,1.0,1,22.9
SHP105052,Mumbai,Chicago,DB Schenker,Sea,2024-04-12,2024-05-10,28,20,Delayed,2436.41,5,1,Heavy Rain,4.71,5,1,Port Strike,8.92,0.871,0.186,0.31,1.0,1,41.0
SHP105053,Hamburg,Tokyo,UPS,Rail,2023-05-19,2023-05-26,7,4,In Transit,609.09,2,1,Fog,4.1,3,9,None,0.0,0.947,0.114,0.36,0.6015,1,49.4
SHP105054,Hamburg,Singapore,UPS,Road,2023-03-31,2023-04-09,9,9,At Port,3503.22,3,0,Storm,7.67,8,6,Traffic Jam,3.7,0.904,0.09,0.44,1.0,1,32.0
SHP105055,Mumbai,Sydney,UPS,Air,2023-06-26,2023-07-01,5,2,In Transit,3435.87,5,0,Rain,1.6,2,10,Traffic Jam,4.18,0.916,0.379,0.3,0.7651,1,10.1
SHP105056,Dubai,Sydney,UPS,Rail,2023-09-29,2023-10-09,10,8,At Port,2954.69,3,0,Rain,1.68,5,8,Port Strike,8.69,0.908,0.294,0.27,0.9182,1,48.4
SHP105057,Los Angeles,New York,Maersk,Sea,2024-06-21,2024-07-26,35,21,Delayed,4844.96,4,1,Clear,0.0,6,1,Natural Disaster,10.4,0.858,0.385,0.27,1.0,1,86.1
SHP105058,Rotterdam,Sydney,DHL,Sea,2024-09-05,2024-09-30,25,18,Out for Delivery,2454.8,3,0,Fog,4.03,3,6,Port Strike,8.93,0.88,0.172,0.16,0.8469,1,41.9
SHP105059,Dubai,New York,XPO Logistics,Rail,2023-09-18,2023-10-03,15,14,In Transit,3931.69,3,0,Heavy Rain,4.79,3,3,None,0.0,0.842,0.36,0.34,0.9877,1,32.1
SHP105060,Mumbai,Tokyo,DHL,Rail,2023-10-24,2023-11-06,13,6,In Transit,2477.83,5,0,Heavy Rain,5.45,5,9,Equipment Failure,6.22,0.902,0.187,0.15,0.7323,1,31.3
SHP105061,Mumbai,New York,Maersk,Air,2023-08-26,2023-08-28,2,7,Customs Hold,4774.77,1,0,Blizzard,8.92,3,2,Equipment Failure,5.79,0.848,0.393,0.38,1.0,1,75.7
SHP105062,Rotterdam,Sydney,FedEx,Sea,2023-09-09,2023-10-11,32,2,At Port,2876.09,1,0,Rain,2.23,6,5,Port Strike,9.38,0.924,0.205,0.4,1.0,1,41.2
SHP105063,Hamburg,Chicago,XPO Logistics,Air,2023-08-31,2023-09-05,5,9,In Transit,4335.28,3,0,Clear,0.07,1,3,None,0.41,0.814,0.063,0.36,0.7265,1,10.4
SHP105064,Hamburg,Tokyo,FedEx,Air,2023-09-26,2023-09-30,4,4,At Port,402.65,3,0,Blizzard,8.63,1,9,Natural Disaster,10.45,0.894,0.294,0.19,1.0,1,52.3
SHP105065,Los Angeles,London,XPO Logistics,Rail,2023-01-12,2023-01-21,9,3,Customs Hold,2106.2,2,0,Clear,0.0,3,6,Traffic Jam,4.28,0.788,0.143,0.25,0.7968,1,17.9
SHP105066,Shanghai,Tokyo,DHL,Air,2024-04-16,2024-04-20,4,4,At Port,1313.19,5,0,Snow,5.51,3,10,Port Strike,8.79,0.881,0.161,0.27,1.0,1,35.8
SHP105067,Rotterdam,Tokyo,XPO Logistics,Sea,2023-04-27,2023-05-18,21,23,Delayed,1183.31,4,1,Heavy Rain,5.13,4,7,Equipment Failure,6.0,0.843,0.124,0.28,0.9503,1,20.5
SHP105068,Hamburg,Chicago,UPS,Sea,2023-03-23,2023-04-17,25,6,Out for Delivery,435.92,2,0,Clear,0.0,6,9,Port Strike,9.28,0.912,0.317,0.13,0.8014,1,29.9
SHP105069,Hamburg,New York,UPS,Road,2024-01-02,2024-01-06,4,8,Customs Hold,182.66,5,0,Rain,1.55,9,1,None,0.0,0.923,0.087,0.31,0.8012,1,5.1
SHP105070,Hamburg,London,XPO Logistics,Road,2023-03-03,2023-03-10,7,12,Delayed,1516.51,2,0,Storm,8.23,7,3,Traffic Jam,3.9,0.817,0.313,0.1,1.0,1,7.2
SHP105071,Mumbai,London,FedEx,Sea,2023-05-31,2023-06-20,20,25,At Port,3256.25,3,0,Clear,0.43,6,5,Natural Disaster,10.0,0.938,0.31,0.12,0.8855,1,68.7
SHP105072,Dubai,Singapore,UPS,Air,2024-04-29,2024-05-01,2,0,Out for Delivery,4385.86,4,1,Storm,8.0,2,1,None,0.0,0.919,0.194,0.15,0.5376,1,50.8
SHP105073,Hamburg,Tokyo,Maersk,Air,2023-01-16,2023-01-21,5,8,In Transit,2546.23,3,1,Blizzard,8.79,2,4,Port Strike,8.77,0.84,0.088,0.2,1.0,1,76.2
SHP105074,Rotterdam,Singapore,Maersk,Air,2023-12-27,2023-12-29,2,7,In Transit,3092.03,2,0,Fog,4.16,3,6,Natural Disaster,9.69,0.815,0.087,0.13,1.0,1,24.1
SHP105075,Hamburg,Singapore,DHL,Air,2024-10-16,2024-10-18,2,5,Customs Hold,2392.21,3,1,Fog,4.31,4,7,None,0.0,0.909,0.314,0.34,0.9992,1,23.0
SHP105076,Hamburg,London,Maersk,Road,2023-03-29,2023-04-03,5,1,In Transit,1905.14,4,0,Snow,6.32,6,5,Traffic Jam,3.56,0.876,0.123,0.1,0.7178,1,38.3
SHP105077,Dubai,Chicago,FedEx,Road,2023-08-26,2023-08-31,5,1,At Port,2451.0,2,0,Clear,0.0,9,7,Equipment Failure,5.57,0.926,0.271,0.14,0.721,1,14.7
SHP105078,Dubai,London,FedEx,Rail,2023-09-25,2023-10-08,13,11,Customs Hold,1478.71,2,0,Rain,1.75,5,5,Traffic Jam,3.86,0.943,0.03,0.11,0.5441,1,23.4
SHP105079,Mumbai,Chicago,XPO Logistics,Air,2023-09-26,2023-09-29,3,5,At Port,2103.48,5,0,Blizzard,9.25,1,9,Traffic Jam,3.57,0.831,0.055,0.36,0.9962,1,23.2
SHP105080,Mumbai,Singapore,DB Schenker,Rail,2024-04-05,2024-04-20,15,10,Customs Hold,2361.04,2,0,Clear,0.0,4,2,Traffic Jam,3.89,0.84,0.343,0.23,0.8196,1,22.4
SHP105081,Mumbai,New York,FedEx,Sea,2023-07-07,2023-07-27,20,18,Out for Delivery,415.15,4,0,Rain,2.28,5,10,Equipment Failure,6.45,0.961,0.24,0.16,0.7859,1,54.5
SHP105082,Dubai,New York,DHL,Rail,2024-05-25,2024-06-07,13,10,In Transit,1003.2,2,0,Rain,1.85,4,1,Port Strike,9.12,0.91,0.395,0.42,1.0,1,78.6
SHP105083,Shanghai,Chicago,XPO Logistics,Road,2024-01-27,2024-02-01,5,4,Out for Delivery,3907.44,3,0,Clear,0.16,7,8,Port Strike,9.07,0.836,0.033,0.4,1.0,1,34.7
SHP105084,Dubai,London,Maersk,Rail,2024-07-07,2024-07-17,10,12,Delayed,1694.63,1,0,Storm,8.28,4,3,Traffic Jam,4.15,0.835,0.181,0.2,1.0,1,28.3
SHP105085,Rotterdam,Tokyo,DHL,Air,2024-11-24,2024-11-29,5,0,Out for Delivery,41.08,2,0,Clear,0.13,2,1,Equipment Failure,5.85,0.905,0.199,0.13,0.6018,1,50.1
SHP105086,Mumbai,London,XPO Logistics,Sea,2024-09-11,2024-10-15,34,22,At Port,4350.61,5,0,Fog,3.73,4,4,None,0.0,0.808,0.146,0.24,0.7267,1,65.8
SHP105087,Mumbai,New York,DB Schenker,Sea,2023-08-20,2023-09-23,34,2,At Port,859.5,2,0,Fog,3.94,6,8,None,0.0,0.861,0.03,0.27,0.6438,1,13.2
SHP105088,Hamburg,New York,XPO Logistics,Road,2023-01-17,2023-01-25,8,2,Out for Delivery,1284.92,5,0,Fog,3.73,8,2,None,0.01,0.858,0.232,0.26,0.7343,1,53.6
SHP105089,Rotterdam,London,XPO Logistics,Rail,2023-08-04,2023-08-17,13,11,At Port,4908.52,2,0,Snow,6.0,4,3,Equipment Failure,6.09,0.837,0.207,0.31,1.0,1,20.4
SHP105090,Mumbai,New York,DB Schenker,Road,2023-11-03,2023-11-07,4,9,At Port,1313.94,1,0,Blizzard,9.09,9,5,Traffic Jam,4.03,0.886,0.1,0.25,1.0,1,74.2
SHP105091,Los Angeles,Chicago,DHL,Air,2023-05-24,2023-05-29,5,9,At Port,3640.81,1,0,Rain,2.47,2,3,Equipment Failure,6.48,0.886,0.125,0.11,0.8089,1,46.5
SHP105092,Shanghai,Tokyo,XPO Logistics,Sea,2023-02-02,2023-03-09,35,37,At Port,4129.82,4,0,Fog,3.89,3,5,None,0.21,0.829,0.289,0.25,0.8039,1,70.3
SHP105093,Rotterdam,Tokyo,DHL,Sea,2023-11-19,2023-12-13,24,6,In Transit,3523.7,2,1,Blizzard,9.37,3,6,Natural Disaster,10.2,0.921,0.129,0.15,0.8582,1,24.0
SHP105094,Hamburg,Sydney,DHL,Rail,2023-09-03,2023-09-14,11,8,Delayed,3321.9,3,1,Rain,2.49,5,6,Traffic Jam,4.32,0.939,0.293,0.27,0.7686,1,5.8
SHP105095,Rotterdam,Tokyo,XPO Logistics,Road,2023-12-18,2023-12-22,4,4,Out for Delivery,631.81,2,0,Blizzard,9.15,8,1,Equipment Failure,5.89,0.8,0.04,0.1,0.9384,1,38.1
SHP105096,Mumbai,Tokyo,Maersk,Air,2024-04-13,2024-04-18,5,10,Customs Hold,3123.14,3,0,Rain,1.64,4,3,Equipment Failure,6.21,0.876,0.334,0.33,1.0,1,65.4
SHP105097,Los Angeles,Chicago,DB Schenker,Air,2024-06-27,2024-06-29,2,4,Delayed,1161.5,5,0,Heavy Rain,4.6,1,1,Port Strike,8.91,0.897,0.172,0.14,0.8868,1,55.0
SHP105098,Dubai,Chicago,DB Schenker,Road,2024-05-02,2024-05-09,7,12,Out for Delivery,2179.59,1,0,Clear,0.11,7,6,Equipment Failure,5.56,0.828,0.315,0.33,1.0,1,41.5
SHP105099,Shanghai,Sydney,DHL,Road,2023-07-08,2023-07-18,10,10,At Port,757.82,1,1,Rain,1.89,6,9,Port Strike,8.98,0.858,0.072,0.12,0.8412,1,12.8
SHP105100,Dubai,Tokyo,Maersk,Rail,2024-02-14,2024-02-26,12,14,Out for Delivery,2153.45,2,0,Clear,0.0,4,2,None,0.43,0.847,0.286,0.2,0.7223,1,63.4
SHP105101,Shanghai,London,UPS,Road,2024-01-10,2024-01-15,5,7,At Port,4755.3,1,0,Snow,5.61,9,8,Equipment Failure,6.09,0.926,0.162,0.35,1.0,1,16.3
SHP105102,Los Angeles,Sydney,DB Schenker,Road,2023-08-22,2023-08-28,6,2,Out for Delivery,1847.92,2,0,Rain,2.46,6,2,Traffic Jam,4.46,0.879,0.367,0.41,1.0,1,64.9
SHP105103,Los Angeles,Sydney,DB Schenker,Air,2023-11-28,2023-12-01,3,7,Customs Hold,1873.99,3,0,Clear,0.06,3,6,Equipment Failure,6.08,0.854,0.364,0.28,1.0,1,90.4
SHP105104,Shanghai,London,DHL,Rail,2023-04-03,2023-04-17,14,12,In Transit,2975.46,5,1,Rain,2.3,2,10,Equipment Failure,6.16,0.894,0.183,0.17,0.7671,1,35.3
SHP105105,Rotterdam,Singapore,XPO Logistics,Rail,2023-07-04,2023-07-18,14,4,Delayed,4738.67,5,0,Fog,4.14,3,9,Port Strike,9.29,0.843,0.289,0.43,1.0,1,9.8
SHP105106,Hamburg,Tokyo,DHL,Rail,2023-12-07,2023-12-17,10,11,In Transit,3053.57,2,1,Heavy Rain,5.26,5,4,Equipment Failure,6.49,0.893,0.312,0.19,1.0,1,23.7
SHP105107,Rotterdam,New York,FedEx,Rail,2024-11-29,2024-12-13,14,7,Out for Delivery,3139.59,1,1,Heavy Rain,4.5,5,4,Natural Disaster,10.3,0.897,0.144,0.2,0.8692,1,80.2
SHP105108,Rotterdam,London,UPS,Rail,2023-11-24,2023-12-04,10,0,Delayed,1246.66,4,1,Heavy Rain,4.87,3,10,Port Strike,8.52,0.88,0.06,0.32,0.8931,1,51.8
SHP105109,Los Angeles,Singapore,Maersk,Road,2023-05-27,2023-06-05,9,2,At Port,2534.64,2,0,Snow,5.87,7,3,Equipment Failure,6.14,0.863,0.077,0.22,0.8234,1,62.2
SHP105110,Hamburg,Chicago,DB Schenker,Road,2024-03-30,2024-04-09,10,3,Customs Hold,4760.06,1,1,Blizzard,9.15,7,3,Port Strike,8.65,0.885,0.296,0.43,1.0,1,54.6
SHP105111,Mumbai,Sydney,Maersk,Air,2024-11-06,2024-11-08,2,4,Customs Hold,1074.67,4,1,Blizzard,9.39,3,5,None,0.31,0.866,0.285,0.3,1.0,1,17.9
SHP105112,Shanghai,Chicago,XPO Logistics,Sea,2024-02-19,2024-03-24,34,4,In Transit,1072.16,4,0,Snow,5.82,6,1,None,0.28,0.825,0.23,0.24,0.7557,1,36.1
SHP105113,Los Angeles,Chicago,UPS,Air,2023-05-12,2023-05-16,4,5,Delayed,3921.86,1,0,Clear,0.01,1,4,Equipment Failure,6.29,0.919,0.335,0.21,0.6782,1,59.2
SHP105114,Hamburg,London,DB Schenker,Road,2023-10-04,2023-10-14,10,1,At Port,3342.83,1,0,Rain,2.35,8,3,None,0.0,0.871,0.192,0.1,0.4779,0,0.0
SHP105115,Rotterdam,Singapore,DB Schenker,Rail,2024-05-24,2024-06-08,15,11,At Port,709.97,1,0,Clear,0.49,5,9,None,0.0,0.864,0.263,0.3,0.7375,1,24.8
SHP105116,Shanghai,Chicago,XPO Logistics,Air,2024-04-29,2024-05-03,4,2,At Port,269.9,5,0,Fog,4.27,4,2,Port Strike,9.49,0.834,0.32,0.33,1.0,1,94.9
SHP105117,Hamburg,Chicago,DB Schenker,Air,2023-08-19,2023-08-22,3,1,Customs Hold,1764.89,2,0,Storm,7.69,3,6,Port Strike,9.16,0.871,0.34,0.23,1.0,1,11.6
SHP105118,Mumbai,Singapore,DHL,Rail,2023-03-12,2023-03-22,10,1,Customs Hold,4003.04,3,0,Fog,4.47,3,8,Traffic Jam,3.67,0.893,0.263,0.3,0.7957,1,70.4
SHP105119,Hamburg,New York,UPS,Rail,2024-07-24,2024-07-31,7,8,At Port,3923.58,5,0,Blizzard,8.9,5,4,Port Strike,9.29,0.893,0.045,0.32,1.0,1,52.4
SHP105120,Dubai,London,DB Schenker,Air,2023-01-10,2023-01-15,5,0,Customs Hold,391.24,5,0,Blizzard,8.82,3,9,Port Strike,8.75,0.885,0.364,0.31,1.0,1,19.6
SHP105121,Dubai,London,FedEx,Rail,2024-06-03,2024-06-13,10,13,At Port,4055.67,2,0,Clear,0.0,5,3,Natural Disaster,10.42,0.931,0.28,0.24,0.9409,1,42.9
SHP105122,Shanghai,London,XPO Logistics,Sea,2023-12-23,2024-01-23,31,11,Out for Delivery,2927.27,3,0,Blizzard,9.19,6,6,Natural Disaster,10.3,0.828,0.285,0.44,1.0,1,55.3
SHP105123,Rotterdam,Sydney,FedEx,Air,2023-05-21,2023-05-26,5,3,Customs Hold,4547.42,2,0,Heavy Rain,4.83,2,3,Equipment Failure,6.42,0.945,0.339,0.42,1.0,1,43.9
SHP105124,Shanghai,Chicago,DHL,Rail,2023-10-27,2023-11-05,9,3,At Port,1124.05,1,0,Blizzard,9.16,5,6,None,0.36,0.888,0.086,0.13,0.692,1,23.9
SHP105125,Dubai,Tokyo,XPO Logistics,Air,2023-05-11,2023-05-16,5,0,Out for Delivery,4347.22,2,0,Fog,3.9,1,5,Port Strike,9.25,0.802,0.372,0.41,1.0,1,18.6
SHP105126,Los Angeles,Sydney,FedEx,Rail,2024-08-02,2024-08-09,7,8,Customs Hold,1601.3,4,0,Clear,0.19,3,7,Natural Disaster,10.21,0.958,0.108,0.14,0.6581,1,59.2
SHP105127,Shanghai,London,DB Schenker,Rail,2023-06-25,2023-07-03,8,11,In Transit,788.24,2,0,Storm,8.28,2,2,Equipment Failure,5.53,0.857,0.113,0.34,0.9952,1,87.3
SHP105128,Rotterdam,Tokyo,UPS,Rail,2024-01-02,2024-01-16,14,14,At Port,3396.26,3,1,Rain,1.7,2,5,Natural Disaster,9.77,0.869,0.269,0.24,0.9872,1,71.7
SHP105129,Dubai,Singapore,Maersk,Air,2024-03-15,2024-03-17,2,3,In Transit,4205.74,1,0,Snow,6.38,3,7,Port Strike,8.85,0.817,0.044,0.15,1.0,1,40.7
SHP105130,Los Angeles,London,DHL,Sea,2023-02-27,2023-03-23,24,6,Customs Hold,2592.84,5,1,Heavy Rain,5.09,6,9,Natural Disaster,10.07,0.907,0.246,0.26,1.0,1,72.5
SHP105131,Mumbai,London,DB Schenker,Sea,2023-03-13,2023-04-07,25,9,Delayed,4688.57,3,0,Rain,1.77,4,2,None,0.0,0.888,0.232,0.24,0.5756,1,54.6
SHP105132,Hamburg,Tokyo,DB Schenker,Sea,2024-01-28,2024-02-17,20,23,Customs Hold,3446.32,3,0,Fog,4.11,3,7,Traffic Jam,4.32,0.917,0.325,0.33,0.9466,1,21.6
SHP105133,Shanghai,New York,DHL,Sea,2024-11-28,2024-12-17,19,16,At Port,4175.11,5,0,Fog,4.32,4,3,Port Strike,9.33,0.911,0.037,0.35,0.8857,1,51.2
SHP105134,Rotterdam,Singapore,FedEx,Road,2023-11-29,2023-12-03,4,5,Delayed,4661.35,3,0,Snow,6.02,6,2,Natural Disaster,10.02,0.896,0.369,0.25,1.0,1,14.1
SHP105135,Hamburg,Singapore,XPO Logistics,Sea,2023-12-03,2024-01-07,35,31,Out for Delivery,1788.56,4,0,Clear,0.32,4,6,None,0.0,0.816,0.365,0.28,0.8322,1,60.3
SHP105136,Dubai,Singapore,DB Schenker,Rail,2023-10-02,2023-10-16,14,11,Customs Hold,3779.91,4,0,Blizzard,8.93,5,2,Equipment Failure,5.52,0.887,0.396,0.15,1.0,1,81.9
SHP105137,Shanghai,Singapore,FedEx,Air,2023-07-31,2023-08-05,5,9,Out for Delivery,1248.81,4,0,Snow,5.65,4,4,Natural Disaster,9.75,0.897,0.297,0.25,1.0,1,34.1
SHP105138,Los Angeles,London,DB Schenker,Road,2024-07-29,2024-08-05,7,8,Out for Delivery,3803.05,3,0,Snow,5.94,8,4,Port Strike,8.84,0.878,0.33,0.25,1.0,1,68.8
SHP105139,Mumbai,Chicago,DHL,Road,2023-04-03,2023-04-07,4,7,In Transit,3952.69,1,1,Heavy Rain,4.95,8,5,Equipment Failure,6.36,0.888,0.091,0.35,1.0,1,67.6
SHP105140,Mumbai,Singapore,DB Schenker,Air,2023-07-25,2023-07-29,4,1,Customs Hold,4765.13,4,0,Clear,0.0,3,3,Traffic Jam,3.64,0.84,0.344,0.2,0.7087,1,39.7
SHP105141,Hamburg,Tokyo,FedEx,Air,2023-04-15,2023-04-17,2,6,Customs Hold,3388.23,1,1,Blizzard,9.17,4,10,Natural Disaster,9.72,0.915,0.088,0.26,1.0,1,56.6
SHP105142,Hamburg,Singapore,FedEx,Rail,2023-10-22,2023-11-06,15,11,In Transit,1730.85,5,1,Rain,1.64,2,10,Natural Disaster,10.18,0.911,0.033,0.4,0.8493,1,48.9
SHP105143,Mumbai,Chicago,DB Schenker,Rail,2024-03-03,2024-03-12,9,12,In Transit,3133.1,1,0,Heavy Rain,5.11,4,1,Traffic Jam,3.68,0.891,0.215,0.43,0.9957,1,17.1
SHP105144,Rotterdam,New York,DHL,Sea,2023-11-18,2023-12-07,19,12,Delayed,1863.22,4,0,Storm,7.6,4,10,None,0.0,0.911,0.209,0.34,0.7797,1,39.3
SHP105145,Rotterdam,London,DB Schenker,Rail,2023-06-30,2023-07-15,15,7,Delayed,1760.67,3,1,Clear,0.33,4,6,Port Strike,9.15,0.879,0.35,0.38,1.0,1,70.8
SHP105146,Shanghai,Singapore,XPO Logistics,Sea,2023-08-30,2023-09-24,25,12,In Transit,366.02,3,1,Clear,0.0,3,8,Natural Disaster,9.91,0.836,0.242,0.39,1.0,1,31.7
SHP105147,Shanghai,New York,UPS,Air,2024-10-20,2024-10-24,4,5,In Transit,2556.32,1,0,Fog,4.26,3,6,None,0.0,0.908,0.351,0.35,0.8839,1,8.2
SHP105148,Shanghai,Tokyo,DHL,Air,2023-02-04,2023-02-06,2,2,In Transit,1144.39,3,1,Clear,0.0,3,2,Port Strike,9.22,0.892,0.383,0.16,0.8361,1,32.6
SHP105149,Shanghai,London,Maersk,Road,2024-02-03,2024-02-12,9,14,Delayed,2686.41,1,1,Blizzard,8.54,8,4,Natural Disaster,9.89,0.901,0.316,0.31,1.0,1,53.3
SHP105150,Los Angeles,Sydney,UPS,Rail,2024-09-22,2024-10-06,14,5,Out for Delivery,1456.65,1,0,Blizzard,9.22,4,4,None,0.0,0.906,0.09,0.4,0.8405,1,26.1
SHP105151,Mumbai,Singapore,Maersk,Air,2024-11-09,2024-11-11,2,7,Out for Delivery,3358.65,3,0,Blizzard,8.51,1,9,None,0.04,0.842,0.053,0.11,0.8738,1,12.4
SHP105152,Shanghai,Singapore,DHL,Rail,2023-09-21,2023-10-03,12,4,Delayed,1891.06,4,0,Blizzard,8.65,4,2,Traffic Jam,4.24,0.916,0.225,0.36,0.985,1,13.0
SHP105153,Mumbai,London,DHL,Air,2024-03-12,2024-03-17,5,10,Customs Hold,1595.52,3,0,Fog,4.14,1,3,Port Strike,9.15,0.878,0.182,0.17,1.0,1,72.4
SHP105154,Dubai,Singapore,UPS,Air,2023-09-15,2023-09-18,3,2,At Port,1353.08,1,0,Heavy Rain,4.85,4,5,Port Strike,9.1,0.897,0.102,0.15,0.8266,1,68.2
SHP105155,Los Angeles,New York,UPS,Air,2024-10-23,2024-10-26,3,1,Customs Hold,3570.18,1,1,Fog,4.48,3,7,Port Strike,8.54,0.89,0.095,0.4,0.8958,1,62.0
SHP105156,Dubai,Tokyo,XPO Logistics,Rail,2024-04-21,2024-05-05,14,17,Delayed,1337.54,5,0,Fog,3.58,5,7,Traffic Jam,4.42,0.833,0.09,0.32,0.958,1,36.9
SHP105157,Mumbai,London,XPO Logistics,Road,2024-09-27,2024-10-01,4,1,In Transit,2272.99,1,0,Fog,4.39,9,3,Traffic Jam,4.37,0.831,0.054,0.2,0.7894,1,66.2
SHP105158,Shanghai,London,XPO Logistics,Air,2023-01-03,2023-01-06,3,7,In Transit,4892.43,5,1,Clear,0.0,1,9,Port Strike,9.5,0.829,0.257,0.11,0.9807,1,58.7
SHP105159,Dubai,Chicago,UPS,Rail,2023-08-17,2023-08-31,14,6,Customs Hold,1894.79,1,1,Heavy Rain,4.91,3,4,Natural Disaster,10.25,0.914,0.115,0.13,0.8286,1,33.0
SHP105160,Los Angeles,Singapore,DHL,Road,2023-02-13,2023-02-18,5,0,Delayed,124.98,3,0,Heavy Rain,5.18,8,7,None,0.03,0.881,0.212,0.37,0.8374,1,56.7
SHP105161,Los Angeles,Tokyo,XPO Logistics,Rail,2024-05-27,2024-06-03,7,6,Delayed,2399.84,3,1,Rain,2.0,4,3,Natural Disaster,10.04,0.826,0.248,0.25,1.0,1,52.4
SHP105162,Hamburg,Chicago,DB Schenker,Air,2024-08-14,2024-08-18,4,3,Customs Hold,1096.89,2,1,Snow,6.07,3,7,Equipment Failure,5.78,0.835,0.135,0.31,1.0,1,48.0
SHP105163,Rotterdam,Tokyo,DHL,Sea,2024-03-31,2024-04-27,27,2,Customs Hold,3002.05,5,0,Heavy Rain,5.22,6,9,Port Strike,8.64,0.905,0.067,0.3,0.9065,1,50.4
SHP105164,Dubai,New York,DB Schenker,Rail,2024-02-03,2024-02-16,13,4,Delayed,3375.71,2,0,Snow,6.2,5,5,Natural Disaster,10.19,0.848,0.021,0.24,1.0,1,46.5
SHP105165,Hamburg,London,FedEx,Rail,2024-07-13,2024-07-27,14,12,Customs Hold,4671.22,3,0,Snow,6.45,2,4,Natural Disaster,9.56,0.894,0.06,0.1,0.7463,1,47.3
SHP105166,Mumbai,Sydney,Maersk,Rail,2024-04-23,2024-05-07,14,1,Customs Hold,4833.63,2,0,Snow,6.05,2,3,Equipment Failure,6.0,0.859,0.183,0.3,0.8572,1,71.8
SHP105167,Los Angeles,Tokyo,UPS,Rail,2023-06-10,2023-06-19,9,10,Out for Delivery,3501.69,4,0,Snow,5.51,5,6,Port Strike,9.44,0.942,0.335,0.25,1.0,1,23.5
SHP105168,Hamburg,London,DB Schenker,Road,2024-10-27,2024-11-05,9,9,Customs Hold,3263.27,2,1,Blizzard,8.81,6,2,Port Strike,8.72,0.893,0.275,0.1,1.0,1,69.4
SHP105169,Dubai,New York,DB Schenker,Rail,2023-12-17,2023-12-24,7,3,Customs Hold,4643.28,2,0,Snow,6.09,5,8,None,0.0,0.892,0.175,0.43,0.8728,1,39.5
SHP105170,Rotterdam,London,DHL,Air,2024-11-29,2024-12-01,2,0,At Port,705.27,4,0,Rain,1.55,3,9,None,0.45,0.914,0.226,0.16,0.4377,0,0.0
SHP105171,Mumbai,London,UPS,Rail,2024-05-14,2024-05-23,9,11,In Transit,4151.1,3,0,Fog,3.56,2,4,Port Strike,8.57,0.946,0.201,0.38,1.0,1,51.3
SHP105172,Rotterdam,Tokyo,Maersk,Rail,2023-10-28,2023-11-05,8,12,Delayed,2543.09,1,0,Heavy Rain,4.94,5,10,None,0.0,0.869,0.244,0.26,0.936,1,25.3
SHP105173,Mumbai,Tokyo,Maersk,Air,2023-04-28,2023-05-02,4,8,Delayed,2732.13,2,1,Clear,0.0,2,9,Natural Disaster,9.84,0.863,0.344,0.3,1.0,1,13.7
SHP105174,Hamburg,New York,DB Schenker,Rail,2023-10-04,2023-10-18,14,0,Out for Delivery,454.01,3,0,Rain,1.82,3,9,Traffic Jam,3.58,0.885,0.032,0.12,0.4947,0,0.0
SHP105175,Mumbai,Chicago,DB Schenker,Air,2024-12-01,2024-12-05,4,4,Delayed,2093.74,3,0,Blizzard,8.77,4,2,Traffic Jam,3.75,0.88,0.335,0.2,0.9495,1,83.4
SHP105176,Los Angeles,Tokyo,DHL,Rail,2023-09-06,2023-09-15,9,0,Delayed,1963.19,3,0,Blizzard,9.32,4,10,Port Strike,8.8,0.895,0.124,0.25,0.9835,1,39.4
SHP105177,Los Angeles,Singapore,DHL,Rail,2024-08-28,2024-09-04,7,3,Customs Hold,490.01,5,0,Blizzard,9.21,3,6,Equipment Failure,5.75,0.931,0.131,0.43,0.9799,1,21.9
SHP105178,Rotterdam,Chicago,UPS,Sea,2024-09-22,2024-10-25,33,16,Delayed,1562.0,4,0,Rain,1.79,5,10,Port Strike,9.01,0.912,0.317,0.2,0.8976,1,54.2
SHP105179,Shanghai,Sydney,FedEx,Sea,2023-01-10,2023-02-07,28,8,Delayed,1120.07,2,0,Heavy Rain,4.88,3,7,Equipment Failure,5.86,0.96,0.361,0.13,0.7393,1,36.1
SHP105180,Los Angeles,London,DHL,Road,2023-05-24,2023-05-30,6,3,Customs Hold,35.2,2,0,Storm,7.92,9,7,Traffic Jam,3.77,0.872,0.21,0.34,1.0,1,8.0
SHP105181,Rotterdam,New York,DB Schenker,Rail,2023-11-19,2023-11-28,9,11,At Port,1727.33,3,1,Snow,5.65,4,4,None,0.0,0.889,0.182,0.39,0.9191,1,38.0
SHP105182,Dubai,Tokyo,FedEx,Air,2023-02-17,2023-02-20,3,1,In Transit,4425.09,5,0,Storm,8.33,1,2,Port Strike,8.85,0.904,0.294,0.13,0.8308,1,63.7
SHP105183,Dubai,Singapore,UPS,Air,2023-01-05,2023-01-08,3,5,In Transit,547.27,1,0,Blizzard,9.43,2,7,Natural Disaster,10.15,0.915,0.331,0.15,1.0,1,6.1
SHP105184,Rotterdam,Chicago,DB Schenker,Air,2023-04-10,2023-04-15,5,2,In Transit,4696.47,2,1,Snow,5.55,1,6,Port Strike,9.02,0.865,0.33,0.2,0.9426,1,27.7
SHP105185,Mumbai,Tokyo,FedEx,Road,2023-08-17,2023-08-24,7,1,Delayed,3840.94,1,0,Storm,7.99,8,9,Equipment Failure,5.84,0.927,0.223,0.15,0.8523,1,17.9
SHP105186,Hamburg,Singapore,FedEx,Rail,2024-03-07,2024-03-17,10,8,Customs Hold,1372.56,1,0,Clear,0.0,4,7,None,0.0,0.92,0.091,0.17,0.4897,0,0.0
SHP105187,Dubai,London,DB Schenker,Sea,2024-09-14,2024-10-19,35,33,In Transit,1166.17,5,0,Snow,5.78,3,9,Port Strike,9.37,0.884,0.374,0.32,1.0,1,22.9
SHP105188,Rotterdam,Tokyo,XPO Logistics,Rail,2024-01-04,2024-01-14,10,9,Out for Delivery,1533.67,3,0,Fog,4.05,2,5,Natural Disaster,9.63,0.809,0.166,0.18,0.9586,1,68.2
SHP105189,Mumbai,New York,FedEx,Sea,2024-09-08,2024-10-06,28,6,In Transit,354.09,4,0,Rain,2.07,3,2,Natural Disaster,9.79,0.938,0.063,0.29,0.7836,1,25.9
SHP105190,Mumbai,Singapore,FedEx,Sea,2023-08-20,2023-09-19,30,11,In Transit,1035.11,2,0,Storm,8.2,3,5,None,0.0,0.953,0.184,0.22,0.6932,1,61.6
SHP105191,Rotterdam,Tokyo,XPO Logistics,Road,2023-07-27,2023-08-01,5,4,Customs Hold,3563.84,3,0,Storm,8.25,9,4,Equipment Failure,6.49,0.817,0.321,0.23,1.0,1,11.1
SHP105192,Los Angeles,Singapore,Maersk,Sea,2024-03-16,2024-04-08,23,15,Customs Hold,3426.43,2,1,Rain,1.8,5,10,None,0.0,0.872,0.261,0.17,0.6049,1,10.6
SHP105193,Hamburg,Tokyo,UPS,Road,2023-11-07,2023-11-17,10,13,Delayed,2509.07,3,0,Heavy Rain,4.62,6,8,Equipment Failure,5.53,0.889,0.377,0.35,1.0,1,56.1
SHP105194,Dubai,Singapore,DB Schenker,Sea,2023-01-16,2023-02-07,22,11,Out for Delivery,1088.61,4,0,Heavy Rain,5.27,4,5,None,0.23,0.874,0.032,0.15,0.5399,1,16.6
SHP105195,Los Angeles,Tokyo,DHL,Rail,2023-04-12,2023-04-21,9,1,Delayed,4934.99,5,1,Clear,0.5,5,9,None,0.4,0.929,0.025,0.25,0.4314,0,0.0
SHP105196,Los Angeles,London,DB Schenker,Road,2024-05-28,2024-06-07,10,2,At Port,2780.5,4,0,Heavy Rain,5.39,9,2,None,0.0,0.852,0.129,0.14,0.7306,1,7.7
SHP105197,Hamburg,Chicago,UPS,Air,2023-05-05,2023-05-10,5,4,Out for Delivery,2115.04,1,0,Rain,1.66,3,7,Equipment Failure,6.11,0.89,0.256,0.41,1.0,1,56.6
SHP105198,Mumbai,Sydney,FedEx,Sea,2024-02-10,2024-02-28,18,10,At Port,2177.37,3,0,Heavy Rain,4.56,6,3,Traffic Jam,4.49,0.927,0.162,0.3,0.8559,1,39.0
SHP105199,Hamburg,Sydney,FedEx,Road,2023-07-19,2023-07-24,5,6,At Port,2487.93,5,0,Clear,0.0,6,1,Natural Disaster,9.53,0.905,0.047,0.38,0.8937,1,37.6
SHP105200,Rotterdam,Chicago,Maersk,Sea,2023-03-06,2023-03-25,19,18,At Port,4799.57,3,1,Clear,0.16,6,4,Port Strike,8.51,0.853,0.032,0.2,0.9002,1,24.3
SHP105201,Dubai,Singapore,Maersk,Air,2024-02-01,2024-02-06,5,7,Out for Delivery,563.75,4,0,Rain,1.62,3,1,Equipment Failure,5.94,0.832,0.294,0.15,0.8597,1,62.8
SHP105202,Mumbai,London,XPO Logistics,Rail,2023-07-15,2023-07-25,10,11,At Port,1065.26,5,0,Snow,6.49,5,4,Equipment Failure,6.47,0.86,0.252,0.31,1.0,1,70.4
SHP105203,Shanghai,New York,UPS,Sea,2023-12-07,2024-01-02,26,27,Delayed,923.19,3,0,Fog,4.28,6,9,Natural Disaster,9.88,0.906,0.304,0.35,1.0,1,44.4
SHP105204,Hamburg,London,DB Schenker,Air,2024-03-07,2024-03-11,4,2,In Transit,2383.15,2,0,Fog,3.64,2,7,Natural Disaster,9.59,0.859,0.231,0.1,0.7671,1,5.1
SHP105205,Hamburg,New York,Maersk,Road,2023-06-02,2023-06-05,3,4,Delayed,3434.52,5,0,Blizzard,8.71,7,3,Traffic Jam,3.74,0.848,0.31,0.18,1.0,1,30.3
SHP105206,Dubai,London,UPS,Road,2023-07-08,2023-07-17,9,11,Out for Delivery,304.9,1,1,Heavy Rain,5.38,6,5,None,0.27,0.913,0.184,0.39,0.8928,1,58.5
SHP105207,Shanghai,New York,DHL,Air,2024-10-09,2024-10-13,4,4,Out for Delivery,2226.36,1,0,Heavy Rain,5.46,3,6,Equipment Failure,6.35,0.867,0.377,0.35,1.0,1,51.1
SHP105208,Mumbai,New York,DB Schenker,Rail,2024-05-08,2024-05-18,10,0,In Transit,2848.13,1,1,Storm,7.52,5,6,Traffic Jam,4.44,0.854,0.227,0.23,0.8982,1,63.9
SHP105209,Dubai,Sydney,Maersk,Sea,2024-06-01,2024-06-26,25,28,Customs Hold,3481.05,4,0,Heavy Rain,4.85,6,10,Natural Disaster,10.0,0.85,0.313,0.21,1.0,1,53.6
SHP105210,Rotterdam,Tokyo,DHL,Rail,2024-06-12,2024-06-26,14,12,At Port,45.65,1,0,Storm,7.77,3,5,Port Strike,9.27,0.879,0.194,0.22,1.0,1,41.9
SHP105211,Los Angeles,London,UPS,Rail,2023-11-05,2023-11-19,14,15,Customs Hold,2451.75,5,1,Snow,5.91,2,10,None,0.0,0.934,0.242,0.26,0.6826,1,54.0
SHP105212,Los Angeles,Sydney,DHL,Air,2023-10-09,2023-10-11,2,4,Out for Delivery,296.66,2,0,Clear,0.42,2,9,Natural Disaster,10.08,0.891,0.28,0.14,0.9128,1,13.6
SHP105213,Shanghai,Singapore,UPS,Rail,2024-04-08,2024-04-22,14,18,Out for Delivery,1691.9,2,1,Storm,7.53,2,4,Natural Disaster,10.06,0.906,0.042,0.12,0.8783,1,21.9
SHP105214,Mumbai,Chicago,Maersk,Road,2024-01-29,2024-02-01,3,7,Out for Delivery,967.94,4,0,Snow,5.76,6,2,Traffic Jam,3.67,0.852,0.294,0.43,1.0,1,63.5
SHP105215,Los Angeles,Tokyo,Maersk,Rail,2024-05-31,2024-06-10,10,0,Out for Delivery,3301.53,2,0,Storm,7.82,5,4,Port Strike,8.88,0.871,0.377,0.25,1.0,1,54.2
SHP105216,Hamburg,New York,XPO Logistics,Sea,2023-09-13,2023-10-09,26,20,At Port,1996.48,5,0,Blizzard,8.85,4,10,Natural Disaster,10.43,0.87,0.356,0.27,1.0,1,26.6
SHP105217,Los Angeles,Tokyo,XPO Logistics,Rail,2024-03-19,2024-04-03,15,6,Out for Delivery,48.22,1,0,Snow,5.7,3,3,None,0.11,0.807,0.355,0.25,0.8776,1,64.5
SHP105218,Hamburg,Singapore,DB Schenker,Sea,2023-07-02,2023-07-23,21,20,At Port,4968.71,3,0,Storm,7.52,6,1,None,0.0,0.901,0.134,0.32,0.8963,1,8.4
SHP105219,Rotterdam,London,DB Schenker,Road,2023-01-02,2023-01-07,5,9,At Port,4975.05,1,0,Storm,8.41,8,9,Equipment Failure,6.07,0.874,0.183,0.17,1.0,1,51.1
SHP105220,Los Angeles,Singapore,UPS,Rail,2023-03-28,2023-04-05,8,2,Customs Hold,1341.85,1,0,Snow,5.77,2,5,None,0.02,0.942,0.13,0.34,0.6254,1,14.9
SHP105221,Shanghai,Tokyo,Maersk,Air,2023-03-22,2023-03-25,3,1,At Port,3368.23,1,0,Clear,0.11,3,3,Port Strike,8.62,0.859,0.057,0.38,0.8253,1,10.0
SHP105222,Mumbai,New York,DB Schenker,Rail,2024-09-04,2024-09-14,10,5,At Port,1491.07,5,0,Fog,4.11,3,6,Equipment Failure,6.31,0.866,0.371,0.36,1.0,1,27.0
SHP105223,Mumbai,London,DHL,Rail,2024-01-08,2024-01-15,7,4,Out for Delivery,4733.72,4,0,Clear,0.15,3,9,Port Strike,8.61,0.896,0.31,0.26,0.9386,1,54.2
SHP105224,Los Angeles,Tokyo,DHL,Sea,2024-02-05,2024-03-08,32,30,Delayed,2946.78,1,0,Blizzard,8.69,6,3,Traffic Jam,3.84,0.905,0.197,0.25,0.9602,1,29.3
SHP105225,Rotterdam,Tokyo,FedEx,Road,2024-11-19,2024-11-23,4,1,At Port,946.46,1,0,Snow,5.59,7,10,Port Strike,9.11,0.929,0.088,0.26,0.832,1,48.8
SHP105226,Dubai,New York,UPS,Road,2024-11-03,2024-11-09,6,6,In Transit,2444.8,5,0,Clear,0.0,8,2,Equipment Failure,6.47,0.911,0.153,0.29,0.8932,1,44.8
SHP105227,Mumbai,Singapore,DHL,Road,2024-03-16,2024-03-21,5,7,Out for Delivery,764.4,4,0,Clear,0.08,8,6,Natural Disaster,9.69,0.89,0.233,0.33,1.0,1,78.1
SHP105228,Mumbai,Chicago,XPO Logistics,Air,2023-10-12,2023-10-14,2,3,At Port,1418.45,2,1,Rain,1.82,1,4,Traffic Jam,3.67,0.854,0.325,0.2,0.8306,1,68.8
SHP105229,Hamburg,Chicago,DHL,Sea,2023-07-31,2023-08-18,18,11,At Port,3557.48,2,0,Snow,6.32,4,8,Equipment Failure,6.14,0.894,0.076,0.17,0.7802,1,46.1
SHP105230,Rotterdam,Tokyo,UPS,Rail,2023-09-25,2023-10-07,12,0,In Transit,2159.9,3,0,Rain,2.34,4,10,Natural Disaster,9.81,0.911,0.365,0.18,0.9612,1,58.3
SHP105231,Rotterdam,Sydney,DHL,Road,2023-05-26,2023-05-29,3,3,Out for Delivery,4206.35,4,0,Rain,1.78,8,3,Natural Disaster,10.46,0.923,0.185,0.21,1.0,1,74.5
SHP105232,Mumbai,Sydney,DB Schenker,Rail,2024-01-26,2024-02-08,13,17,Out for Delivery,3745.04,5,1,Storm,8.32,3,5,Traffic Jam,4.31,0.873,0.204,0.3,1.0,1,24.3
SHP105233,Rotterdam,New York,UPS,Air,2024-11-14,2024-11-16,2,7,Customs Hold,2499.64,2,1,Snow,5.93,4,8,Equipment Failure,6.09,0.894,0.05,0.41,1.0,1,33.4
SHP105234,Dubai,Sydney,FedEx,Road,2024-10-14,2024-10-21,7,5,In Transit,3688.48,2,1,Heavy Rain,4.62,8,1,Natural Disaster,10.39,0.962,0.185,0.2,1.0,1,87.8
SHP105235,Mumbai,Sydney,XPO Logistics,Rail,2024-07-04,2024-07-13,9,12,At Port,4862.09,2,1,Rain,1.65,5,5,Natural Disaster,10.0,0.83,0.045,0.3,0.9707,1,23.1
SHP105236,Rotterdam,Tokyo,Maersk,Road,2024-01-28,2024-01-31,3,4,At Port,891.42,3,0,Rain,2.44,8,6,None,0.43,0.819,0.055,0.33,0.8353,1,37.3
SHP105237,Rotterdam,Chicago,DHL,Air,2024-10-24,2024-10-29,5,0,In Transit,4534.24,1,0,Storm,8.02,1,4,Natural Disaster,9.94,0.885,0.126,0.2,0.8926,1,81.4
SHP105238,Los Angeles,New York,DHL,Road,2023-08-12,2023-08-19,7,2,Out for Delivery,2710.41,3,1,Blizzard,8.94,6,10,Equipment Failure,6.49,0.879,0.098,0.13,0.9282,1,83.2
SHP105239,Dubai,Chicago,Maersk,Air,2024-01-31,2024-02-04,4,4,Out for Delivery,1828.27,3,1,Clear,0.34,3,4,Equipment Failure,6.45,0.856,0.269,0.37,0.9182,1,16.0
SHP105240,Los Angeles,London,DB Schenker,Sea,2023-03-26,2023-04-21,26,21,Delayed,4320.57,2,1,Rain,1.7,3,1,Natural Disaster,9.92,0.845,0.07,0.23,0.8295,1,78.0
SHP105241,Shanghai,Sydney,Maersk,Sea,2024-07-05,2024-08-02,28,9,At Port,2568.37,2,0,Rain,1.77,4,9,Port Strike,8.93,0.862,0.036,0.41,0.9031,1,54.3
SHP105242,Los Angeles,Chicago,FedEx,Sea,2023-11-22,2023-12-19,27,12,In Transit,2692.06,3,0,Snow,6.33,6,2,Natural Disaster,10.23,0.897,0.362,0.17,1.0,1,69.6
SHP105243,Mumbai,Sydney,FedEx,Air,2023-08-30,2023-09-04,5,8,In Transit,914.68,1,1,Clear,0.18,1,10,Port Strike,8.68,0.899,0.337,0.3,0.9185,1,73.8
SHP105244,Rotterdam,Chicago,XPO Logistics,Road,2024-03-24,2024-04-03,10,1,At Port,561.96,1,1,Storm,8.25,6,2,Port Strike,8.62,0.859,0.072,0.2,0.93,1,46.1
SHP105245,Los Angeles,Singapore,DHL,Air,2024-06-07,2024-06-09,2,3,Out for Delivery,4027.54,1,0,Blizzard,8.58,1,8,Traffic Jam,3.89,0.882,0.299,0.41,1.0,1,89.5
SHP105246,Shanghai,London,Maersk,Road,2023-06-28,2023-07-01,3,6,In Transit,2829.38,3,1,Blizzard,9.35,6,10,Natural Disaster,9.57,0.857,0.3,0.1,1.0,1,53.1
SHP105247,Los Angeles,Sydney,Maersk,Air,2023-06-16,2023-06-20,4,8,In Transit,4891.41,2,0,Heavy Rain,4.6,3,9,Port Strike,8.66,0.888,0.206,0.17,0.9392,1,79.9
SHP105248,Rotterdam,Sydney,Maersk,Sea,2024-06-18,2024-07-10,22,3,In Transit,2104.38,3,0,Rain,2.45,6,2,Port Strike,8.65,0.835,0.16,0.18,0.8551,1,25.0
SHP105249,Los Angeles,Chicago,XPO Logistics,Rail,2024-10-21,2024-10-28,7,8,At Port,2643.56,3,0,Storm,8.47,3,5,None,0.21,0.844,0.297,0.32,0.9802,1,48.7
SHP105250,Los Angeles,Singapore,FedEx,Road,2024-04-09,2024-04-16,7,12,Delayed,2433.17,3,1,Storm,8.12,8,1,Natural Disaster,10.29,0.895,0.272,0.29,1.0,1,16.5
SHP105251,Dubai,London,UPS,Sea,2023-12-20,2024-01-09,20,6,Out for Delivery,2246.03,1,0,Blizzard,9.01,4,3,Traffic Jam,3.54,0.899,0.222,0.13,0.8335,1,26.4
SHP105252,Los Angeles,London,FedEx,Road,2023-12-07,2023-12-15,8,4,Customs Hold,4239.06,1,0,Snow,6.45,9,2,Traffic Jam,4.49,0.939,0.144,0.17,0.7765,1,37.6
SHP105253,Mumbai,Sydney,DHL,Road,2024-10-02,2024-10-10,8,12,Delayed,1585.36,5,0,Storm,8.49,7,5,None,0.02,0.889,0.164,0.3,1.0,1,19.5
SHP105254,Los Angeles,Tokyo,XPO Logistics,Road,2024-02-04,2024-02-13,9,9,At Port,1844.73,1,0,Storm,7.61,7,10,None,0.17,0.801,0.251,0.25,0.9947,1,58.8
SHP105255,Mumbai,London,FedEx,Road,2023-02-24,2023-02-27,3,6,Customs Hold,2410.23,2,0,Storm,7.85,9,8,Traffic Jam,3.85,0.913,0.299,0.25,1.0,1,46.9
SHP105256,Dubai,New York,XPO Logistics,Sea,2023-09-21,2023-10-21,30,12,At Port,2800.75,1,0,Rain,2.08,4,3,None,0.04,0.83,0.317,0.31,0.833,1,11.7
SHP105257,Shanghai,Tokyo,DHL,Rail,2024-06-30,2024-07-08,8,2,Out for Delivery,1845.71,3,0,Clear,0.48,4,9,Equipment Failure,5.96,0.892,0.246,0.13,0.6681,1,48.6
SHP105258,Mumbai,Chicago,XPO Logistics,Air,2023-08-11,2023-08-16,5,1,Out for Delivery,3754.17,2,0,Fog,3.51,2,7,Natural Disaster,10.46,0.866,0.277,0.36,1.0,1,8.8
SHP105259,Dubai,London,XPO Logistics,Road,2024-05-14,2024-05-20,6,3,In Transit,1587.44,5,1,Storm,8.48,7,2,Natural Disaster,10.22,0.821,0.207,0.18,1.0,1,20.5
SHP105260,Dubai,Singapore,Maersk,Air,2023-05-21,2023-05-24,3,3,Out for Delivery,3935.53,3,0,Clear,0.0,4,9,Equipment Failure,5.65,0.861,0.217,0.15,0.7994,1,32.5
SHP105261,Mumbai,London,UPS,Sea,2023-03-25,2023-04-28,34,15,Customs Hold,42.93,2,0,Rain,2.16,3,6,Equipment Failure,5.54,0.901,0.106,0.18,0.6696,1,20.8
SHP105262,Mumbai,London,UPS,Rail,2023-06-07,2023-06-20,13,17,At Port,1202.1,2,0,Rain,2.06,5,8,None,0.0,0.903,0.296,0.35,0.8308,1,12.7
SHP105263,Dubai,Tokyo,Maersk,Rail,2023-09-23,2023-10-07,14,0,Out for Delivery,4360.11,1,0,Storm,7.55,3,2,Natural Disaster,9.79,0.84,0.183,0.24,1.0,1,13.8
SHP105264,Dubai,Sydney,XPO Logistics,Road,2024-10-18,2024-10-25,7,5,At Port,4213.16,3,0,Heavy Rain,4.5,7,2,Equipment Failure,5.66,0.853,0.139,0.21,0.9422,1,72.0
SHP105265,Los Angeles,New York,DHL,Sea,2024-11-03,2024-11-30,27,21,At Port,317.93,4,1,Fog,3.57,3,9,Traffic Jam,4.24,0.887,0.145,0.29,0.8046,1,5.8
SHP105266,Dubai,Chicago,FedEx,Air,2024-08-16,2024-08-19,3,7,Customs Hold,2207.57,3,0,Clear,0.23,2,4,Equipment Failure,6.45,0.926,0.361,0.34,1.0,1,93.2
SHP105267,Los Angeles,Sydney,DB Schenker,Rail,2024-01-05,2024-01-20,15,1,At Port,26.52,1,0,Heavy Rain,4.62,4,1,Natural Disaster,10.35,0.876,0.203,0.24,0.9494,1,69.3
SHP105268,Mumbai,New York,DB Schenker,Sea,2023-12-12,2024-01-14,33,3,Out for Delivery,4581.32,1,0,Clear,0.0,5,7,Equipment Failure,6.38,0.865,0.207,0.25,0.8271,1,69.0
SHP105269,Hamburg,London,FedEx,Rail,2023-08-24,2023-09-02,9,5,Out for Delivery,4433.37,4,0,Rain,1.91,4,8,Equipment Failure,6.06,0.946,0.258,0.1,0.6266,1,25.6
SHP105270,Dubai,Chicago,FedEx,Road,2024-04-03,2024-04-11,8,3,Delayed,560.68,5,1,Blizzard,8.87,6,8,None,0.34,0.939,0.158,0.13,0.5998,1,10.7
SHP105271,Los Angeles,London,XPO Logistics,Air,2024-07-11,2024-07-15,4,4,Out for Delivery,2858.5,5,0,Rain,2.14,4,2,Traffic Jam,3.65,0.813,0.392,0.17,0.9105,1,12.6
SHP105272,Hamburg,Tokyo,UPS,Air,2024-04-24,2024-04-27,3,8,Delayed,2402.73,5,0,Snow,5.76,1,3,Port Strike,8.84,0.876,0.162,0.12,1.0,1,33.1
SHP105273,Los Angeles,Singapore,XPO Logistics,Air,2024-07-08,2024-07-11,3,0,Delayed,4879.74,1,0,Snow,6.35,1,9,Traffic Jam,4.14,0.814,0.366,0.11,0.8127,1,13.9
SHP105274,Los Angeles,Tokyo,DB Schenker,Road,2023-02-07,2023-02-11,4,5,Out for Delivery,2125.49,4,1,Snow,5.75,8,4,Traffic Jam,3.6,0.82,0.082,0.25,1.0,1,47.5
SHP105275,Dubai,New York,DHL,Rail,2023-08-01,2023-08-15,14,14,At Port,1883.1,4,0,Blizzard,8.51,5,7,Natural Disaster,10.04,0.885,0.028,0.36,1.0,1,80.9
SHP105276,Rotterdam,New York,DB Schenker,Road,2023-12-25,2024-01-01,7,0,Out for Delivery,4171.7,2,0,Clear,0.16,8,7,Traffic Jam,3.71,0.884,0.064,0.3,0.6524,1,12.4
SHP105277,Rotterdam,Chicago,Maersk,Rail,2023-03-29,2023-04-06,8,5,At Port,4588.33,3,0,Snow,6.02,2,9,Traffic Jam,4.34,0.888,0.107,0.2,0.7817,1,42.1
SHP105278,Rotterdam,Sydney,DB Schenker,Rail,2023-08-20,2023-08-28,8,8,Customs Hold,736.26,3,1,Rain,1.68,3,2,None,0.13,0.881,0.27,0.44,0.8836,1,67.3
SHP105279,Los Angeles,Chicago,DB Schenker,Air,2024-08-21,2024-08-23,2,5,Delayed,4910.0,4,1,Rain,1.86,1,2,None,0.0,0.854,0.056,0.15,0.6796,1,48.7
SHP105280,Dubai,Tokyo,DHL,Rail,2024-06-09,2024-06-22,13,17,Customs Hold,4767.94,3,0,Fog,4.18,4,6,None,0.12,0.863,0.264,0.26,0.8222,1,49.2
SHP105281,Shanghai,Chicago,XPO Logistics,Rail,2023-06-07,2023-06-20,13,16,In Transit,278.69,3,0,Heavy Rain,4.5,4,2,Port Strike,8.86,0.828,0.289,0.33,1.0,1,86.8
SHP105282,Dubai,New York,XPO Logistics,Sea,2023-06-01,2023-06-30,29,22,Customs Hold,2671.62,3,0,Storm,7.7,4,3,Equipment Failure,6.04,0.841,0.312,0.22,1.0,1,37.6
SHP105283,Dubai,New York,Maersk,Air,2024-07-19,2024-07-22,3,2,Delayed,628.68,5,0,Clear,0.0,2,6,Traffic Jam,3.65,0.858,0.143,0.41,0.86,1,23.9
SHP105284,Los Angeles,Chicago,FedEx,Road,2024-06-21,2024-06-29,8,2,At Port,3349.82,4,0,Heavy Rain,4.88,6,5,Traffic Jam,3.97,0.944,0.189,0.32,0.7756,1,57.6
SHP105285,Los Angeles,Sydney,UPS,Rail,2023-02-06,2023-02-14,8,3,Customs Hold,305.55,1,0,Storm,8.47,5,7,Equipment Failure,6.46,0.899,0.258,0.26,1.0,1,44.4
SHP105286,Mumbai,London,FedEx,Road,2024-07-08,2024-07-14,6,7,At Port,2299.5,4,0,Rain,2.07,8,9,Port Strike,9.07,0.894,0.174,0.13,0.9307,1,42.2
SHP105287,Shanghai,New York,DB Schenker,Rail,2023-04-05,2023-04-13,8,13,In Transit,3285.72,5,0,Heavy Rain,5.16,5,6,Natural Disaster,9.75,0.826,0.387,0.35,1.0,1,92.1
SHP105288,Dubai,London,XPO Logistics,Road,2024-10-21,2024-10-28,7,4,In Transit,1560.11,1,1,Heavy Rain,5.3,9,8,None,0.26,0.82,0.268,0.16,0.8397,1,16.8
SHP105289,Dubai,Singapore,Maersk,Rail,2024-07-02,2024-07-09,7,0,In Transit,2302.28,2,1,Blizzard,9.34,3,6,Natural Disaster,9.7,0.866,0.393,0.15,1.0,1,15.8
SHP105290,Hamburg,Sydney,XPO Logistics,Sea,2024-04-10,2024-04-28,18,5,At Port,3966.74,5,1,Clear,0.05,5,8,Natural Disaster,10.22,0.861,0.323,0.42,1.0,1,26.4
SHP105291,Los Angeles,Tokyo,Maersk,Rail,2023-11-15,2023-11-29,14,19,Out for Delivery,541.86,4,0,Clear,0.3,5,3,Traffic Jam,3.76,0.852,0.071,0.25,0.7383,1,49.5
SHP105292,Rotterdam,New York,UPS,Air,2023-08-25,2023-08-30,5,1,At Port,3190.4,3,0,Blizzard,8.53,3,3,None,0.39,0.887,0.179,0.38,0.8546,1,52.2
SHP105293,Dubai,Chicago,Maersk,Rail,2023-07-12,2023-07-21,9,10,Delayed,2289.8,5,1,Snow,6.42,3,4,Equipment Failure,5.6,0.828,0.181,0.44,1.0,1,89.4
SHP105294,Mumbai,New York,UPS,Air,2023-04-17,2023-04-20,3,2,In Transit,4877.39,1,1,Blizzard,8.83,1,10,Equipment Failure,6.21,0.883,0.171,0.15,0.8344,1,39.8
SHP105295,Mumbai,New York,DB Schenker,Rail,2024-11-29,2024-12-13,14,0,Out for Delivery,1187.81,3,0,Heavy Rain,4.66,3,3,Traffic Jam,3.96,0.849,0.332,0.12,0.7342,1,27.4
SHP105296,Rotterdam,Chicago,UPS,Rail,2023-07-24,2023-08-05,12,12,At Port,1049.56,4,0,Storm,8.27,3,7,Equipment Failure,5.57,0.939,0.121,0.2,0.8325,1,61.3
SHP105297,Mumbai,Singapore,UPS,Air,2023-04-12,2023-04-17,5,4,Out for Delivery,4691.62,4,0,Blizzard,8.98,1,5,Traffic Jam,3.56,0.922,0.38,0.13,0.8645,1,48.8
SHP105298,Hamburg,New York,DHL,Rail,2024-04-07,2024-04-15,8,1,Out for Delivery,639.92,1,0,Rain,2.08,4,3,Port Strike,9.02,0.842,0.297,0.28,0.9457,1,60.0
SHP105299,Mumbai,London,Maersk,Air,2024-08-15,2024-08-20,5,10,At Port,4645.18,4,1,Clear,0.0,1,9,Traffic Jam,3.92,0.878,0.269,0.35,0.8719,1,25.7
SHP105300,Los Angeles,Chicago,DB Schenker,Air,2024-05-15,2024-05-19,4,3,Delayed,9.27,3,0,Clear,0.12,2,7,Natural Disaster,10.13,0.896,0.14,0.29,0.8107,1,49.3
SHP105301,Dubai,London,Maersk,Rail,2023-02-21,2023-03-06,13,2,At Port,2337.89,3,1,Blizzard,9.35,3,3,Equipment Failure,5.56,0.837,0.219,0.2,0.9743,1,37.2
SHP105302,Dubai,Sydney,FedEx,Rail,2023-08-21,2023-09-04,14,11,At Port,4317.35,3,1,Snow,6.3,4,5,None,0.0,0.894,0.399,0.25,0.8991,1,59.6
SHP105303,Dubai,Sydney,Maersk,Sea,2024-02-07,2024-02-28,21,16,Delayed,4036.55,5,0,Snow,5.73,3,8,Equipment Failure,6.02,0.868,0.034,0.14,0.7678,1,23.2
SHP105304,Mumbai,Sydney,Maersk,Sea,2024-09-05,2024-10-07,32,25,Delayed,3686.58,3,0,Fog,4.42,5,3,Equipment Failure,6.05,0.838,0.165,0.3,1.0,1,11.7
SHP105305,Los Angeles,New York,UPS,Road,2023-09-25,2023-09-29,4,0,Out for Delivery,627.49,4,0,Heavy Rain,5.38,7,4,Traffic Jam,4.32,0.91,0.394,0.38,0.9952,1,12.9
SHP105306,Los Angeles,Chicago,DHL,Road,2023-04-02,2023-04-11,9,11,In Transit,1749.46,1,0,Rain,2.39,7,9,Traffic Jam,4.03,0.882,0.315,0.25,1.0,1,77.5
SHP105307,Shanghai,Singapore,Maersk,Sea,2023-05-09,2023-06-04,26,3,Out for Delivery,3577.28,5,1,Snow,6.46,4,2,Equipment Failure,5.99,0.84,0.15,0.29,0.9136,1,48.6
SHP105308,Los Angeles,Sydney,FedEx,Road,2024-08-02,2024-08-11,9,8,Out for Delivery,4568.6,2,0,Fog,4.01,6,6,None,0.5,0.956,0.146,0.37,0.76,1,22.9
SHP105309,Hamburg,Singapore,UPS,Rail,2024-09-05,2024-09-12,7,1,Customs Hold,1417.04,1,0,Heavy Rain,4.79,3,4,Natural Disaster,10.31,0.927,0.245,0.41,1.0,1,36.9
SHP105310,Hamburg,Singapore,FedEx,Sea,2023-07-16,2023-08-17,32,8,Out for Delivery,4142.11,2,1,Storm,7.71,6,9,Traffic Jam,4.35,0.925,0.216,0.44,0.9596,1,81.2
SHP105311,Mumbai,New York,XPO Logistics,Road,2024-04-15,2024-04-19,4,6,In Transit,3592.77,4,0,Blizzard,9.38,6,5,None,0.2,0.853,0.259,0.18,0.9463,1,8.7
SHP105312,Hamburg,New York,DB Schenker,Air,2023-07-24,2023-07-27,3,4,In Transit,119.6,2,0,Snow,6.11,1,5,None,0.0,0.838,0.238,0.25,0.813,1,59.9
SHP105313,Dubai,Singapore,FedEx,Rail,2024-02-23,2024-03-04,10,11,At Port,2229.75,1,0,Heavy Rain,5.39,5,10,None,0.15,0.89,0.355,0.15,0.8735,1,17.3
SHP105314,Shanghai,New York,DB Schenker,Air,2023-11-03,2023-11-07,4,9,Out for Delivery,4953.85,1,0,Blizzard,9.2,4,6,Natural Disaster,9.89,0.877,0.067,0.35,1.0,1,51.1
SHP105315,Los Angeles,New York,DHL,Rail,2023-09-24,2023-10-02,8,10,Out for Delivery,1012.05,4,0,Snow,6.48,4,1,Traffic Jam,3.67,0.895,0.101,0.34,0.9133,1,16.3
SHP105316,Rotterdam,Tokyo,FedEx,Road,2023-07-22,2023-07-28,6,0,In Transit,3506.42,1,0,Blizzard,8.87,6,7,Traffic Jam,3.51,0.926,0.099,0.39,0.9743,1,29.5
SHP105317,Hamburg,Sydney,Maersk,Air,2023-07-15,2023-07-17,2,1,Out for Delivery,3956.83,1,1,Snow,5.64,2,1,None,0.0,0.793,0.353,0.32,0.9825,1,28.9
SHP105318,Dubai,Tokyo,FedEx,Rail,2023-04-04,2023-04-11,7,7,Delayed,3401.2,2,0,Fog,3.81,3,4,None,0.0,0.913,0.24,0.18,0.6531,1,29.7
SHP105319,Shanghai,Sydney,UPS,Sea,2024-04-15,2024-05-05,20,13,Out for Delivery,550.62,5,0,Blizzard,9.14,5,8,None,0.0,0.968,0.152,0.31,0.7781,1,66.6
SHP105320,Hamburg,Tokyo,FedEx,Road,2023-12-07,2023-12-12,5,2,Out for Delivery,649.54,4,0,Storm,8.04,8,10,None,0.0,0.915,0.179,0.27,0.8369,1,47.9
SHP105321,Rotterdam,Singapore,FedEx,Sea,2023-12-14,2024-01-02,19,14,In Transit,3579.68,3,1,Rain,1.51,4,6,Equipment Failure,6.41,0.913,0.19,0.2,0.7158,1,45.7
SHP105322,Hamburg,New York,DHL,Air,2023-02-02,2023-02-05,3,8,In Transit,4011.51,5,0,Snow,6.36,3,8,Equipment Failure,5.77,0.881,0.273,0.24,1.0,1,73.5
SHP105323,Rotterdam,New York,FedEx,Air,2023-09-14,2023-09-16,2,3,Out for Delivery,468.95,5,0,Fog,3.99,3,4,None,0.19,0.909,0.312,0.34,0.8861,1,18.2
SHP105324,Mumbai,Sydney,DHL,Sea,2024-04-18,2024-05-20,32,26,Out for Delivery,4424.46,1,1,Heavy Rain,5.15,4,8,Equipment Failure,5.52,0.89,0.133,0.3,0.9125,1,39.8
SHP105325,Hamburg,Tokyo,DB Schenker,Sea,2024-11-07,2024-11-26,19,22,Customs Hold,1240.33,5,0,Snow,5.84,4,1,Equipment Failure,5.94,0.884,0.339,0.21,1.0,1,40.4
SHP105326,Rotterdam,Singapore,UPS,Air,2023-04-17,2023-04-20,3,3,At Port,159.18,1,0,Blizzard,8.57,1,8,Equipment Failure,5.62,0.913,0.304,0.12,0.9215,1,77.7
SHP105327,Shanghai,New York,FedEx,Air,2024-01-26,2024-01-30,4,8,At Port,144.33,5,1,Clear,0.15,1,2,Natural Disaster,10.36,0.908,0.356,0.35,1.0,1,45.5
SHP105328,Shanghai,London,DB Schenker,Road,2023-12-31,2024-01-09,9,2,In Transit,2923.1,3,0,Heavy Rain,5.43,9,8,Traffic Jam,3.91,0.875,0.273,0.38,1.0,1,95.5
SHP105329,Los Angeles,New York,UPS,Rail,2023-11-06,2023-11-15,9,0,Customs Hold,3419.98,5,0,Rain,2.15,3,4,Natural Disaster,10.14,0.89,0.113,0.19,0.6851,1,9.0
SHP105330,Mumbai,Singapore,FedEx,Sea,2023-10-23,2023-11-11,19,9,Delayed,358.51,4,1,Blizzard,9.45,5,3,Equipment Failure,5.51,0.932,0.242,0.28,0.9841,1,10.1
SHP105331,Shanghai,London,FedEx,Road,2023-10-15,2023-10-21,6,0,At Port,350.85,5,0,Blizzard,8.63,8,5,Natural Disaster,10.18,0.89,0.233,0.41,1.0,1,15.1
SHP105332,Hamburg,Chicago,DB Schenker,Air,2023-02-07,2023-02-10,3,2,Out for Delivery,2810.19,1,0,Blizzard,8.86,2,9,Equipment Failure,6.32,0.824,0.295,0.35,1.0,1,46.2
SHP105333,Hamburg,Tokyo,DHL,Road,2024-07-24,2024-07-31,7,11,In Transit,2756.74,2,0,Heavy Rain,5.36,9,6,Traffic Jam,4.07,0.929,0.169,0.42,1.0,1,95.0
SHP105334,Shanghai,Chicago,XPO Logistics,Air,2024-07-25,2024-07-27,2,3,Customs Hold,1242.84,1,0,Fog,3.76,4,10,None,0.12,0.85,0.361,0.2,0.8698,1,33.1
SHP105335,Rotterdam,Sydney,DHL,Road,2023-07-17,2023-07-26,9,1,At Port,726.51,1,0,Snow,6.38,9,4,None,0.08,0.868,0.095,0.39,0.9291,1,23.6
SHP105336,Dubai,New York,FedEx,Sea,2024-05-04,2024-05-22,18,23,Delayed,2356.17,4,0,Heavy Rain,4.56,6,7,Equipment Failure,6.38,0.885,0.273,0.41,1.0,1,82.7
SHP105337,Rotterdam,New York,DB Schenker,Air,2023-05-10,2023-05-12,2,4,Customs Hold,1616.13,4,0,Storm,8.39,3,9,Port Strike,9.44,0.837,0.036,0.2,1.0,1,46.2
SHP105338,Hamburg,London,FedEx,Air,2023-04-18,2023-04-23,5,8,Delayed,3363.81,3,0,Fog,3.6,3,6,None,0.0,0.959,0.201,0.1,0.5714,1,51.2
SHP105339,Dubai,New York,DHL,Rail,2023-07-01,2023-07-09,8,13,Out for Delivery,734.58,3,0,Blizzard,8.56,3,8,Port Strike,8.6,0.868,0.33,0.43,1.0,1,63.4
SHP105340,Los Angeles,Tokyo,FedEx,Air,2023-10-25,2023-10-30,5,10,At Port,340.15,4,0,Storm,7.65,3,7,Traffic Jam,3.73,0.907,0.105,0.25,0.9052,1,10.8
SHP105341,Los Angeles,Chicago,XPO Logistics,Sea,2024-03-31,2024-04-22,22,6,Out for Delivery,248.72,5,0,Storm,8.42,4,2,Traffic Jam,3.59,0.816,0.195,0.11,0.813,1,49.5
SHP105342,Dubai,London,XPO Logistics,Sea,2024-02-08,2024-03-10,31,16,Out for Delivery,2607.75,4,0,Blizzard,9.3,4,2,None,0.0,0.822,0.361,0.12,0.888,1,6.4
SHP105343,Mumbai,New York,XPO Logistics,Sea,2023-03-26,2023-04-28,33,15,Delayed,184.38,3,1,Fog,4.09,4,10,None,0.43,0.846,0.317,0.21,0.8119,1,31.3
SHP105344,Los Angeles,Sydney,Maersk,Road,2023-10-15,2023-10-20,5,6,At Port,4267.82,5,1,Clear,0.22,7,8,None,0.44,0.84,0.225,0.17,0.7495,1,50.8
SHP105345,Hamburg,New York,Maersk,Air,2023-04-02,2023-04-07,5,0,Out for Delivery,3830.07,3,0,Clear,0.34,1,1,Port Strike,8.62,0.867,0.185,0.27,0.6902,1,34.7
SHP105346,Mumbai,London,DB Schenker,Road,2024-09-15,2024-09-21,6,1,At Port,16.97,3,1,Rain,1.87,8,2,Equipment Failure,6.33,0.851,0.2,0.18,0.7806,1,21.1
SHP105347,Shanghai,Sydney,DHL,Air,2023-11-06,2023-11-11,5,4,Out for Delivery,4497.95,3,1,Blizzard,8.89,4,3,None,0.26,0.889,0.399,0.19,0.9075,1,28.3
SHP105348,Rotterdam,London,DB Schenker,Road,2024-04-29,2024-05-04,5,4,Customs Hold,4459.36,2,0,Heavy Rain,4.85,8,5,None,0.43,0.857,0.19,0.26,0.872,1,42.8
SHP105349,Los Angeles,New York,FedEx,Road,2024-03-05,2024-03-10,5,9,Delayed,2020.65,3,0,Fog,4.25,7,5,Equipment Failure,5.99,0.919,0.164,0.31,1.0,1,75.6
SHP105350,Hamburg,New York,DHL,Sea,2024-04-02,2024-05-07,35,12,At Port,4941.82,4,0,Fog,4.18,4,10,Equipment Failure,6.49,0.885,0.065,0.27,0.8256,1,50.9
SHP105351,Shanghai,London,XPO Logistics,Sea,2023-02-20,2023-03-17,25,25,Delayed,161.08,3,0,Snow,5.8,5,10,Port Strike,8.84,0.857,0.15,0.43,1.0,1,93.7
SHP105352,Shanghai,Chicago,FedEx,Air,2023-04-22,2023-04-25,3,0,Delayed,448.35,1,1,Clear,0.0,2,3,None,0.14,0.872,0.311,0.14,0.5106,1,42.2
SHP105353,Mumbai,Chicago,DHL,Road,2023-03-22,2023-03-26,4,0,At Port,850.64,5,0,Clear,0.39,9,5,Equipment Failure,5.73,0.871,0.284,0.41,1.0,1,94.7
SHP105354,Dubai,Tokyo,Maersk,Rail,2023-09-19,2023-10-04,15,8,In Transit,4529.41,1,0,Heavy Rain,4.98,3,4,Traffic Jam,3.69,0.814,0.143,0.36,0.9231,1,61.8
SHP105355,Shanghai,Sydney,DHL,Road,2024-02-20,2024-02-25,5,8,Delayed,1295.11,2,0,Blizzard,9.33,9,9,None,0.44,0.85,0.23,0.43,1.0,1,68.5
SHP105356,Los Angeles,Chicago,DHL,Rail,2024-01-14,2024-01-21,7,0,Customs Hold,3921.26,2,0,Clear,0.0,2,6,Port Strike,9.17,0.895,0.323,0.34,0.9435,1,8.9
SHP105357,Los Angeles,Tokyo,UPS,Rail,2024-08-16,2024-08-25,9,2,At Port,250.77,4,0,Snow,6.27,3,9,Traffic Jam,3.82,0.9,0.031,0.25,0.7275,1,41.8
SHP105358,Los Angeles,New York,UPS,Air,2023-07-14,2023-07-18,4,3,Delayed,4231.73,1,0,Blizzard,9.44,1,9,Port Strike,8.95,0.913,0.29,0.28,1.0,1,15.0
SHP105359,Shanghai,Sydney,DB Schenker,Sea,2024-06-01,2024-06-30,29,7,In Transit,3760.64,5,0,Storm,8.01,3,2,Natural Disaster,10.31,0.886,0.174,0.27,1.0,1,55.1
SHP105360,Shanghai,Tokyo,XPO Logistics,Air,2023-04-05,2023-04-09,4,3,Delayed,2765.63,2,1,Blizzard,8.51,1,8,None,0.0,0.817,0.077,0.26,0.8176,1,68.4
SHP105361,Hamburg,Tokyo,XPO Logistics,Air,2024-04-26,2024-04-30,4,9,At Port,1223.82,2,0,Fog,4.49,2,10,Natural Disaster,9.73,0.85,0.091,0.38,1.0,1,41.4
SHP105362,Hamburg,Singapore,XPO Logistics,Air,2024-10-26,2024-10-31,5,9,At Port,4542.88,1,0,Rain,2.45,1,7,Equipment Failure,5.81,0.837,0.215,0.36,1.0,1,38.1
SHP105363,Los Angeles,London,FedEx,Sea,2023-10-03,2023-10-31,28,20,Out for Delivery,2794.2,1,1,Rain,1.8,5,10,Port Strike,9.3,0.943,0.343,0.19,0.8986,1,65.9
SHP105364,Dubai,Sydney,XPO Logistics,Sea,2023-07-10,2023-07-29,19,9,In Transit,1864.71,1,0,Heavy Rain,4.74,3,8,None,0.0,0.812,0.04,0.26,0.6543,1,39.4
SHP105365,Rotterdam,Tokyo,DHL,Sea,2024-11-12,2024-12-01,19,2,At Port,4247.84,5,1,Heavy Rain,4.91,5,1,Equipment Failure,6.01,0.903,0.149,0.15,0.7033,1,57.0
SHP105366,Dubai,Singapore,DB Schenker,Road,2023-05-02,2023-05-08,6,2,In Transit,2948.06,1,0,Rain,1.7,6,7,None,0.34,0.885,0.041,0.15,0.4711,0,0.0
SHP105367,Mumbai,London,XPO Logistics,Sea,2023-01-03,2023-02-07,35,31,Out for Delivery,2349.99,4,0,Rain,1.67,6,8,Equipment Failure,5.67,0.842,0.04,0.24,0.8874,1,18.7
SHP105368,Mumbai,Chicago,UPS,Rail,2024-04-17,2024-05-02,15,17,In Transit,1506.59,2,0,Heavy Rain,4.65,2,2,Equipment Failure,6.16,0.92,0.37,0.21,0.9045,1,65.8
SHP105369,Rotterdam,Chicago,XPO Logistics,Air,2024-10-04,2024-10-07,3,6,Out for Delivery,282.07,1,1,Snow,6.47,4,6,Natural Disaster,9.67,0.842,0.106,0.2,1.0,1,79.8
SHP105370,Shanghai,Singapore,DB Schenker,Road,2023-11-19,2023-11-28,9,10,In Transit,3676.37,3,0,Snow,6.37,8,2,Equipment Failure,5.9,0.878,0.293,0.2,1.0,1,73.0
SHP105371,Hamburg,New York,DHL,Air,2024-07-02,2024-07-06,4,4,At Port,1867.47,3,0,Clear,0.06,1,7,Natural Disaster,9.88,0.885,0.091,0.33,0.7825,1,32.1
SHP105372,Rotterdam,Singapore,DHL,Sea,2023-05-23,2023-06-17,25,11,Delayed,1541.21,4,1,Heavy Rain,5.06,3,3,Natural Disaster,10.4,0.891,0.161,0.29,0.9952,1,9.7
SHP105373,Shanghai,New York,UPS,Sea,2023-12-13,2024-01-09,27,10,Delayed,2590.3,5,0,Heavy Rain,5.38,5,3,Natural Disaster,9.82,0.91,0.116,0.35,0.9713,1,18.8
SHP105374,Mumbai,Singapore,Maersk,Air,2023-07-27,2023-07-29,2,7,Customs Hold,2524.7,3,0,Clear,0.0,3,10,Equipment Failure,5.53,0.852,0.108,0.1,0.9052,1,31.5
SHP105375,Los Angeles,Tokyo,Maersk,Rail,2024-07-20,2024-07-27,7,8,Customs Hold,4004.07,1,1,Fog,3.91,4,2,Natural Disaster,10.04,0.833,0.37,0.25,1.0,1,18.6
SHP105376,Rotterdam,Sydney,UPS,Sea,2024-08-23,2024-09-24,32,32,Delayed,3085.34,2,1,Rain,1.62,4,3,Port Strike,9.23,0.925,0.307,0.43,1.0,1,13.1
SHP105377,Rotterdam,Sydney,FedEx,Sea,2024-01-28,2024-02-20,23,2,In Transit,1082.29,5,0,Snow,5.74,5,7,None,0.37,0.932,0.262,0.29,0.7539,1,9.5
SHP105378,Shanghai,Tokyo,XPO Logistics,Air,2024-06-13,2024-06-17,4,1,Delayed,4572.11,4,0,Heavy Rain,5.35,3,5,Equipment Failure,6.28,0.826,0.323,0.39,1.0,1,18.0
SHP105379,Shanghai,New York,FedEx,Sea,2024-09-19,2024-10-16,27,27,Delayed,1826.56,4,0,Clear,0.12,6,6,Port Strike,9.19,0.938,0.227,0.35,0.9916,1,24.5
SHP105380,Los Angeles,Singapore,DHL,Sea,2023-11-28,2023-12-30,32,30,Out for Delivery,1443.04,2,0,Fog,4.34,3,7,Equipment Failure,6.22,0.884,0.322,0.29,0.9756,1,35.1
SHP105381,Mumbai,New York,DB Schenker,Sea,2024-08-05,2024-09-07,33,24,In Transit,1887.77,3,0,Storm,8.32,4,2,None,0.0,0.867,0.261,0.33,0.8858,1,69.0
SHP105382,Shanghai,Sydney,XPO Logistics,Air,2023-12-25,2023-12-30,5,0,In Transit,2028.88,2,0,Fog,3.52,4,8,Traffic Jam,3.86,0.8,0.164,0.27,0.85,1,58.0
SHP105383,Shanghai,Chicago,UPS,Air,2023-08-18,2023-08-21,3,4,Out for Delivery,1906.48,4,0,Fog,3.97,4,3,Equipment Failure,6.47,0.884,0.39,0.24,1.0,1,67.5
SHP105384,Mumbai,Sydney,Maersk,Rail,2023-05-26,2023-06-07,12,17,At Port,2217.45,1,0,Rain,1.79,2,6,None,0.0,0.871,0.121,0.3,0.7339,1,44.3
SHP105385,Shanghai,New York,XPO Logistics,Sea,2023-02-20,2023-03-24,32,30,Delayed,3676.19,3,0,Fog,3.73,4,4,Traffic Jam,4.13,0.84,0.274,0.35,1.0,1,71.1
SHP105386,Mumbai,Sydney,UPS,Rail,2023-05-24,2023-06-07,14,14,Out for Delivery,3975.25,5,0,Clear,0.0,5,3,None,0.11,0.927,0.102,0.3,0.5738,1,5.4
SHP105387,Mumbai,Chicago,DHL,Sea,2023-03-23,2023-04-12,20,8,In Transit,148.03,2,1,Blizzard,8.53,6,5,Traffic Jam,4.08,0.884,0.053,0.29,0.918,1,52.7
SHP105388,Rotterdam,London,DB Schenker,Road,2023-12-25,2023-12-28,3,5,Customs Hold,2282.97,1,0,Clear,0.43,7,5,Traffic Jam,3.53,0.851,0.391,0.27,1.0,1,77.6
SHP105389,Mumbai,Chicago,FedEx,Sea,2023-06-20,2023-07-15,25,13,Out for Delivery,1561.33,3,1,Rain,2.4,3,9,Traffic Jam,4.12,0.916,0.322,0.14,0.6414,1,30.3
SHP105390,Hamburg,Singapore,Maersk,Rail,2024-10-12,2024-10-26,14,3,At Port,1233.18,5,0,Rain,2.32,4,4,Natural Disaster,9.74,0.84,0.035,0.26,0.8677,1,16.9
SHP105391,Hamburg,New York,DB Schenker,Rail,2024-01-21,2024-02-04,14,10,Customs Hold,4635.63,3,1,Rain,1.88,5,10,Equipment Failure,6.26,0.858,0.168,0.28,0.8734,1,21.7
SHP105392,Rotterdam,London,DHL,Road,2023-08-03,2023-08-08,5,6,At Port,3798.92,1,0,Fog,4.11,7,1,Traffic Jam,3.79,0.867,0.394,0.31,1.0,1,47.4
SHP105393,Hamburg,New York,UPS,Road,2023-07-12,2023-07-19,7,7,Out for Delivery,3385.3,2,0,Clear,0.0,8,9,Port Strike,9.09,0.915,0.338,0.19,1.0,1,19.4
SHP105394,Shanghai,Sydney,DHL,Air,2024-07-19,2024-07-21,2,2,Delayed,571.97,3,0,Rain,1.62,1,6,Port Strike,8.69,0.866,0.366,0.42,1.0,1,72.8
SHP105395,Shanghai,Sydney,UPS,Air,2023-03-28,2023-03-30,2,2,In Transit,1210.09,3,0,Fog,3.68,2,4,None,0.0,0.931,0.259,0.35,0.6704,1,44.8
SHP105396,Shanghai,Sydney,DHL,Sea,2023-10-02,2023-11-05,34,1,Delayed,1924.47,1,0,Snow,6.31,3,6,Port Strike,9.49,0.911,0.193,0.25,0.9588,1,44.3
SHP105397,Rotterdam,Singapore,UPS,Rail,2023-11-10,2023-11-22,12,6,Customs Hold,1954.39,1,0,Rain,2.31,2,9,Equipment Failure,6.13,0.907,0.216,0.21,0.7097,1,7.6
SHP105398,Hamburg,Singapore,FedEx,Rail,2023-02-06,2023-02-19,13,7,In Transit,844.68,5,0,Rain,1.84,2,6,None,0.48,0.942,0.289,0.19,0.4969,0,0.0
SHP105399,Los Angeles,Singapore,UPS,Road,2023-10-16,2023-10-26,10,9,Delayed,3248.71,3,0,Snow,5.68,7,3,Port Strike,8.73,0.902,0.074,0.27,1.0,1,13.7
SHP105400,Rotterdam,New York,Maersk,Air,2024-11-13,2024-11-15,2,6,In Transit,2781.33,4,0,Heavy Rain,4.57,1,5,Natural Disaster,9.81,0.842,0.376,0.33,1.0,1,86.6
SHP105401,Dubai,Sydney,Maersk,Road,2024-03-29,2024-04-04,6,8,Customs Hold,1829.28,4,0,Heavy Rain,4.96,9,2,Traffic Jam,4.1,0.853,0.211,0.18,0.9641,1,44.0
SHP105402,Hamburg,Singapore,FedEx,Air,2024-03-15,2024-03-19,4,9,Out for Delivery,2661.12,3,0,Fog,4.45,3,9,Port Strike,8.89,0.917,0.279,0.36,1.0,1,17.2
SHP105403,Mumbai,Singapore,DHL,Road,2024-01-24,2024-01-27,3,3,In Transit,2000.33,4,0,Fog,4.31,9,4,None,0.03,0.916,0.335,0.21,0.8695,1,34.9
SHP105404,Shanghai,Sydney,XPO Logistics,Road,2023-02-26,2023-03-07,9,4,Out for Delivery,3473.0,2,0,Rain,2.02,9,7,Port Strike,8.63,0.819,0.215,0.43,1.0,1,37.8
SHP105405,Hamburg,London,DB Schenker,Rail,2024-07-26,2024-08-10,15,12,In Transit,1739.82,5,0,Clear,0.0,5,10,Port Strike,8.7,0.894,0.276,0.1,0.8313,1,21.7
SHP105406,Hamburg,Sydney,DB Schenker,Air,2023-03-31,2023-04-03,3,6,Out for Delivery,1202.24,2,1,Snow,6.43,3,1,None,0.5,0.827,0.105,0.3,0.9862,1,69.1
SHP105407,Mumbai,Sydney,DHL,Rail,2023-09-01,2023-09-11,10,15,Customs Hold,848.11,3,0,Fog,3.81,4,3,Natural Disaster,9.55,0.861,0.386,0.3,1.0,1,46.4
SHP105408,Rotterdam,Tokyo,DB Schenker,Air,2023-03-07,2023-03-10,3,1,Customs Hold,3835.13,1,0,Rain,1.59,3,6,Traffic Jam,3.73,0.884,0.021,0.11,0.4531,0,0.0
SHP105409,Dubai,Tokyo,DHL,Air,2023-08-02,2023-08-07,5,8,In Transit,4750.16,1,0,Blizzard,8.86,4,3,Port Strike,9.32,0.853,0.275,0.38,1.0,1,75.4
SHP105410,Dubai,New York,UPS,Air,2023-06-08,2023-06-11,3,1,In Transit,3841.28,3,0,Heavy Rain,4.64,1,7,Equipment Failure,5.87,0.87,0.322,0.37,0.985,1,70.9
SHP105411,Hamburg,Singapore,Maersk,Sea,2024-10-10,2024-11-12,33,3,Delayed,4006.18,4,0,Blizzard,9.27,3,7,Equipment Failure,6.4,0.838,0.248,0.25,1.0,1,17.4
SHP105412,Mumbai,New York,DHL,Sea,2024-06-25,2024-07-27,32,24,Out for Delivery,3216.22,2,0,Rain,2.26,3,3,None,0.24,0.894,0.295,0.34,0.7844,1,5.5
SHP105413,Mumbai,New York,DB Schenker,Road,2023-12-16,2023-12-26,10,13,At Port,260.96,4,1,Storm,7.67,9,3,None,0.32,0.859,0.346,0.14,1.0,1,92.1
SHP105414,Shanghai,New York,UPS,Rail,2023-12-06,2023-12-16,10,6,Customs Hold,2626.35,3,0,Storm,8.16,5,2,Equipment Failure,5.65,0.923,0.193,0.35,1.0,1,31.9
SHP105415,Hamburg,Singapore,DB Schenker,Air,2024-02-25,2024-02-28,3,3,Out for Delivery,4783.32,1,0,Snow,6.37,2,3,Natural Disaster,10.12,0.911,0.247,0.11,0.9504,1,13.2
SHP105416,Mumbai,Singapore,UPS,Air,2024-08-03,2024-08-05,2,7,At Port,971.65,3,0,Blizzard,8.51,1,2,Traffic Jam,4.32,0.942,0.269,0.32,1.0,1,10.5
SHP105417,Dubai,Sydney,DB Schenker,Sea,2024-04-28,2024-06-02,35,2,Delayed,2126.68,1,0,Storm,8.1,6,8,Equipment Failure,6.23,0.896,0.228,0.31,1.0,1,45.1
SHP105418,Dubai,London,DB Schenker,Rail,2023-07-16,2023-07-27,11,15,Out for Delivery,1175.37,1,0,Blizzard,8.93,3,10,Natural Disaster,10.01,0.89,0.035,0.38,1.0,1,27.9
SHP105419,Dubai,Tokyo,XPO Logistics,Sea,2024-10-15,2024-11-04,20,6,Customs Hold,3598.13,3,0,Blizzard,9.39,6,3,Natural Disaster,10.21,0.844,0.176,0.44,1.0,1,34.6
SHP105420,Shanghai,Sydney,UPS,Road,2023-06-11,2023-06-14,3,4,In Transit,3286.62,2,1,Clear,0.24,6,5,Equipment Failure,6.4,0.911,0.197,0.32,0.8205,1,54.6
SHP105421,Mumbai,Singapore,DHL,Rail,2024-05-12,2024-05-24,12,4,At Port,3048.85,3,0,Fog,3.52,3,9,Traffic Jam,3.54,0.916,0.332,0.12,0.6725,1,20.9
SHP105422,Dubai,Singapore,DHL,Sea,2023-08-20,2023-09-15,26,20,Out for Delivery,4796.81,2,0,Clear,0.31,5,3,Traffic Jam,4.11,0.87,0.058,0.15,0.6322,1,56.6
SHP105423,Los Angeles,New York,DB Schenker,Road,2024-11-28,2024-12-01,3,6,Delayed,3461.56,4,0,Heavy Rain,4.53,6,4,Port Strike,9.39,0.864,0.077,0.2,1.0,1,18.0
SHP105424,Hamburg,London,FedEx,Rail,2023-06-16,2023-06-23,7,6,Customs Hold,3849.56,5,0,Heavy Rain,4.97,4,4,Natural Disaster,9.88,0.937,0.144,0.1,0.755,1,40.7
SHP105425,Dubai,Singapore,DHL,Sea,2024-02-25,2024-03-17,21,18,In Transit,3222.36,5,0,Clear,0.26,6,6,Port Strike,8.97,0.888,0.322,0.15,0.8474,1,58.8
SHP105426,Rotterdam,New York,DB Schenker,Sea,2023-11-07,2023-11-30,23,0,In Transit,3791.86,4,1,Fog,3.78,6,3,Port Strike,9.16,0.833,0.339,0.12,0.9281,1,36.8
SHP105427,Mumbai,New York,XPO Logistics,Sea,2023-02-01,2023-02-23,22,25,Out for Delivery,2195.64,3,0,Rain,1.7,5,4,None,0.12,0.844,0.253,0.23,0.8046,1,52.4
SHP105428,Mumbai,Sydney,DHL,Road,2024-08-06,2024-08-12,6,4,Delayed,2176.13,1,0,Clear,0.0,7,5,Natural Disaster,9.75,0.906,0.297,0.3,1.0,1,30.4
SHP105429,Hamburg,Tokyo,XPO Logistics,Air,2023-09-22,2023-09-25,3,3,At Port,2607.03,1,0,Rain,1.6,3,3,Natural Disaster,10.35,0.825,0.221,0.11,0.9151,1,64.7
SHP105430,Los Angeles,Sydney,DHL,Sea,2023-09-23,2023-10-28,35,29,Out for Delivery,3738.54,3,0,Blizzard,9.14,6,9,Traffic Jam,4.01,0.907,0.158,0.26,0.9392,1,89.3
SHP105431,Dubai,New York,XPO Logistics,Rail,2023-10-01,2023-10-11,10,12,Customs Hold,1068.05,1,0,Blizzard,9.45,4,1,Equipment Failure,5.94,0.831,0.382,0.29,1.0,1,85.6
SHP105432,Shanghai,New York,Maersk,Air,2023-01-10,2023-01-13,3,8,Delayed,3832.38,3,0,Rain,1.57,2,8,Traffic Jam,4.48,0.876,0.196,0.35,0.9578,1,82.0
SHP105433,Shanghai,New York,UPS,Air,2023-12-15,2023-12-19,4,8,Customs Hold,286.33,1,0,Snow,6.48,1,2,Equipment Failure,5.87,0.911,0.372,0.35,1.0,1,86.6
SHP105434,Dubai,Singapore,Maersk,Rail,2024-06-21,2024-07-06,15,16,Out for Delivery,4149.97,5,0,Blizzard,8.74,2,1,Equipment Failure,6.07,0.886,0.385,0.15,0.9814,1,85.4
SHP105435,Hamburg,Sydney,FedEx,Road,2023-11-21,2023-11-24,3,8,Customs Hold,4259.73,4,0,Blizzard,9.45,6,4,None,0.3,0.921,0.291,0.3,1.0,1,12.9
SHP105436,Los Angeles,Chicago,DB Schenker,Rail,2023-04-01,2023-04-13,12,0,At Port,39.17,4,1,Rain,1.97,4,3,Port Strike,8.76,0.898,0.129,0.3,0.7853,1,57.0
SHP105437,Rotterdam,Sydney,XPO Logistics,Sea,2023-08-05,2023-08-27,22,25,Customs Hold,2065.45,1,0,Rain,1.65,4,10,Natural Disaster,10.11,0.817,0.051,0.2,0.9577,1,85.1
SHP105438,Dubai,Chicago,DHL,Rail,2023-02-03,2023-02-16,13,2,Customs Hold,4648.31,3,1,Storm,8.46,5,6,Traffic Jam,3.95,0.866,0.128,0.18,0.7627,1,31.5
SHP105439,Hamburg,Sydney,DHL,Road,2024-05-25,2024-05-28,3,7,Delayed,3902.28,2,1,Fog,4.18,6,3,None,0.3,0.905,0.045,0.27,0.8589,1,46.7
SHP105440,Rotterdam,Singapore,DHL,Sea,2024-11-22,2024-12-13,21,17,Customs Hold,4121.37,1,1,Storm,7.64,4,2,Traffic Jam,3.83,0.885,0.271,0.24,0.9613,1,31.8
SHP105441,Mumbai,New York,UPS,Road,2024-06-26,2024-07-06,10,11,Delayed,1502.28,1,1,Snow,6.26,9,2,None,0.19,0.922,0.345,0.39,1.0,1,75.6
SHP105442,Rotterdam,New York,UPS,Sea,2024-01-16,2024-02-12,27,29,Customs Hold,4567.8,1,0,Storm,8.12,5,10,Traffic Jam,4.01,0.87,0.329,0.3,1.0,1,6.1
SHP105443,Hamburg,Singapore,FedEx,Rail,2023-12-25,2024-01-03,9,12,Out for Delivery,4256.27,3,0,Clear,0.0,3,6,Port Strike,8.78,0.91,0.237,0.12,0.6878,1,29.5
SHP105444,Shanghai,London,XPO Logistics,Road,2024-11-30,2024-12-06,6,4,At Port,2124.99,5,0,Blizzard,8.77,9,10,Port Strike,9.19,0.822,0.142,0.44,1.0,1,10.6
SHP105445,Mumbai,Tokyo,Maersk,Sea,2023-10-22,2023-11-20,29,6,Delayed,956.96,2,1,Clear,0.12,4,2,Port Strike,8.91,0.831,0.392,0.37,1.0,1,24.2
SHP105446,Los Angeles,Singapore,DHL,Sea,2024-03-09,2024-04-12,34,19,Delayed,755.16,5,0,Heavy Rain,5.12,4,6,Traffic Jam,4.18,0.894,0.397,0.14,0.8374,1,14.2
SHP105447,Dubai,London,UPS,Air,2023-11-21,2023-11-23,2,0,Delayed,3811.69,5,1,Rain,2.19,3,7,Port Strike,8.73,0.903,0.194,0.33,0.7762,1,39.8
SHP105448,Mumbai,Singapore,DHL,Rail,2024-07-16,2024-07-29,13,2,Out for Delivery,1518.59,5,0,Storm,7.98,4,9,Traffic Jam,4.45,0.915,0.159,0.17,0.7779,1,26.5
SHP105449,Hamburg,Sydney,FedEx,Sea,2023-07-28,2023-08-17,20,0,Out for Delivery,4084.42,1,1,Heavy Rain,5.07,4,4,Equipment Failure,5.6,0.937,0.123,0.35,0.837,1,55.9
SHP105450,Shanghai,New York,DB Schenker,Road,2023-10-28,2023-11-02,5,4,Out for Delivery,881.59,5,1,Snow,5.91,6,8,None,0.0,0.88,0.158,0.35,0.8469,1,19.1
SHP105451,Mumbai,Tokyo,DB Schenker,Rail,2024-09-23,2024-10-06,13,5,At Port,3145.22,1,1,Storm,7.98,5,7,None,0.11,0.906,0.154,0.2,0.7572,1,26.6
SHP105452,Shanghai,Tokyo,XPO Logistics,Sea,2024-10-08,2024-11-10,33,23,In Transit,2123.22,2,0,Fog,3.79,3,1,Traffic Jam,3.94,0.838,0.221,0.35,0.9799,1,31.1
SHP105453,Los Angeles,Singapore,DHL,Road,2024-08-17,2024-08-21,4,3,At Port,3564.32,2,0,Fog,4.02,8,4,Traffic Jam,3.59,0.857,0.304,0.4,1.0,1,56.9
SHP105454,Dubai,London,DHL,Sea,2023-01-20,2023-02-09,20,18,At Port,411.59,4,0,Clear,0.23,4,4,Natural Disaster,9.67,0.88,0.061,0.37,0.9475,1,10.3
SHP105455,Los Angeles,New York,UPS,Air,2024-07-07,2024-07-12,5,3,Delayed,4013.43,2,0,Blizzard,8.57,4,4,Natural Disaster,9.62,0.931,0.028,0.27,1.0,1,31.4
SHP105456,Dubai,New York,XPO Logistics,Air,2024-07-30,2024-08-03,4,8,Delayed,3236.53,2,1,Heavy Rain,5.02,2,3,Port Strike,9.22,0.813,0.334,0.45,1.0,1,17.5
SHP105457,Los Angeles,Chicago,FedEx,Sea,2024-07-14,2024-08-18,35,10,In Transit,210.32,5,0,Blizzard,9.43,5,3,Port Strike,8.57,0.917,0.18,0.4,1.0,1,57.7
SHP105458,Los Angeles,Sydney,Maersk,Road,2023-06-03,2023-06-09,6,3,In Transit,143.93,1,0,Snow,6.29,8,3,Traffic Jam,3.72,0.87,0.056,0.14,0.7534,1,6.1
SHP105459,Rotterdam,London,FedEx,Rail,2023-02-04,2023-02-13,9,1,Out for Delivery,456.8,3,1,Snow,5.87,5,8,Traffic Jam,4.01,0.942,0.249,0.2,0.6814,1,60.9
SHP105460,Mumbai,London,UPS,Sea,2024-07-02,2024-07-27,25,28,Customs Hold,4603.33,1,1,Heavy Rain,4.56,5,5,Port Strike,9.31,0.913,0.294,0.45,1.0,1,28.0
SHP105461,Hamburg,Tokyo,Maersk,Air,2024-09-23,2024-09-26,3,5,Customs Hold,4531.85,1,0,Snow,6.14,1,10,Natural Disaster,9.98,0.83,0.37,0.1,1.0,1,57.2
SHP105462,Shanghai,Sydney,UPS,Rail,2023-03-03,2023-03-14,11,1,At Port,2932.32,1,0,Snow,5.85,3,2,Traffic Jam,4.34,0.944,0.279,0.31,0.8345,1,72.9
SHP105463,Dubai,Sydney,DHL,Road,2023-08-07,2023-08-17,10,10,Delayed,1574.78,4,0,Rain,1.8,6,4,Equipment Failure,5.77,0.902,0.278,0.44,1.0,1,91.0
SHP105464,Rotterdam,London,XPO Logistics,Rail,2023-05-09,2023-05-24,15,4,Customs Hold,2289.27,3,0,Clear,0.27,2,1,Traffic Jam,4.5,0.832,0.235,0.43,0.8254,1,74.4
SHP105465,Shanghai,Chicago,Maersk,Rail,2023-09-19,2023-10-03,14,2,At Port,3913.09,3,1,Heavy Rain,5.26,3,4,Natural Disaster,10.46,0.852,0.227,0.22,1.0,1,94.4
SHP105466,Shanghai,Chicago,FedEx,Air,2023-06-11,2023-06-15,4,6,Customs Hold,1225.06,1,0,Fog,4.4,4,3,Port Strike,9.27,0.916,0.349,0.34,1.0,1,87.2
SHP105467,Los Angeles,Tokyo,FedEx,Rail,2024-10-11,2024-10-23,12,13,At Port,4055.22,1,0,Heavy Rain,4.95,5,2,Traffic Jam,3.57,0.896,0.252,0.25,0.8978,1,29.3
SHP105468,Dubai,New York,DHL,Sea,2023-11-26,2023-12-24,28,4,At Port,1017.36,2,0,Blizzard,8.94,4,9,Natural Disaster,10.48,0.899,0.132,0.31,1.0,1,46.0
SHP105469,Mumbai,Tokyo,Maersk,Sea,2023-09-25,2023-10-25,30,7,Out for Delivery,4528.68,1,0,Storm,8.25,5,1,None,0.0,0.86,0.372,0.2,0.8975,1,47.9
SHP105470,Mumbai,Tokyo,Maersk,Air,2023-12-27,2024-01-01,5,2,Out for Delivery,3717.81,2,0,Blizzard,9.01,1,9,Port Strike,8.87,0.844,0.356,0.43,1.0,1,29.3
SHP105471,Shanghai,Sydney,UPS,Sea,2023-02-05,2023-03-08,31,7,Customs Hold,2852.73,4,0,Clear,0.26,3,9,Port Strike,8.99,0.894,0.251,0.16,0.7921,1,45.8
SHP105472,Mumbai,New York,UPS,Road,2024-04-29,2024-05-07,8,0,Customs Hold,3050.16,1,0,Storm,7.87,7,7,None,0.0,0.937,0.382,0.19,0.8409,1,34.8
SHP105473,Hamburg,Singapore,DB Schenker,Road,2024-11-30,2024-12-10,10,13,In Transit,2175.16,5,0,Snow,6.01,7,1,None,0.0,0.859,0.387,0.27,1.0,1,48.9
SHP105474,Shanghai,Chicago,Maersk,Air,2024-02-04,2024-02-08,4,6,Delayed,2150.55,1,0,Fog,3.89,3,1,Traffic Jam,4.1,0.833,0.17,0.35,1.0,1,47.3
SHP105475,Hamburg,Sydney,DHL,Sea,2024-09-17,2024-10-05,18,13,Delayed,3597.41,5,0,Rain,2.26,6,3,Traffic Jam,4.13,0.903,0.175,0.37,0.8877,1,57.1
SHP105476,Mumbai,Sydney,FedEx,Air,2024-08-26,2024-08-31,5,2,Customs Hold,535.15,1,1,Fog,3.84,4,6,Equipment Failure,6.33,0.907,0.179,0.3,0.8232,1,31.1
SHP105477,Rotterdam,Sydney,UPS,Air,2023-11-07,2023-11-11,4,5,In Transit,4666.13,3,0,Rain,2.28,4,10,Traffic Jam,4.19,0.916,0.028,0.21,0.6382,1,28.6
SHP105478,Mumbai,Sydney,FedEx,Sea,2023-01-21,2023-02-18,28,26,Customs Hold,3034.62,5,0,Rain,2.47,4,3,Traffic Jam,3.9,0.936,0.222,0.3,0.8129,1,5.9
SHP105479,Los Angeles,Chicago,DB Schenker,Sea,2023-03-19,2023-04-18,30,10,At Port,2470.36,3,0,Blizzard,9.15,6,1,Equipment Failure,6.19,0.87,0.122,0.27,1.0,1,87.7
SHP105480,Rotterdam,Sydney,Maersk,Sea,2023-04-14,2023-05-14,30,26,Customs Hold,3507.62,4,1,Storm,8.34,6,5,Traffic Jam,4.37,0.848,0.094,0.1,0.8528,1,32.8
SHP105481,Hamburg,Chicago,DB Schenker,Air,2023-09-02,2023-09-04,2,0,In Transit,4614.3,5,1,Heavy Rain,4.61,1,9,None,0.39,0.876,0.067,0.16,0.4246,0,0.0
SHP105482,Los Angeles,New York,Maersk,Sea,2024-02-13,2024-03-15,31,22,Customs Hold,1277.04,5,1,Snow,6.09,3,7,None,0.0,0.849,0.311,0.25,0.8393,1,42.4
SHP105483,Shanghai,Chicago,DHL,Air,2023-11-24,2023-11-29,5,4,Delayed,1449.94,5,0,Rain,2.17,2,1,Equipment Failure,5.93,0.882,0.356,0.16,0.7824,1,29.6
SHP105484,Dubai,Tokyo,DHL,Sea,2023-10-30,2023-12-02,33,34,In Transit,4839.67,4,0,Snow,6.48,4,8,Traffic Jam,4.4,0.848,0.299,0.32,1.0,1,67.9
SHP105485,Shanghai,London,FedEx,Road,2024-02-07,2024-02-13,6,3,Delayed,664.05,1,0,Rain,2.45,8,8,Equipment Failure,5.82,0.953,0.306,0.43,1.0,1,67.0
SHP105486,Mumbai,Singapore,Maersk,Rail,2023-03-31,2023-04-08,8,13,Customs Hold,2307.67,5,0,Rain,2.37,4,1,Natural Disaster,9.92,0.864,0.106,0.27,1.0,1,9.0
SHP105487,Hamburg,Singapore,DB Schenker,Sea,2024-09-04,2024-09-27,23,0,At Port,3173.17,1,0,Fog,3.95,6,10,Natural Disaster,9.77,0.854,0.181,0.12,0.8602,1,59.4
SHP105488,Hamburg,Tokyo,DB Schenker,Rail,2023-10-29,2023-11-11,13,12,At Port,2831.78,5,1,Heavy Rain,5.39,3,5,Traffic Jam,3.66,0.839,0.395,0.35,1.0,1,82.3
SHP105489,Mumbai,Tokyo,UPS,Rail,2023-01-04,2023-01-15,11,2,Customs Hold,4233.44,5,0,Rain,1.61,2,2,Equipment Failure,5.82,0.918,0.064,0.25,0.5597,1,13.0
SHP105490,Dubai,Tokyo,DB Schenker,Rail,2024-02-01,2024-02-13,12,7,In Transit,4758.32,2,1,Rain,2.17,4,1,Traffic Jam,3.82,0.858,0.103,0.32,0.8581,1,24.2
SHP105491,Shanghai,London,DB Schenker,Sea,2023-03-11,2023-03-30,19,0,Delayed,1907.23,3,0,Storm,7.98,6,7,Natural Disaster,10.27,0.861,0.299,0.4,1.0,1,28.1
SHP105492,Mumbai,New York,FedEx,Rail,2023-11-07,2023-11-19,12,16,Out for Delivery,2764.69,1,0,Blizzard,8.57,4,2,Port Strike,9.36,0.912,0.212,0.21,1.0,1,87.7
SHP105493,Rotterdam,London,XPO Logistics,Air,2023-03-16,2023-03-18,2,2,Delayed,2943.99,2,0,Storm,7.93,1,2,None,0.34,0.843,0.215,0.24,0.8929,1,61.2
SHP105494,Dubai,New York,FedEx,Air,2024-04-04,2024-04-08,4,2,In Transit,2349.54,3,0,Snow,5.51,3,9,None,0.04,0.898,0.148,0.23,0.6714,1,30.7
SHP105495,Rotterdam,Tokyo,UPS,Road,2024-08-03,2024-08-07,4,6,In Transit,2775.32,2,0,Clear,0.0,8,8,None,0.0,0.891,0.298,0.13,0.82,1,50.5
SHP105496,Mumbai,Singapore,FedEx,Road,2023-01-19,2023-01-24,5,9,Delayed,2744.37,5,0,Blizzard,8.92,8,6,None,0.0,0.931,0.055,0.21,0.8407,1,71.0
SHP105497,Mumbai,Singapore,DB Schenker,Air,2023-01-18,2023-01-23,5,10,Delayed,3417.84,5,0,Blizzard,8.96,2,1,None,0.0,0.843,0.304,0.37,1.0,1,43.8
SHP105498,Rotterdam,Chicago,DB Schenker,Sea,2024-08-06,2024-09-08,33,13,Out for Delivery,2733.74,3,0,Blizzard,9.04,6,9,Port Strike,9.39,0.871,0.139,0.2,1.0,1,15.6
SHP105499,Shanghai,Tokyo,XPO Logistics,Rail,2023-06-29,2023-07-10,11,6,Delayed,974.93,5,1,Fog,4.39,3,5,Natural Disaster,9.89,0.877,0.072,0.14,0.8282,1,66.8
SHP105500,Hamburg,Chicago,UPS,Air,2023-07-15,2023-07-17,2,4,Delayed,1416.79,1,0,Heavy Rain,4.59,4,6,Natural Disaster,9.93,0.911,0.255,0.15,1.0,1,93.2
SHP105501,Shanghai,New York,XPO Logistics,Sea,2024-09-08,2024-09-29,21,1,Delayed,2826.22,4,0,Rain,2.24,6,4,Equipment Failure,6.35,0.861,0.047,0.35,0.8525,1,27.3
SHP105502,Shanghai,Sydney,FedEx,Air,2023-04-20,2023-04-22,2,1,Out for Delivery,2764.16,1,0,Heavy Rain,5.03,2,7,Natural Disaster,10.49,0.918,0.022,0.28,0.8647,1,22.6
SHP105503,Shanghai,Chicago,DHL,Road,2023-11-21,2023-11-27,6,6,At Port,1248.86,2,0,Storm,8.39,8,6,Natural Disaster,10.11,0.867,0.076,0.36,1.0,1,25.7
SHP105504,Rotterdam,London,XPO Logistics,Road,2024-11-15,2024-11-25,10,1,Out for Delivery,2824.14,4,0,Heavy Rain,4.64,9,1,Equipment Failure,5.53,0.779,0.189,0.16,0.9621,1,20.9
SHP105505,Mumbai,Chicago,FedEx,Sea,2024-01-10,2024-02-14,35,6,Out for Delivery,4360.55,4,0,Blizzard,8.98,4,1,None,0.0,0.932,0.089,0.1,0.5077,1,26.3
SHP105506,Hamburg,New York,UPS,Sea,2024-06-12,2024-07-02,20,1,Out for Delivery,1334.7,2,0,Storm,8.18,6,5,Port Strike,8.79,0.918,0.335,0.26,1.0,1,35.5
SHP105507,Mumbai,New York,FedEx,Road,2024-08-19,2024-08-23,4,3,Customs Hold,3080.58,4,0,Fog,4.29,7,9,Natural Disaster,10.17,0.935,0.03,0.32,1.0,1,15.6
SHP105508,Los Angeles,Sydney,DB Schenker,Sea,2024-02-22,2024-03-27,34,15,Out for Delivery,2342.79,4,0,Blizzard,9.14,6,3,Port Strike,8.84,0.88,0.236,0.28,1.0,1,27.3
SHP105509,Rotterdam,Chicago,UPS,Rail,2023-12-09,2023-12-17,8,7,Out for Delivery,2597.56,3,0,Fog,3.67,3,2,Natural Disaster,10.45,0.898,0.021,0.2,0.8568,1,74.0
SHP105510,Dubai,Singapore,UPS,Rail,2024-06-26,2024-07-09,13,7,In Transit,891.73,2,1,Fog,3.52,5,9,None,0.38,0.93,0.121,0.15,0.5601,1,49.9
SHP105511,Rotterdam,Singapore,DHL,Road,2024-02-23,2024-02-26,3,8,Customs Hold,4767.58,3,0,Rain,2.16,7,6,Natural Disaster,9.72,0.888,0.304,0.34,1.0,1,45.7
SHP105512,Dubai,London,DHL,Air,2023-03-11,2023-03-16,5,2,At Port,4853.87,5,0,Heavy Rain,5.01,4,9,None,0.0,0.923,0.37,0.29,0.8179,1,74.5
SHP105513,Mumbai,Singapore,DB Schenker,Rail,2023-12-10,2023-12-21,11,12,Delayed,3339.77,2,0,Snow,5.93,5,5,None,0.03,0.896,0.325,0.28,0.9312,1,68.1
SHP105514,Rotterdam,Chicago,DHL,Air,2024-11-08,2024-11-12,4,3,Customs Hold,1535.98,3,0,Clear,0.33,1,2,Equipment Failure,5.9,0.899,0.298,0.2,0.807,1,21.4
SHP105515,Rotterdam,London,XPO Logistics,Air,2023-11-06,2023-11-11,5,8,Out for Delivery,345.88,1,1,Fog,3.94,4,9,Traffic Jam,4.02,0.832,0.054,0.26,0.8211,1,27.9
SHP105516,Dubai,Sydney,Maersk,Air,2023-03-08,2023-03-10,2,7,Out for Delivery,4922.67,2,0,Heavy Rain,5.1,1,7,None,0.0,0.831,0.322,0.43,1.0,1,21.9
SHP105517,Mumbai,Sydney,XPO Logistics,Road,2024-08-12,2024-08-18,6,11,In Transit,2895.34,3,0,Rain,1.52,6,6,Port Strike,8.68,0.812,0.378,0.3,1.0,1,42.4
SHP105518,Mumbai,London,Maersk,Rail,2023-12-03,2023-12-14,11,14,Delayed,3112.79,5,1,Clear,0.0,3,2,Equipment Failure,5.78,0.794,0.088,0.3,0.8489,1,33.5
SHP105519,Dubai,Tokyo,FedEx,Air,2024-11-01,2024-11-05,4,4,Delayed,108.94,4,0,Heavy Rain,5.41,2,10,Port Strike,9.49,0.931,0.048,0.42,0.9717,1,53.5
SHP105520,Hamburg,Tokyo,FedEx,Air,2024-03-23,2024-03-25,2,6,In Transit,343.98,2,0,Snow,6.17,1,5,None,0.0,0.912,0.27,0.35,1.0,1,68.3
SHP105521,Hamburg,Tokyo,DHL,Sea,2023-05-17,2023-06-04,18,23,In Transit,3225.81,2,0,Blizzard,9.3,4,2,Equipment Failure,5.99,0.867,0.246,0.28,1.0,1,90.8
SHP105522,Los Angeles,New York,DHL,Rail,2024-04-01,2024-04-10,9,3,Delayed,2640.19,1,0,Fog,3.57,3,2,None,0.0,0.87,0.067,0.33,0.6335,1,25.3
SHP105523,Dubai,London,XPO Logistics,Air,2024-06-26,2024-06-29,3,2,At Port,61.82,4,0,Storm,7.77,2,1,None,0.23,0.82,0.094,0.32,0.8272,1,18.8
SHP105524,Shanghai,Tokyo,XPO Logistics,Rail,2023-05-06,2023-05-13,7,2,Delayed,16.31,5,0,Storm,8.47,5,5,Port Strike,9.33,0.849,0.106,0.38,1.0,1,43.7
SHP105525,Shanghai,Sydney,DB Schenker,Sea,2023-07-08,2023-08-02,25,17,Customs Hold,3503.77,5,1,Clear,0.0,6,8,Port Strike,8.66,0.878,0.158,0.3,0.8802,1,65.7
SHP105526,Rotterdam,New York,UPS,Sea,2023-06-09,2023-07-09,30,0,At Port,1118.45,4,1,Clear,0.4,4,4,Traffic Jam,3.88,0.905,0.258,0.21,0.5799,1,37.4
SHP105527,Rotterdam,Sydney,DB Schenker,Air,2023-08-29,2023-08-31,2,4,At Port,1457.89,3,0,Rain,1.85,4,5,Natural Disaster,10.48,0.876,0.175,0.22,1.0,1,76.0
SHP105528,Rotterdam,London,UPS,Air,2024-04-22,2024-04-24,2,3,Out for Delivery,3293.09,4,0,Fog,4.27,3,1,Natural Disaster,10.31,0.92,0.084,0.14,0.925,1,76.9
SHP105529,Mumbai,New York,FedEx,Air,2024-02-24,2024-02-28,4,4,In Transit,1724.82,2,1,Snow,6.43,1,4,None,0.0,0.911,0.177,0.25,0.7177,1,9.3
SHP105530,Rotterdam,Chicago,UPS,Rail,2023-06-02,2023-06-15,13,10,At Port,3015.6,4,1,Fog,3.9,2,10,None,0.16,0.894,0.395,0.2,0.7301,1,6.2
SHP105531,Los Angeles,Singapore,Maersk,Rail,2024-05-17,2024-05-30,13,8,Delayed,2225.97,4,1,Snow,6.17,2,8,Equipment Failure,5.61,0.836,0.187,0.32,1.0,1,83.5
SHP105532,Shanghai,Sydney,DB Schenker,Air,2023-12-31,2024-01-05,5,2,Out for Delivery,4426.94,2,1,Clear,0.11,4,8,Port Strike,9.47,0.858,0.258,0.42,1.0,1,43.2
SHP105533,Mumbai,Chicago,DHL,Sea,2024-04-18,2024-05-12,24,8,At Port,4970.26,2,0,Clear,0.46,6,10,None,0.35,0.859,0.286,0.36,0.7732,1,8.7
SHP105534,Shanghai,Singapore,FedEx,Road,2024-04-05,2024-04-13,8,10,Delayed,531.88,3,0,Fog,4.28,7,2,Port Strike,8.58,0.932,0.17,0.38,1.0,1,28.2
SHP105535,Mumbai,New York,Maersk,Air,2024-09-24,2024-09-28,4,2,Customs Hold,3011.09,1,0,Fog,3.69,2,6,Port Strike,9.24,0.839,0.121,0.25,0.9443,1,84.6
SHP105536,Mumbai,Chicago,DB Schenker,Sea,2024-03-12,2024-04-02,21,22,At Port,3568.11,2,0,Storm,8.33,3,8,Traffic Jam,4.34,0.876,0.351,0.28,1.0,1,78.6
SHP105537,Rotterdam,Chicago,Maersk,Sea,2024-01-25,2024-02-24,30,17,Customs Hold,3654.28,2,0,Clear,0.0,5,9,Natural Disaster,10.06,0.899,0.128,0.2,0.8672,1,17.6
SHP105538,Rotterdam,New York,DHL,Sea,2024-01-18,2024-02-15,28,24,Out for Delivery,3046.35,1,0,Snow,5.96,3,4,Traffic Jam,4.19,0.927,0.27,0.25,0.8798,1,45.0
SHP105539,Hamburg,Singapore,UPS,Road,2024-10-03,2024-10-11,8,10,Customs Hold,1866.09,4,0,Fog,4.35,7,9,Traffic Jam,4.19,0.911,0.16,0.37,1.0,1,55.2
SHP105540,Los Angeles,Chicago,Maersk,Rail,2023-02-20,2023-03-02,10,11,Out for Delivery,1348.99,4,1,Rain,1.96,3,6,Natural Disaster,10.42,0.841,0.125,0.39,1.0,1,35.9
SHP105541,Mumbai,Sydney,Maersk,Road,2024-08-30,2024-09-08,9,9,Delayed,3861.61,1,0,Rain,1.8,6,8,Traffic Jam,4.3,0.871,0.22,0.3,0.9081,1,62.7
SHP105542,Los Angeles,Sydney,DHL,Sea,2024-03-15,2024-04-11,27,14,Out for Delivery,1444.82,5,0,Fog,3.57,6,5,Natural Disaster,9.67,0.912,0.247,0.14,0.8413,1,70.4
SHP105543,Rotterdam,Chicago,DB Schenker,Air,2023-05-25,2023-05-29,4,2,At Port,1089.72,5,0,Heavy Rain,5.03,4,3,Natural Disaster,10.5,0.878,0.289,0.2,1.0,1,70.2
SHP105544,Los Angeles,London,XPO Logistics,Air,2024-07-08,2024-07-11,3,3,In Transit,1639.38,4,1,Snow,5.81,4,5,Traffic Jam,4.04,0.798,0.055,0.12,0.7732,1,64.9
SHP105545,Dubai,Tokyo,FedEx,Sea,2024-08-15,2024-09-02,18,2,In Transit,745.6,3,0,Clear,0.23,6,7,Port Strike,9.05,0.94,0.041,0.14,0.5671,1,4.5
SHP105546,Hamburg,Tokyo,XPO Logistics,Air,2024-01-28,2024-01-30,2,6,Out for Delivery,1539.03,3,0,Heavy Rain,4.55,3,6,None,0.02,0.823,0.129,0.36,1.0,1,74.7
SHP105547,Rotterdam,Singapore,DHL,Sea,2024-08-27,2024-09-14,18,8,Out for Delivery,4232.53,4,0,Heavy Rain,4.79,4,6,Natural Disaster,10.18,0.852,0.098,0.21,0.9825,1,40.0
SHP105548,Rotterdam,Tokyo,Maersk,Rail,2023-05-20,2023-06-01,12,0,Delayed,2144.34,3,0,Clear,0.23,2,7,Equipment Failure,6.21,0.846,0.211,0.38,0.8611,1,43.4
SHP105549,Mumbai,Singapore,FedEx,Air,2023-03-12,2023-03-16,4,2,Out for Delivery,1602.19,4,0,Rain,2.08,3,3,None,0.4,0.946,0.157,0.22,0.4718,0,0.0
SHP105550,Hamburg,Chicago,FedEx,Sea,2024-02-18,2024-03-21,32,17,Customs Hold,1583.01,5,1,Blizzard,8.77,5,3,Port Strike,9.41,0.89,0.342,0.1,0.9948,1,76.5
SHP105551,Los Angeles,Singapore,UPS,Rail,2024-01-12,2024-01-20,8,8,In Transit,1263.4,5,1,Blizzard,9.15,4,10,Equipment Failure,6.0,0.932,0.256,0.29,1.0,1,79.1
SHP105552,Hamburg,London,FedEx,Air,2024-01-30,2024-02-04,5,0,At Port,1727.23,4,0,Blizzard,8.8,4,4,Equipment Failure,5.53,0.942,0.103,0.1,0.7296,1,23.0
SHP105553,Hamburg,Singapore,XPO Logistics,Air,2023-11-10,2023-11-14,4,4,Customs Hold,82.98,5,1,Storm,7.91,1,5,None,0.0,0.852,0.346,0.15,0.8245,1,35.5
SHP105554,Hamburg,New York,XPO Logistics,Rail,2024-11-18,2024-12-02,14,14,Out for Delivery,1830.84,5,0,Rain,2.07,3,3,Port Strike,8.63,0.825,0.144,0.19,0.8761,1,73.6
SHP105555,Rotterdam,Singapore,XPO Logistics,Road,2024-08-30,2024-09-04,5,10,Customs Hold,2905.46,4,0,Clear,0.0,8,10,Equipment Failure,6.12,0.84,0.392,0.44,1.0,1,60.7
SHP105556,Hamburg,New York,FedEx,Sea,2023-02-18,2023-03-16,26,1,Customs Hold,970.57,4,0,Blizzard,9.25,3,4,Equipment Failure,5.74,0.893,0.132,0.3,0.9054,1,29.3
SHP105557,Los Angeles,Singapore,DB Schenker,Air,2024-07-19,2024-07-21,2,1,In Transit,869.49,3,0,Storm,8.04,1,4,None,0.08,0.852,0.173,0.12,0.7107,1,10.1
SHP105558,Mumbai,Singapore,FedEx,Sea,2024-07-26,2024-08-20,25,14,Delayed,201.85,3,1,Fog,3.72,4,4,Equipment Failure,5.94,0.902,0.255,0.38,0.9874,1,87.1
SHP105559,Rotterdam,New York,Maersk,Road,2024-06-23,2024-06-29,6,5,At Port,3348.51,2,0,Snow,5.63,7,10,Traffic Jam,3.98,0.783,0.395,0.11,1.0,1,10.5
SHP105560,Hamburg,Singapore,XPO Logistics,Air,2024-10-21,2024-10-26,5,7,Customs Hold,4335.61,3,1,Clear,0.12,1,7,Port Strike,9.08,0.784,0.25,0.41,1.0,1,9.3
SHP105561,Hamburg,Singapore,DB Schenker,Road,2024-02-11,2024-02-20,9,4,Delayed,1536.78,3,0,Heavy Rain,4.83,6,5,Traffic Jam,4.19,0.867,0.038,0.36,0.922,1,17.3
SHP105562,Hamburg,Chicago,Maersk,Road,2023-01-09,2023-01-19,10,14,In Transit,2075.06,1,0,Rain,2.49,8,6,None,0.09,0.857,0.045,0.3,0.7962,1,54.4
SHP105563,Dubai,Singapore,FedEx,Road,2023-02-22,2023-02-25,3,4,Out for Delivery,2022.85,5,0,Heavy Rain,4.64,6,8,Port Strike,8.65,0.926,0.306,0.15,1.0,1,9.2
SHP105564,Hamburg,Tokyo,UPS,Road,2023-12-27,2024-01-05,9,5,Customs Hold,4290.42,4,0,Storm,8.47,8,3,Traffic Jam,3.95,0.895,0.19,0.33,1.0,1,67.5
SHP105565,Shanghai,Tokyo,DB Schenker,Road,2024-07-25,2024-07-30,5,4,At Port,4359.55,3,1,Snow,5.62,6,1,Equipment Failure,5.96,0.843,0.07,0.34,1.0,1,63.6
SHP105566,Dubai,London,UPS,Air,2023-01-13,2023-01-15,2,2,In Transit,292.18,3,1,Heavy Rain,5.02,2,2,Natural Disaster,10.21,0.897,0.125,0.42,1.0,1,67.1
SHP105567,Hamburg,New York,FedEx,Sea,2024-09-15,2024-10-13,28,24,Delayed,1529.91,2,0,Heavy Rain,5.1,6,8,None,0.39,0.973,0.206,0.16,0.6357,1,36.9
SHP105568,Dubai,Tokyo,Maersk,Road,2024-07-19,2024-07-23,4,3,In Transit,4340.28,1,1,Storm,8.24,7,3,None,0.03,0.834,0.344,0.26,1.0,1,64.5
SHP105569,Shanghai,Singapore,DB Schenker,Rail,2023-11-16,2023-11-23,7,7,Customs Hold,2386.91,4,1,Fog,4.4,3,7,Natural Disaster,9.98,0.869,0.174,0.25,1.0,1,26.1
SHP105570,Mumbai,Sydney,DHL,Sea,2024-04-03,2024-04-28,25,11,In Transit,1960.87,1,1,Blizzard,8.67,6,2,Port Strike,8.99,0.848,0.054,0.3,1.0,1,48.5
SHP105571,Los Angeles,Chicago,XPO Logistics,Road,2024-03-29,2024-04-06,8,13,Out for Delivery,175.15,1,0,Clear,0.15,9,2,None,0.02,0.825,0.24,0.19,0.8576,1,36.4
SHP105572,Shanghai,Singapore,XPO Logistics,Rail,2024-09-09,2024-09-21,12,14,At Port,3510.03,1,0,Storm,7.72,4,1,Port Strike,8.81,0.822,0.262,0.25,1.0,1,78.6
SHP105573,Shanghai,Singapore,UPS,Road,2023-09-19,2023-09-24,5,4,In Transit,2345.06,2,0,Storm,8.42,8,10,Natural Disaster,9.68,0.918,0.302,0.43,1.0,1,72.1
SHP105574,Hamburg,Tokyo,FedEx,Air,2023-09-06,2023-09-10,4,8,In Transit,2801.32,2,0,Blizzard,9.16,4,6,Natural Disaster,10.29,0.952,0.067,0.38,1.0,1,47.9
SHP105575,Mumbai,Tokyo,FedEx,Rail,2023-11-04,2023-11-13,9,12,Delayed,2763.31,2,0,Snow,5.84,4,6,Equipment Failure,5.78,0.946,0.328,0.26,1.0,1,62.8
SHP105576,Hamburg,London,Maersk,Sea,2024-06-07,2024-07-10,33,26,Out for Delivery,126.48,3,0,Snow,5.77,5,1,None,0.0,0.858,0.224,0.1,0.7584,1,71.7
SHP105577,Dubai,Singapore,DB Schenker,Sea,2023-06-17,2023-07-09,22,22,Delayed,1936.48,2,0,Fog,4.22,3,9,Traffic Jam,4.36,0.878,0.248,0.15,0.8145,1,59.2
SHP105578,Mumbai,Sydney,Maersk,Road,2023-08-31,2023-09-07,7,1,Out for Delivery,4709.64,1,0,Clear,0.3,8,9,Port Strike,8.89,0.821,0.209,0.3,0.9896,1,19.4
SHP105579,Mumbai,New York,DHL,Air,2024-11-14,2024-11-17,3,4,In Transit,1844.08,2,0,Heavy Rain,5.36,2,8,Equipment Failure,5.85,0.885,0.06,0.13,0.7415,1,20.3
SHP105580,Los Angeles,Singapore,Maersk,Rail,2024-07-22,2024-07-29,7,5,Customs Hold,3783.19,3,0,Snow,5.81,5,3,Port Strike,8.94,0.824,0.125,0.38,1.0,1,78.5
SHP105581,Rotterdam,New York,FedEx,Sea,2024-03-23,2024-04-12,20,12,Out for Delivery,2315.3,1,0,Fog,3.88,4,2,Equipment Failure,6.31,0.933,0.292,0.28,0.9253,1,65.4
SHP105582,Dubai,London,FedEx,Rail,2024-10-22,2024-11-01,10,1,At Port,4366.05,5,0,Snow,5.64,2,4,Natural Disaster,10.46,0.929,0.033,0.17,0.7328,1,36.5
SHP105583,Shanghai,Tokyo,Maersk,Road,2023-07-02,2023-07-11,9,0,Delayed,860.03,5,0,Heavy Rain,5.32,6,6,Equipment Failure,5.59,0.837,0.092,0.37,0.9243,1,31.8
SHP105584,Shanghai,New York,DHL,Rail,2024-03-25,2024-04-08,14,15,Customs Hold,841.4,5,1,Clear,0.23,3,5,Natural Disaster,9.6,0.901,0.298,0.35,0.9668,1,12.0
SHP105585,Rotterdam,Tokyo,FedEx,Rail,2024-03-29,2024-04-11,13,9,In Transit,909.46,1,1,Snow,6.4,2,9,Natural Disaster,9.61,0.922,0.142,0.39,0.993,1,86.9
SHP105586,Los Angeles,Sydney,DB Schenker,Sea,2024-08-17,2024-09-19,33,36,In Transit,702.67,4,0,Snow,6.36,6,4,Traffic Jam,3.57,0.856,0.221,0.35,1.0,1,25.2
SHP105587,Dubai,Sydney,FedEx,Road,2024-04-24,2024-04-27,3,7,Delayed,1160.0,5,0,Storm,8.41,9,2,Equipment Failure,6.12,0.917,0.355,0.36,1.0,1,46.8
SHP105588,Hamburg,Sydney,UPS,Rail,2023-03-10,2023-03-24,14,11,In Transit,3573.55,1,1,Rain,2.01,2,10,Equipment Failure,6.31,0.91,0.357,0.32,0.9507,1,29.3
SHP105589,Mumbai,Tokyo,UPS,Sea,2024-05-27,2024-06-14,18,17,Out for Delivery,1288.95,2,0,Rain,2.08,3,3,Natural Disaster,10.4,0.882,0.202,0.24,0.9783,1,32.5
SHP105590,Mumbai,Sydney,Maersk,Air,2024-10-12,2024-10-17,5,8,At Port,1390.0,3,0,Storm,8.36,4,7,Traffic Jam,4.33,0.829,0.023,0.3,1.0,1,47.7
SHP105591,Shanghai,Tokyo,DB Schenker,Rail,2023-10-11,2023-10-24,13,18,In Transit,1275.06,3,0,Fog,4.02,3,8,Traffic Jam,4.3,0.896,0.266,0.34,1.0,1,53.3
SHP105592,Shanghai,Singapore,UPS,Rail,2024-01-17,2024-01-26,9,5,Out for Delivery,3178.06,4,1,Heavy Rain,4.86,3,3,Natural Disaster,9.86,0.878,0.075,0.11,0.7701,1,56.8
SHP105593,Los Angeles,Chicago,Maersk,Road,2023-10-08,2023-10-17,9,10,At Port,323.34,3,0,Fog,3.78,7,6,Equipment Failure,5.62,0.852,0.307,0.21,0.9572,1,53.9
SHP105594,Mumbai,Chicago,DB Schenker,Sea,2023-08-31,2023-09-21,21,7,At Port,2783.72,3,0,Snow,6.17,6,3,Traffic Jam,4.05,0.841,0.103,0.18,0.8298,1,33.5
SHP105595,Dubai,Chicago,Maersk,Rail,2024-05-13,2024-05-21,8,2,Out for Delivery,1945.97,1,0,Fog,3.78,3,10,Equipment Failure,6.5,0.856,0.235,0.27,0.8678,1,52.0
SHP105596,Hamburg,New York,FedEx,Air,2024-02-29,2024-03-03,3,2,Out for Delivery,4540.58,3,1,Fog,3.87,3,3,Natural Disaster,10.43,0.932,0.23,0.27,0.9078,1,52.1
SHP105597,Shanghai,Tokyo,Maersk,Rail,2024-11-18,2024-11-27,9,9,At Port,3952.64,4,0,Rain,1.65,5,2,None,0.37,0.877,0.027,0.22,0.576,1,46.5
SHP105598,Rotterdam,New York,XPO Logistics,Rail,2023-12-09,2023-12-24,15,19,In Transit,2145.86,2,1,Heavy Rain,4.91,3,3,Equipment Failure,6.19,0.817,0.034,0.34,1.0,1,46.1
SHP105599,Shanghai,New York,Maersk,Sea,2024-02-22,2024-03-21,28,18,Out for Delivery,3471.66,3,0,Rain,1.71,6,5,Natural Disaster,10.44,0.844,0.204,0.35,1.0,1,33.8
SHP105600,Mumbai,New York,UPS,Air,2023-05-11,2023-05-15,4,2,Delayed,2044.1,4,0,Rain,1.69,1,4,Natural Disaster,9.61,0.934,0.083,0.15,0.5959,1,23.2
SHP105601,Dubai,Chicago,DHL,Rail,2023-10-30,2023-11-10,11,2,In Transit,4638.27,1,1,Storm,8.0,2,2,Equipment Failure,5.88,0.872,0.116,0.23,0.8656,1,61.4
SHP105602,Rotterdam,Sydney,DHL,Rail,2023-10-30,2023-11-10,11,4,In Transit,3487.47,5,0,Rain,2.39,5,1,None,0.0,0.928,0.194,0.14,0.4483,0,0.0
SHP105603,Rotterdam,Singapore,DHL,Road,2024-09-19,2024-09-23,4,1,In Transit,3222.23,2,0,Snow,6.04,9,8,Port Strike,9.18,0.861,0.237,0.41,1.0,1,15.8
SHP105604,Rotterdam,Singapore,XPO Logistics,Sea,2023-11-08,2023-12-03,25,27,Delayed,3360.11,2,1,Storm,7.77,3,8,Equipment Failure,6.35,0.869,0.217,0.3,1.0,1,33.3
SHP105605,Dubai,Chicago,DHL,Sea,2024-04-29,2024-05-22,23,22,Out for Delivery,2188.16,2,0,Blizzard,8.98,3,10,Equipment Failure,5.86,0.917,0.139,0.15,0.8206,1,61.0
SHP105606,Rotterdam,Tokyo,XPO Logistics,Air,2023-09-14,2023-09-18,4,3,At Port,3219.23,3,1,Rain,2.23,1,9,Traffic Jam,4.06,0.847,0.367,0.4,1.0,1,11.5
SHP105607,Dubai,Sydney,DHL,Air,2024-01-09,2024-01-11,2,0,In Transit,1501.91,3,0,Rain,1.81,2,1,Natural Disaster,9.96,0.895,0.172,0.31,0.8871,1,37.7
SHP105608,Shanghai,London,FedEx,Air,2023-07-10,2023-07-14,4,4,In Transit,3175.27,5,1,Heavy Rain,4.68,1,2,None,0.29,0.88,0.392,0.19,0.7817,1,48.0
SHP105609,Los Angeles,Sydney,FedEx,Road,2023-07-28,2023-08-03,6,5,Out for Delivery,2055.24,4,0,Blizzard,8.66,7,7,Natural Disaster,10.36,0.897,0.306,0.41,1.0,1,58.9
SHP105610,Los Angeles,London,DB Schenker,Air,2024-11-05,2024-11-10,5,10,Customs Hold,1454.73,3,0,Blizzard,9.2,1,10,Traffic Jam,4.14,0.887,0.246,0.33,1.0,1,69.1
SHP105611,Los Angeles,Chicago,XPO Logistics,Road,2024-11-05,2024-11-12,7,11,Customs Hold,3341.82,2,0,Storm,8.29,8,6,Natural Disaster,10.37,0.858,0.155,0.21,1.0,1,66.1
SHP105612,Shanghai,Chicago,UPS,Rail,2024-06-16,2024-06-26,10,1,At Port,4845.77,5,1,Snow,5.67,3,9,Equipment Failure,6.5,0.908,0.128,0.35,0.8608,1,36.0
SHP105613,Shanghai,London,UPS,Road,2023-02-22,2023-02-28,6,11,Customs Hold,974.54,3,0,Snow,5.69,6,6,Port Strike,9.0,0.893,0.227,0.23,1.0,1,59.4
SHP105614,Los Angeles,Tokyo,XPO Logistics,Rail,2023-04-24,2023-05-08,14,19,Delayed,238.0,5,1,Blizzard,9.41,4,4,Equipment Failure,6.48,0.813,0.222,0.25,1.0,1,81.3
SHP105615,Mumbai,London,UPS,Road,2023-11-04,2023-11-08,4,4,At Port,1901.66,2,0,Rain,1.8,6,8,Equipment Failure,5.99,0.901,0.337,0.2,0.8602,1,65.6
SHP105616,Dubai,Singapore,Maersk,Road,2023-01-24,2023-01-28,4,0,Out for Delivery,930.67,4,0,Clear,0.23,7,6,None,0.0,0.844,0.262,0.15,0.6605,1,57.7
SHP105617,Shanghai,New York,FedEx,Sea,2024-05-31,2024-06-29,29,31,Out for Delivery,4563.79,4,0,Heavy Rain,5.12,6,5,Port Strike,8.7,0.896,0.086,0.35,1.0,1,95.2
SHP105618,Hamburg,Sydney,UPS,Sea,2024-01-16,2024-02-15,30,30,In Transit,2170.05,4,0,Snow,6.37,4,10,None,0.36,0.91,0.38,0.23,0.8913,1,13.1
SHP105619,Dubai,Sydney,XPO Logistics,Road,2023-07-28,2023-07-31,3,2,Delayed,3141.36,2,1,Snow,5.83,8,6,Traffic Jam,4.28,0.79,0.239,0.11,0.9567,1,13.0
SHP105620,Hamburg,London,UPS,Rail,2023-03-10,2023-03-24,14,8,Delayed,2127.38,4,0,Storm,7.97,4,7,Equipment Failure,6.39,0.928,0.196,0.1,0.7533,1,5.5
SHP105621,Rotterdam,Sydney,XPO Logistics,Sea,2023-01-08,2023-02-08,31,23,Customs Hold,184.09,2,0,Fog,3.9,6,5,Port Strike,9.04,0.838,0.249,0.22,1.0,1,41.7
SHP105622,Mumbai,New York,XPO Logistics,Air,2023-11-21,2023-11-25,4,0,Out for Delivery,2890.36,1,0,Rain,1.54,1,4,Equipment Failure,5.76,0.827,0.104,0.36,0.7708,1,34.5
SHP105623,Rotterdam,Sydney,FedEx,Road,2023-05-02,2023-05-05,3,5,Out for Delivery,1815.22,3,0,Fog,3.65,6,3,Port Strike,8.72,0.901,0.141,0.23,1.0,1,45.0
SHP105624,Rotterdam,London,Maersk,Air,2024-03-02,2024-03-04,2,3,Customs Hold,27.65,2,0,Snow,5.65,3,5,Port Strike,8.88,0.815,0.024,0.2,1.0,1,83.8
SHP105625,Shanghai,Singapore,Maersk,Road,2024-07-25,2024-08-01,7,10,Customs Hold,4357.84,5,0,Heavy Rain,4.82,6,7,Equipment Failure,5.84,0.814,0.218,0.2,1.0,1,23.7
SHP105626,Rotterdam,Tokyo,DB Schenker,Sea,2024-06-14,2024-07-09,25,1,In Transit,3676.51,5,0,Heavy Rain,5.05,3,3,Port Strike,9.28,0.858,0.387,0.26,1.0,1,27.8
SHP105627,Hamburg,London,FedEx,Air,2024-07-13,2024-07-15,2,1,Delayed,3938.22,5,0,Snow,5.84,2,8,Equipment Failure,6.24,0.948,0.195,0.1,0.6515,1,6.3
SHP105628,Shanghai,Singapore,UPS,Sea,2024-04-20,2024-05-10,20,18,Delayed,1232.3,2,0,Blizzard,9.23,3,10,Natural Disaster,10.15,0.914,0.26,0.16,1.0,1,88.0
SHP105629,Los Angeles,Singapore,XPO Logistics,Sea,2023-10-07,2023-11-11,35,4,Customs Hold,3265.34,5,0,Rain,1.8,6,9,Traffic Jam,4.42,0.8,0.139,0.11,0.7461,1,60.5
SHP105630,Dubai,Chicago,DHL,Air,2023-05-11,2023-05-16,5,4,At Port,4714.79,1,1,Snow,5.99,3,1,Natural Disaster,10.21,0.896,0.096,0.25,0.9874,1,46.7
SHP105631,Los Angeles,New York,Maersk,Rail,2023-03-03,2023-03-11,8,12,Out for Delivery,4148.54,3,1,Snow,5.61,3,5,Traffic Jam,4.1,0.845,0.268,0.33,1.0,1,46.8
SHP105632,Los Angeles,New York,DB Schenker,Rail,2024-02-28,2024-03-11,12,12,Delayed,2647.78,3,1,Snow,5.91,3,5,Natural Disaster,9.89,0.872,0.074,0.11,0.9058,1,31.2
SHP105633,Hamburg,Singapore,FedEx,Road,2023-05-12,2023-05-20,8,1,Customs Hold,2782.55,5,0,Storm,7.55,9,8,Traffic Jam,4.21,0.877,0.367,0.28,1.0,1,49.6
SHP105634,Los Angeles,Singapore,UPS,Sea,2023-08-20,2023-09-20,31,36,In Transit,152.07,1,0,Storm,7.89,6,7,Traffic Jam,3.5,0.928,0.336,0.22,1.0,1,74.4
SHP105635,Rotterdam,London,FedEx,Sea,2024-05-29,2024-06-19,21,14,Delayed,2240.51,5,1,Heavy Rain,5.23,5,1,Port Strike,8.58,0.933,0.041,0.38,0.9697,1,29.9
SHP105636,Rotterdam,New York,DB Schenker,Rail,2024-11-12,2024-11-23,11,5,In Transit,4.82,5,0,Blizzard,9.09,4,5,Natural Disaster,10.0,0.877,0.07,0.31,1.0,1,8.4
SHP105637,Rotterdam,London,UPS,Rail,2023-03-19,2023-04-02,14,15,At Port,3860.95,3,1,Blizzard,9.06,3,4,Equipment Failure,5.67,0.931,0.199,0.37,1.0,1,19.5
SHP105638,Mumbai,New York,UPS,Rail,2023-04-07,2023-04-17,10,7,At Port,2818.69,4,1,Storm,8.46,3,10,None,0.03,0.935,0.054,0.35,0.7531,1,41.7
SHP105639,Hamburg,New York,XPO Logistics,Sea,2023-11-10,2023-12-06,26,25,In Transit,3228.84,4,0,Clear,0.0,6,1,Traffic Jam,4.38,0.831,0.136,0.13,0.7648,1,49.8
SHP105640,Mumbai,Tokyo,DB Schenker,Sea,2023-01-27,2023-02-24,28,8,In Transit,1326.8,1,0,Blizzard,9.29,6,3,Natural Disaster,10.05,0.857,0.387,0.16,1.0,1,39.1
SHP105641,Rotterdam,Chicago,DB Schenker,Rail,2023-06-27,2023-07-09,12,6,Customs Hold,3573.3,4,0,Snow,6.14,5,6,Equipment Failure,6.28,0.871,0.139,0.2,0.8972,1,31.3
SHP105642,Los Angeles,Singapore,Maersk,Air,2023-04-13,2023-04-17,4,7,Customs Hold,4720.81,5,0,Storm,7.98,4,6,Port Strike,9.02,0.85,0.088,0.44,1.0,1,36.6
SHP105643,Los Angeles,Chicago,Maersk,Sea,2024-04-10,2024-05-05,25,4,In Transit,898.95,4,1,Fog,3.54,6,9,Natural Disaster,10.42,0.868,0.24,0.31,1.0,1,61.7
SHP105644,Rotterdam,Singapore,DHL,Sea,2023-12-11,2024-01-02,22,12,Out for Delivery,4124.35,4,0,Heavy Rain,5.09,4,7,Natural Disaster,10.16,0.87,0.259,0.13,1.0,1,7.9
SHP105645,Dubai,Tokyo,DHL,Rail,2024-11-11,2024-11-25,14,17,Customs Hold,950.26,1,0,Snow,5.73,2,2,Equipment Failure,6.22,0.872,0.159,0.23,0.9609,1,90.4
SHP105646,Hamburg,Tokyo,DB Schenker,Air,2024-11-06,2024-11-10,4,2,Out for Delivery,4118.04,4,0,Blizzard,8.86,4,9,Traffic Jam,3.7,0.894,0.036,0.25,0.8306,1,68.8
SHP105647,Shanghai,London,Maersk,Rail,2024-06-09,2024-06-18,9,8,Customs Hold,1419.39,5,1,Blizzard,9.22,2,3,Equipment Failure,5.93,0.844,0.363,0.32,1.0,1,29.6
SHP105648,Hamburg,London,DB Schenker,Sea,2023-12-25,2024-01-18,24,6,In Transit,4947.04,3,1,Rain,1.67,6,5,Traffic Jam,3.6,0.862,0.226,0.1,0.6482,1,32.1
SHP105649,Dubai,Tokyo,DB Schenker,Air,2023-02-07,2023-02-11,4,9,In Transit,285.61,2,0,Storm,7.96,1,2,Port Strike,8.83,0.864,0.379,0.14,1.0,1,44.4
SHP105650,Dubai,New York,FedEx,Road,2023-05-12,2023-05-17,5,2,In Transit,4709.82,5,0,Storm,8.05,9,2,None,0.0,0.916,0.122,0.16,0.7493,1,59.6
SHP105651,Rotterdam,New York,DHL,Sea,2023-10-09,2023-11-07,29,6,At Port,4473.33,1,0,Blizzard,9.05,3,1,Equipment Failure,6.37,0.873,0.171,0.22,0.9013,1,53.2
SHP105652,Hamburg,Tokyo,Maersk,Rail,2024-07-15,2024-07-30,15,0,At Port,3691.75,4,0,Heavy Rain,5.17,5,1,Port Strike,8.69,0.841,0.354,0.41,1.0,1,42.8
SHP105653,Shanghai,Chicago,Maersk,Road,2023-07-01,2023-07-07,6,6,Out for Delivery,2747.11,3,0,Clear,0.39,8,6,Port Strike,9.13,0.85,0.249,0.44,1.0,1,6.2
SHP105654,Shanghai,New York,DHL,Air,2023-10-21,2023-10-23,2,6,Out for Delivery,3985.21,3,0,Rain,1.88,2,6,Traffic Jam,3.54,0.88,0.045,0.35,0.93,1,39.3
SHP105655,Los Angeles,Singapore,Maersk,Road,2023-09-27,2023-10-03,6,8,Out for Delivery,1220.61,5,1,Blizzard,9.15,9,1,Equipment Failure,6.04,0.866,0.363,0.2,1.0,1,16.8
SHP105656,Hamburg,New York,Maersk,Air,2023-11-18,2023-11-21,3,4,Delayed,3828.15,2,0,Snow,6.41,3,3,None,0.0,0.852,0.268,0.3,0.9535,1,26.8
SHP105657,Dubai,London,XPO Logistics,Sea,2023-12-06,2024-01-05,30,23,Out for Delivery,2497.74,1,0,Rain,2.16,5,6,Natural Disaster,10.23,0.824,0.111,0.36,1.0,1,56.1
SHP105658,Los Angeles,Tokyo,UPS,Road,2023-06-25,2023-07-03,8,6,Customs Hold,4445.07,3,1,Clear,0.0,6,2,Traffic Jam,3.6,0.89,0.255,0.25,0.7434,1,70.7
SHP105659,Shanghai,Tokyo,XPO Logistics,Air,2023-02-03,2023-02-07,4,5,In Transit,928.68,1,1,Blizzard,8.82,1,8,Equipment Failure,6.42,0.819,0.335,0.23,1.0,1,18.6
SHP105660,Dubai,Sydney,DB Schenker,Air,2023-01-22,2023-01-24,2,2,Out for Delivery,2132.55,1,0,Snow,6.32,3,6,None,0.27,0.873,0.161,0.43,0.8789,1,5.9
SHP105661,Hamburg,Tokyo,DHL,Sea,2024-07-17,2024-08-09,23,13,At Port,399.7,4,0,Rain,2.33,5,9,Traffic Jam,3.93,0.9,0.163,0.45,0.8625,1,55.9
SHP105662,Hamburg,Singapore,DB Schenker,Sea,2023-03-06,2023-04-02,27,21,At Port,4061.18,5,0,Storm,8.43,6,4,Equipment Failure,6.45,0.86,0.351,0.2,1.0,1,66.3
SHP105663,Mumbai,Chicago,Maersk,Air,2024-08-24,2024-08-26,2,6,In Transit,906.93,1,1,Storm,8.09,2,10,Natural Disaster,9.76,0.871,0.232,0.24,1.0,1,47.5
SHP105664,Dubai,Chicago,XPO Logistics,Road,2023-09-15,2023-09-23,8,2,At Port,2065.86,1,0,Heavy Rain,5.49,6,10,None,0.0,0.867,0.163,0.11,0.5743,1,28.5
SHP105665,Hamburg,London,Maersk,Air,2023-12-05,2023-12-07,2,3,Customs Hold,1324.4,4,0,Storm,8.49,1,1,Traffic Jam,4.14,0.838,0.346,0.1,0.9859,1,75.1
SHP105666,Hamburg,Singapore,Maersk,Air,2024-01-30,2024-02-04,5,3,Delayed,4933.64,1,0,Clear,0.26,3,2,Natural Disaster,9.61,0.834,0.223,0.41,1.0,1,21.2
SHP105667,Dubai,Chicago,XPO Logistics,Road,2024-08-04,2024-08-12,8,3,Customs Hold,2415.53,4,0,Clear,0.0,8,2,Traffic Jam,3.86,0.796,0.24,0.23,0.8367,1,62.7
SHP105668,Rotterdam,Tokyo,XPO Logistics,Rail,2023-10-29,2023-11-07,9,3,Out for Delivery,4214.5,5,1,Storm,8.21,3,4,Equipment Failure,6.35,0.819,0.398,0.14,1.0,1,18.5
SHP105669,Shanghai,Singapore,Maersk,Rail,2023-08-05,2023-08-13,8,9,In Transit,3388.87,5,0,Fog,4.33,2,4,None,0.36,0.847,0.26,0.32,0.8708,1,8.7
SHP105670,Shanghai,New York,UPS,Air,2023-08-11,2023-08-13,2,6,At Port,1560.48,1,0,Rain,2.41,2,10,None,0.13,0.921,0.205,0.35,0.8393,1,13.5
SHP105671,Hamburg,New York,DHL,Rail,2024-03-28,2024-04-11,14,10,Delayed,1088.19,3,0,Storm,7.85,3,7,Natural Disaster,10.18,0.904,0.158,0.13,0.9277,1,52.4
SHP105672,Mumbai,New York,XPO Logistics,Road,2024-03-23,2024-03-27,4,7,Out for Delivery,339.94,5,0,Clear,0.0,6,9,Equipment Failure,5.83,0.85,0.152,0.16,0.9468,1,60.3
SHP105673,Mumbai,New York,FedEx,Rail,2023-08-14,2023-08-26,12,16,At Port,4601.18,3,0,Fog,4.45,4,8,Traffic Jam,4.11,0.906,0.181,0.28,0.819,1,51.8
SHP105674,Los Angeles,Tokyo,Maersk,Road,2023-12-09,2023-12-13,4,9,In Transit,1986.47,1,0,Snow,6.3,6,3,Natural Disaster,10.1,0.855,0.254,0.25,1.0,1,43.7
SHP105675,Los Angeles,Singapore,DB Schenker,Air,2024-11-07,2024-11-11,4,4,In Transit,4017.43,2,0,Rain,2.19,4,3,Equipment Failure,6.09,0.835,0.274,0.43,1.0,1,38.6
SHP105676,Hamburg,Sydney,XPO Logistics,Sea,2024-10-03,2024-11-02,30,30,Out for Delivery,3083.17,2,0,Snow,6.15,5,2,Traffic Jam,3.68,0.845,0.357,0.31,1.0,1,70.7
SHP105677,Shanghai,New York,DHL,Rail,2024-10-14,2024-10-24,10,14,At Port,2989.55,5,0,Rain,2.04,3,7,Equipment Failure,6.38,0.891,0.222,0.35,1.0,1,66.0
SHP105678,Rotterdam,Sydney,FedEx,Air,2024-11-01,2024-11-05,4,3,Out for Delivery,4464.67,4,0,Heavy Rain,5.13,4,6,Traffic Jam,4.21,0.903,0.273,0.2,0.8554,1,35.1
SHP105679,Rotterdam,London,FedEx,Road,2023-06-06,2023-06-09,3,0,Out for Delivery,1440.88,2,1,Rain,2.03,7,2,Natural Disaster,9.91,0.906,0.358,0.11,0.833,1,52.0
SHP105680,Los Angeles,London,XPO Logistics,Rail,2024-08-17,2024-08-25,8,1,Customs Hold,1099.75,4,0,Blizzard,8.57,2,2,Traffic Jam,3.73,0.864,0.169,0.16,0.8142,1,36.9
SHP105681,Shanghai,Sydney,Maersk,Air,2023-09-28,2023-10-02,4,3,At Port,3840.39,2,0,Rain,1.78,3,3,None,0.0,0.825,0.112,0.45,0.7704,1,22.6
SHP105682,Mumbai,Tokyo,DB Schenker,Road,2023-04-05,2023-04-14,9,9,Out for Delivery,4024.5,2,0,Heavy Rain,5.49,9,3,Equipment Failure,6.02,0.88,0.19,0.18,0.8896,1,83.7
SHP105683,Rotterdam,Singapore,Maersk,Road,2023-03-08,2023-03-18,10,4,Delayed,2708.93,5,1,Snow,5.9,9,4,None,0.0,0.865,0.234,0.14,0.7954,1,48.8
SHP105684,Los Angeles,Sydney,DB Schenker,Rail,2024-03-31,2024-04-10,10,4,At Port,198.23,2,0,Snow,5.84,2,4,None,0.0,0.877,0.291,0.39,0.8549,1,52.1
SHP105685,Shanghai,London,UPS,Sea,2024-01-03,2024-02-03,31,6,At Port,3037.02,2,0,Storm,7.53,6,10,None,0.12,0.929,0.193,0.32,0.782,1,38.2
SHP105686,Los Angeles,Sydney,XPO Logistics,Air,2023-12-06,2023-12-08,2,2,At Port,3169.25,1,0,Clear,0.0,1,1,None,0.05,0.845,0.032,0.38,0.6224,1,22.2
SHP105687,Shanghai,Tokyo,XPO Logistics,Sea,2023-08-10,2023-09-13,34,38,Out for Delivery,125.62,4,0,Clear,0.27,5,8,None,0.0,0.855,0.152,0.43,0.8638,1,77.3
SHP105688,Hamburg,Chicago,DHL,Sea,2023-10-29,2023-11-28,30,10,In Transit,4397.13,2,1,Rain,2.44,4,8,Port Strike,9.39,0.852,0.232,0.14,0.9399,1,73.6
SHP105689,Dubai,Chicago,FedEx,Road,2023-05-13,2023-05-16,3,1,In Transit,1834.22,5,0,Blizzard,8.88,6,3,Natural Disaster,9.58,0.868,0.248,0.34,1.0,1,63.9
SHP105690,Mumbai,London,DB Schenker,Air,2024-10-11,2024-10-15,4,1,Delayed,1533.08,2,0,Clear,0.07,4,9,Port Strike,9.33,0.864,0.395,0.37,1.0,1,6.2
SHP105691,Hamburg,London,Maersk,Air,2023-04-10,2023-04-13,3,7,Out for Delivery,1153.19,3,0,Heavy Rain,5.38,4,3,Natural Disaster,10.44,0.826,0.183,0.1,1.0,1,27.0
SHP105692,Rotterdam,Chicago,FedEx,Road,2023-05-19,2023-05-25,6,1,Delayed,3123.04,1,0,Snow,6.4,9,7,Port Strike,9.2,0.897,0.388,0.2,1.0,1,32.9
SHP105693,Los Angeles,Chicago,Maersk,Road,2023-01-29,2023-02-03,5,7,Out for Delivery,4736.55,5,0,Heavy Rain,5.37,6,6,Port Strike,9.4,0.841,0.237,0.28,1.0,1,62.5
SHP105694,Shanghai,Tokyo,UPS,Road,2023-09-22,2023-09-28,6,7,In Transit,3411.07,4,0,Blizzard,8.98,8,5,None,0.0,0.915,0.074,0.26,0.9172,1,33.7
SHP105695,Los Angeles,Tokyo,XPO Logistics,Sea,2024-01-10,2024-01-28,18,4,Customs Hold,3619.2,3,0,Fog,3.6,6,2,Port Strike,9.08,0.808,0.284,0.25,1.0,1,95.1
SHP105696,Dubai,Chicago,XPO Logistics,Road,2024-10-01,2024-10-09,8,10,At Port,4014.1,2,0,Rain,1.96,9,10,Port Strike,9.36,0.814,0.259,0.4,1.0,1,9.4
SHP105697,Hamburg,London,DHL,Sea,2024-02-29,2024-03-19,19,19,Delayed,1770.81,1,0,Rain,1.55,6,9,Natural Disaster,10.41,0.911,0.307,0.1,0.871,1,6.3
SHP105698,Mumbai,London,DHL,Air,2023-03-17,2023-03-20,3,1,At Port,1745.07,2,0,Snow,6.43,3,9,None,0.41,0.898,0.279,0.38,0.7725,1,21.2
SHP105699,Los Angeles,New York,DB Schenker,Sea,2023-07-27,2023-08-29,33,29,Delayed,238.78,4,1,Snow,6.15,6,8,Port Strike,8.9,0.887,0.095,0.24,0.9859,1,30.0
SHP105700,Mumbai,London,UPS,Road,2024-09-24,2024-09-29,5,10,At Port,1400.91,3,0,Clear,0.05,9,7,Traffic Jam,3.65,0.898,0.328,0.28,1.0,1,11.1
SHP105701,Mumbai,Singapore,DB Schenker,Air,2024-04-20,2024-04-24,4,3,At Port,4723.23,4,0,Heavy Rain,5.02,3,10,Traffic Jam,3.55,0.895,0.318,0.27,0.9111,1,13.9
SHP105702,Rotterdam,Sydney,DHL,Rail,2024-05-15,2024-05-29,14,7,Out for Delivery,2432.6,2,1,Storm,8.43,2,1,Natural Disaster,10.46,0.899,0.213,0.21,1.0,1,95.6
SHP105703,Hamburg,Tokyo,UPS,Sea,2024-07-08,2024-08-04,27,0,Out for Delivery,4584.55,5,0,Heavy Rain,5.2,4,9,Port Strike,8.95,0.907,0.325,0.18,0.9499,1,82.6
SHP105704,Los Angeles,New York,FedEx,Sea,2024-09-29,2024-11-01,33,27,Delayed,2270.01,1,0,Rain,1.53,3,5,None,0.11,0.92,0.198,0.11,0.5162,1,20.0
SHP105705,Hamburg,New York,Maersk,Road,2024-09-21,2024-09-30,9,11,Delayed,505.91,1,0,Heavy Rain,5.32,6,8,None,0.2,0.848,0.052,0.18,0.736,1,57.2
SHP105706,Rotterdam,Tokyo,DHL,Air,2023-06-28,2023-07-02,4,0,Out for Delivery,2854.61,3,0,Fog,3.97,3,6,Natural Disaster,9.54,0.893,0.058,0.19,0.7581,1,54.1
SHP105707,Dubai,London,DHL,Air,2024-11-10,2024-11-12,2,6,Customs Hold,1513.14,1,0,Clear,0.28,4,6,None,0.0,0.889,0.307,0.16,0.9177,1,61.6
SHP105708,Dubai,Tokyo,Maersk,Sea,2023-01-06,2023-02-02,27,31,In Transit,644.05,2,0,Snow,6.29,4,3,Port Strike,8.92,0.875,0.21,0.23,1.0,1,94.8
SHP105709,Dubai,Tokyo,UPS,Rail,2023-09-19,2023-09-26,7,5,Out for Delivery,363.86,5,0,Blizzard,8.58,5,10,Natural Disaster,9.64,0.933,0.067,0.43,1.0,1,89.5
SHP105710,Dubai,Chicago,Maersk,Rail,2024-03-08,2024-03-23,15,10,Out for Delivery,4297.04,4,0,Storm,7.78,4,10,None,0.0,0.814,0.103,0.23,0.7553,1,56.5
SHP105711,Dubai,Singapore,DB Schenker,Rail,2023-04-14,2023-04-23,9,0,In Transit,4635.57,5,0,Snow,5.96,3,8,Natural Disaster,9.85,0.861,0.302,0.15,1.0,1,22.8
SHP105712,Los Angeles,Tokyo,XPO Logistics,Road,2024-09-10,2024-09-17,7,9,At Port,4111.46,3,0,Blizzard,8.65,8,1,Port Strike,9.46,0.843,0.186,0.25,1.0,1,86.0
SHP105713,Rotterdam,Chicago,XPO Logistics,Air,2024-06-23,2024-06-25,2,1,Out for Delivery,1635.14,3,0,Rain,2.02,3,1,Traffic Jam,4.05,0.821,0.128,0.2,0.757,1,42.0
SHP105714,Mumbai,Singapore,Maersk,Rail,2024-08-08,2024-08-15,7,2,Out for Delivery,3110.73,3,0,Snow,5.89,3,4,Traffic Jam,4.09,0.84,0.079,0.34,0.9458,1,33.2
SHP105715,Dubai,New York,DHL,Road,2023-01-04,2023-01-08,4,7,Out for Delivery,2042.33,4,1,Clear,0.0,6,3,Equipment Failure,6.42,0.871,0.316,0.15,0.912,1,56.8
SHP105716,Mumbai,Singapore,UPS,Sea,2024-10-01,2024-10-28,27,3,Out for Delivery,77.85,5,1,Storm,7.86,3,8,Traffic Jam,3.92,0.928,0.03,0.23,0.6667,1,41.4
SHP105717,Dubai,Singapore,Maersk,Road,2023-06-14,2023-06-20,6,4,Delayed,863.61,5,0,Snow,5.91,8,1,Equipment Failure,6.04,0.82,0.21,0.15,0.9666,1,16.2
SHP105718,Mumbai,Chicago,DB Schenker,Road,2024-04-04,2024-04-13,9,2,At Port,342.07,1,1,Fog,3.82,6,4,Port Strike,8.57,0.877,0.388,0.27,1.0,1,46.1
SHP105719,Shanghai,London,DB Schenker,Air,2023-09-17,2023-09-20,3,0,In Transit,3813.04,5,0,Clear,0.0,2,7,Port Strike,8.66,0.881,0.071,0.19,0.6718,1,58.9
SHP105720,Dubai,Singapore,XPO Logistics,Air,2023-12-06,2023-12-10,4,8,Out for Delivery,2171.18,1,0,Snow,6.1,2,3,Traffic Jam,4.28,0.806,0.221,0.15,0.917,1,71.7
SHP105721,Shanghai,Singapore,UPS,Rail,2023-03-14,2023-03-28,14,17,Out for Delivery,4141.57,3,1,Blizzard,9.28,5,8,Equipment Failure,5.71,0.916,0.376,0.17,1.0,1,40.8
SHP105722,Los Angeles,New York,DHL,Sea,2024-03-04,2024-03-30,26,15,Out for Delivery,620.16,4,1,Clear,0.18,5,7,Natural Disaster,9.67,0.882,0.351,0.45,1.0,1,8.3
SHP105723,Rotterdam,Singapore,DHL,Rail,2024-01-30,2024-02-06,7,12,Delayed,668.78,2,0,Snow,6.31,2,1,Natural Disaster,10.04,0.914,0.112,0.24,1.0,1,86.7
SHP105724,Los Angeles,Singapore,DHL,Road,2024-06-10,2024-06-19,9,7,Customs Hold,1804.11,2,0,Fog,4.14,9,6,Traffic Jam,3.77,0.854,0.232,0.27,0.9678,1,24.1
SHP105725,Rotterdam,Tokyo,DB Schenker,Rail,2024-07-15,2024-07-29,14,3,In Transit,4804.83,2,0,Fog,4.5,2,8,Equipment Failure,5.78,0.892,0.155,0.32,0.8583,1,22.5
SHP105726,Mumbai,Singapore,FedEx,Road,2023-12-24,2023-12-31,7,7,Out for Delivery,1380.72,4,0,Heavy Rain,5.2,7,5,Port Strike,9.09,0.943,0.281,0.36,1.0,1,74.6
SHP105727,Los Angeles,London,UPS,Air,2024-08-24,2024-08-29,5,2,Delayed,375.29,5,0,Clear,0.16,2,7,Traffic Jam,3.57,0.924,0.36,0.25,0.7121,1,40.4
SHP105728,Rotterdam,Tokyo,XPO Logistics,Air,2024-11-17,2024-11-22,5,8,At Port,2272.17,3,0,Heavy Rain,5.04,2,1,Port Strike,8.53,0.828,0.137,0.37,1.0,1,51.7
SHP105729,Rotterdam,Chicago,FedEx,Road,2023-05-17,2023-05-27,10,12,At Port,2267.65,4,1,Storm,8.03,9,4,Natural Disaster,10.21,0.922,0.129,0.2,1.0,1,56.7
SHP105730,Mumbai,Sydney,FedEx,Road,2023-08-11,2023-08-14,3,2,Delayed,597.38,5,0,Fog,4.14,8,2,Port Strike,9.29,0.913,0.281,0.3,1.0,1,29.3
SHP105731,Rotterdam,Tokyo,DHL,Sea,2024-02-24,2024-03-29,34,4,Out for Delivery,4698.42,4,1,Fog,3.7,3,3,Natural Disaster,10.14,0.908,0.063,0.12,0.6351,1,24.3
SHP105732,Dubai,Sydney,DB Schenker,Air,2023-02-28,2023-03-05,5,4,Delayed,298.63,4,0,Heavy Rain,4.82,1,3,None,0.0,0.878,0.311,0.2,0.6792,1,50.1
SHP105733,Los Angeles,London,DHL,Rail,2024-01-25,2024-02-06,12,8,Customs Hold,1995.17,4,1,Rain,2.35,2,2,None,0.09,0.888,0.024,0.34,0.5931,1,34.2
SHP105734,Mumbai,Singapore,Maersk,Road,2023-04-01,2023-04-09,8,10,At Port,1227.47,5,0,Storm,7.73,8,3,Equipment Failure,5.79,0.865,0.272,0.43,1.0,1,58.5
SHP105735,Los Angeles,Tokyo,FedEx,Sea,2023-10-21,2023-11-23,33,36,In Transit,1885.96,4,0,Clear,0.37,3,9,Equipment Failure,6.44,0.888,0.27,0.25,0.8938,1,71.1
SHP105736,Hamburg,New York,DHL,Air,2024-03-03,2024-03-06,3,4,At Port,4607.16,4,0,Storm,7.55,4,8,Natural Disaster,10.35,0.889,0.191,0.32,1.0,1,61.8
SHP105737,Shanghai,London,XPO Logistics,Air,2024-07-14,2024-07-17,3,5,Delayed,1207.26,3,0,Fog,4.13,4,7,None,0.0,0.806,0.225,0.11,0.7427,1,49.0
SHP105738,Shanghai,Chicago,UPS,Road,2024-08-02,2024-08-09,7,9,At Port,4393.93,5,0,Storm,8.02,9,5,Port Strike,9.0,0.891,0.257,0.26,1.0,1,38.8
SHP105739,Mumbai,Sydney,XPO Logistics,Road,2023-04-19,2023-04-28,9,3,Out for Delivery,4784.54,3,0,Snow,6.28,7,4,Equipment Failure,6.31,0.839,0.23,0.3,1.0,1,66.8
SHP105740,Los Angeles,Tokyo,DB Schenker,Rail,2024-05-15,2024-05-29,14,12,Customs Hold,3175.91,4,0,Heavy Rain,5.35,3,9,None,0.0,0.857,0.366,0.25,0.7794,1,45.1
SHP105741,Shanghai,New York,XPO Logistics,Air,2024-07-24,2024-07-27,3,8,Out for Delivery,1210.69,5,1,Blizzard,9.01,4,4,Natural Disaster,9.77,0.853,0.338,0.35,1.0,1,35.2
SHP105742,Rotterdam,Chicago,DB Schenker,Air,2023-08-19,2023-08-24,5,1,Out for Delivery,1521.8,5,1,Rain,1.53,3,9,Natural Disaster,10.49,0.874,0.213,0.2,0.8434,1,39.8
SHP105743,Rotterdam,Sydney,DHL,Rail,2024-07-16,2024-07-31,15,12,At Port,3528.32,2,0,Clear,0.17,2,7,Natural Disaster,9.84,0.901,0.131,0.42,0.8665,1,18.6
SHP105744,Los Angeles,Chicago,XPO Logistics,Road,2023-02-03,2023-02-09,6,4,Delayed,3883.1,5,0,Blizzard,8.97,8,7,Natural Disaster,9.74,0.832,0.312,0.23,1.0,1,51.3
SHP105745,Shanghai,New York,FedEx,Air,2023-10-11,2023-10-16,5,1,Out for Delivery,797.82,4,0,Snow,5.97,2,1,Port Strike,8.71,0.912,0.34,0.35,1.0,1,79.4
SHP105746,Los Angeles,Chicago,Maersk,Air,2023-07-14,2023-07-19,5,5,Delayed,2275.07,4,0,Clear,0.49,1,1,Traffic Jam,4.13,0.856,0.097,0.26,0.7018,1,22.5
SHP105747,Shanghai,Tokyo,DHL,Rail,2024-03-27,2024-04-08,12,6,In Transit,3917.66,5,0,Snow,6.36,5,8,Natural Disaster,10.19,0.893,0.137,0.34,1.0,1,61.4
SHP105748,Rotterdam,London,XPO Logistics,Rail,2023-05-17,2023-05-24,7,4,At Port,1782.86,3,1,Snow,5.96,4,4,Equipment Failure,5.51,0.849,0.346,0.37,1.0,1,89.7
SHP105749,Mumbai,London,DHL,Rail,2024-03-21,2024-03-28,7,3,Out for Delivery,185.29,5,0,Storm,7.81,5,9,Traffic Jam,3.85,0.904,0.038,0.29,0.8618,1,69.0
SHP105750,Los Angeles,Tokyo,DB Schenker,Air,2023-11-26,2023-12-01,5,0,Delayed,1303.78,1,0,Heavy Rain,5.02,2,7,Port Strike,9.2,0.887,0.384,0.25,1.0,1,10.9
SHP105751,Shanghai,London,UPS,Air,2023-12-13,2023-12-18,5,3,Customs Hold,2001.65,1,1,Heavy Rain,5.37,2,1,None,0.0,0.892,0.26,0.23,0.7351,1,20.9
SHP105752,Dubai,London,DHL,Road,2024-01-04,2024-01-11,7,5,Customs Hold,111.38,4,1,Clear,0.0,9,8,Traffic Jam,4.48,0.914,0.359,0.17,0.8175,1,27.1
SHP105753,Shanghai,New York,FedEx,Air,2024-06-14,2024-06-16,2,3,Customs Hold,2824.1,5,0,Clear,0.0,4,2,Traffic Jam,3.66,0.907,0.147,0.35,0.8423,1,21.9
SHP105754,Rotterdam,London,DHL,Sea,2024-02-20,2024-03-15,24,2,Delayed,3382.56,5,0,Storm,8.46,3,4,None,0.0,0.894,0.256,0.37,0.9009,1,68.6
SHP105755,Rotterdam,Sydney,UPS,Sea,2023-01-30,2023-02-22,23,8,In Transit,1250.89,5,0,Rain,2.25,3,6,Equipment Failure,6.3,0.9,0.294,0.2,0.7395,1,67.7
SHP105756,Mumbai,New York,FedEx,Sea,2023-09-13,2023-10-08,25,1,Customs Hold,4408.14,2,0,Blizzard,8.86,6,5,Natural Disaster,10.38,0.932,0.204,0.36,1.0,1,58.6
SHP105757,Mumbai,London,DHL,Sea,2023-11-02,2023-11-24,22,26,Customs Hold,4074.92,5,0,Storm,7.72,6,6,Port Strike,9.05,0.902,0.261,0.32,1.0,1,48.2
SHP105758,Hamburg,Tokyo,DHL,Road,2024-02-02,2024-02-06,4,2,Customs Hold,2539.14,1,0,Snow,6.35,6,8,Natural Disaster,10.42,0.891,0.251,0.32,1.0,1,9.6
SHP105759,Mumbai,Chicago,DHL,Air,2023-09-07,2023-09-09,2,2,At Port,2651.77,4,0,Clear,0.01,4,1,Natural Disaster,9.92,0.848,0.11,0.19,0.8431,1,40.6
SHP105760,Los Angeles,Chicago,DHL,Air,2023-01-09,2023-01-12,3,0,In Transit,2231.28,2,0,Clear,0.0,1,8,Port Strike,9.34,0.907,0.215,0.17,0.6558,1,30.8
SHP105761,Rotterdam,Tokyo,DHL,Sea,2024-03-17,2024-04-09,23,26,In Transit,4330.55,1,0,Storm,8.17,6,3,Natural Disaster,9.97,0.866,0.146,0.17,1.0,1,23.9
SHP105762,Dubai,Tokyo,DB Schenker,Air,2024-09-19,2024-09-24,5,8,At Port,299.0,3,0,Rain,2.35,4,9,Traffic Jam,4.05,0.894,0.274,0.16,0.8455,1,39.4
SHP105763,Shanghai,Sydney,DB Schenker,Sea,2023-06-29,2023-07-24,25,9,In Transit,4270.75,5,0,Fog,3.91,3,4,Natural Disaster,10.37,0.895,0.316,0.42,1.0,1,12.6
SHP105764,Rotterdam,New York,Maersk,Sea,2023-08-24,2023-09-27,34,16,Out for Delivery,4957.39,5,0,Snow,5.8,4,1,None,0.29,0.822,0.127,0.39,0.8284,1,33.0
SHP105765,Dubai,Chicago,FedEx,Road,2023-02-15,2023-02-24,9,10,In Transit,3967.82,4,1,Heavy Rain,5.08,9,5,None,0.2,0.91,0.13,0.17,0.7276,1,4.5
SHP105766,Mumbai,Tokyo,DHL,Rail,2024-06-01,2024-06-16,15,1,At Port,1753.14,2,0,Rain,1.87,5,10,Equipment Failure,6.02,0.859,0.172,0.21,0.7641,1,10.9
SHP105767,Dubai,Singapore,XPO Logistics,Road,2023-03-30,2023-04-09,10,5,Out for Delivery,4006.9,5,0,Clear,0.0,9,3,Port Strike,9.33,0.834,0.364,0.15,1.0,1,21.0
SHP105768,Dubai,Singapore,XPO Logistics,Rail,2023-04-18,2023-04-30,12,4,At Port,2926.55,4,0,Blizzard,9.11,3,8,Port Strike,8.79,0.806,0.276,0.15,1.0,1,25.9
SHP105769,Rotterdam,Singapore,Maersk,Rail,2024-08-28,2024-09-12,15,12,In Transit,1375.03,5,1,Blizzard,8.72,5,4,Traffic Jam,4.17,0.847,0.033,0.28,0.9724,1,68.8
SHP105770,Rotterdam,Tokyo,Maersk,Air,2024-05-04,2024-05-07,3,5,At Port,4082.09,1,0,Heavy Rain,5.18,3,4,Natural Disaster,10.18,0.86,0.349,0.2,1.0,1,12.7
SHP105771,Mumbai,Tokyo,FedEx,Road,2024-11-28,2024-12-02,4,9,In Transit,3187.54,1,0,Fog,3.82,7,5,Natural Disaster,10.4,0.956,0.151,0.32,1.0,1,74.0
SHP105772,Los Angeles,London,Maersk,Road,2024-10-24,2024-10-27,3,1,Out for Delivery,2219.76,5,0,Storm,7.97,8,8,Port Strike,8.57,0.855,0.172,0.27,1.0,1,23.2
SHP105773,Dubai,Tokyo,XPO Logistics,Rail,2023-01-20,2023-01-28,8,1,Delayed,3542.51,5,0,Heavy Rain,4.96,2,5,Port Strike,8.91,0.829,0.187,0.35,1.0,1,53.3
SHP105774,Mumbai,Tokyo,UPS,Sea,2024-08-08,2024-09-07,30,5,At Port,540.72,4,0,Snow,5.96,5,2,Natural Disaster,10.13,0.924,0.037,0.44,1.0,1,25.7
SHP105775,Los Angeles,New York,FedEx,Rail,2024-02-04,2024-02-19,15,20,Out for Delivery,3013.6,5,0,Clear,0.19,2,10,Equipment Failure,5.67,0.89,0.306,0.45,0.9984,1,75.7
SHP105776,Los Angeles,Chicago,XPO Logistics,Air,2023-08-28,2023-09-01,4,3,Customs Hold,3504.65,4,0,Heavy Rain,5.48,1,10,Equipment Failure,5.74,0.847,0.142,0.37,0.9403,1,60.1
SHP105777,Los Angeles,New York,UPS,Road,2023-12-01,2023-12-10,9,10,Out for Delivery,2076.36,4,1,Snow,6.13,6,7,Equipment Failure,5.98,0.929,0.173,0.27,0.9786,1,61.2
SHP105778,Dubai,New York,XPO Logistics,Air,2023-07-20,2023-07-23,3,4,In Transit,3133.51,1,0,Storm,8.07,2,8,Equipment Failure,6.03,0.81,0.134,0.29,1.0,1,31.6
SHP105779,Hamburg,Singapore,UPS,Road,2024-11-13,2024-11-17,4,5,Out for Delivery,2041.61,5,0,Fog,4.17,9,9,Port Strike,9.24,0.882,0.139,0.33,1.0,1,29.1
SHP105780,Hamburg,New York,Maersk,Road,2024-02-10,2024-02-14,4,6,At Port,2586.29,3,1,Storm,8.29,8,9,None,0.0,0.839,0.32,0.39,1.0,1,8.8
SHP105781,Los Angeles,Tokyo,FedEx,Sea,2023-03-13,2023-04-16,34,37,At Port,1064.88,2,0,Snow,5.79,4,9,None,0.43,0.913,0.229,0.25,0.7776,1,37.8
SHP105782,Dubai,Sydney,UPS,Sea,2024-11-09,2024-12-13,34,31,In Transit,1726.13,4,1,Heavy Rain,5.01,5,4,Natural Disaster,10.23,0.889,0.318,0.16,1.0,1,11.9
SHP105783,Rotterdam,London,XPO Logistics,Rail,2024-02-27,2024-03-11,13,6,Customs Hold,3513.5,3,0,Storm,7.91,3,4,Natural Disaster,10.5,0.822,0.07,0.25,1.0,1,8.4
SHP105784,Mumbai,Singapore,UPS,Rail,2023-07-22,2023-08-02,11,11,In Transit,2296.09,4,0,Rain,2.35,2,1,Port Strike,9.18,0.916,0.158,0.42,0.9307,1,80.9
SHP105785,Dubai,London,DHL,Sea,2023-11-30,2023-12-29,29,32,Delayed,265.77,2,1,Heavy Rain,5.17,4,9,Natural Disaster,10.27,0.898,0.334,0.37,1.0,1,20.0
SHP105786,Los Angeles,Sydney,UPS,Sea,2023-05-13,2023-06-12,30,32,Customs Hold,342.8,1,0,Storm,7.63,6,1,Port Strike,9.16,0.947,0.148,0.27,0.9903,1,17.5
SHP105787,Mumbai,New York,Maersk,Sea,2024-02-07,2024-03-10,32,8,Delayed,3523.42,4,0,Rain,1.62,4,2,None,0.31,0.846,0.24,0.21,0.5936,1,37.2
SHP105788,Dubai,Singapore,DB Schenker,Sea,2023-03-22,2023-04-20,29,12,At Port,2651.83,4,0,Fog,4.45,3,1,Traffic Jam,3.95,0.848,0.342,0.15,0.8151,1,14.6
SHP105789,Mumbai,Tokyo,Maersk,Rail,2024-07-05,2024-07-13,8,11,At Port,4176.0,5,0,Clear,0.01,2,10,Port Strike,9.48,0.875,0.304,0.35,1.0,1,7.6
SHP105790,Hamburg,Singapore,DHL,Road,2023-02-09,2023-02-19,10,0,In Transit,3286.55,4,1,Rain,2.09,9,6,Traffic Jam,4.3,0.913,0.045,0.13,0.6153,1,55.7
SHP105791,Los Angeles,Sydney,FedEx,Air,2024-10-29,2024-11-02,4,8,Delayed,4871.45,4,0,Rain,2.22,3,3,Equipment Failure,5.95,0.926,0.199,0.34,0.9625,1,20.6
SHP105792,Rotterdam,New York,UPS,Air,2024-05-04,2024-05-08,4,2,Out for Delivery,3275.41,1,0,Heavy Rain,4.5,4,5,Natural Disaster,9.8,0.91,0.115,0.35,0.9853,1,42.3
SHP105793,Hamburg,Singapore,UPS,Air,2024-09-29,2024-10-02,3,1,Delayed,1059.32,1,0,Rain,1.5,1,4,None,0.0,0.91,0.093,0.17,0.4461,0,0.0
SHP105794,Hamburg,Tokyo,Maersk,Rail,2024-06-02,2024-06-10,8,1,Delayed,678.33,1,0,Blizzard,9.43,4,9,Equipment Failure,6.1,0.846,0.376,0.21,1.0,1,86.7
SHP105795,Hamburg,Singapore,UPS,Rail,2024-11-05,2024-11-16,11,3,In Transit,2500.94,1,1,Blizzard,9.14,5,7,None,0.06,0.897,0.107,0.27,0.6896,1,63.8
SHP105796,Rotterdam,Singapore,DB Schenker,Rail,2024-01-01,2024-01-08,7,3,Out for Delivery,2727.02,2,0,Blizzard,9.49,3,9,Port Strike,9.25,0.872,0.181,0.28,1.0,1,31.5
SHP105797,Shanghai,Sydney,FedEx,Road,2023-08-15,2023-08-23,8,2,Out for Delivery,4599.48,5,0,Storm,8.22,7,5,Traffic Jam,3.58,0.918,0.163,0.41,0.9118,1,13.7
SHP105798,Los Angeles,Chicago,DB Schenker,Road,2023-01-13,2023-01-18,5,0,Customs Hold,3284.49,1,0,Storm,7.7,7,2,Natural Disaster,10.04,0.846,0.056,0.17,0.8832,1,45.5
SHP105799,Rotterdam,Sydney,DHL,Road,2024-02-27,2024-03-04,6,11,Delayed,1979.56,2,0,Clear,0.07,9,6,None,0.38,0.896,0.324,0.39,1.0,1,28.0
SHP105800,Los Angeles,London,DHL,Sea,2024-07-21,2024-08-19,29,31,In Transit,4907.93,1,0,Snow,5.68,5,10,None,0.23,0.845,0.173,0.41,0.9448,1,72.8
SHP105801,Los Angeles,Tokyo,FedEx,Sea,2023-01-28,2023-03-03,34,6,Delayed,330.25,4,1,Blizzard,8.66,5,10,Traffic Jam,3.57,0.93,0.041,0.25,0.6514,1,25.0
SHP105802,Los Angeles,Singapore,Maersk,Sea,2024-05-16,2024-06-20,35,23,Customs Hold,4505.07,2,0,Rain,1.62,6,1,Equipment Failure,6.02,0.839,0.088,0.35,0.9158,1,82.2
SHP105803,Hamburg,New York,Maersk,Rail,2023-03-31,2023-04-14,14,10,Out for Delivery,1168.33,3,1,Snow,6.05,3,8,Port Strike,9.29,0.858,0.055,0.42,1.0,1,41.0
SHP105804,Shanghai,Singapore,UPS,Sea,2023-12-25,2024-01-23,29,10,At Port,4605.33,1,0,Blizzard,8.66,4,5,Natural Disaster,10.22,0.913,0.348,0.17,1.0,1,28.6
SHP105805,Rotterdam,Singapore,XPO Logistics,Road,2023-03-15,2023-03-25,10,5,Out for Delivery,2889.86,2,0,Storm,7.69,9,3,Traffic Jam,3.94,0.82,0.337,0.24,1.0,1,67.4
SHP105806,Shanghai,London,XPO Logistics,Sea,2024-07-03,2024-07-27,24,10,In Transit,2118.45,3,0,Snow,5.84,6,7,Natural Disaster,10.31,0.836,0.313,0.34,1.0,1,32.9
SHP105807,Mumbai,London,Maersk,Sea,2023-06-28,2023-07-21,23,15,In Transit,4775.9,3,0,Fog,3.81,6,10,Natural Disaster,10.2,0.878,0.164,0.4,1.0,1,92.4
SHP105808,Los Angeles,Tokyo,XPO Logistics,Road,2024-04-08,2024-04-15,7,5,At Port,2368.94,3,0,Clear,0.45,9,1,Port Strike,8.62,0.808,0.346,0.25,1.0,1,54.0
SHP105809,Mumbai,New York,UPS,Road,2024-03-22,2024-03-29,7,3,At Port,4895.01,4,0,Blizzard,8.87,8,6,Port Strike,9.11,0.88,0.398,0.32,1.0,1,84.6
SHP105810,Dubai,New York,FedEx,Sea,2023-04-12,2023-05-06,24,0,Delayed,2877.31,3,0,Blizzard,9.21,4,7,Port Strike,9.26,0.92,0.398,0.37,1.0,1,14.8
SHP105811,Shanghai,Singapore,UPS,Sea,2024-12-01,2024-12-24,23,18,In Transit,3869.0,4,0,Heavy Rain,5.24,6,7,Traffic Jam,4.5,0.899,0.298,0.14,0.8497,1,77.7
SHP105812,Los Angeles,London,UPS,Rail,2023-07-19,2023-07-30,11,9,Customs Hold,909.48,3,0,Heavy Rain,5.27,2,4,Equipment Failure,6.01,0.876,0.212,0.15,0.8074,1,21.9
SHP105813,Dubai,Singapore,XPO Logistics,Sea,2024-07-15,2024-08-09,25,0,Delayed,2565.67,1,0,Heavy Rain,4.53,3,8,None,0.25,0.793,0.333,0.15,0.7568,1,15.5
SHP105814,Dubai,Chicago,Maersk,Sea,2023-06-04,2023-06-26,22,5,In Transit,1575.58,2,1,Blizzard,9.37,3,8,Equipment Failure,5.72,0.84,0.292,0.38,1.0,1,15.8
SHP105815,Shanghai,Chicago,Maersk,Rail,2024-06-03,2024-06-13,10,5,Delayed,1936.75,2,0,Fog,4.24,2,1,Equipment Failure,6.27,0.822,0.371,0.24,0.9945,1,36.2
SHP105816,Rotterdam,Tokyo,DB Schenker,Sea,2023-11-23,2023-12-12,19,11,Customs Hold,1382.95,5,1,Heavy Rain,4.81,4,3,None,0.19,0.88,0.244,0.2,0.7463,1,63.5
SHP105817,Dubai,London,DHL,Sea,2023-08-02,2023-08-20,18,5,Delayed,2103.33,1,1,Storm,7.82,5,1,Equipment Failure,5.69,0.899,0.272,0.15,0.8852,1,47.8
SHP105818,Shanghai,Singapore,DHL,Rail,2024-06-29,2024-07-09,10,3,Out for Delivery,1069.88,1,0,Clear,0.45,5,7,Natural Disaster,9.57,0.881,0.27,0.18,0.9149,1,63.9
SHP105819,Rotterdam,Sydney,FedEx,Rail,2024-05-28,2024-06-12,15,13,Customs Hold,3300.12,4,1,Clear,0.15,5,1,None,0.11,0.89,0.079,0.27,0.5379,1,39.0
SHP105820,Shanghai,Chicago,Maersk,Road,2023-07-09,2023-07-13,4,9,At Port,4547.72,4,0,Blizzard,8.66,6,4,Traffic Jam,4.04,0.818,0.371,0.19,1.0,1,22.2
SHP105821,Hamburg,Chicago,Maersk,Air,2023-09-27,2023-10-02,5,2,Delayed,4002.29,5,1,Blizzard,8.71,3,1,Natural Disaster,9.62,0.87,0.314,0.12,1.0,1,20.3
SHP105822,Hamburg,Singapore,UPS,Sea,2023-11-01,2023-12-01,30,25,Out for Delivery,4154.35,3,0,Heavy Rain,5.38,6,1,Traffic Jam,4.16,0.924,0.264,0.12,0.7863,1,7.5
SHP105823,Mumbai,Sydney,DHL,Road,2024-05-09,2024-05-19,10,5,Delayed,281.7,1,0,Snow,5.78,9,10,Natural Disaster,10.48,0.865,0.14,0.3,1.0,1,72.1
SHP105824,Rotterdam,Sydney,DHL,Air,2023-07-15,2023-07-19,4,8,Out for Delivery,2310.69,3,0,Heavy Rain,4.76,2,2,None,0.02,0.889,0.34,0.27,0.8855,1,47.6
SHP105825,Dubai,Chicago,DB Schenker,Air,2023-08-25,2023-08-29,4,1,At Port,1662.92,1,0,Blizzard,8.62,1,3,Traffic Jam,4.38,0.9,0.217,0.18,0.7168,1,18.0
SHP105826,Mumbai,Sydney,Maersk,Sea,2024-06-08,2024-07-08,30,0,Delayed,1067.91,3,0,Snow,6.3,4,3,Equipment Failure,5.71,0.878,0.111,0.3,0.8522,1,74.6
SHP105827,Rotterdam,Tokyo,Maersk,Sea,2024-10-19,2024-11-07,19,9,Customs Hold,1673.75,5,0,Snow,6.28,6,5,Equipment Failure,5.71,0.823,0.1,0.24,0.9478,1,69.9
SHP105828,Rotterdam,Chicago,XPO Logistics,Road,2023-12-26,2023-12-31,5,4,In Transit,1261.68,2,0,Blizzard,8.9,6,8,Equipment Failure,5.8,0.824,0.142,0.2,1.0,1,78.9
SHP105829,Los Angeles,Sydney,Maersk,Air,2023-10-21,2023-10-23,2,4,At Port,4662.53,2,0,Snow,6.42,1,3,None,0.25,0.84,0.308,0.37,1.0,1,79.3
SHP105830,Los Angeles,New York,FedEx,Road,2024-06-24,2024-06-27,3,1,In Transit,3496.84,4,0,Snow,5.99,6,7,Traffic Jam,4.12,0.924,0.282,0.27,0.8541,1,10.8
SHP105831,Dubai,London,Maersk,Sea,2024-02-08,2024-03-08,29,1,At Port,358.12,5,0,Storm,7.76,6,8,Port Strike,8.94,0.873,0.04,0.24,0.9159,1,15.6
SHP105832,Mumbai,London,Maersk,Sea,2023-12-21,2024-01-16,26,12,Customs Hold,3706.55,5,0,Snow,6.31,5,1,Port Strike,8.74,0.832,0.36,0.28,1.0,1,26.5
SHP105833,Mumbai,Singapore,UPS,Air,2023-09-17,2023-09-20,3,6,Delayed,989.72,4,1,Fog,4.08,1,8,Traffic Jam,4.28,0.888,0.08,0.35,0.9418,1,30.2
SHP105834,Hamburg,Sydney,DB Schenker,Sea,2024-08-15,2024-09-17,33,10,Customs Hold,2917.46,5,0,Storm,7.86,3,7,None,0.0,0.853,0.166,0.37,0.8311,1,30.0
SHP105835,Mumbai,Singapore,UPS,Road,2024-10-27,2024-10-30,3,3,In Transit,3642.3,2,1,Fog,4.12,7,8,Port Strike,8.53,0.916,0.244,0.4,1.0,1,71.2
SHP105836,Mumbai,Tokyo,FedEx,Sea,2023-03-15,2023-04-12,28,10,At Port,95.42,3,0,Fog,4.13,4,1,Port Strike,8.84,0.885,0.144,0.33,0.9336,1,38.8
SHP105837,Hamburg,New York,Maersk,Rail,2023-05-05,2023-05-14,9,11,Delayed,3433.35,2,0,Rain,1.8,3,8,Traffic Jam,4.33,0.847,0.204,0.22,0.8429,1,26.9
SHP105838,Mumbai,London,DHL,Road,2023-07-06,2023-07-09,3,2,Customs Hold,345.23,4,0,Blizzard,8.95,9,7,None,0.1,0.905,0.169,0.12,0.7412,1,30.4
SHP105839,Shanghai,Singapore,DB Schenker,Road,2024-07-07,2024-07-16,9,2,Out for Delivery,3710.35,2,0,Storm,7.96,7,9,Port Strike,9.37,0.865,0.261,0.26,1.0,1,77.4
SHP105840,Los Angeles,London,FedEx,Sea,2023-01-22,2023-02-25,34,37,At Port,4951.91,1,0,Clear,0.0,4,2,None,0.01,0.942,0.087,0.18,0.4481,0,0.0
SHP105841,Dubai,Sydney,DB Schenker,Sea,2024-06-21,2024-07-14,23,10,Out for Delivery,2094.06,2,0,Clear,0.0,4,3,Natural Disaster,10.27,0.837,0.386,0.23,1.0,1,15.7
SHP105842,Los Angeles,Singapore,DB Schenker,Rail,2024-09-22,2024-10-05,13,8,Customs Hold,4914.24,2,0,Clear,0.0,4,4,Port Strike,8.9,0.894,0.038,0.13,0.6814,1,42.8
SHP105843,Hamburg,New York,DHL,Sea,2023-06-30,2023-07-26,26,22,At Port,677.13,4,0,Snow,5.73,5,3,None,0.0,0.898,0.256,0.35,0.8803,1,58.1
SHP105844,Dubai,New York,DHL,Sea,2024-07-31,2024-09-02,33,10,In Transit,3445.63,1,0,Clear,0.5,3,1,None,0.0,0.894,0.224,0.39,0.6001,1,56.2
SHP105845,Hamburg,Tokyo,DB Schenker,Sea,2023-02-19,2023-03-10,19,17,At Port,4866.23,4,0,Fog,4.31,6,8,Traffic Jam,3.64,0.879,0.354,0.39,1.0,1,85.3
SHP105846,Rotterdam,Tokyo,DB Schenker,Rail,2023-09-18,2023-10-03,15,6,Customs Hold,4113.49,5,0,Fog,4.01,2,3,None,0.13,0.877,0.19,0.28,0.6746,1,28.1
SHP105847,Rotterdam,London,FedEx,Sea,2024-07-26,2024-08-22,27,4,Customs Hold,2777.11,3,0,Fog,4.33,4,6,Port Strike,9.47,0.928,0.24,0.31,0.948,1,24.9
SHP105848,Shanghai,London,DHL,Road,2024-02-09,2024-02-17,8,11,At Port,1909.56,3,0,Fog,4.44,6,6,Port Strike,8.91,0.901,0.155,0.12,0.9097,1,72.8
SHP105849,Dubai,Sydney,UPS,Sea,2024-01-26,2024-02-27,32,20,Out for Delivery,2206.4,1,0,Heavy Rain,4.95,6,10,Equipment Failure,5.64,0.919,0.029,0.31,0.8404,1,55.4
SHP105850,Hamburg,New York,UPS,Air,2023-10-23,2023-10-25,2,6,At Port,2395.51,1,0,Rain,1.96,2,9,None,0.2,0.893,0.185,0.27,0.8685,1,19.2
SHP105851,Shanghai,Singapore,FedEx,Road,2024-11-10,2024-11-17,7,7,At Port,2690.13,1,0,Rain,1.88,8,7,Natural Disaster,10.43,0.899,0.087,0.17,0.9033,1,9.6
SHP105852,Dubai,London,DB Schenker,Sea,2024-04-24,2024-05-17,23,11,At Port,3227.47,4,0,Fog,4.43,4,7,Traffic Jam,3.57,0.899,0.29,0.38,0.9368,1,85.4
SHP105853,Los Angeles,Singapore,XPO Logistics,Rail,2024-01-14,2024-01-29,15,9,Delayed,1287.28,1,0,Clear,0.29,4,10,Traffic Jam,4.07,0.804,0.166,0.31,0.8396,1,33.9
SHP105854,Los Angeles,Sydney,DHL,Sea,2023-05-18,2023-06-09,22,24,At Port,4892.68,2,0,Heavy Rain,5.0,5,7,Traffic Jam,3.89,0.868,0.148,0.41,1.0,1,12.3
SHP105855,Dubai,Chicago,DB Schenker,Air,2023-12-02,2023-12-07,5,3,At Port,4024.47,3,0,Fog,3.85,1,7,Natural Disaster,10.32,0.862,0.333,0.36,1.0,1,28.6
SHP105856,Dubai,London,FedEx,Rail,2024-01-07,2024-01-15,8,4,Delayed,3827.01,4,0,Snow,6.36,2,4,Equipment Failure,5.8,0.888,0.148,0.14,0.7205,1,9.8
SHP105857,Mumbai,New York,XPO Logistics,Road,2023-04-15,2023-04-18,3,3,Customs Hold,1141.26,5,1,Snow,6.37,7,7,Traffic Jam,4.04,0.818,0.147,0.18,0.9633,1,43.8
SHP105858,Los Angeles,Singapore,DB Schenker,Road,2024-07-02,2024-07-10,8,8,Delayed,2356.55,4,0,Heavy Rain,5.43,7,8,None,0.0,0.89,0.187,0.45,0.9713,1,24.0
SHP105859,Los Angeles,Sydney,UPS,Air,2024-01-10,2024-01-15,5,3,Delayed,1197.27,4,0,Blizzard,8.53,3,1,Natural Disaster,9.82,0.89,0.193,0.42,1.0,1,77.6
SHP105860,Dubai,Chicago,XPO Logistics,Road,2024-11-21,2024-11-30,9,7,Delayed,3123.93,1,0,Heavy Rain,5.3,7,3,None,0.08,0.823,0.281,0.27,0.9217,1,23.0
SHP105861,Mumbai,Tokyo,Maersk,Road,2024-11-08,2024-11-12,4,2,Out for Delivery,835.37,4,0,Clear,0.1,7,10,Equipment Failure,6.37,0.827,0.053,0.4,0.8592,1,12.5
SHP105862,Shanghai,Sydney,FedEx,Road,2024-11-24,2024-12-01,7,0,Delayed,544.78,5,0,Clear,0.43,6,9,Traffic Jam,4.43,0.949,0.103,0.2,0.5374,1,4.7
SHP105863,Hamburg,London,Maersk,Rail,2023-06-14,2023-06-22,8,10,At Port,3466.56,1,0,Snow,5.57,4,10,Natural Disaster,9.73,0.845,0.178,0.1,0.9768,1,6.0
SHP105864,Mumbai,Tokyo,UPS,Sea,2024-06-22,2024-07-25,33,34,In Transit,3290.37,4,1,Clear,0.0,4,1,Natural Disaster,9.57,0.874,0.13,0.11,0.7752,1,44.6
SHP105865,Shanghai,Tokyo,DB Schenker,Air,2024-01-15,2024-01-19,4,8,Customs Hold,1867.88,2,1,Clear,0.25,1,4,Port Strike,9.29,0.843,0.196,0.18,0.9188,1,20.7
SHP105866,Rotterdam,Sydney,FedEx,Air,2024-11-11,2024-11-14,3,4,In Transit,2469.74,2,0,Snow,6.38,1,1,Traffic Jam,4.47,0.891,0.326,0.24,0.9891,1,90.2
SHP105867,Shanghai,Tokyo,UPS,Rail,2023-04-22,2023-05-06,14,1,Customs Hold,4452.49,3,0,Blizzard,9.01,3,8,Traffic Jam,3.52,0.935,0.258,0.25,0.8253,1,22.2
SHP105868,Dubai,Chicago,DHL,Air,2023-11-22,2023-11-25,3,1,At Port,3795.25,4,0,Heavy Rain,4.69,1,9,Port Strike,8.89,0.9,0.319,0.29,0.9278,1,32.5
SHP105869,Shanghai,Chicago,Maersk,Sea,2023-12-06,2023-12-29,23,20,In Transit,2618.14,1,0,Heavy Rain,4.61,3,2,Port Strike,8.86,0.86,0.157,0.45,1.0,1,26.9
SHP105870,Hamburg,Sydney,DHL,Road,2024-04-16,2024-04-24,8,5,At Port,319.26,3,0,Clear,0.43,7,1,None,0.0,0.893,0.302,0.37,0.757,1,60.0
SHP105871,Shanghai,New York,FedEx,Sea,2024-03-11,2024-04-13,33,38,Out for Delivery,3753.31,4,0,Rain,1.66,5,10,Natural Disaster,9.83,0.936,0.313,0.35,1.0,1,79.7
SHP105872,Dubai,Tokyo,Maersk,Air,2023-05-26,2023-05-30,4,6,In Transit,855.81,3,0,Blizzard,8.82,1,10,Equipment Failure,6.12,0.878,0.099,0.38,1.0,1,10.5
SHP105873,Dubai,Sydney,Maersk,Rail,2024-04-11,2024-04-25,14,11,Customs Hold,3214.49,1,0,Snow,5.6,2,1,Port Strike,8.68,0.849,0.101,0.34,1.0,1,88.1
SHP105874,Mumbai,Sydney,XPO Logistics,Rail,2024-07-30,2024-08-09,10,15,At Port,486.13,1,0,Rain,1.64,4,4,Traffic Jam,3.72,0.832,0.216,0.3,0.8791,1,35.4
SHP105875,Dubai,Sydney,DB Schenker,Sea,2024-05-04,2024-06-04,31,13,Customs Hold,837.45,2,0,Clear,0.0,3,6,Traffic Jam,3.62,0.884,0.15,0.35,0.7549,1,70.7
SHP105876,Shanghai,Sydney,XPO Logistics,Sea,2023-09-22,2023-10-26,34,32,Out for Delivery,4629.72,1,0,Heavy Rain,5.13,5,2,Natural Disaster,10.24,0.833,0.084,0.4,1.0,1,56.4
SHP105877,Los Angeles,Sydney,DB Schenker,Air,2023-05-22,2023-05-26,4,1,In Transit,4696.73,3,0,Storm,7.52,4,4,None,0.0,0.875,0.373,0.2,0.8622,1,63.8
SHP105878,Los Angeles,Chicago,UPS,Rail,2024-10-18,2024-10-26,8,9,Customs Hold,4072.15,4,0,Storm,8.44,3,9,Natural Disaster,10.26,0.927,0.208,0.14,1.0,1,79.6
SHP105879,Hamburg,New York,DB Schenker,Sea,2024-05-10,2024-06-02,23,25,Customs Hold,3797.29,5,1,Snow,6.21,4,3,None,0.0,0.866,0.027,0.31,0.8033,1,51.4
SHP105880,Mumbai,Sydney,DHL,Air,2023-01-11,2023-01-15,4,5,Out for Delivery,1724.84,5,1,Snow,6.13,3,1,Traffic Jam,4.14,0.903,0.236,0.3,0.9771,1,42.1
SHP105881,Hamburg,London,FedEx,Air,2024-11-14,2024-11-19,5,2,At Port,3578.32,4,0,Snow,5.96,1,7,Traffic Jam,3.79,0.928,0.315,0.1,0.7043,1,8.4
SHP105882,Rotterdam,New York,XPO Logistics,Air,2023-03-03,2023-03-05,2,4,Delayed,2915.43,2,0,Fog,3.75,3,7,Natural Disaster,9.53,0.792,0.277,0.16,1.0,1,56.4
SHP105883,Shanghai,Chicago,FedEx,Road,2023-04-09,2023-04-13,4,3,In Transit,1340.78,5,0,Blizzard,8.73,8,5,Traffic Jam,3.52,0.92,0.361,0.24,1.0,1,61.2
SHP105884,Dubai,Singapore,DHL,Air,2023-11-17,2023-11-19,2,6,At Port,4684.96,4,0,Storm,7.51,1,3,Traffic Jam,4.18,0.871,0.261,0.15,1.0,1,27.4
SHP105885,Hamburg,New York,DHL,Air,2024-05-13,2024-05-18,5,0,At Port,3805.59,4,0,Fog,4.33,3,9,Traffic Jam,4.35,0.909,0.389,0.29,0.8965,1,77.4
SHP105886,Hamburg,Tokyo,Maersk,Sea,2024-09-07,2024-09-30,23,10,Delayed,747.66,2,0,Heavy Rain,5.16,4,1,Equipment Failure,6.37,0.853,0.255,0.22,0.9565,1,53.5
SHP105887,Rotterdam,New York,UPS,Rail,2024-02-27,2024-03-12,14,6,Delayed,3167.96,1,0,Fog,4.08,4,9,None,0.06,0.883,0.062,0.35,0.6968,1,9.6
SHP105888,Rotterdam,Tokyo,DHL,Sea,2024-04-06,2024-05-03,27,25,In Transit,253.35,5,0,Heavy Rain,4.73,4,3,Natural Disaster,9.56,0.837,0.302,0.3,1.0,1,78.7
SHP105889,Rotterdam,Chicago,FedEx,Air,2023-05-13,2023-05-16,3,4,Out for Delivery,3899.57,1,0,Heavy Rain,5.2,2,8,Port Strike,8.72,0.924,0.057,0.2,0.7714,1,32.2
SHP105890,Dubai,Singapore,FedEx,Air,2023-01-22,2023-01-25,3,2,At Port,1392.14,5,1,Heavy Rain,5.2,3,2,Equipment Failure,5.51,0.914,0.086,0.15,0.7559,1,44.2
SHP105891,Hamburg,London,DHL,Sea,2024-01-04,2024-01-31,27,27,In Transit,4714.49,4,1,Clear,0.0,4,8,Natural Disaster,9.79,0.905,0.349,0.1,0.8673,1,23.6
SHP105892,Rotterdam,Sydney,XPO Logistics,Rail,2023-12-24,2024-01-05,12,10,At Port,4141.77,2,0,Clear,0.0,4,7,None,0.16,0.843,0.133,0.21,0.5916,1,18.0
SHP105893,Shanghai,Sydney,FedEx,Sea,2023-02-18,2023-03-22,32,34,Out for Delivery,4176.81,5,0,Rain,2.16,4,9,Equipment Failure,6.15,0.931,0.352,0.36,1.0,1,69.9
SHP105894,Los Angeles,Chicago,UPS,Sea,2024-02-19,2024-03-15,25,27,Delayed,3757.83,1,0,Snow,5.86,4,6,Traffic Jam,4.08,0.904,0.025,0.43,0.9206,1,44.1
SHP105895,Shanghai,Singapore,DHL,Air,2023-09-21,2023-09-24,3,8,Delayed,4957.44,4,0,Heavy Rain,4.86,4,4,Equipment Failure,5.71,0.836,0.094,0.3,1.0,1,32.0
SHP105896,Mumbai,Singapore,FedEx,Road,2023-06-03,2023-06-07,4,9,Out for Delivery,699.04,5,0,Fog,3.89,8,8,Natural Disaster,9.83,0.876,0.109,0.21,1.0,1,51.8
SHP105897,Rotterdam,New York,FedEx,Air,2024-10-01,2024-10-04,3,4,Out for Delivery,2264.25,3,0,Storm,7.88,2,8,None,0.28,0.972,0.249,0.17,0.7457,1,25.3
SHP105898,Mumbai,Singapore,Maersk,Air,2023-01-08,2023-01-10,2,1,Delayed,3860.89,4,0,Snow,6.36,1,4,Natural Disaster,9.88,0.868,0.053,0.23,0.8466,1,63.0
SHP105899,Los Angeles,London,XPO Logistics,Sea,2023-12-05,2023-12-23,18,12,Customs Hold,1831.81,5,0,Fog,3.6,4,10,Port Strike,9.14,0.836,0.313,0.17,1.0,1,35.6
SHP105900,Dubai,New York,Maersk,Sea,2023-01-31,2023-03-07,35,20,At Port,732.36,4,0,Fog,3.51,4,9,Equipment Failure,6.45,0.891,0.37,0.41,1.0,1,27.0
SHP105901,Los Angeles,New York,Maersk,Sea,2024-01-09,2024-02-10,32,2,Out for Delivery,1895.76,3,0,Heavy Rain,4.58,5,5,Traffic Jam,3.61,0.846,0.366,0.23,0.8498,1,73.8
SHP105902,Dubai,Sydney,XPO Logistics,Road,2024-02-13,2024-02-19,6,0,At Port,891.06,1,0,Snow,6.05,7,5,Equipment Failure,6.38,0.825,0.11,0.15,0.8096,1,25.7
SHP105903,Hamburg,Tokyo,DHL,Air,2024-03-19,2024-03-24,5,7,In Transit,1392.29,3,0,Clear,0.0,1,5,Traffic Jam,4.07,0.898,0.378,0.31,0.8658,1,48.4
SHP105904,Shanghai,Sydney,FedEx,Rail,2024-04-29,2024-05-12,13,14,Customs Hold,2387.21,1,0,Blizzard,9.21,3,1,Equipment Failure,6.47,0.93,0.32,0.13,0.9204,1,45.1
SHP105905,Dubai,Chicago,XPO Logistics,Air,2024-05-17,2024-05-22,5,1,Out for Delivery,1029.0,3,0,Clear,0.33,1,5,Natural Disaster,9.67,0.793,0.161,0.31,0.8989,1,41.3
SHP105906,Hamburg,Sydney,DB Schenker,Rail,2024-04-09,2024-04-21,12,5,Customs Hold,4710.07,5,1,Snow,5.61,4,9,None,0.11,0.875,0.308,0.4,0.9283,1,40.0
SHP105907,Hamburg,Chicago,XPO Logistics,Air,2024-10-25,2024-10-27,2,6,Delayed,4031.57,5,0,Blizzard,9.08,4,5,Natural Disaster,9.97,0.839,0.251,0.14,1.0,1,39.1
SHP105908,Dubai,Singapore,DHL,Sea,2024-02-24,2024-03-29,34,32,In Transit,4307.74,3,0,Rain,2.47,4,9,Natural Disaster,10.13,0.852,0.248,0.15,0.9731,1,37.9
SHP105909,Hamburg,New York,Maersk,Rail,2024-10-23,2024-10-30,7,12,In Transit,343.86,5,0,Snow,5.88,2,9,None,0.0,0.883,0.282,0.14,0.7542,1,59.4
SHP105910,Rotterdam,Singapore,Maersk,Rail,2024-05-12,2024-05-22,10,7,Delayed,4348.6,5,0,Snow,5.63,4,7,Traffic Jam,4.41,0.859,0.215,0.35,0.9779,1,71.1
SHP105911,Hamburg,New York,DHL,Rail,2023-04-11,2023-04-21,10,2,Customs Hold,356.35,4,0,Snow,6.46,2,8,Equipment Failure,6.12,0.855,0.046,0.32,0.8989,1,74.2
SHP105912,Rotterdam,Sydney,DHL,Road,2024-06-01,2024-06-10,9,3,At Port,474.13,4,0,Rain,1.86,8,4,None,0.0,0.876,0.116,0.3,0.6256,1,12.0
SHP105913,Rotterdam,London,UPS,Rail,2023-06-23,2023-07-07,14,2,Customs Hold,3161.25,3,1,Snow,6.05,2,7,None,0.0,0.888,0.155,0.21,0.5755,1,37.5
SHP105914,Hamburg,Tokyo,XPO Logistics,Air,2024-03-05,2024-03-09,4,0,Delayed,3552.59,2,0,Snow,6.41,1,9,Port Strike,9.44,0.852,0.092,0.24,0.846,1,68.5
SHP105915,Rotterdam,Sydney,DB Schenker,Rail,2024-09-17,2024-09-29,12,11,In Transit,4287.43,4,0,Storm,7.97,3,9,Traffic Jam,4.12,0.86,0.112,0.41,1.0,1,6.4
SHP105916,Shanghai,London,Maersk,Road,2023-09-27,2023-10-06,9,10,In Transit,3172.97,5,1,Blizzard,9.32,6,5,None,0.0,0.857,0.088,0.41,1.0,1,55.0
SHP105917,Dubai,Sydney,DB Schenker,Air,2023-09-15,2023-09-20,5,4,Customs Hold,1404.37,4,0,Fog,3.9,4,7,None,0.24,0.848,0.133,0.2,0.7063,1,50.5
SHP105918,Dubai,Tokyo,FedEx,Air,2024-07-28,2024-07-31,3,5,At Port,2838.66,3,0,Storm,7.61,2,3,Port Strike,9.3,0.9,0.332,0.18,1.0,1,32.2
SHP105919,Los Angeles,London,UPS,Sea,2024-06-29,2024-07-27,28,8,In Transit,3954.96,4,0,Blizzard,9.27,6,10,Traffic Jam,3.85,0.906,0.051,0.32,0.8727,1,39.8
SHP105920,Hamburg,Tokyo,XPO Logistics,Road,2024-01-12,2024-01-15,3,8,Customs Hold,109.29,5,0,Snow,6.18,8,7,None,0.0,0.821,0.209,0.31,1.0,1,15.4
SHP105921,Rotterdam,Chicago,FedEx,Air,2023-08-09,2023-08-13,4,5,Delayed,2836.48,3,0,Fog,3.97,3,2,Natural Disaster,10.49,0.926,0.389,0.2,1.0,1,69.3
SHP105922,Los Angeles,Singapore,XPO Logistics,Air,2023-05-29,2023-05-31,2,1,Customs Hold,2222.52,5,0,Snow,5.6,1,2,Equipment Failure,5.86,0.861,0.085,0.27,0.8462,1,27.2
SHP105923,Dubai,Chicago,DB Schenker,Air,2024-06-30,2024-07-05,5,1,At Port,699.26,1,0,Blizzard,8.55,4,10,Natural Disaster,9.96,0.858,0.023,0.38,1.0,1,84.4
SHP105924,Hamburg,Sydney,Maersk,Air,2023-09-24,2023-09-29,5,4,Delayed,4824.48,1,1,Storm,8.13,2,9,Natural Disaster,10.44,0.882,0.39,0.19,1.0,1,10.0
SHP105925,Mumbai,Sydney,XPO Logistics,Rail,2024-08-12,2024-08-22,10,7,In Transit,2701.54,2,0,Fog,3.54,2,3,Port Strike,8.93,0.861,0.279,0.3,0.9769,1,61.0
SHP105926,Rotterdam,Chicago,DHL,Road,2024-10-03,2024-10-11,8,11,Customs Hold,4553.42,1,0,Rain,1.88,9,4,Traffic Jam,3.92,0.909,0.117,0.2,0.8521,1,64.6
SHP105927,Los Angeles,Tokyo,Maersk,Rail,2024-03-27,2024-04-08,12,1,Out for Delivery,2652.53,1,0,Blizzard,8.58,2,4,Natural Disaster,9.6,0.876,0.113,0.25,0.9422,1,87.7
SHP105928,Shanghai,New York,XPO Logistics,Road,2023-03-26,2023-04-05,10,2,Out for Delivery,2926.69,5,0,Fog,4.07,6,4,Port Strike,8.88,0.861,0.308,0.35,1.0,1,57.0
SHP105929,Los Angeles,Singapore,DHL,Sea,2023-03-07,2023-04-02,26,27,Out for Delivery,3907.09,2,1,Rain,1.58,3,10,None,0.3,0.88,0.122,0.42,0.6474,1,56.0
SHP105930,Hamburg,Singapore,FedEx,Rail,2023-12-24,2024-01-02,9,13,Customs Hold,183.6,3,0,Heavy Rain,5.41,5,5,Port Strike,8.89,0.937,0.133,0.39,1.0,1,16.2
SHP105931,Mumbai,London,Maersk,Road,2024-06-12,2024-06-16,4,0,At Port,4323.22,3,1,Storm,7.72,8,8,Port Strike,8.89,0.858,0.327,0.13,1.0,1,26.4
SHP105932,Dubai,Sydney,XPO Logistics,Rail,2023-08-21,2023-08-30,9,2,Customs Hold,373.87,3,0,Heavy Rain,4.64,3,4,None,0.31,0.813,0.024,0.34,0.7674,1,69.4
SHP105933,Mumbai,Tokyo,UPS,Sea,2023-03-04,2023-03-29,25,24,Out for Delivery,794.13,2,1,Clear,0.21,6,3,Port Strike,9.39,0.907,0.357,0.23,1.0,1,76.8
SHP105934,Shanghai,London,XPO Logistics,Road,2023-02-19,2023-02-24,5,5,Out for Delivery,4305.08,4,0,Blizzard,9.02,8,7,Natural Disaster,10.21,0.831,0.172,0.14,1.0,1,76.3
SHP105935,Rotterdam,Tokyo,Maersk,Road,2023-10-09,2023-10-19,10,2,Out for Delivery,322.52,4,0,Fog,3.56,8,6,Equipment Failure,5.69,0.867,0.136,0.18,0.8109,1,67.7
SHP105936,Mumbai,Singapore,FedEx,Rail,2024-09-30,2024-10-08,8,9,In Transit,3341.73,5,1,Storm,7.8,5,2,Port Strike,8.54,0.904,0.163,0.17,0.9459,1,39.7
SHP105937,Dubai,Singapore,FedEx,Rail,2023-03-02,2023-03-11,9,14,Delayed,14.91,2,0,Fog,4.09,5,6,Traffic Jam,4.04,0.91,0.38,0.15,0.9034,1,29.7
SHP105938,Mumbai,Chicago,XPO Logistics,Sea,2024-04-16,2024-05-15,29,18,In Transit,347.38,2,0,Rain,1.86,6,1,Traffic Jam,4.22,0.82,0.393,0.37,1.0,1,69.5
SHP105939,Dubai,New York,DB Schenker,Sea,2023-04-15,2023-05-03,18,0,Customs Hold,2885.52,2,0,Blizzard,9.2,6,5,Traffic Jam,3.67,0.855,0.354,0.36,1.0,1,17.2
SHP105940,Shanghai,New York,FedEx,Rail,2024-06-11,2024-06-18,7,3,At Port,3045.77,2,1,Rain,2.06,4,10,Natural Disaster,10.26,0.935,0.032,0.35,0.852,1,67.8
SHP105941,Mumbai,Tokyo,DB Schenker,Sea,2023-03-20,2023-04-15,26,6,Out for Delivery,540.79,4,0,Snow,5.69,6,9,Port Strike,8.92,0.854,0.284,0.24,1.0,1,65.7
SHP105942,Hamburg,Chicago,DHL,Rail,2024-08-07,2024-08-14,7,5,At Port,3177.12,4,0,Snow,6.15,5,5,None,0.0,0.886,0.246,0.22,0.7611,1,46.8
SHP105943,Dubai,Chicago,UPS,Sea,2023-09-08,2023-10-11,33,25,Customs Hold,4258.65,2,0,Fog,3.83,6,7,None,0.0,0.878,0.253,0.28,0.8265,1,39.7
SHP105944,Dubai,Singapore,XPO Logistics,Sea,2023-05-13,2023-06-16,34,28,Delayed,491.67,5,0,Storm,7.54,3,8,Port Strike,9.13,0.832,0.036,0.15,0.897,1,15.5
SHP105945,Los Angeles,London,DHL,Air,2024-09-08,2024-09-11,3,7,Customs Hold,752.86,5,1,Heavy Rain,5.07,2,1,Natural Disaster,10.5,0.906,0.183,0.41,1.0,1,91.5
SHP105946,Hamburg,Chicago,XPO Logistics,Rail,2024-08-28,2024-09-05,8,12,Delayed,4106.09,2,1,Storm,7.71,4,1,Port Strike,8.97,0.803,0.368,0.17,1.0,1,72.7
SHP105947,Shanghai,Tokyo,FedEx,Air,2023-06-24,2023-06-28,4,1,In Transit,268.85,4,0,Storm,7.79,3,6,None,0.08,0.923,0.267,0.34,0.7959,1,45.0
SHP105948,Dubai,Chicago,DB Schenker,Road,2023-12-22,2023-12-30,8,4,Customs Hold,4433.24,5,1,Blizzard,9.42,6,1,Port Strike,8.63,0.884,0.265,0.42,1.0,1,32.9
SHP105949,Dubai,London,FedEx,Sea,2023-03-09,2023-04-11,33,24,In Transit,1575.41,5,0,Snow,6.43,5,1,Natural Disaster,10.46,0.915,0.247,0.18,0.9471,1,70.7
SHP105950,Hamburg,Tokyo,DHL,Rail,2023-09-16,2023-09-29,13,6,Out for Delivery,3338.16,5,1,Snow,5.95,4,10,Natural Disaster,10.42,0.9,0.076,0.35,1.0,1,49.3
SHP105951,Los Angeles,London,DHL,Road,2024-06-14,2024-06-19,5,2,Customs Hold,550.05,1,1,Rain,2.4,6,6,None,0.06,0.924,0.165,0.32,0.7396,1,61.5
SHP105952,Mumbai,London,UPS,Sea,2023-06-15,2023-07-08,23,28,At Port,1906.51,2,1,Storm,7.86,4,8,Traffic Jam,3.68,0.925,0.127,0.39,1.0,1,49.4
SHP105953,Los Angeles,Sydney,XPO Logistics,Sea,2023-11-10,2023-12-13,33,0,Out for Delivery,3200.82,2,0,Heavy Rain,4.62,4,1,Natural Disaster,10.14,0.815,0.089,0.32,1.0,1,10.2
SHP105954,Los Angeles,Tokyo,DHL,Road,2023-09-28,2023-10-08,10,9,Delayed,2162.25,4,0,Storm,8.22,8,3,Equipment Failure,5.57,0.904,0.282,0.25,1.0,1,88.5
SHP105955,Mumbai,Sydney,DHL,Road,2024-04-24,2024-04-28,4,8,In Transit,3810.06,5,0,Heavy Rain,4.97,6,7,Traffic Jam,3.52,0.908,0.082,0.3,0.9304,1,54.9
SHP105956,Dubai,London,Maersk,Rail,2023-09-18,2023-10-03,15,16,Out for Delivery,1628.61,2,1,Storm,8.08,4,1,Traffic Jam,3.71,0.846,0.028,0.15,0.8123,1,41.3
SHP105957,Mumbai,London,DB Schenker,Sea,2023-03-02,2023-04-04,33,0,At Port,2388.26,1,0,Clear,0.0,5,9,None,0.1,0.87,0.095,0.34,0.6218,1,31.0
SHP105958,Mumbai,Chicago,UPS,Air,2023-02-10,2023-02-15,5,4,Out for Delivery,1176.53,4,0,Clear,0.37,3,3,Traffic Jam,4.03,0.931,0.268,0.34,0.8216,1,75.3
SHP105959,Los Angeles,London,UPS,Rail,2024-02-06,2024-02-18,12,2,Customs Hold,963.59,4,1,Fog,4.25,4,1,None,0.0,0.897,0.282,0.44,0.7921,1,68.8
SHP105960,Los Angeles,London,UPS,Rail,2024-03-01,2024-03-09,8,5,In Transit,525.97,5,1,Snow,6.35,2,4,Port Strike,9.24,0.898,0.072,0.16,0.8606,1,69.4
SHP105961,Dubai,New York,DB Schenker,Road,2023-08-24,2023-08-29,5,4,Delayed,3152.59,4,0,Blizzard,8.72,8,3,Natural Disaster,9.71,0.855,0.06,0.25,1.0,1,54.9
SHP105962,Hamburg,Chicago,UPS,Rail,2023-08-17,2023-08-26,9,3,In Transit,1242.86,1,0,Heavy Rain,5.36,4,6,Equipment Failure,6.28,0.92,0.038,0.32,0.8229,1,27.7
SHP105963,Mumbai,Sydney,Maersk,Road,2023-09-13,2023-09-23,10,2,In Transit,88.38,4,1,Snow,5.64,8,4,None,0.0,0.842,0.326,0.3,0.8917,1,18.0
SHP105964,Los Angeles,Chicago,FedEx,Air,2023-05-15,2023-05-19,4,9,In Transit,29.81,5,1,Snow,6.25,1,1,Traffic Jam,3.61,0.907,0.268,0.16,0.8708,1,49.7
SHP105965,Rotterdam,Tokyo,UPS,Air,2023-08-26,2023-08-30,4,9,Delayed,2394.45,2,0,Fog,4.45,2,6,None,0.0,0.911,0.251,0.26,0.852,1,71.8
SHP105966,Hamburg,New York,FedEx,Road,2024-10-13,2024-10-16,3,7,Customs Hold,1112.56,5,1,Clear,0.0,7,8,None,0.0,0.925,0.382,0.39,0.9779,1,58.7
SHP105967,Rotterdam,Chicago,Maersk,Rail,2023-01-18,2023-01-26,8,11,At Port,4393.01,3,0,Fog,3.94,5,5,Natural Disaster,9.93,0.869,0.182,0.2,1.0,1,79.5
SHP105968,Shanghai,Sydney,DB Schenker,Road,2023-05-03,2023-05-06,3,4,Customs Hold,4128.37,4,0,Blizzard,8.69,8,2,Equipment Failure,5.83,0.886,0.115,0.45,1.0,1,91.4
SHP105969,Shanghai,Chicago,DHL,Sea,2024-08-07,2024-09-04,28,9,In Transit,4064.34,5,0,Snow,6.17,4,4,None,0.01,0.883,0.3,0.31,0.7905,1,42.8
SHP105970,Shanghai,Tokyo,DB Schenker,Rail,2023-07-13,2023-07-28,15,13,At Port,4680.47,2,0,Snow,5.82,5,9,Natural Disaster,9.59,0.867,0.145,0.24,1.0,1,51.6
SHP105971,Hamburg,Singapore,UPS,Sea,2024-07-27,2024-08-28,32,8,In Transit,3188.87,5,0,Heavy Rain,5.07,3,4,Traffic Jam,3.51,0.914,0.391,0.43,0.9607,1,89.4
SHP105972,Hamburg,Tokyo,FedEx,Rail,2024-04-16,2024-04-29,13,0,Customs Hold,3772.25,2,1,Heavy Rain,4.9,3,2,Natural Disaster,10.17,0.889,0.137,0.44,1.0,1,56.2
SHP105973,Hamburg,Sydney,DHL,Sea,2024-11-05,2024-12-05,30,15,Delayed,2971.14,1,0,Heavy Rain,4.65,3,2,Natural Disaster,10.03,0.918,0.295,0.24,0.954,1,70.2
SHP105974,Rotterdam,Sydney,DHL,Road,2024-09-18,2024-09-27,9,1,At Port,2085.53,5,0,Rain,2.49,7,9,None,0.09,0.883,0.172,0.11,0.5727,1,29.1
SHP105975,Rotterdam,Chicago,DHL,Rail,2024-10-18,2024-10-26,8,6,Customs Hold,2730.68,5,1,Rain,2.29,3,7,None,0.0,0.888,0.052,0.2,0.5268,1,3.7
SHP105976,Mumbai,Singapore,UPS,Air,2023-07-28,2023-08-01,4,6,Delayed,2825.57,5,1,Heavy Rain,4.62,4,9,Port Strike,8.86,0.917,0.4,0.33,1.0,1,59.0
SHP105977,Mumbai,Sydney,DHL,Road,2023-06-23,2023-06-27,4,7,Delayed,962.98,1,1,Snow,6.36,8,10,Equipment Failure,5.79,0.908,0.249,0.3,1.0,1,33.0
SHP105978,Mumbai,Singapore,DHL,Air,2023-11-29,2023-12-04,5,6,In Transit,154.44,3,1,Snow,6.4,1,7,Natural Disaster,10.07,0.901,0.178,0.36,1.0,1,46.7
SHP105979,Shanghai,Singapore,DHL,Road,2023-08-22,2023-08-28,6,0,Customs Hold,682.78,5,0,Heavy Rain,5.28,7,7,None,0.0,0.835,0.238,0.24,0.7592,1,63.2
SHP105980,Dubai,Tokyo,DHL,Road,2023-04-10,2023-04-15,5,3,Delayed,4399.96,5,0,Rain,2.46,6,4,Port Strike,8.86,0.884,0.137,0.33,0.991,1,13.1
SHP105981,Mumbai,Tokyo,DHL,Road,2024-10-13,2024-10-20,7,12,At Port,267.54,1,0,Heavy Rain,5.31,7,4,Equipment Failure,6.17,0.878,0.197,0.36,1.0,1,78.6
SHP105982,Hamburg,London,UPS,Sea,2024-08-04,2024-08-30,26,1,Delayed,1725.9,4,0,Blizzard,8.69,6,1,None,0.0,0.91,0.201,0.1,0.6449,1,60.3
SHP105983,Hamburg,New York,FedEx,Sea,2023-02-10,2023-03-07,25,6,In Transit,4047.81,4,0,Storm,8.3,3,3,Port Strike,9.2,0.913,0.398,0.25,1.0,1,86.5
SHP105984,Shanghai,Tokyo,DHL,Sea,2023-12-24,2024-01-18,25,1,Out for Delivery,2445.27,3,0,Rain,2.39,3,10,Port Strike,8.75,0.92,0.309,0.12,0.7115,1,17.7
SHP105985,Mumbai,Singapore,DHL,Road,2023-11-21,2023-11-26,5,8,Delayed,1885.93,2,1,Clear,0.29,9,5,Equipment Failure,6.04,0.879,0.14,0.14,0.8646,1,67.3
SHP105986,Hamburg,Tokyo,DHL,Air,2023-01-19,2023-01-23,4,7,In Transit,262.33,2,0,Rain,1.5,4,2,Equipment Failure,6.09,0.903,0.158,0.31,0.9213,1,58.7
SHP105987,Los Angeles,Chicago,UPS,Rail,2023-03-07,2023-03-14,7,3,In Transit,4562.01,4,0,Snow,5.93,3,2,Natural Disaster,10.36,0.918,0.11,0.21,0.8232,1,66.9
SHP105988,Shanghai,Chicago,FedEx,Sea,2024-06-28,2024-07-21,23,25,Out for Delivery,3569.24,4,1,Heavy Rain,4.76,4,3,Equipment Failure,5.91,0.911,0.262,0.21,0.9365,1,39.3
SHP105989,Dubai,Chicago,DHL,Road,2023-10-10,2023-10-18,8,8,In Transit,2798.34,2,0,Storm,7.75,8,6,Equipment Failure,6.31,0.918,0.252,0.31,1.0,1,86.2
SHP105990,Hamburg,London,DB Schenker,Sea,2023-07-09,2023-07-28,19,2,At Port,1912.36,1,0,Fog,3.95,3,9,Equipment Failure,5.83,0.881,0.198,0.1,0.7027,1,56.5
SHP105991,Shanghai,London,UPS,Air,2024-03-21,2024-03-23,2,0,In Transit,4730.7,2,1,Storm,8.41,1,1,None,0.41,0.926,0.04,0.26,0.4929,0,0.0
SHP105992,Los Angeles,New York,Maersk,Road,2024-10-05,2024-10-08,3,4,At Port,4870.96,5,1,Heavy Rain,4.86,6,6,Port Strike,9.13,0.843,0.206,0.28,1.0,1,35.6
SHP105993,Hamburg,New York,XPO Logistics,Road,2023-04-11,2023-04-17,6,2,At Port,2579.82,4,0,Snow,6.2,9,1,Natural Disaster,10.31,0.845,0.027,0.27,1.0,1,43.4
SHP105994,Dubai,New York,DHL,Road,2024-11-12,2024-11-19,7,1,Delayed,4693.38,4,0,Blizzard,8.51,6,7,Natural Disaster,9.55,0.885,0.16,0.19,0.9563,1,65.6
SHP105995,Dubai,Chicago,UPS,Sea,2023-12-08,2024-01-12,35,16,At Port,2525.61,1,0,Storm,7.72,6,3,Natural Disaster,9.62,0.913,0.194,0.23,1.0,1,22.2
SHP105996,Los Angeles,London,UPS,Rail,2024-08-18,2024-08-26,8,10,Customs Hold,1157.73,4,0,Heavy Rain,4.55,3,4,None,0.0,0.91,0.304,0.17,0.7667,1,43.9
SHP105997,Dubai,Chicago,Maersk,Rail,2023-08-28,2023-09-09,12,16,In Transit,1452.26,5,0,Heavy Rain,4.58,3,10,Equipment Failure,5.53,0.861,0.277,0.37,1.0,1,88.8
SHP105998,Shanghai,Chicago,Maersk,Air,2024-07-04,2024-07-07,3,7,Customs Hold,1490.92,3,0,Blizzard,8.51,2,7,Equipment Failure,6.11,0.886,0.179,0.38,1.0,1,40.0
SHP105999,Shanghai,Tokyo,UPS,Air,2024-01-14,2024-01-19,5,8,Delayed,2865.93,2,0,Clear,0.0,3,1,Traffic Jam,4.09,0.928,0.347,0.16,0.7631,1,33.9
