shipment_id,risk_tier,delay_probability,eta,hours_to_sla,origin,destination,carrier,transport_mode,top_risk_factors,action_required,alert_generated_at,alert_type
SHP100000,CRITICAL,1.0,2024-06-05,0,Rotterdam,Sydney,UPS,Sea,"['Disruption: Port Strike [score: 9.0]', 'Weather severity (Heavy Rain) [score: 5.4]', 'Traffic congestion level (Sea) [score: 5.0]']",Escalate to operations manager; activate emergency reroute.,2026-03-12 07:53 UTC,IMMEDIATE
SHP100001,CRITICAL,1.0,2024-05-07,0,Dubai,Sydney,FedEx,Air,"['Port congestion [score: 9.0]', 'Disruption: Port Strike [score: 8.6]', 'High route risk [score: 4.2]']",Escalate to operations manager; activate emergency reroute.,2026-03-12 07:53 UTC,IMMEDIATE
SHP100002,CRITICAL,1.0,2023-01-27,0,Mumbai,London,FedEx,Road,"['Port congestion [score: 8.0]', 'Traffic congestion level (Road) [score: 7.0]', 'Disruption: Equipment Failure [score: 6.3]']",Escalate to operations manager; activate emergency reroute.,2026-03-12 07:53 UTC,IMMEDIATE
SHP100003,CRITICAL,1.0,2024-11-04,0,Dubai,Singapore,DB Schenker,Rail,"['Disruption: Port Strike [score: 8.8]', 'Weather severity (Storm) [score: 8.1]', 'Customs hold active [score: 8.0]']",Escalate to operations manager; activate emergency reroute.,2026-03-12 07:53 UTC,IMMEDIATE
SHP100004,CRITICAL,1.0,2023-11-24,0,Hamburg,Tokyo,FedEx,Rail,"['Disruption: Port Strike [score: 9.3]', 'Weather severity (Storm) [score: 8.0]', 'High route risk [score: 3.3]']",Escalate to operations manager; activate emergency reroute.,2026-03-12 07:53 UTC,IMMEDIATE
SHP100005,CRITICAL,1.0,2024-08-04,0,Rotterdam,Singapore,Maersk,Sea,"['Customs hold active [score: 8.0]', 'Traffic congestion level (Sea) [score: 6.0]', 'Disruption: Equipment Failure [score: 5.7]']",Escalate to operations manager; activate emergency reroute.,2026-03-12 07:53 UTC,IMMEDIATE
SHP100006,CRITICAL,1.0,2024-03-05,0,Hamburg,Sydney,DB Schenker,Rail,"['Customs hold active [score: 8.0]', 'Disruption: Equipment Failure [score: 6.5]', 'Traffic congestion level (Rail) [score: 5.0]']",Escalate to operations manager; activate emergency reroute.,2026-03-12 07:53 UTC,IMMEDIATE
SHP100007,CRITICAL,1.0,2024-08-09,0,Shanghai,London,DB Schenker,Road,"['Port congestion [score: 9.0]', 'Traffic congestion level (Road) [score: 8.0]', 'Disruption: Traffic Jam [score: 4.0]']",Escalate to operations manager; activate emergency reroute.,2026-03-12 07:53 UTC,IMMEDIATE
SHP100008,CRITICAL,1.0,2024-09-10,0,Hamburg,New York,Maersk,Rail,"['Weather severity (Blizzard) [score: 8.6]', 'Disruption: Equipment Failure [score: 6.3]', 'Port congestion [score: 5.0]']",Escalate to operations manager; activate emergency reroute.,2026-03-12 07:53 UTC,IMMEDIATE
SHP100009,CRITICAL,1.0,2024-02-19,0,Los Angeles,Tokyo,DB Schenker,Sea,"['Disruption: Port Strike [score: 8.6]', 'Weather severity (Blizzard) [score: 8.5]', 'Customs hold active [score: 8.0]']",Escalate to operations manager; activate emergency reroute.,2026-03-12 07:53 UTC,IMMEDIATE
SHP100010,CRITICAL,1.0,2023-09-30,0,Shanghai,London,DB Schenker,Air,"['Disruption: Port Strike [score: 9.5]', 'Customs hold active [score: 8.0]', 'Port congestion [score: 5.0]']",Escalate to operations manager; activate emergency reroute.,2026-03-12 07:53 UTC,IMMEDIATE
SHP100011,CRITICAL,1.0,2023-02-18,0,Shanghai,Tokyo,DHL,Rail,"['Port congestion [score: 8.0]', 'Customs hold active [score: 8.0]', 'Disruption: Traffic Jam [score: 4.1]']",Escalate to operations manager; activate emergency reroute.,2026-03-12 07:53 UTC,IMMEDIATE
SHP100012,CRITICAL,1.0,2023-05-21,0,Hamburg,Singapore,FedEx,Rail,"['Disruption: Port Strike [score: 9.0]', 'Customs hold active [score: 8.0]', 'Port congestion [score: 6.0]']",Escalate to operations manager; activate emergency reroute.,2026-03-12 07:53 UTC,IMMEDIATE
SHP100013,CRITICAL,0.9998,2023-06-26,0,Mumbai,Sydney,UPS,Road,"['Weather severity (Blizzard) [score: 9.2]', 'Traffic congestion level (Road) [score: 9.0]', 'Disruption: Traffic Jam [score: 4.3]']",Escalate to operations manager; activate emergency reroute.,2026-03-12 07:53 UTC,IMMEDIATE
SHP100014,CRITICAL,1.0,2023-05-30,0,Hamburg,Chicago,FedEx,Rail,"['Disruption: Port Strike [score: 9.2]', 'Weather severity (Storm) [score: 8.1]', 'Traffic congestion level (Rail) [score: 4.0]']",Escalate to operations manager; activate emergency reroute.,2026-03-12 07:53 UTC,IMMEDIATE
SHP100015,CRITICAL,1.0,2024-10-14,0,Mumbai,Sydney,UPS,Rail,"['Disruption: Natural Disaster [score: 9.9]', 'Port congestion [score: 8.0]', 'Traffic congestion level (Rail) [score: 4.0]']",Escalate to operations manager; activate emergency reroute.,2026-03-12 07:53 UTC,IMMEDIATE
SHP100016,CRITICAL,1.0,2023-04-09,0,Dubai,Sydney,Maersk,Road,"['Disruption: Natural Disaster [score: 10.0]', 'Port congestion [score: 10.0]', 'Traffic congestion level (Road) [score: 8.0]']",Escalate to operations manager; activate emergency reroute.,2026-03-12 07:53 UTC,IMMEDIATE
SHP100017,CRITICAL,1.0,2023-08-06,0,Rotterdam,New York,XPO Logistics,Road,"['Disruption: Port Strike [score: 9.3]', 'Traffic congestion level (Road) [score: 8.0]', 'Weather severity (Snow) [score: 6.2]']",Escalate to operations manager; activate emergency reroute.,2026-03-12 07:53 UTC,IMMEDIATE
SHP100018,CRITICAL,1.0,2023-12-14,0,Los Angeles,New York,UPS,Sea,"['Disruption: Natural Disaster [score: 9.7]', 'Weather severity (Storm) [score: 7.6]', 'Traffic congestion level (Sea) [score: 6.0]']",Escalate to operations manager; activate emergency reroute.,2026-03-12 07:53 UTC,IMMEDIATE
SHP100019,CRITICAL,1.0,2023-02-11,0,Los Angeles,London,Maersk,Rail,"['Disruption: Natural Disaster [score: 10.0]', 'Weather severity (Storm) [score: 8.1]', 'Port congestion [score: 7.0]']",Escalate to operations manager; activate emergency reroute.,2026-03-12 07:53 UTC,IMMEDIATE
SHP100020,CRITICAL,1.0,2024-07-30,0,Shanghai,New York,FedEx,Sea,"['Weather severity (Fog) [score: 4.4]', 'Traffic congestion level (Sea) [score: 4.0]', 'High route risk [score: 3.5]']",Escalate to operations manager; activate emergency reroute.,2026-03-12 07:53 UTC,IMMEDIATE
SHP100021,CRITICAL,1.0,2023-11-06,0,Mumbai,Chicago,DHL,Rail,"['Port congestion [score: 9.0]', 'Disruption: Traffic Jam [score: 4.5]', 'Traffic congestion level (Rail) [score: 4.0]']",Escalate to operations manager; activate emergency reroute.,2026-03-12 07:53 UTC,IMMEDIATE
SHP100022,CRITICAL,1.0,2023-06-12,0,Dubai,New York,DB Schenker,Air,"['Disruption: Equipment Failure [score: 6.4]', 'Weather severity (Fog) [score: 4.5]', 'Traffic congestion level (Air) [score: 4.0]']",Escalate to operations manager; activate emergency reroute.,2026-03-12 07:53 UTC,IMMEDIATE
SHP100023,CRITICAL,1.0,2024-02-15,0,Shanghai,Singapore,UPS,Road,"['Weather severity (Blizzard) [score: 9.4]', 'Disruption: Port Strike [score: 8.7]', 'Customs hold active [score: 8.0]']",Escalate to operations manager; activate emergency reroute.,2026-03-12 07:53 UTC,IMMEDIATE
SHP100024,CRITICAL,1.0,2023-06-17,0,Mumbai,Chicago,Maersk,Rail,"['Disruption: Port Strike [score: 9.1]', 'Weather severity (Snow) [score: 5.9]', 'Traffic congestion level (Rail) [score: 4.0]']",Escalate to operations manager; activate emergency reroute.,2026-03-12 07:53 UTC,IMMEDIATE
SHP100025,CRITICAL,1.0,2024-12-06,0,Hamburg,Singapore,DHL,Road,"['Disruption: Port Strike [score: 9.0]', 'Traffic congestion level (Road) [score: 8.0]', 'Port congestion [score: 8.0]']",Escalate to operations manager; activate emergency reroute.,2026-03-12 07:53 UTC,IMMEDIATE
SHP100026,CRITICAL,1.0,2023-06-05,0,Mumbai,London,DHL,Air,"['Weather severity (Storm) [score: 8.4]', 'Port congestion [score: 6.0]', 'Disruption: Traffic Jam [score: 3.9]']",Escalate to operations manager; activate emergency reroute.,2026-03-12 07:53 UTC,IMMEDIATE
SHP100027,CRITICAL,1.0,2023-07-08,0,Rotterdam,Sydney,UPS,Sea,"['Disruption: Port Strike [score: 9.0]', 'Customs hold active [score: 8.0]', 'Port congestion [score: 5.0]']",Escalate to operations manager; activate emergency reroute.,2026-03-12 07:53 UTC,IMMEDIATE
SHP100028,CRITICAL,1.0,2023-10-01,0,Hamburg,Chicago,DHL,Sea,"['Weather severity (Snow) [score: 5.8]', 'Traffic congestion level (Sea) [score: 5.0]', 'Port congestion [score: 5.0]']",Escalate to operations manager; activate emergency reroute.,2026-03-12 07:53 UTC,IMMEDIATE
SHP100029,CRITICAL,1.0,2023-09-12,0,Shanghai,London,DB Schenker,Air,"['Weather severity (Blizzard) [score: 9.4]', 'Disruption: Port Strike [score: 8.7]', 'Traffic congestion level (Air) [score: 4.0]']",Escalate to operations manager; activate emergency reroute.,2026-03-12 07:53 UTC,IMMEDIATE
SHP100030,CRITICAL,1.0,2023-09-20,0,Rotterdam,Singapore,UPS,Sea,"['Disruption: Natural Disaster [score: 10.1]', 'Weather severity (Snow) [score: 6.5]', 'Traffic congestion level (Sea) [score: 6.0]']",Escalate to operations manager; activate emergency reroute.,2026-03-12 07:53 UTC,IMMEDIATE
SHP100031,CRITICAL,1.0,2023-06-19,0,Hamburg,Chicago,XPO Logistics,Rail,"['Weather severity (Blizzard) [score: 9.5]', 'Port congestion [score: 6.0]', 'Traffic congestion level (Rail) [score: 5.0]']",Escalate to operations manager; activate emergency reroute.,2026-03-12 07:53 UTC,IMMEDIATE
SHP100032,CRITICAL,1.0,2024-02-29,0,Dubai,New York,XPO Logistics,Rail,"['Customs hold active [score: 8.0]', 'Port congestion [score: 7.0]', 'Weather severity (Heavy Rain) [score: 4.7]']",Escalate to operations manager; activate emergency reroute.,2026-03-12 07:53 UTC,IMMEDIATE
SHP100033,CRITICAL,1.0,2023-04-15,0,Dubai,Chicago,UPS,Sea,"['Customs hold active [score: 8.0]', 'Disruption: Equipment Failure [score: 5.6]', 'High route risk [score: 4.2]']",Escalate to operations manager; activate emergency reroute.,2026-03-12 07:53 UTC,IMMEDIATE
SHP100034,CRITICAL,1.0,2024-04-18,0,Shanghai,New York,Maersk,Rail,"['Disruption: Port Strike [score: 8.9]', 'Weather severity (Storm) [score: 8.1]', 'Traffic congestion level (Rail) [score: 5.0]']",Escalate to operations manager; activate emergency reroute.,2026-03-12 07:53 UTC,IMMEDIATE
SHP100035,CRITICAL,1.0,2023-01-30,0,Shanghai,Tokyo,FedEx,Road,"['Traffic congestion level (Road) [score: 6.0]', 'Weather severity (Fog) [score: 4.0]', 'High route risk [score: 2.8]']",Escalate to operations manager; activate emergency reroute.,2026-03-12 07:53 UTC,IMMEDIATE
SHP100036,CRITICAL,1.0,2024-08-24,0,Mumbai,Sydney,FedEx,Air,"['Port congestion [score: 9.0]', 'Disruption: Port Strike [score: 8.8]', 'Weather severity (Snow) [score: 6.0]']",Escalate to operations manager; activate emergency reroute.,2026-03-12 07:53 UTC,IMMEDIATE
SHP100037,CRITICAL,1.0,2023-08-07,0,Dubai,Sydney,Maersk,Rail,"['Port congestion [score: 9.0]', 'Weather severity (Snow) [score: 6.0]', 'Disruption: Traffic Jam [score: 4.5]']",Escalate to operations manager; activate emergency reroute.,2026-03-12 07:53 UTC,IMMEDIATE
SHP100038,CRITICAL,1.0,2024-09-14,0,Hamburg,Sydney,FedEx,Air,"['Customs hold active [score: 8.0]', 'Traffic congestion level (Air) [score: 4.0]', 'Disruption: Traffic Jam [score: 3.5]']",Escalate to operations manager; activate emergency reroute.,2026-03-12 07:53 UTC,IMMEDIATE
SHP100039,CRITICAL,1.0,2023-11-15,0,Shanghai,London,Maersk,Sea,"['Weather severity (Blizzard) [score: 9.0]', 'Port congestion [score: 8.0]', 'Traffic congestion level (Sea) [score: 6.0]']",Escalate to operations manager; activate emergency reroute.,2026-03-12 07:53 UTC,IMMEDIATE
SHP100040,CRITICAL,0.9957,2023-10-05,0,Los Angeles,Chicago,Maersk,Air,"['Port congestion [score: 10.0]', 'Weather severity (Heavy Rain) [score: 4.5]', 'Traffic congestion level (Air) [score: 4.0]']",Escalate to operations manager; activate emergency reroute.,2026-03-12 07:53 UTC,IMMEDIATE
SHP100041,CRITICAL,1.0,2023-10-16,0,Shanghai,Singapore,UPS,Air,"['Disruption: Natural Disaster [score: 10.1]', 'Weather severity (Storm) [score: 7.9]', 'Port congestion [score: 6.0]']",Escalate to operations manager; activate emergency reroute.,2026-03-12 07:53 UTC,IMMEDIATE
SHP100042,CRITICAL,1.0,2023-11-05,0,Los Angeles,Chicago,XPO Logistics,Rail,"['Customs hold active [score: 8.0]', 'Weather severity (Storm) [score: 7.8]', 'Traffic congestion level (Rail) [score: 4.0]']",Escalate to operations manager; activate emergency reroute.,2026-03-12 07:53 UTC,IMMEDIATE
SHP100043,CRITICAL,1.0,2024-12-04,0,Shanghai,New York,XPO Logistics,Rail,"['Disruption: Port Strike [score: 9.4]', 'Weather severity (Heavy Rain) [score: 5.2]', 'High route risk [score: 3.5]']",Escalate to operations manager; activate emergency reroute.,2026-03-12 07:53 UTC,IMMEDIATE
SHP100044,CRITICAL,1.0,2023-04-04,0,Dubai,Chicago,UPS,Road,"['Disruption: Natural Disaster [score: 10.4]', 'Customs hold active [score: 8.0]', 'Traffic congestion level (Road) [score: 6.0]']",Escalate to operations manager; activate emergency reroute.,2026-03-12 07:53 UTC,IMMEDIATE
SHP100045,CRITICAL,1.0,2024-12-01,0,Hamburg,Chicago,UPS,Sea,"['Customs hold active [score: 8.0]', 'Port congestion [score: 7.0]', 'Weather severity (Snow) [score: 5.8]']",Escalate to operations manager; activate emergency reroute.,2026-03-12 07:53 UTC,IMMEDIATE
SHP100046,CRITICAL,1.0,2023-10-07,0,Rotterdam,London,DHL,Air,"['Disruption: Natural Disaster [score: 10.3]', 'Weather severity (Blizzard) [score: 8.5]', 'Port congestion [score: 5.0]']",Escalate to operations manager; activate emergency reroute.,2026-03-12 07:53 UTC,IMMEDIATE
SHP100047,CRITICAL,1.0,2023-05-16,0,Rotterdam,Sydney,DHL,Road,"['Disruption: Port Strike [score: 9.5]', 'Traffic congestion level (Road) [score: 9.0]', 'Weather severity (Heavy Rain) [score: 5.1]']",Escalate to operations manager; activate emergency reroute.,2026-03-12 07:53 UTC,IMMEDIATE
SHP100048,CRITICAL,1.0,2023-02-07,0,Rotterdam,Singapore,DHL,Road,"['Disruption: Natural Disaster [score: 9.6]', 'Traffic congestion level (Road) [score: 8.0]', 'Port congestion [score: 8.0]']",Escalate to operations manager; activate emergency reroute.,2026-03-12 07:53 UTC,IMMEDIATE
SHP100049,CRITICAL,1.0,2023-03-01,0,Hamburg,Sydney,DHL,Road,"['Disruption: Natural Disaster [score: 10.2]', 'Weather severity (Blizzard) [score: 9.0]', 'Port congestion [score: 9.0]']",Escalate to operations manager; activate emergency reroute.,2026-03-12 07:53 UTC,IMMEDIATE
SHP100050,CRITICAL,1.0,2024-07-17,0,Los Angeles,Singapore,DHL,Road,"['Disruption: Port Strike [score: 9.2]', 'Traffic congestion level (Road) [score: 9.0]', 'Weather severity (Fog) [score: 4.2]']",Escalate to operations manager; activate emergency reroute.,2026-03-12 07:53 UTC,IMMEDIATE
SHP100051,CRITICAL,1.0,2023-06-29,0,Rotterdam,New York,UPS,Road,"['Disruption: Natural Disaster [score: 10.0]', 'Traffic congestion level (Road) [score: 8.0]', 'Customs hold active [score: 8.0]']",Escalate to operations manager; activate emergency reroute.,2026-03-12 07:53 UTC,IMMEDIATE
SHP100052,CRITICAL,1.0,2023-03-04,0,Los Angeles,New York,DHL,Sea,"['Customs hold active [score: 8.0]', 'Weather severity (Heavy Rain) [score: 5.4]', 'High route risk [score: 4.1]']",Escalate to operations manager; activate emergency reroute.,2026-03-12 07:53 UTC,IMMEDIATE
SHP100053,CRITICAL,1.0,2023-04-29,0,Rotterdam,Tokyo,UPS,Road,"['Port congestion [score: 9.0]', 'Traffic congestion level (Road) [score: 7.0]', 'Disruption: Traffic Jam [score: 4.3]']",Escalate to operations manager; activate emergency reroute.,2026-03-12 07:53 UTC,IMMEDIATE
SHP100054,CRITICAL,1.0,2024-08-03,0,Dubai,London,Maersk,Air,"['Disruption: Port Strike [score: 9.3]', 'Weather severity (Storm) [score: 7.6]', 'High route risk [score: 3.0]']",Escalate to operations manager; activate emergency reroute.,2026-03-12 07:53 UTC,IMMEDIATE
SHP100055,CRITICAL,1.0,2024-10-03,0,Dubai,Chicago,UPS,Road,"['Disruption: Port Strike [score: 9.2]', 'Traffic congestion level (Road) [score: 6.0]', 'Weather severity (Snow) [score: 5.8]']",Escalate to operations manager; activate emergency reroute.,2026-03-12 07:53 UTC,IMMEDIATE
SHP100056,CRITICAL,1.0,2023-12-28,0,Los Angeles,London,DB Schenker,Road,"['Disruption: Natural Disaster [score: 9.8]', 'Traffic congestion level (Road) [score: 6.0]', 'Port congestion [score: 6.0]']",Escalate to operations manager; activate emergency reroute.,2026-03-12 07:53 UTC,IMMEDIATE
SHP100057,CRITICAL,1.0,2024-10-20,0,Los Angeles,London,DB Schenker,Rail,"['Port congestion [score: 10.0]', 'Weather severity (Snow) [score: 6.3]', 'High route risk [score: 2.9]']",Escalate to operations manager; activate emergency reroute.,2026-03-12 07:53 UTC,IMMEDIATE
SHP100058,CRITICAL,1.0,2024-03-10,0,Dubai,New York,DB Schenker,Road,"['Weather severity (Blizzard) [score: 8.9]', 'Traffic congestion level (Road) [score: 7.0]', 'Disruption: Traffic Jam [score: 4.3]']",Escalate to operations manager; activate emergency reroute.,2026-03-12 07:53 UTC,IMMEDIATE
SHP100059,CRITICAL,1.0,2023-03-10,0,Mumbai,Singapore,XPO Logistics,Air,"['Disruption: Port Strike [score: 9.5]', 'Weather severity (Snow) [score: 5.7]', 'Traffic congestion level (Air) [score: 3.0]']",Escalate to operations manager; activate emergency reroute.,2026-03-12 07:53 UTC,IMMEDIATE
SHP100060,CRITICAL,0.9998,2024-07-08,0,Hamburg,London,UPS,Sea,"['Disruption: Equipment Failure [score: 6.2]', 'Port congestion [score: 5.0]', 'Traffic congestion level (Sea) [score: 4.0]']",Escalate to operations manager; activate emergency reroute.,2026-03-12 07:53 UTC,IMMEDIATE
SHP100061,CRITICAL,1.0,2024-05-02,0,Hamburg,New York,DHL,Air,"['Weather severity (Blizzard) [score: 8.9]', 'Disruption: Equipment Failure [score: 6.0]', 'High route risk [score: 2.7]']",Escalate to operations manager; activate emergency reroute.,2026-03-12 07:53 UTC,IMMEDIATE
SHP100062,CRITICAL,1.0,2024-11-10,0,Los Angeles,New York,FedEx,Rail,"['Disruption: Port Strike [score: 8.6]', 'Weather severity (Snow) [score: 5.7]', 'Traffic congestion level (Rail) [score: 4.0]']",Escalate to operations manager; activate emergency reroute.,2026-03-12 07:53 UTC,IMMEDIATE
SHP100063,CRITICAL,1.0,2024-08-21,0,Dubai,London,FedEx,Air,"['Disruption: Natural Disaster [score: 10.5]', 'Port congestion [score: 9.0]', 'Weather severity (Snow) [score: 6.0]']",Escalate to operations manager; activate emergency reroute.,2026-03-12 07:53 UTC,IMMEDIATE
SHP100064,CRITICAL,1.0,2024-09-01,0,Dubai,Singapore,DHL,Air,"['Disruption: Natural Disaster [score: 10.1]', 'Customs hold active [score: 8.0]', 'High historical delay rate [score: 3.4]']",Escalate to operations manager; activate emergency reroute.,2026-03-12 07:53 UTC,IMMEDIATE
SHP100065,CRITICAL,1.0,2024-10-19,0,Mumbai,New York,Maersk,Rail,"['Disruption: Natural Disaster [score: 9.9]', 'Traffic congestion level (Rail) [score: 5.0]', 'High historical delay rate [score: 4.0]']",Escalate to operations manager; activate emergency reroute.,2026-03-12 07:53 UTC,IMMEDIATE
SHP100066,CRITICAL,1.0,2024-10-15,0,Dubai,London,DHL,Air,"['Disruption: Natural Disaster [score: 9.9]', 'Port congestion [score: 6.0]', 'Weather severity (Heavy Rain) [score: 5.3]']",Escalate to operations manager; activate emergency reroute.,2026-03-12 07:53 UTC,IMMEDIATE
SHP100067,CRITICAL,1.0,2023-07-16,0,Rotterdam,London,DB Schenker,Air,"['Disruption: Natural Disaster [score: 9.7]', 'Port congestion [score: 8.0]', 'Customs hold active [score: 8.0]']",Escalate to operations manager; activate emergency reroute.,2026-03-12 07:53 UTC,IMMEDIATE
SHP100068,CRITICAL,1.0,2024-10-22,0,Rotterdam,Sydney,Maersk,Rail,"['Disruption: Natural Disaster [score: 9.5]', 'Customs hold active [score: 8.0]', 'Weather severity (Fog) [score: 4.2]']",Escalate to operations manager; activate emergency reroute.,2026-03-12 07:53 UTC,IMMEDIATE
SHP100069,CRITICAL,1.0,2023-07-27,0,Shanghai,New York,UPS,Rail,"['Weather severity (Blizzard) [score: 9.1]', 'Traffic congestion level (Rail) [score: 5.0]', 'Port congestion [score: 4.0]']",Escalate to operations manager; activate emergency reroute.,2026-03-12 07:53 UTC,IMMEDIATE
SHP100070,CRITICAL,1.0,2024-05-06,0,Los Angeles,Tokyo,Maersk,Rail,"['Port congestion [score: 10.0]', 'Customs hold active [score: 8.0]', 'Weather severity (Fog) [score: 4.4]']",Escalate to operations manager; activate emergency reroute.,2026-03-12 07:53 UTC,IMMEDIATE
SHP100071,CRITICAL,1.0,2024-09-24,0,Los Angeles,London,UPS,Sea,"['Weather severity (Storm) [score: 7.7]', 'Port congestion [score: 5.0]', 'Traffic congestion level (Sea) [score: 4.0]']",Escalate to operations manager; activate emergency reroute.,2026-03-12 07:53 UTC,IMMEDIATE
SHP100072,CRITICAL,1.0,2023-05-11,0,Hamburg,Chicago,XPO Logistics,Sea,"['Weather severity (Storm) [score: 7.5]', 'Traffic congestion level (Sea) [score: 4.0]', 'Port congestion [score: 3.0]']",Escalate to operations manager; activate emergency reroute.,2026-03-12 07:53 UTC,IMMEDIATE
SHP100073,CRITICAL,1.0,2024-04-23,0,Rotterdam,New York,Maersk,Rail,"['Weather severity (Blizzard) [score: 8.9]', 'Customs hold active [score: 8.0]', 'Disruption: Equipment Failure [score: 5.9]']",Escalate to operations manager; activate emergency reroute.,2026-03-12 07:53 UTC,IMMEDIATE
SHP100074,CRITICAL,1.0,2023-12-20,0,Rotterdam,Tokyo,UPS,Rail,"['Weather severity (Snow) [score: 5.5]', 'Traffic congestion level (Rail) [score: 4.0]', 'Disruption: Traffic Jam [score: 3.8]']",Escalate to operations manager; activate emergency reroute.,2026-03-12 07:53 UTC,IMMEDIATE
SHP100075,CRITICAL,0.9998,2024-10-17,0,Shanghai,Chicago,DB Schenker,Sea,"['Traffic congestion level (Sea) [score: 6.0]', 'Port congestion [score: 6.0]', 'High route risk [score: 3.2]']",Escalate to operations manager; activate emergency reroute.,2026-03-12 07:53 UTC,IMMEDIATE
SHP100076,CRITICAL,1.0,2023-09-26,0,Shanghai,New York,XPO Logistics,Air,"['Weather severity (Heavy Rain) [score: 4.7]', 'Disruption: Traffic Jam [score: 4.1]', 'High route risk [score: 3.5]']",Escalate to operations manager; activate emergency reroute.,2026-03-12 07:53 UTC,IMMEDIATE
SHP100077,CRITICAL,1.0,2023-09-06,0,Hamburg,Tokyo,Maersk,Road,"['Traffic congestion level (Road) [score: 9.0]', 'Customs hold active [score: 8.0]', 'Weather severity (Snow) [score: 6.2]']",Escalate to operations manager; activate emergency reroute.,2026-03-12 07:53 UTC,IMMEDIATE
SHP100078,CRITICAL,1.0,2024-02-09,0,Hamburg,Singapore,DB Schenker,Rail,"['Weather severity (Storm) [score: 8.5]', 'Customs hold active [score: 8.0]', 'Port congestion [score: 5.0]']",Escalate to operations manager; activate emergency reroute.,2026-03-12 07:53 UTC,IMMEDIATE
SHP100079,CRITICAL,1.0,2023-02-28,0,Mumbai,Sydney,FedEx,Air,"['Disruption: Natural Disaster [score: 10.0]', 'Port congestion [score: 9.0]', 'Customs hold active [score: 8.0]']",Escalate to operations manager; activate emergency reroute.,2026-03-12 07:53 UTC,IMMEDIATE
SHP100080,CRITICAL,0.9837,2024-05-04,0,Hamburg,London,DB Schenker,Road,"['Traffic congestion level (Road) [score: 7.0]', 'High historical delay rate [score: 3.8]', 'Low carrier reliability [score: 1.4]']",Escalate to operations manager; activate emergency reroute.,2026-03-12 07:53 UTC,IMMEDIATE
SHP100081,CRITICAL,1.0,2024-08-11,0,Mumbai,Chicago,FedEx,Road,"['Port congestion [score: 10.0]', 'Traffic congestion level (Road) [score: 9.0]', 'Disruption: Port Strike [score: 8.6]']",Escalate to operations manager; activate emergency reroute.,2026-03-12 07:53 UTC,IMMEDIATE
SHP100082,CRITICAL,1.0,2024-05-27,0,Dubai,New York,UPS,Road,"['Weather severity (Blizzard) [score: 8.5]', 'Customs hold active [score: 8.0]', 'Port congestion [score: 7.0]']",Escalate to operations manager; activate emergency reroute.,2026-03-12 07:53 UTC,IMMEDIATE
SHP100083,CRITICAL,1.0,2023-06-28,0,Rotterdam,Singapore,Maersk,Air,"['Disruption: Port Strike [score: 8.9]', 'Traffic congestion level (Air) [score: 4.0]', 'Port congestion [score: 4.0]']",Escalate to operations manager; activate emergency reroute.,2026-03-12 07:53 UTC,IMMEDIATE
SHP100084,CRITICAL,1.0,2024-08-27,0,Rotterdam,New York,DHL,Road,"['Traffic congestion level (Road) [score: 7.0]', 'Port congestion [score: 6.0]', 'Disruption: Equipment Failure [score: 5.7]']",Escalate to operations manager; activate emergency reroute.,2026-03-12 07:53 UTC,IMMEDIATE
SHP100085,CRITICAL,1.0,2023-05-06,0,Shanghai,New York,XPO Logistics,Rail,"['Disruption: Natural Disaster [score: 10.0]', 'Customs hold active [score: 8.0]', 'Port congestion [score: 5.0]']",Escalate to operations manager; activate emergency reroute.,2026-03-12 07:53 UTC,IMMEDIATE
SHP100086,CRITICAL,1.0,2024-10-27,0,Dubai,London,DB Schenker,Road,"['Disruption: Natural Disaster [score: 10.0]', 'Customs hold active [score: 8.0]', 'Traffic congestion level (Road) [score: 7.0]']",Escalate to operations manager; activate emergency reroute.,2026-03-12 07:53 UTC,IMMEDIATE
SHP100087,CRITICAL,1.0,2024-08-07,0,Dubai,Sydney,UPS,Road,"['Port congestion [score: 10.0]', 'Disruption: Port Strike [score: 9.3]', 'Traffic congestion level (Road) [score: 9.0]']",Escalate to operations manager; activate emergency reroute.,2026-03-12 07:53 UTC,IMMEDIATE
SHP100088,CRITICAL,1.0,2024-11-16,0,Rotterdam,Singapore,UPS,Sea,"['Disruption: Natural Disaster [score: 9.7]', 'Weather severity (Blizzard) [score: 8.8]', 'Port congestion [score: 8.0]']",Escalate to operations manager; activate emergency reroute.,2026-03-12 07:53 UTC,IMMEDIATE
SHP100089,CRITICAL,1.0,2023-07-19,0,Rotterdam,London,Maersk,Road,"['Port congestion [score: 9.0]', 'Traffic congestion level (Road) [score: 6.0]', 'Disruption: Traffic Jam [score: 4.1]']",Escalate to operations manager; activate emergency reroute.,2026-03-12 07:53 UTC,IMMEDIATE
SHP100090,CRITICAL,1.0,2023-04-16,0,Shanghai,New York,DB Schenker,Road,"['Disruption: Port Strike [score: 8.8]', 'Traffic congestion level (Road) [score: 8.0]', 'Port congestion [score: 8.0]']",Escalate to operations manager; activate emergency reroute.,2026-03-12 07:53 UTC,IMMEDIATE
SHP100091,CRITICAL,1.0,2023-06-08,0,Los Angeles,Tokyo,DB Schenker,Sea,"['Port congestion [score: 10.0]', 'Customs hold active [score: 8.0]', 'Disruption: Equipment Failure [score: 5.6]']",Escalate to operations manager; activate emergency reroute.,2026-03-12 07:53 UTC,IMMEDIATE
SHP100092,CRITICAL,1.0,2023-12-24,0,Los Angeles,New York,XPO Logistics,Sea,"['Port congestion [score: 7.0]', 'Disruption: Equipment Failure [score: 6.4]', 'Traffic congestion level (Sea) [score: 3.0]']",Escalate to operations manager; activate emergency reroute.,2026-03-12 07:53 UTC,IMMEDIATE
SHP100093,CRITICAL,1.0,2023-10-20,0,Los Angeles,Chicago,FedEx,Rail,"['Customs hold active [score: 8.0]', 'Port congestion [score: 6.0]', 'Traffic congestion level (Rail) [score: 5.0]']",Escalate to operations manager; activate emergency reroute.,2026-03-12 07:53 UTC,IMMEDIATE
SHP100094,CRITICAL,1.0,2023-03-08,0,Dubai,Sydney,DB Schenker,Air,"['Port congestion [score: 5.0]', 'Weather severity (Heavy Rain) [score: 4.9]', 'Traffic congestion level (Air) [score: 4.0]']",Escalate to operations manager; activate emergency reroute.,2026-03-12 07:53 UTC,IMMEDIATE
SHP100096,CRITICAL,1.0,2024-01-21,0,Los Angeles,Tokyo,XPO Logistics,Rail,"['Port congestion [score: 6.0]', 'Weather severity (Snow) [score: 5.8]', 'Traffic congestion level (Rail) [score: 4.0]']",Escalate to operations manager; activate emergency reroute.,2026-03-12 07:53 UTC,IMMEDIATE
SHP100097,CRITICAL,1.0,2024-10-21,0,Dubai,New York,FedEx,Air,"['Customs hold active [score: 8.0]', 'Port congestion [score: 7.0]', 'Weather severity (Snow) [score: 5.7]']",Escalate to operations manager; activate emergency reroute.,2026-03-12 07:53 UTC,IMMEDIATE
SHP100098,CRITICAL,1.0,2023-12-06,0,Shanghai,New York,XPO Logistics,Rail,"['Port congestion [score: 10.0]', 'Customs hold active [score: 8.0]', 'Weather severity (Heavy Rain) [score: 4.7]']",Escalate to operations manager; activate emergency reroute.,2026-03-12 07:53 UTC,IMMEDIATE
SHP100099,CRITICAL,1.0,2023-07-24,0,Hamburg,Singapore,DHL,Sea,"['Customs hold active [score: 8.0]', 'Weather severity (Snow) [score: 6.4]', 'Traffic congestion level (Sea) [score: 5.0]']",Escalate to operations manager; activate emergency reroute.,2026-03-12 07:53 UTC,IMMEDIATE
SHP100100,CRITICAL,1.0,2023-07-01,0,Los Angeles,New York,DHL,Air,"['Weather severity (Heavy Rain) [score: 4.8]', 'Disruption: Traffic Jam [score: 3.8]', 'High route risk [score: 3.5]']",Escalate to operations manager; activate emergency reroute.,2026-03-12 07:53 UTC,IMMEDIATE
SHP100101,CRITICAL,1.0,2024-11-29,0,Hamburg,Tokyo,UPS,Road,"['Port congestion [score: 10.0]', 'Traffic congestion level (Road) [score: 7.0]', 'Weather severity (Heavy Rain) [score: 5.1]']",Escalate to operations manager; activate emergency reroute.,2026-03-12 07:53 UTC,IMMEDIATE
SHP100102,CRITICAL,1.0,2024-06-09,0,Los Angeles,Singapore,UPS,Rail,"['Weather severity (Snow) [score: 6.4]', 'Traffic congestion level (Rail) [score: 5.0]', 'Port congestion [score: 5.0]']",Escalate to operations manager; activate emergency reroute.,2026-03-12 07:53 UTC,IMMEDIATE
SHP100103,CRITICAL,1.0,2024-03-09,0,Dubai,Tokyo,XPO Logistics,Air,"['Disruption: Natural Disaster [score: 10.4]', 'Port congestion [score: 6.0]', 'Weather severity (Heavy Rain) [score: 5.0]']",Escalate to operations manager; activate emergency reroute.,2026-03-12 07:53 UTC,IMMEDIATE
SHP100104,CRITICAL,1.0,2024-04-06,0,Los Angeles,Sydney,Maersk,Road,"['Traffic congestion level (Road) [score: 7.0]', 'Disruption: Equipment Failure [score: 5.6]', 'Port congestion [score: 5.0]']",Escalate to operations manager; activate emergency reroute.,2026-03-12 07:53 UTC,IMMEDIATE
SHP100105,CRITICAL,1.0,2024-02-25,0,Los Angeles,Sydney,DB Schenker,Air,"['Weather severity (Snow) [score: 5.6]', 'Traffic congestion level (Air) [score: 4.0]', 'High historical delay rate [score: 3.3]']",Escalate to operations manager; activate emergency reroute.,2026-03-12 07:53 UTC,IMMEDIATE
SHP100106,CRITICAL,1.0,2024-04-19,0,Rotterdam,Tokyo,DHL,Air,"['Port congestion [score: 9.0]', 'Disruption: Port Strike [score: 8.5]', 'Customs hold active [score: 8.0]']",Escalate to operations manager; activate emergency reroute.,2026-03-12 07:53 UTC,IMMEDIATE
SHP100107,CRITICAL,1.0,2024-02-25,0,Rotterdam,Tokyo,DHL,Rail,"['Weather severity (Storm) [score: 8.4]', 'Disruption: Traffic Jam [score: 4.1]', 'Traffic congestion level (Rail) [score: 4.0]']",Escalate to operations manager; activate emergency reroute.,2026-03-12 07:53 UTC,IMMEDIATE
SHP100108,CRITICAL,1.0,2024-08-05,0,Dubai,Sydney,UPS,Road,"['Disruption: Natural Disaster [score: 10.5]', 'Port congestion [score: 10.0]', 'Customs hold active [score: 8.0]']",Escalate to operations manager; activate emergency reroute.,2026-03-12 07:53 UTC,IMMEDIATE
SHP100109,CRITICAL,1.0,2024-02-01,0,Shanghai,Chicago,Maersk,Air,"['Disruption: Natural Disaster [score: 9.7]', 'Port congestion [score: 9.0]', 'High route risk [score: 4.1]']",Escalate to operations manager; activate emergency reroute.,2026-03-12 07:53 UTC,IMMEDIATE
SHP100110,CRITICAL,1.0,2023-02-28,0,Shanghai,New York,XPO Logistics,Rail,"['Weather severity (Heavy Rain) [score: 4.9]', 'High route risk [score: 3.5]', 'High historical delay rate [score: 2.1]']",Escalate to operations manager; activate emergency reroute.,2026-03-12 07:53 UTC,IMMEDIATE
SHP100111,CRITICAL,1.0,2023-10-29,0,Dubai,London,Maersk,Sea,"['Customs hold active [score: 8.0]', 'Weather severity (Heavy Rain) [score: 4.9]', 'Disruption: Traffic Jam [score: 4.1]']",Escalate to operations manager; activate emergency reroute.,2026-03-12 07:53 UTC,IMMEDIATE
SHP100112,CRITICAL,1.0,2023-06-09,0,Shanghai,Tokyo,XPO Logistics,Road,"['Port congestion [score: 10.0]', 'Customs hold active [score: 8.0]', 'Traffic congestion level (Road) [score: 7.0]']",Escalate to operations manager; activate emergency reroute.,2026-03-12 07:53 UTC,IMMEDIATE
SHP100113,CRITICAL,1.0,2024-07-03,0,Mumbai,Chicago,XPO Logistics,Rail,"['Disruption: Natural Disaster [score: 10.2]', 'Port congestion [score: 10.0]', 'Customs hold active [score: 8.0]']",Escalate to operations manager; activate emergency reroute.,2026-03-12 07:53 UTC,IMMEDIATE
SHP100114,CRITICAL,1.0,2023-04-02,0,Hamburg,Chicago,DB Schenker,Rail,"['Customs hold active [score: 8.0]', 'Port congestion [score: 7.0]', 'Traffic congestion level (Rail) [score: 4.0]']",Escalate to operations manager; activate emergency reroute.,2026-03-12 07:53 UTC,IMMEDIATE
SHP100115,CRITICAL,1.0,2024-08-15,0,Hamburg,Singapore,DHL,Rail,"['Customs hold active [score: 8.0]', 'Weather severity (Snow) [score: 5.5]', 'Disruption: Traffic Jam [score: 3.8]']",Escalate to operations manager; activate emergency reroute.,2026-03-12 07:53 UTC,IMMEDIATE
SHP100116,CRITICAL,1.0,2023-12-04,0,Shanghai,Singapore,XPO Logistics,Road,"['Port congestion [score: 9.0]', 'Weather severity (Storm) [score: 8.0]', 'Traffic congestion level (Road) [score: 8.0]']",Escalate to operations manager; activate emergency reroute.,2026-03-12 07:53 UTC,IMMEDIATE
SHP100117,CRITICAL,1.0,2023-03-31,0,Rotterdam,New York,DB Schenker,Air,"['Port congestion [score: 5.0]', 'Weather severity (Fog) [score: 4.1]', 'High route risk [score: 3.2]']",Escalate to operations manager; activate emergency reroute.,2026-03-12 07:53 UTC,IMMEDIATE
SHP100118,HIGH,0.8446,2023-11-24,0,Mumbai,Singapore,Maersk,Rail,"['Traffic congestion level (Rail) [score: 4.0]', 'High route risk [score: 3.9]', 'Low carrier reliability [score: 1.7]']",Trigger intervention protocol immediately.,2026-03-12 07:53 UTC,IMMEDIATE
SHP100119,CRITICAL,1.0,2024-03-17,0,Mumbai,Sydney,XPO Logistics,Rail,"['Disruption: Port Strike [score: 8.8]', 'Port congestion [score: 8.0]', 'Customs hold active [score: 8.0]']",Escalate to operations manager; activate emergency reroute.,2026-03-12 07:53 UTC,IMMEDIATE
SHP100120,CRITICAL,1.0,2023-02-25,0,Mumbai,Tokyo,FedEx,Road,"['Traffic congestion level (Road) [score: 9.0]', 'Disruption: Port Strike [score: 8.7]', 'Port congestion [score: 8.0]']",Escalate to operations manager; activate emergency reroute.,2026-03-12 07:53 UTC,IMMEDIATE
SHP100121,CRITICAL,1.0,2023-05-11,0,Rotterdam,Singapore,FedEx,Sea,"['Customs hold active [score: 8.0]', 'Weather severity (Storm) [score: 7.8]', 'Port congestion [score: 7.0]']",Escalate to operations manager; activate emergency reroute.,2026-03-12 07:53 UTC,IMMEDIATE
SHP100122,CRITICAL,1.0,2023-02-15,0,Shanghai,London,DHL,Road,"['Disruption: Natural Disaster [score: 9.6]', 'Weather severity (Storm) [score: 8.1]', 'Port congestion [score: 8.0]']",Escalate to operations manager; activate emergency reroute.,2026-03-12 07:53 UTC,IMMEDIATE
SHP100123,CRITICAL,1.0,2023-09-12,0,Shanghai,Chicago,DHL,Road,"['Disruption: Natural Disaster [score: 10.4]', 'Traffic congestion level (Road) [score: 9.0]', 'Customs hold active [score: 8.0]']",Escalate to operations manager; activate emergency reroute.,2026-03-12 07:53 UTC,IMMEDIATE
SHP100124,CRITICAL,1.0,2023-06-26,0,Rotterdam,London,XPO Logistics,Road,"['Port congestion [score: 10.0]', 'Traffic congestion level (Road) [score: 7.0]', 'Weather severity (Snow) [score: 6.2]']",Escalate to operations manager; activate emergency reroute.,2026-03-12 07:53 UTC,IMMEDIATE
SHP100125,CRITICAL,1.0,2024-10-09,0,Dubai,London,DB Schenker,Rail,"['Disruption: Natural Disaster [score: 9.5]', 'Weather severity (Snow) [score: 6.4]', 'Traffic congestion level (Rail) [score: 4.0]']",Escalate to operations manager; activate emergency reroute.,2026-03-12 07:53 UTC,IMMEDIATE
SHP100126,CRITICAL,1.0,2024-07-20,0,Los Angeles,Tokyo,XPO Logistics,Road,"['Traffic congestion level (Road) [score: 9.0]', 'Disruption: Equipment Failure [score: 5.8]', 'Weather severity (Fog) [score: 4.0]']",Escalate to operations manager; activate emergency reroute.,2026-03-12 07:53 UTC,IMMEDIATE
SHP100127,CRITICAL,1.0,2023-05-04,0,Dubai,Chicago,DB Schenker,Sea,"['Customs hold active [score: 8.0]', 'Weather severity (Heavy Rain) [score: 5.4]', 'Traffic congestion level (Sea) [score: 5.0]']",Escalate to operations manager; activate emergency reroute.,2026-03-12 07:53 UTC,IMMEDIATE
SHP100128,CRITICAL,1.0,2023-06-06,0,Hamburg,Sydney,XPO Logistics,Air,"['Port congestion [score: 8.0]', 'Weather severity (Snow) [score: 6.0]', 'High historical delay rate [score: 3.2]']",Escalate to operations manager; activate emergency reroute.,2026-03-12 07:53 UTC,IMMEDIATE
SHP100129,CRITICAL,1.0,2023-05-08,0,Rotterdam,New York,XPO Logistics,Road,"['Disruption: Port Strike [score: 9.1]', 'Weather severity (Storm) [score: 8.4]', 'Customs hold active [score: 8.0]']",Escalate to operations manager; activate emergency reroute.,2026-03-12 07:53 UTC,IMMEDIATE
SHP100130,CRITICAL,1.0,2023-08-16,0,Shanghai,Singapore,UPS,Road,"['Disruption: Port Strike [score: 9.4]', 'Traffic congestion level (Road) [score: 7.0]', 'Weather severity (Fog) [score: 4.3]']",Escalate to operations manager; activate emergency reroute.,2026-03-12 07:53 UTC,IMMEDIATE
SHP100131,CRITICAL,1.0,2023-10-11,0,Shanghai,London,DB Schenker,Rail,"['Port congestion [score: 10.0]', 'Disruption: Port Strike [score: 9.2]', 'Weather severity (Snow) [score: 5.7]']",Escalate to operations manager; activate emergency reroute.,2026-03-12 07:53 UTC,IMMEDIATE
SHP100132,CRITICAL,1.0,2024-03-10,0,Dubai,Sydney,DB Schenker,Sea,"['Disruption: Port Strike [score: 8.8]', 'Traffic congestion level (Sea) [score: 6.0]', 'High route risk [score: 2.5]']",Escalate to operations manager; activate emergency reroute.,2026-03-12 07:53 UTC,IMMEDIATE
SHP100133,CRITICAL,1.0,2024-06-03,0,Mumbai,Sydney,UPS,Sea,"['Disruption: Natural Disaster [score: 9.7]', 'Port congestion [score: 9.0]', 'Customs hold active [score: 8.0]']",Escalate to operations manager; activate emergency reroute.,2026-03-12 07:53 UTC,IMMEDIATE
SHP100134,CRITICAL,1.0,2023-04-10,0,Dubai,Tokyo,FedEx,Rail,"['Disruption: Natural Disaster [score: 9.6]', 'Port congestion [score: 9.0]', 'Traffic congestion level (Rail) [score: 5.0]']",Escalate to operations manager; activate emergency reroute.,2026-03-12 07:53 UTC,IMMEDIATE
SHP100135,CRITICAL,1.0,2023-03-30,0,Shanghai,Chicago,Maersk,Road,"['Traffic congestion level (Road) [score: 9.0]', 'Port congestion [score: 5.0]', 'Weather severity (Rain) [score: 2.3]']",Escalate to operations manager; activate emergency reroute.,2026-03-12 07:53 UTC,IMMEDIATE
SHP100136,CRITICAL,1.0,2023-02-01,0,Hamburg,Tokyo,DHL,Road,"['Port congestion [score: 10.0]', 'Disruption: Port Strike [score: 9.2]', 'Traffic congestion level (Road) [score: 8.0]']",Escalate to operations manager; activate emergency reroute.,2026-03-12 07:53 UTC,IMMEDIATE
SHP100137,CRITICAL,1.0,2023-04-03,0,Rotterdam,Singapore,FedEx,Rail,"['Customs hold active [score: 8.0]', 'Weather severity (Snow) [score: 6.0]', 'Traffic congestion level (Rail) [score: 5.0]']",Escalate to operations manager; activate emergency reroute.,2026-03-12 07:53 UTC,IMMEDIATE
SHP100138,CRITICAL,1.0,2023-11-13,0,Los Angeles,New York,XPO Logistics,Road,"['Disruption: Natural Disaster [score: 10.2]', 'Weather severity (Storm) [score: 8.1]', 'Traffic congestion level (Road) [score: 6.0]']",Escalate to operations manager; activate emergency reroute.,2026-03-12 07:53 UTC,IMMEDIATE
SHP100139,CRITICAL,1.0,2024-02-12,0,Los Angeles,Chicago,XPO Logistics,Road,"['Traffic congestion level (Road) [score: 8.0]', 'Weather severity (Snow) [score: 6.4]', 'Disruption: Traffic Jam [score: 4.3]']",Escalate to operations manager; activate emergency reroute.,2026-03-12 07:53 UTC,IMMEDIATE
SHP100140,CRITICAL,1.0,2024-01-26,0,Hamburg,Singapore,Maersk,Air,"['Disruption: Port Strike [score: 9.3]', 'Customs hold active [score: 8.0]', 'Port congestion [score: 6.0]']",Escalate to operations manager; activate emergency reroute.,2026-03-12 07:53 UTC,IMMEDIATE
SHP100141,CRITICAL,1.0,2024-09-30,0,Rotterdam,Chicago,XPO Logistics,Rail,"['Customs hold active [score: 8.0]', 'Weather severity (Fog) [score: 4.1]', 'Traffic congestion level (Rail) [score: 2.0]']",Escalate to operations manager; activate emergency reroute.,2026-03-12 07:53 UTC,IMMEDIATE
SHP100142,CRITICAL,0.9992,2023-04-21,0,Rotterdam,London,DHL,Sea,"['Traffic congestion level (Sea) [score: 3.0]', 'High historical delay rate [score: 2.5]', 'Port congestion [score: 2.0]']",Escalate to operations manager; activate emergency reroute.,2026-03-12 07:53 UTC,IMMEDIATE
SHP100143,CRITICAL,1.0,2024-08-31,0,Hamburg,Chicago,Maersk,Rail,"['Disruption: Equipment Failure [score: 5.8]', 'Weather severity (Snow) [score: 5.7]', 'Traffic congestion level (Rail) [score: 4.0]']",Escalate to operations manager; activate emergency reroute.,2026-03-12 07:53 UTC,IMMEDIATE
SHP100144,CRITICAL,0.996,2024-07-19,0,Hamburg,London,Maersk,Sea,"['Disruption: Natural Disaster [score: 9.6]', 'Port congestion [score: 9.0]', 'Weather severity (Fog) [score: 4.0]']",Escalate to operations manager; activate emergency reroute.,2026-03-12 07:53 UTC,IMMEDIATE
SHP100145,CRITICAL,0.9994,2023-01-08,0,Dubai,Sydney,Maersk,Air,"['Disruption: Traffic Jam [score: 4.0]', 'High route risk [score: 2.5]', 'Traffic congestion level (Air) [score: 2.0]']",Escalate to operations manager; activate emergency reroute.,2026-03-12 07:53 UTC,IMMEDIATE
SHP100146,CRITICAL,1.0,2024-11-20,0,Dubai,Singapore,XPO Logistics,Sea,"['Customs hold active [score: 8.0]', 'Port congestion [score: 7.0]', 'Weather severity (Snow) [score: 5.9]']",Escalate to operations manager; activate emergency reroute.,2026-03-12 07:53 UTC,IMMEDIATE
SHP100147,CRITICAL,1.0,2023-09-26,0,Shanghai,Tokyo,DB Schenker,Sea,"['Weather severity (Storm) [score: 8.3]', 'Traffic congestion level (Sea) [score: 4.0]', 'High route risk [score: 3.6]']",Escalate to operations manager; activate emergency reroute.,2026-03-12 07:53 UTC,IMMEDIATE
SHP100148,CRITICAL,1.0,2024-04-20,0,Los Angeles,New York,UPS,Rail,"['Disruption: Port Strike [score: 9.3]', 'Weather severity (Heavy Rain) [score: 4.8]', 'Traffic congestion level (Rail) [score: 4.0]']",Escalate to operations manager; activate emergency reroute.,2026-03-12 07:53 UTC,IMMEDIATE
SHP100149,CRITICAL,1.0,2023-08-15,0,Shanghai,Sydney,DHL,Road,"['Traffic congestion level (Road) [score: 9.0]', 'Weather severity (Snow) [score: 6.2]', 'High historical delay rate [score: 3.2]']",Escalate to operations manager; activate emergency reroute.,2026-03-12 07:53 UTC,IMMEDIATE
SHP100150,CRITICAL,1.0,2023-07-29,0,Dubai,New York,DB Schenker,Road,"['Port congestion [score: 10.0]', 'Disruption: Natural Disaster [score: 9.8]', 'Traffic congestion level (Road) [score: 9.0]']",Escalate to operations manager; activate emergency reroute.,2026-03-12 07:53 UTC,IMMEDIATE
SHP100151,CRITICAL,1.0,2024-02-02,0,Los Angeles,Tokyo,XPO Logistics,Road,"['Disruption: Port Strike [score: 9.3]', 'Traffic congestion level (Road) [score: 9.0]', 'Weather severity (Heavy Rain) [score: 5.3]']",Escalate to operations manager; activate emergency reroute.,2026-03-12 07:53 UTC,IMMEDIATE
SHP100152,CRITICAL,0.9999,2023-12-17,0,Hamburg,London,FedEx,Road,"['Traffic congestion level (Road) [score: 9.0]', 'Disruption: Equipment Failure [score: 6.2]', 'Weather severity (Fog) [score: 3.6]']",Escalate to operations manager; activate emergency reroute.,2026-03-12 07:53 UTC,IMMEDIATE
SHP100153,CRITICAL,1.0,2023-09-20,0,Rotterdam,Singapore,DB Schenker,Air,"['Weather severity (Blizzard) [score: 9.3]', 'Disruption: Equipment Failure [score: 5.6]', 'High route risk [score: 3.5]']",Escalate to operations manager; activate emergency reroute.,2026-03-12 07:53 UTC,IMMEDIATE
SHP100154,CRITICAL,1.0,2024-09-06,0,Dubai,Singapore,XPO Logistics,Air,"['Port congestion [score: 8.0]', 'Customs hold active [score: 8.0]', 'Weather severity (Snow) [score: 5.5]']",Escalate to operations manager; activate emergency reroute.,2026-03-12 07:53 UTC,IMMEDIATE
SHP100155,CRITICAL,1.0,2023-10-10,0,Dubai,Tokyo,DB Schenker,Road,"['Disruption: Port Strike [score: 9.2]', 'Traffic congestion level (Road) [score: 6.0]', 'Port congestion [score: 4.0]']",Escalate to operations manager; activate emergency reroute.,2026-03-12 07:53 UTC,IMMEDIATE
SHP100156,CRITICAL,1.0,2023-03-24,0,Dubai,Sydney,UPS,Rail,"['Disruption: Natural Disaster [score: 9.5]', 'Weather severity (Snow) [score: 6.2]', 'Port congestion [score: 5.0]']",Escalate to operations manager; activate emergency reroute.,2026-03-12 07:53 UTC,IMMEDIATE
SHP100157,CRITICAL,1.0,2024-01-29,0,Hamburg,Singapore,DHL,Sea,"['Disruption: Port Strike [score: 9.1]', 'Weather severity (Storm) [score: 8.2]', 'Customs hold active [score: 8.0]']",Escalate to operations manager; activate emergency reroute.,2026-03-12 07:53 UTC,IMMEDIATE
SHP100158,CRITICAL,1.0,2024-03-24,0,Los Angeles,London,UPS,Rail,"['Disruption: Port Strike [score: 8.8]', 'Port congestion [score: 6.0]', 'Weather severity (Heavy Rain) [score: 5.2]']",Escalate to operations manager; activate emergency reroute.,2026-03-12 07:53 UTC,IMMEDIATE
SHP100159,CRITICAL,1.0,2024-04-29,0,Rotterdam,New York,XPO Logistics,Road,"['Port congestion [score: 10.0]', 'Traffic congestion level (Road) [score: 8.0]', 'Disruption: Equipment Failure [score: 6.5]']",Escalate to operations manager; activate emergency reroute.,2026-03-12 07:53 UTC,IMMEDIATE
SHP100160,CRITICAL,1.0,2024-08-14,0,Hamburg,London,XPO Logistics,Sea,"['Weather severity (Storm) [score: 8.5]', 'Port congestion [score: 6.0]', 'Disruption: Traffic Jam [score: 4.4]']",Escalate to operations manager; activate emergency reroute.,2026-03-12 07:53 UTC,IMMEDIATE
SHP100161,CRITICAL,1.0,2023-03-06,0,Rotterdam,London,FedEx,Sea,"['Weather severity (Blizzard) [score: 9.3]', 'Port congestion [score: 9.0]', 'Customs hold active [score: 8.0]']",Escalate to operations manager; activate emergency reroute.,2026-03-12 07:53 UTC,IMMEDIATE
SHP100162,CRITICAL,1.0,2024-08-12,0,Mumbai,New York,DHL,Road,"['Disruption: Natural Disaster [score: 9.7]', 'Traffic congestion level (Road) [score: 9.0]', 'Port congestion [score: 8.0]']",Escalate to operations manager; activate emergency reroute.,2026-03-12 07:53 UTC,IMMEDIATE
SHP100163,CRITICAL,1.0,2023-08-04,0,Rotterdam,Sydney,Maersk,Sea,"['Disruption: Equipment Failure [score: 6.0]', 'Weather severity (Snow) [score: 5.8]', 'Traffic congestion level (Sea) [score: 4.0]']",Escalate to operations manager; activate emergency reroute.,2026-03-12 07:53 UTC,IMMEDIATE
SHP100164,CRITICAL,1.0,2023-05-10,0,Dubai,Sydney,XPO Logistics,Road,"['Port congestion [score: 8.0]', 'Traffic congestion level (Road) [score: 7.0]', 'Disruption: Traffic Jam [score: 4.0]']",Escalate to operations manager; activate emergency reroute.,2026-03-12 07:53 UTC,IMMEDIATE
SHP100165,CRITICAL,1.0,2023-07-24,0,Los Angeles,Sydney,DHL,Air,"['Disruption: Natural Disaster [score: 10.1]', 'Weather severity (Snow) [score: 6.2]', 'Traffic congestion level (Air) [score: 2.0]']",Escalate to operations manager; activate emergency reroute.,2026-03-12 07:53 UTC,IMMEDIATE
SHP100166,CRITICAL,1.0,2024-05-12,0,Shanghai,Sydney,DB Schenker,Road,"['Weather severity (Blizzard) [score: 9.1]', 'Disruption: Port Strike [score: 8.7]', 'Traffic congestion level (Road) [score: 7.0]']",Escalate to operations manager; activate emergency reroute.,2026-03-12 07:53 UTC,IMMEDIATE
SHP100167,CRITICAL,1.0,2024-09-21,0,Hamburg,Singapore,FedEx,Rail,"['Weather severity (Blizzard) [score: 9.3]', 'Customs hold active [score: 8.0]', 'Disruption: Traffic Jam [score: 3.8]']",Escalate to operations manager; activate emergency reroute.,2026-03-12 07:53 UTC,IMMEDIATE
SHP100168,CRITICAL,1.0,2023-05-06,0,Rotterdam,Singapore,UPS,Rail,"['Disruption: Port Strike [score: 8.9]', 'Weather severity (Snow) [score: 5.5]', 'Port congestion [score: 4.0]']",Escalate to operations manager; activate emergency reroute.,2026-03-12 07:53 UTC,IMMEDIATE
SHP100169,CRITICAL,1.0,2024-09-13,0,Los Angeles,London,DB Schenker,Air,"['Disruption: Natural Disaster [score: 10.0]', 'Port congestion [score: 10.0]', 'High route risk [score: 3.6]']",Escalate to operations manager; activate emergency reroute.,2026-03-12 07:53 UTC,IMMEDIATE
SHP100170,CRITICAL,1.0,2024-06-07,0,Shanghai,Chicago,FedEx,Air,"['Weather severity (Storm) [score: 8.3]', 'Disruption: Equipment Failure [score: 6.2]', 'Traffic congestion level (Air) [score: 4.0]']",Escalate to operations manager; activate emergency reroute.,2026-03-12 07:53 UTC,IMMEDIATE
SHP100171,CRITICAL,1.0,2024-01-09,0,Rotterdam,Chicago,DHL,Air,"['Port congestion [score: 6.0]', 'Weather severity (Fog) [score: 4.1]', 'High historical delay rate [score: 3.1]']",Escalate to operations manager; activate emergency reroute.,2026-03-12 07:53 UTC,IMMEDIATE
SHP100172,CRITICAL,1.0,2023-10-14,0,Hamburg,Singapore,Maersk,Sea,"['Weather severity (Snow) [score: 6.5]', 'High route risk [score: 3.8]', 'Disruption: Traffic Jam [score: 3.8]']",Escalate to operations manager; activate emergency reroute.,2026-03-12 07:53 UTC,IMMEDIATE
SHP100173,CRITICAL,1.0,2023-07-14,0,Rotterdam,Chicago,Maersk,Rail,"['Weather severity (Storm) [score: 7.8]', 'Traffic congestion level (Rail) [score: 5.0]', 'Port congestion [score: 3.0]']",Escalate to operations manager; activate emergency reroute.,2026-03-12 07:53 UTC,IMMEDIATE
SHP100174,CRITICAL,1.0,2023-06-18,0,Shanghai,Chicago,DHL,Air,"['Weather severity (Storm) [score: 8.2]', 'Port congestion [score: 8.0]', 'Disruption: Traffic Jam [score: 3.7]']",Escalate to operations manager; activate emergency reroute.,2026-03-12 07:53 UTC,IMMEDIATE
SHP100175,CRITICAL,1.0,2023-04-14,0,Los Angeles,New York,Maersk,Sea,"['Disruption: Natural Disaster [score: 10.0]', 'Weather severity (Blizzard) [score: 9.0]', 'Traffic congestion level (Sea) [score: 6.0]']",Escalate to operations manager; activate emergency reroute.,2026-03-12 07:53 UTC,IMMEDIATE
SHP100176,CRITICAL,1.0,2024-09-13,0,Rotterdam,New York,Maersk,Air,"['Port congestion [score: 8.0]', 'Weather severity (Snow) [score: 6.2]', 'High route risk [score: 3.5]']",Escalate to operations manager; activate emergency reroute.,2026-03-12 07:53 UTC,IMMEDIATE
SHP100177,CRITICAL,1.0,2024-12-07,0,Dubai,Sydney,DB Schenker,Rail,"['Disruption: Equipment Failure [score: 6.4]', 'Weather severity (Fog) [score: 4.0]', 'Traffic congestion level (Rail) [score: 4.0]']",Escalate to operations manager; activate emergency reroute.,2026-03-12 07:53 UTC,IMMEDIATE
SHP100178,CRITICAL,1.0,2023-12-31,0,Shanghai,Singapore,DHL,Rail,"['Port congestion [score: 10.0]', 'Disruption: Equipment Failure [score: 6.4]', 'Weather severity (Snow) [score: 5.9]']",Escalate to operations manager; activate emergency reroute.,2026-03-12 07:53 UTC,IMMEDIATE
SHP100179,CRITICAL,1.0,2024-02-18,0,Mumbai,Chicago,UPS,Road,"['Weather severity (Storm) [score: 7.7]', 'Traffic congestion level (Road) [score: 7.0]', 'Disruption: Equipment Failure [score: 5.7]']",Escalate to operations manager; activate emergency reroute.,2026-03-12 07:53 UTC,IMMEDIATE
SHP100180,CRITICAL,0.9999,2023-08-04,0,Dubai,London,Maersk,Road,"['Traffic congestion level (Road) [score: 7.0]', 'Disruption: Traffic Jam [score: 4.4]', 'Weather severity (Rain) [score: 2.1]']",Escalate to operations manager; activate emergency reroute.,2026-03-12 07:53 UTC,IMMEDIATE
SHP100181,CRITICAL,1.0,2024-11-04,0,Los Angeles,Tokyo,DB Schenker,Sea,"['Weather severity (Storm) [score: 7.5]', 'Traffic congestion level (Sea) [score: 4.0]', 'High historical delay rate [score: 3.9]']",Escalate to operations manager; activate emergency reroute.,2026-03-12 07:53 UTC,IMMEDIATE
SHP100182,CRITICAL,1.0,2023-09-24,0,Dubai,Sydney,UPS,Road,"['Disruption: Natural Disaster [score: 9.5]', 'Traffic congestion level (Road) [score: 6.0]', 'High route risk [score: 4.3]']",Escalate to operations manager; activate emergency reroute.,2026-03-12 07:53 UTC,IMMEDIATE
SHP100183,CRITICAL,1.0,2023-03-03,0,Shanghai,Tokyo,UPS,Rail,"['Weather severity (Storm) [score: 8.4]', 'Port congestion [score: 8.0]', 'Customs hold active [score: 8.0]']",Escalate to operations manager; activate emergency reroute.,2026-03-12 07:53 UTC,IMMEDIATE
SHP100184,CRITICAL,1.0,2023-08-17,0,Rotterdam,New York,Maersk,Rail,"['Port congestion [score: 10.0]', 'Disruption: Natural Disaster [score: 9.9]', 'Weather severity (Storm) [score: 8.4]']",Escalate to operations manager; activate emergency reroute.,2026-03-12 07:53 UTC,IMMEDIATE
SHP100185,CRITICAL,1.0,2023-09-07,0,Shanghai,Singapore,Maersk,Rail,"['Disruption: Natural Disaster [score: 10.3]', 'Traffic congestion level (Rail) [score: 4.0]', 'High historical delay rate [score: 3.9]']",Escalate to operations manager; activate emergency reroute.,2026-03-12 07:53 UTC,IMMEDIATE
SHP100186,CRITICAL,1.0,2023-10-27,0,Rotterdam,New York,XPO Logistics,Rail,"['Disruption: Port Strike [score: 9.2]', 'Port congestion [score: 9.0]', 'Traffic congestion level (Rail) [score: 4.0]']",Escalate to operations manager; activate emergency reroute.,2026-03-12 07:53 UTC,IMMEDIATE
SHP100187,CRITICAL,1.0,2023-05-15,0,Rotterdam,New York,XPO Logistics,Sea,"['Weather severity (Blizzard) [score: 8.6]', 'Traffic congestion level (Sea) [score: 6.0]', 'Port congestion [score: 5.0]']",Escalate to operations manager; activate emergency reroute.,2026-03-12 07:53 UTC,IMMEDIATE
SHP100188,CRITICAL,1.0,2024-08-20,0,Dubai,Singapore,Maersk,Air,"['Weather severity (Blizzard) [score: 9.3]', 'Port congestion [score: 4.0]', 'Traffic congestion level (Air) [score: 2.0]']",Escalate to operations manager; activate emergency reroute.,2026-03-12 07:53 UTC,IMMEDIATE
SHP100189,CRITICAL,1.0,2024-01-04,0,Los Angeles,Chicago,Maersk,Air,"['Port congestion [score: 10.0]', 'Weather severity (Blizzard) [score: 8.7]', 'Disruption: Traffic Jam [score: 3.8]']",Escalate to operations manager; activate emergency reroute.,2026-03-12 07:53 UTC,IMMEDIATE
SHP100190,CRITICAL,1.0,2023-02-08,0,Los Angeles,New York,UPS,Sea,"['Port congestion [score: 7.0]', 'High route risk [score: 3.7]', 'Traffic congestion level (Sea) [score: 3.0]']",Escalate to operations manager; activate emergency reroute.,2026-03-12 07:53 UTC,IMMEDIATE
SHP100191,CRITICAL,1.0,2023-02-02,0,Mumbai,Chicago,UPS,Road,"['Disruption: Port Strike [score: 8.9]', 'Weather severity (Blizzard) [score: 8.8]', 'Traffic congestion level (Road) [score: 6.0]']",Escalate to operations manager; activate emergency reroute.,2026-03-12 07:53 UTC,IMMEDIATE
SHP100192,CRITICAL,0.9991,2023-02-01,0,Rotterdam,Sydney,XPO Logistics,Air,"['Port congestion [score: 7.0]', 'Weather severity (Fog) [score: 3.5]', 'Traffic congestion level (Air) [score: 2.0]']",Escalate to operations manager; activate emergency reroute.,2026-03-12 07:53 UTC,IMMEDIATE
SHP100193,CRITICAL,1.0,2024-01-20,0,Dubai,London,DHL,Sea,"['Weather severity (Fog) [score: 4.4]', 'Port congestion [score: 4.0]', 'High route risk [score: 3.1]']",Escalate to operations manager; activate emergency reroute.,2026-03-12 07:53 UTC,IMMEDIATE
SHP100194,CRITICAL,1.0,2023-01-31,0,Rotterdam,London,DHL,Rail,"['Weather severity (Snow) [score: 6.2]', 'Traffic congestion level (Rail) [score: 4.0]', 'High historical delay rate [score: 3.2]']",Escalate to operations manager; activate emergency reroute.,2026-03-12 07:53 UTC,IMMEDIATE
SHP100195,CRITICAL,1.0,2023-09-02,0,Dubai,London,FedEx,Air,"['Weather severity (Blizzard) [score: 8.6]', 'Disruption: Equipment Failure [score: 6.2]', 'Port congestion [score: 6.0]']",Escalate to operations manager; activate emergency reroute.,2026-03-12 07:53 UTC,IMMEDIATE
SHP100196,CRITICAL,1.0,2023-10-16,0,Hamburg,Chicago,Maersk,Air,"['Disruption: Port Strike [score: 9.3]', 'Customs hold active [score: 8.0]', 'High historical delay rate [score: 3.0]']",Escalate to operations manager; activate emergency reroute.,2026-03-12 07:53 UTC,IMMEDIATE
SHP100197,CRITICAL,1.0,2023-06-07,0,Rotterdam,Tokyo,XPO Logistics,Air,"['Disruption: Natural Disaster [score: 9.8]', 'Customs hold active [score: 8.0]', 'High historical delay rate [score: 3.8]']",Escalate to operations manager; activate emergency reroute.,2026-03-12 07:53 UTC,IMMEDIATE
SHP100198,CRITICAL,1.0,2023-05-10,0,Los Angeles,Singapore,Maersk,Road,"['Disruption: Natural Disaster [score: 10.4]', 'Traffic congestion level (Road) [score: 8.0]', 'Customs hold active [score: 8.0]']",Escalate to operations manager; activate emergency reroute.,2026-03-12 07:53 UTC,IMMEDIATE
SHP100199,CRITICAL,1.0,2024-02-23,0,Rotterdam,London,DHL,Rail,"['Port congestion [score: 10.0]', 'Weather severity (Storm) [score: 8.2]', 'Disruption: Traffic Jam [score: 4.5]']",Escalate to operations manager; activate emergency reroute.,2026-03-12 07:53 UTC,IMMEDIATE
SHP100200,CRITICAL,1.0,2024-04-01,0,Rotterdam,Chicago,FedEx,Road,"['Customs hold active [score: 8.0]', 'Weather severity (Snow) [score: 6.2]', 'Traffic congestion level (Road) [score: 6.0]']",Escalate to operations manager; activate emergency reroute.,2026-03-12 07:53 UTC,IMMEDIATE
SHP100201,CRITICAL,1.0,2024-02-19,0,Mumbai,London,Maersk,Road,"['Port congestion [score: 9.0]', 'Traffic congestion level (Road) [score: 8.0]', 'High route risk [score: 4.2]']",Escalate to operations manager; activate emergency reroute.,2026-03-12 07:53 UTC,IMMEDIATE
SHP100202,CRITICAL,1.0,2024-03-19,0,Mumbai,London,FedEx,Air,"['Customs hold active [score: 8.0]', 'Port congestion [score: 6.0]', 'Disruption: Equipment Failure [score: 6.0]']",Escalate to operations manager; activate emergency reroute.,2026-03-12 07:53 UTC,IMMEDIATE
SHP100203,CRITICAL,1.0,2024-06-10,0,Dubai,Sydney,DHL,Road,"['Port congestion [score: 9.0]', 'Disruption: Port Strike [score: 8.6]', 'Traffic congestion level (Road) [score: 7.0]']",Escalate to operations manager; activate emergency reroute.,2026-03-12 07:53 UTC,IMMEDIATE
SHP100204,CRITICAL,1.0,2024-05-21,0,Rotterdam,New York,DHL,Road,"['Traffic congestion level (Road) [score: 7.0]', 'High route risk [score: 2.5]', 'Port congestion [score: 2.0]']",Escalate to operations manager; activate emergency reroute.,2026-03-12 07:53 UTC,IMMEDIATE
SHP100205,CRITICAL,1.0,2024-07-24,0,Los Angeles,London,DB Schenker,Rail,"['Disruption: Natural Disaster [score: 10.4]', 'Port congestion [score: 9.0]', 'Customs hold active [score: 8.0]']",Escalate to operations manager; activate emergency reroute.,2026-03-12 07:53 UTC,IMMEDIATE
SHP100206,CRITICAL,1.0,2023-06-09,0,Mumbai,Sydney,DB Schenker,Road,"['Weather severity (Blizzard) [score: 9.1]', 'Traffic congestion level (Road) [score: 7.0]', 'Port congestion [score: 5.0]']",Escalate to operations manager; activate emergency reroute.,2026-03-12 07:53 UTC,IMMEDIATE
SHP100207,CRITICAL,1.0,2023-02-13,0,Dubai,Singapore,DB Schenker,Sea,"['Disruption: Natural Disaster [score: 10.5]', 'Port congestion [score: 9.0]', 'Traffic congestion level (Sea) [score: 6.0]']",Escalate to operations manager; activate emergency reroute.,2026-03-12 07:53 UTC,IMMEDIATE
SHP100208,CRITICAL,1.0,2023-04-18,0,Hamburg,Sydney,FedEx,Sea,"['Disruption: Port Strike [score: 8.7]', 'Customs hold active [score: 8.0]', 'Port congestion [score: 7.0]']",Escalate to operations manager; activate emergency reroute.,2026-03-12 07:53 UTC,IMMEDIATE
SHP100209,CRITICAL,1.0,2023-05-27,0,Shanghai,Singapore,UPS,Rail,"['Port congestion [score: 8.0]', 'Customs hold active [score: 8.0]', 'Traffic congestion level (Rail) [score: 5.0]']",Escalate to operations manager; activate emergency reroute.,2026-03-12 07:53 UTC,IMMEDIATE
SHP100210,CRITICAL,1.0,2023-04-21,0,Hamburg,New York,UPS,Road,"['Disruption: Natural Disaster [score: 9.8]', 'Traffic congestion level (Road) [score: 9.0]', 'Weather severity (Snow) [score: 5.5]']",Escalate to operations manager; activate emergency reroute.,2026-03-12 07:53 UTC,IMMEDIATE
SHP100211,CRITICAL,1.0,2024-10-03,0,Hamburg,Sydney,FedEx,Sea,"['Traffic congestion level (Sea) [score: 5.0]', 'High route risk [score: 4.3]', 'Disruption: Traffic Jam [score: 4.2]']",Escalate to operations manager; activate emergency reroute.,2026-03-12 07:53 UTC,IMMEDIATE
SHP100212,CRITICAL,1.0,2024-07-26,0,Mumbai,London,XPO Logistics,Air,"['Weather severity (Blizzard) [score: 9.2]', 'Port congestion [score: 5.0]', 'Disruption: Traffic Jam [score: 4.4]']",Escalate to operations manager; activate emergency reroute.,2026-03-12 07:53 UTC,IMMEDIATE
SHP100213,CRITICAL,1.0,2024-08-07,0,Shanghai,Sydney,XPO Logistics,Rail,"['Disruption: Natural Disaster [score: 9.8]', 'Port congestion [score: 9.0]', 'Weather severity (Storm) [score: 7.7]']",Escalate to operations manager; activate emergency reroute.,2026-03-12 07:53 UTC,IMMEDIATE
SHP100214,CRITICAL,1.0,2024-08-27,0,Mumbai,Singapore,DB Schenker,Air,"['Port congestion [score: 9.0]', 'Weather severity (Fog) [score: 4.1]', 'Disruption: Traffic Jam [score: 3.7]']",Escalate to operations manager; activate emergency reroute.,2026-03-12 07:53 UTC,IMMEDIATE
SHP100215,CRITICAL,1.0,2023-04-14,0,Hamburg,London,Maersk,Road,"['Weather severity (Blizzard) [score: 9.1]', 'Customs hold active [score: 8.0]', 'Traffic congestion level (Road) [score: 7.0]']",Escalate to operations manager; activate emergency reroute.,2026-03-12 07:53 UTC,IMMEDIATE
SHP100216,CRITICAL,0.9999,2024-03-18,0,Rotterdam,New York,Maersk,Sea,"['Port congestion [score: 10.0]', 'Disruption: Port Strike [score: 9.2]', 'Traffic congestion level (Sea) [score: 6.0]']",Escalate to operations manager; activate emergency reroute.,2026-03-12 07:53 UTC,IMMEDIATE
SHP100217,CRITICAL,1.0,2024-01-04,0,Los Angeles,Tokyo,DB Schenker,Air,"['Disruption: Natural Disaster [score: 9.7]', 'Port congestion [score: 9.0]', 'Weather severity (Storm) [score: 8.2]']",Escalate to operations manager; activate emergency reroute.,2026-03-12 07:53 UTC,IMMEDIATE
SHP100218,CRITICAL,1.0,2024-04-12,0,Los Angeles,London,DB Schenker,Rail,"['Customs hold active [score: 8.0]', 'Port congestion [score: 5.0]', 'Weather severity (Fog) [score: 4.3]']",Escalate to operations manager; activate emergency reroute.,2026-03-12 07:53 UTC,IMMEDIATE
SHP100219,CRITICAL,1.0,2024-09-05,0,Shanghai,Chicago,UPS,Sea,"['Disruption: Port Strike [score: 8.6]', 'Port congestion [score: 6.0]', 'Weather severity (Heavy Rain) [score: 4.7]']",Escalate to operations manager; activate emergency reroute.,2026-03-12 07:53 UTC,IMMEDIATE
SHP100220,CRITICAL,1.0,2023-05-19,0,Mumbai,Singapore,DHL,Sea,"['Disruption: Natural Disaster [score: 9.9]', 'Port congestion [score: 9.0]', 'Traffic congestion level (Sea) [score: 5.0]']",Escalate to operations manager; activate emergency reroute.,2026-03-12 07:53 UTC,IMMEDIATE
SHP100221,CRITICAL,1.0,2024-07-13,0,Mumbai,Singapore,FedEx,Sea,"['Weather severity (Blizzard) [score: 9.1]', 'Disruption: Port Strike [score: 8.9]', 'Port congestion [score: 7.0]']",Escalate to operations manager; activate emergency reroute.,2026-03-12 07:53 UTC,IMMEDIATE
SHP100222,CRITICAL,1.0,2023-07-29,0,Hamburg,New York,UPS,Road,"['Traffic congestion level (Road) [score: 8.0]', 'Port congestion [score: 5.0]', 'Disruption: Traffic Jam [score: 3.8]']",Escalate to operations manager; activate emergency reroute.,2026-03-12 07:53 UTC,IMMEDIATE
SHP100223,CRITICAL,1.0,2023-03-18,0,Los Angeles,Singapore,Maersk,Air,"['Disruption: Port Strike [score: 8.9]', 'Traffic congestion level (Air) [score: 4.0]', 'High route risk [score: 3.2]']",Escalate to operations manager; activate emergency reroute.,2026-03-12 07:53 UTC,IMMEDIATE
SHP100224,CRITICAL,1.0,2024-01-09,0,Dubai,Singapore,DB Schenker,Road,"['Weather severity (Blizzard) [score: 9.4]', 'Disruption: Port Strike [score: 8.7]', 'Customs hold active [score: 8.0]']",Escalate to operations manager; activate emergency reroute.,2026-03-12 07:53 UTC,IMMEDIATE
SHP100225,CRITICAL,1.0,2024-02-04,0,Los Angeles,Sydney,FedEx,Rail,"['Port congestion [score: 7.0]', 'Weather severity (Snow) [score: 5.5]', 'Disruption: Traffic Jam [score: 4.1]']",Escalate to operations manager; activate emergency reroute.,2026-03-12 07:53 UTC,IMMEDIATE
SHP100226,CRITICAL,1.0,2024-03-27,0,Los Angeles,Tokyo,Maersk,Road,"['Weather severity (Snow) [score: 6.3]', 'Traffic congestion level (Road) [score: 6.0]', 'Disruption: Traffic Jam [score: 3.6]']",Escalate to operations manager; activate emergency reroute.,2026-03-12 07:53 UTC,IMMEDIATE
SHP100227,CRITICAL,1.0,2024-11-12,0,Dubai,New York,UPS,Rail,"['Disruption: Natural Disaster [score: 9.8]', 'Port congestion [score: 9.0]', 'Traffic congestion level (Rail) [score: 5.0]']",Escalate to operations manager; activate emergency reroute.,2026-03-12 07:53 UTC,IMMEDIATE
SHP100228,CRITICAL,1.0,2023-02-07,0,Los Angeles,Chicago,XPO Logistics,Road,"['Traffic congestion level (Road) [score: 6.0]', 'Weather severity (Heavy Rain) [score: 5.0]', 'Port congestion [score: 4.0]']",Escalate to operations manager; activate emergency reroute.,2026-03-12 07:53 UTC,IMMEDIATE
SHP100229,CRITICAL,1.0,2024-12-07,0,Hamburg,Tokyo,UPS,Rail,"['Disruption: Natural Disaster [score: 9.5]', 'Weather severity (Storm) [score: 8.3]', 'Port congestion [score: 8.0]']",Escalate to operations manager; activate emergency reroute.,2026-03-12 07:53 UTC,IMMEDIATE
SHP100230,CRITICAL,1.0,2024-04-23,0,Dubai,Singapore,DB Schenker,Sea,"['Port congestion [score: 10.0]', 'Disruption: Equipment Failure [score: 5.7]', 'Weather severity (Snow) [score: 5.5]']",Escalate to operations manager; activate emergency reroute.,2026-03-12 07:53 UTC,IMMEDIATE
SHP100231,CRITICAL,1.0,2024-01-29,0,Dubai,New York,DB Schenker,Road,"['Disruption: Natural Disaster [score: 10.5]', 'Traffic congestion level (Road) [score: 7.0]', 'Port congestion [score: 6.0]']",Escalate to operations manager; activate emergency reroute.,2026-03-12 07:53 UTC,IMMEDIATE
SHP100232,CRITICAL,1.0,2024-07-09,0,Dubai,Singapore,UPS,Road,"['Disruption: Natural Disaster [score: 10.5]', 'Traffic congestion level (Road) [score: 9.0]', 'Weather severity (Storm) [score: 8.0]']",Escalate to operations manager; activate emergency reroute.,2026-03-12 07:53 UTC,IMMEDIATE
SHP100233,CRITICAL,1.0,2024-12-06,0,Los Angeles,Singapore,XPO Logistics,Road,"['Traffic congestion level (Road) [score: 7.0]', 'Port congestion [score: 7.0]', 'Weather severity (Snow) [score: 5.6]']",Escalate to operations manager; activate emergency reroute.,2026-03-12 07:53 UTC,IMMEDIATE
SHP100234,CRITICAL,1.0,2023-07-11,0,Shanghai,London,UPS,Sea,"['Traffic congestion level (Sea) [score: 6.0]', 'Port congestion [score: 5.0]', 'Disruption: Traffic Jam [score: 3.8]']",Escalate to operations manager; activate emergency reroute.,2026-03-12 07:53 UTC,IMMEDIATE
SHP100235,CRITICAL,1.0,2023-04-29,0,Hamburg,Singapore,Maersk,Air,"['Port congestion [score: 9.0]', 'Disruption: Traffic Jam [score: 4.4]', 'High route risk [score: 3.8]']",Escalate to operations manager; activate emergency reroute.,2026-03-12 07:53 UTC,IMMEDIATE
SHP100236,CRITICAL,1.0,2024-08-31,0,Hamburg,Chicago,UPS,Rail,"['Port congestion [score: 10.0]', 'Customs hold active [score: 8.0]', 'Disruption: Equipment Failure [score: 6.1]']",Escalate to operations manager; activate emergency reroute.,2026-03-12 07:53 UTC,IMMEDIATE
SHP100237,CRITICAL,1.0,2024-03-10,0,Hamburg,Singapore,Maersk,Rail,"['Disruption: Port Strike [score: 8.9]', 'Port congestion [score: 8.0]', 'Weather severity (Heavy Rain) [score: 5.0]']",Escalate to operations manager; activate emergency reroute.,2026-03-12 07:53 UTC,IMMEDIATE
SHP100238,CRITICAL,1.0,2023-02-03,0,Shanghai,Sydney,FedEx,Sea,"['Disruption: Port Strike [score: 9.3]', 'Weather severity (Heavy Rain) [score: 5.0]', 'Traffic congestion level (Sea) [score: 3.0]']",Escalate to operations manager; activate emergency reroute.,2026-03-12 07:53 UTC,IMMEDIATE
SHP100239,CRITICAL,1.0,2023-11-12,0,Dubai,New York,UPS,Air,"['Disruption: Natural Disaster [score: 9.6]', 'Weather severity (Snow) [score: 6.0]', 'High historical delay rate [score: 3.4]']",Escalate to operations manager; activate emergency reroute.,2026-03-12 07:53 UTC,IMMEDIATE
SHP100240,CRITICAL,1.0,2023-03-11,0,Mumbai,Chicago,FedEx,Sea,"['Weather severity (Heavy Rain) [score: 5.1]', 'Disruption: Traffic Jam [score: 4.5]', 'Traffic congestion level (Sea) [score: 4.0]']",Escalate to operations manager; activate emergency reroute.,2026-03-12 07:53 UTC,IMMEDIATE
SHP100241,CRITICAL,1.0,2023-06-12,0,Shanghai,Chicago,UPS,Road,"['Weather severity (Storm) [score: 8.3]', 'Traffic congestion level (Road) [score: 7.0]', 'High route risk [score: 3.7]']",Escalate to operations manager; activate emergency reroute.,2026-03-12 07:53 UTC,IMMEDIATE
SHP100242,CRITICAL,1.0,2023-11-08,0,Shanghai,Singapore,XPO Logistics,Sea,"['Weather severity (Snow) [score: 6.1]', 'Traffic congestion level (Sea) [score: 6.0]', 'High route risk [score: 2.2]']",Escalate to operations manager; activate emergency reroute.,2026-03-12 07:53 UTC,IMMEDIATE
SHP100243,CRITICAL,1.0,2023-06-02,0,Hamburg,Tokyo,XPO Logistics,Sea,"['Disruption: Natural Disaster [score: 10.2]', 'Traffic congestion level (Sea) [score: 6.0]', 'Weather severity (Heavy Rain) [score: 5.0]']",Escalate to operations manager; activate emergency reroute.,2026-03-12 07:53 UTC,IMMEDIATE
SHP100244,CRITICAL,1.0,2024-03-25,0,Dubai,New York,DB Schenker,Road,"['Disruption: Natural Disaster [score: 10.2]', 'Traffic congestion level (Road) [score: 9.0]', 'Port congestion [score: 9.0]']",Escalate to operations manager; activate emergency reroute.,2026-03-12 07:53 UTC,IMMEDIATE
SHP100245,CRITICAL,1.0,2024-05-13,0,Shanghai,Chicago,Maersk,Sea,"['Weather severity (Blizzard) [score: 8.7]', 'Port congestion [score: 6.0]', 'High historical delay rate [score: 3.7]']",Escalate to operations manager; activate emergency reroute.,2026-03-12 07:53 UTC,IMMEDIATE
SHP100246,CRITICAL,1.0,2023-12-28,0,Dubai,London,DB Schenker,Rail,"['Port congestion [score: 9.0]', 'Customs hold active [score: 8.0]', 'Disruption: Equipment Failure [score: 6.5]']",Escalate to operations manager; activate emergency reroute.,2026-03-12 07:53 UTC,IMMEDIATE
SHP100247,CRITICAL,1.0,2023-04-28,0,Rotterdam,Tokyo,UPS,Rail,"['Weather severity (Blizzard) [score: 8.9]', 'Disruption: Port Strike [score: 8.8]', 'Traffic congestion level (Rail) [score: 4.0]']",Escalate to operations manager; activate emergency reroute.,2026-03-12 07:53 UTC,IMMEDIATE
SHP100248,CRITICAL,1.0,2023-04-01,0,Dubai,New York,DHL,Air,"['Weather severity (Storm) [score: 8.3]', 'Traffic congestion level (Air) [score: 4.0]', 'Port congestion [score: 4.0]']",Escalate to operations manager; activate emergency reroute.,2026-03-12 07:53 UTC,IMMEDIATE
SHP100249,CRITICAL,1.0,2024-06-02,0,Dubai,Tokyo,DHL,Sea,"['Disruption: Natural Disaster [score: 10.0]', 'Port congestion [score: 9.0]', 'Weather severity (Snow) [score: 6.2]']",Escalate to operations manager; activate emergency reroute.,2026-03-12 07:53 UTC,IMMEDIATE
SHP100250,CRITICAL,1.0,2023-03-22,0,Dubai,London,Maersk,Air,"['Port congestion [score: 8.0]', 'Disruption: Equipment Failure [score: 6.2]', 'Weather severity (Heavy Rain) [score: 4.8]']",Escalate to operations manager; activate emergency reroute.,2026-03-12 07:53 UTC,IMMEDIATE
SHP100251,CRITICAL,1.0,2023-09-08,0,Hamburg,Sydney,DB Schenker,Rail,"['Disruption: Natural Disaster [score: 9.8]', 'Customs hold active [score: 8.0]', 'Weather severity (Heavy Rain) [score: 5.1]']",Escalate to operations manager; activate emergency reroute.,2026-03-12 07:53 UTC,IMMEDIATE
SHP100252,CRITICAL,1.0,2024-06-30,0,Dubai,New York,XPO Logistics,Air,"['Disruption: Natural Disaster [score: 10.1]', 'Port congestion [score: 7.0]', 'High route risk [score: 4.4]']",Escalate to operations manager; activate emergency reroute.,2026-03-12 07:53 UTC,IMMEDIATE
SHP100253,CRITICAL,1.0,2024-07-20,0,Dubai,London,UPS,Sea,"['Disruption: Natural Disaster [score: 9.9]', 'Weather severity (Blizzard) [score: 8.9]', 'Traffic congestion level (Sea) [score: 4.0]']",Escalate to operations manager; activate emergency reroute.,2026-03-12 07:53 UTC,IMMEDIATE
SHP100254,CRITICAL,0.9999,2024-05-29,0,Los Angeles,London,Maersk,Air,"['Port congestion [score: 9.0]', 'Weather severity (Fog) [score: 4.0]', 'High route risk [score: 2.3]']",Escalate to operations manager; activate emergency reroute.,2026-03-12 07:53 UTC,IMMEDIATE
SHP100255,CRITICAL,1.0,2024-09-07,0,Shanghai,New York,UPS,Air,"['Port congestion [score: 7.0]', 'High route risk [score: 3.5]', 'Traffic congestion level (Air) [score: 3.0]']",Escalate to operations manager; activate emergency reroute.,2026-03-12 07:53 UTC,IMMEDIATE
SHP100256,CRITICAL,1.0,2023-07-08,0,Los Angeles,New York,FedEx,Rail,"['Disruption: Natural Disaster [score: 10.4]', 'Port congestion [score: 8.0]', 'Customs hold active [score: 8.0]']",Escalate to operations manager; activate emergency reroute.,2026-03-12 07:53 UTC,IMMEDIATE
SHP100257,CRITICAL,1.0,2024-03-11,0,Rotterdam,London,Maersk,Rail,"['Port congestion [score: 7.0]', 'Weather severity (Snow) [score: 6.3]', 'Disruption: Traffic Jam [score: 4.4]']",Escalate to operations manager; activate emergency reroute.,2026-03-12 07:53 UTC,IMMEDIATE
SHP100258,CRITICAL,1.0,2024-07-04,0,Rotterdam,Singapore,FedEx,Sea,"['Disruption: Natural Disaster [score: 9.7]', 'Weather severity (Storm) [score: 8.4]', 'Traffic congestion level (Sea) [score: 5.0]']",Escalate to operations manager; activate emergency reroute.,2026-03-12 07:53 UTC,IMMEDIATE
SHP100259,CRITICAL,1.0,2023-11-07,0,Rotterdam,Tokyo,DB Schenker,Rail,"['Weather severity (Blizzard) [score: 9.0]', 'High historical delay rate [score: 2.8]', 'Traffic congestion level (Rail) [score: 2.0]']",Escalate to operations manager; activate emergency reroute.,2026-03-12 07:53 UTC,IMMEDIATE
SHP100260,CRITICAL,1.0,2023-03-07,0,Shanghai,Chicago,DB Schenker,Air,"['Disruption: Natural Disaster [score: 9.8]', 'Port congestion [score: 5.0]', 'Traffic congestion level (Air) [score: 4.0]']",Escalate to operations manager; activate emergency reroute.,2026-03-12 07:53 UTC,IMMEDIATE
SHP100261,CRITICAL,1.0,2024-05-30,0,Shanghai,New York,DB Schenker,Road,"['Disruption: Natural Disaster [score: 9.7]', 'Weather severity (Blizzard) [score: 9.4]', 'Traffic congestion level (Road) [score: 8.0]']",Escalate to operations manager; activate emergency reroute.,2026-03-12 07:53 UTC,IMMEDIATE
SHP100262,CRITICAL,1.0,2023-01-18,0,Rotterdam,London,Maersk,Rail,"['Weather severity (Heavy Rain) [score: 5.0]', 'Disruption: Traffic Jam [score: 4.1]', 'High historical delay rate [score: 2.4]']",Escalate to operations manager; activate emergency reroute.,2026-03-12 07:53 UTC,IMMEDIATE
SHP100263,CRITICAL,1.0,2023-06-08,0,Shanghai,New York,UPS,Road,"['Disruption: Port Strike [score: 8.7]', 'Traffic congestion level (Road) [score: 6.0]', 'Weather severity (Heavy Rain) [score: 5.0]']",Escalate to operations manager; activate emergency reroute.,2026-03-12 07:53 UTC,IMMEDIATE
SHP100264,CRITICAL,1.0,2023-01-07,0,Hamburg,Chicago,DB Schenker,Air,"['Weather severity (Blizzard) [score: 9.4]', 'Port congestion [score: 4.0]', 'High route risk [score: 3.5]']",Escalate to operations manager; activate emergency reroute.,2026-03-12 07:53 UTC,IMMEDIATE
SHP100265,CRITICAL,1.0,2024-08-05,0,Shanghai,New York,XPO Logistics,Road,"['Disruption: Equipment Failure [score: 6.2]', 'Traffic congestion level (Road) [score: 6.0]', 'Port congestion [score: 5.0]']",Escalate to operations manager; activate emergency reroute.,2026-03-12 07:53 UTC,IMMEDIATE
SHP100266,CRITICAL,1.0,2023-02-21,0,Shanghai,Tokyo,FedEx,Rail,"['Disruption: Natural Disaster [score: 9.9]', 'Customs hold active [score: 8.0]', 'Port congestion [score: 4.0]']",Escalate to operations manager; activate emergency reroute.,2026-03-12 07:53 UTC,IMMEDIATE
SHP100267,CRITICAL,1.0,2023-12-16,0,Rotterdam,Chicago,Maersk,Rail,"['Disruption: Natural Disaster [score: 10.1]', 'Port congestion [score: 9.0]', 'Weather severity (Fog) [score: 4.4]']",Escalate to operations manager; activate emergency reroute.,2026-03-12 07:53 UTC,IMMEDIATE
SHP100268,CRITICAL,1.0,2023-10-09,0,Shanghai,Sydney,DB Schenker,Air,"['Weather severity (Storm) [score: 8.2]', 'Disruption: Equipment Failure [score: 6.0]', 'Port congestion [score: 4.0]']",Escalate to operations manager; activate emergency reroute.,2026-03-12 07:53 UTC,IMMEDIATE
SHP100269,CRITICAL,1.0,2024-05-10,0,Shanghai,London,FedEx,Air,"['Weather severity (Storm) [score: 8.3]', 'Port congestion [score: 7.0]', 'Disruption: Equipment Failure [score: 6.0]']",Escalate to operations manager; activate emergency reroute.,2026-03-12 07:53 UTC,IMMEDIATE
SHP100270,CRITICAL,1.0,2024-01-04,0,Hamburg,Chicago,DB Schenker,Rail,"['Disruption: Natural Disaster [score: 9.9]', 'Weather severity (Storm) [score: 8.4]', 'Customs hold active [score: 8.0]']",Escalate to operations manager; activate emergency reroute.,2026-03-12 07:53 UTC,IMMEDIATE
SHP100271,CRITICAL,1.0,2023-01-27,0,Mumbai,Sydney,FedEx,Rail,"['Customs hold active [score: 8.0]', 'Weather severity (Storm) [score: 8.0]', 'Traffic congestion level (Rail) [score: 5.0]']",Escalate to operations manager; activate emergency reroute.,2026-03-12 07:53 UTC,IMMEDIATE
SHP100272,CRITICAL,1.0,2024-11-05,0,Los Angeles,New York,XPO Logistics,Rail,"['Customs hold active [score: 8.0]', 'Disruption: Equipment Failure [score: 5.8]', 'Traffic congestion level (Rail) [score: 3.0]']",Escalate to operations manager; activate emergency reroute.,2026-03-12 07:53 UTC,IMMEDIATE
SHP100273,CRITICAL,1.0,2023-12-09,0,Mumbai,Sydney,Maersk,Road,"['Disruption: Port Strike [score: 9.1]', 'Port congestion [score: 8.0]', 'Weather severity (Storm) [score: 7.7]']",Escalate to operations manager; activate emergency reroute.,2026-03-12 07:53 UTC,IMMEDIATE
SHP100274,CRITICAL,1.0,2024-09-03,0,Mumbai,Sydney,DB Schenker,Road,"['Traffic congestion level (Road) [score: 7.0]', 'Port congestion [score: 6.0]', 'Weather severity (Heavy Rain) [score: 5.1]']",Escalate to operations manager; activate emergency reroute.,2026-03-12 07:53 UTC,IMMEDIATE
SHP100275,CRITICAL,1.0,2024-01-12,0,Rotterdam,Sydney,DHL,Sea,"['Customs hold active [score: 8.0]', 'Port congestion [score: 6.0]', 'Disruption: Equipment Failure [score: 5.7]']",Escalate to operations manager; activate emergency reroute.,2026-03-12 07:53 UTC,IMMEDIATE
SHP100276,CRITICAL,1.0,2023-02-10,0,Los Angeles,Sydney,XPO Logistics,Air,"['Port congestion [score: 6.0]', 'Traffic congestion level (Air) [score: 3.0]', 'High route risk [score: 2.5]']",Escalate to operations manager; activate emergency reroute.,2026-03-12 07:53 UTC,IMMEDIATE
SHP100277,CRITICAL,1.0,2024-11-08,0,Dubai,Sydney,DB Schenker,Air,"['Port congestion [score: 7.0]', 'Weather severity (Heavy Rain) [score: 5.3]', 'Traffic congestion level (Air) [score: 4.0]']",Escalate to operations manager; activate emergency reroute.,2026-03-12 07:53 UTC,IMMEDIATE
SHP100278,CRITICAL,1.0,2023-12-03,0,Shanghai,Tokyo,DHL,Sea,"['Disruption: Equipment Failure [score: 5.9]', 'Weather severity (Snow) [score: 5.8]', 'Port congestion [score: 5.0]']",Escalate to operations manager; activate emergency reroute.,2026-03-12 07:53 UTC,IMMEDIATE
SHP100279,CRITICAL,1.0,2024-04-18,0,Hamburg,Chicago,XPO Logistics,Air,"['Weather severity (Blizzard) [score: 9.0]', 'Disruption: Port Strike [score: 8.5]', 'High route risk [score: 3.6]']",Escalate to operations manager; activate emergency reroute.,2026-03-12 07:53 UTC,IMMEDIATE
SHP100280,CRITICAL,1.0,2024-02-22,0,Hamburg,Sydney,DHL,Air,"['Weather severity (Storm) [score: 8.0]', 'Port congestion [score: 7.0]', 'High route risk [score: 4.5]']",Escalate to operations manager; activate emergency reroute.,2026-03-12 07:53 UTC,IMMEDIATE
SHP100281,CRITICAL,1.0,2023-01-29,0,Mumbai,Sydney,Maersk,Rail,"['Port congestion [score: 9.0]', 'Customs hold active [score: 8.0]', 'Weather severity (Snow) [score: 5.8]']",Escalate to operations manager; activate emergency reroute.,2026-03-12 07:53 UTC,IMMEDIATE
SHP100282,CRITICAL,1.0,2024-12-08,0,Los Angeles,Tokyo,XPO Logistics,Sea,"['Weather severity (Storm) [score: 8.2]', 'Customs hold active [score: 8.0]', 'Port congestion [score: 6.0]']",Escalate to operations manager; activate emergency reroute.,2026-03-12 07:53 UTC,IMMEDIATE
SHP100283,CRITICAL,1.0,2023-08-01,0,Rotterdam,Tokyo,XPO Logistics,Sea,"['Traffic congestion level (Sea) [score: 4.0]', 'Disruption: Traffic Jam [score: 3.6]', 'High historical delay rate [score: 3.0]']",Escalate to operations manager; activate emergency reroute.,2026-03-12 07:53 UTC,IMMEDIATE
SHP100284,CRITICAL,1.0,2024-11-20,0,Dubai,London,XPO Logistics,Sea,"['Traffic congestion level (Sea) [score: 6.0]', 'Disruption: Equipment Failure [score: 5.8]', 'Port congestion [score: 3.0]']",Escalate to operations manager; activate emergency reroute.,2026-03-12 07:53 UTC,IMMEDIATE
SHP100285,CRITICAL,1.0,2023-12-23,0,Shanghai,Sydney,XPO Logistics,Sea,"['Disruption: Natural Disaster [score: 9.9]', 'Weather severity (Snow) [score: 6.0]', 'Traffic congestion level (Sea) [score: 6.0]']",Escalate to operations manager; activate emergency reroute.,2026-03-12 07:53 UTC,IMMEDIATE
SHP100286,CRITICAL,1.0,2023-10-20,0,Mumbai,Singapore,DHL,Sea,"['Weather severity (Blizzard) [score: 9.2]', 'Traffic congestion level (Sea) [score: 6.0]', 'High historical delay rate [score: 2.2]']",Escalate to operations manager; activate emergency reroute.,2026-03-12 07:53 UTC,IMMEDIATE
SHP100287,CRITICAL,1.0,2023-07-13,0,Los Angeles,London,Maersk,Sea,"['Disruption: Natural Disaster [score: 9.7]', 'Port congestion [score: 8.0]', 'Customs hold active [score: 8.0]']",Escalate to operations manager; activate emergency reroute.,2026-03-12 07:53 UTC,IMMEDIATE
SHP100288,CRITICAL,1.0,2023-10-20,0,Rotterdam,London,Maersk,Rail,"['Port congestion [score: 6.0]', 'Weather severity (Heavy Rain) [score: 5.0]', 'High route risk [score: 4.0]']",Escalate to operations manager; activate emergency reroute.,2026-03-12 07:53 UTC,IMMEDIATE
SHP100289,CRITICAL,1.0,2024-03-26,0,Shanghai,Sydney,DB Schenker,Rail,"['Port congestion [score: 7.0]', 'Traffic congestion level (Rail) [score: 5.0]', 'Disruption: Traffic Jam [score: 3.8]']",Escalate to operations manager; activate emergency reroute.,2026-03-12 07:53 UTC,IMMEDIATE
SHP100290,CRITICAL,0.9999,2023-08-16,0,Los Angeles,Singapore,FedEx,Air,"['Traffic congestion level (Air) [score: 4.0]', 'Weather severity (Fog) [score: 3.7]', 'High route risk [score: 2.2]']",Escalate to operations manager; activate emergency reroute.,2026-03-12 07:53 UTC,IMMEDIATE
SHP100291,CRITICAL,1.0,2024-08-28,0,Mumbai,Tokyo,UPS,Sea,"['Weather severity (Snow) [score: 5.9]', 'Traffic congestion level (Sea) [score: 5.0]', 'Port congestion [score: 4.0]']",Escalate to operations manager; activate emergency reroute.,2026-03-12 07:53 UTC,IMMEDIATE
SHP100292,CRITICAL,1.0,2024-07-22,0,Dubai,Singapore,FedEx,Rail,"['Port congestion [score: 10.0]', 'Disruption: Equipment Failure [score: 6.2]', 'Weather severity (Snow) [score: 5.7]']",Escalate to operations manager; activate emergency reroute.,2026-03-12 07:53 UTC,IMMEDIATE
SHP100293,CRITICAL,1.0,2024-03-28,0,Dubai,Singapore,Maersk,Air,"['Port congestion [score: 9.0]', 'Weather severity (Snow) [score: 5.9]', 'Disruption: Equipment Failure [score: 5.7]']",Escalate to operations manager; activate emergency reroute.,2026-03-12 07:53 UTC,IMMEDIATE
SHP100294,CRITICAL,1.0,2024-11-27,0,Dubai,Sydney,XPO Logistics,Sea,"['Weather severity (Blizzard) [score: 8.7]', 'Port congestion [score: 8.0]', 'Customs hold active [score: 8.0]']",Escalate to operations manager; activate emergency reroute.,2026-03-12 07:53 UTC,IMMEDIATE
SHP100295,CRITICAL,1.0,2023-07-27,0,Shanghai,Singapore,Maersk,Air,"['Port congestion [score: 8.0]', 'Weather severity (Heavy Rain) [score: 5.2]', 'High route risk [score: 4.2]']",Escalate to operations manager; activate emergency reroute.,2026-03-12 07:53 UTC,IMMEDIATE
SHP100296,CRITICAL,1.0,2023-10-18,0,Dubai,Tokyo,UPS,Road,"['Weather severity (Blizzard) [score: 9.0]', 'Disruption: Port Strike [score: 8.9]', 'Traffic congestion level (Road) [score: 7.0]']",Escalate to operations manager; activate emergency reroute.,2026-03-12 07:53 UTC,IMMEDIATE
SHP100297,CRITICAL,1.0,2023-07-27,0,Rotterdam,Tokyo,UPS,Sea,"['Disruption: Port Strike [score: 9.0]', 'Port congestion [score: 7.0]', 'Weather severity (Fog) [score: 3.9]']",Escalate to operations manager; activate emergency reroute.,2026-03-12 07:53 UTC,IMMEDIATE
SHP100298,CRITICAL,1.0,2024-10-19,0,Los Angeles,New York,FedEx,Air,"['Port congestion [score: 10.0]', 'Disruption: Port Strike [score: 9.4]', 'Weather severity (Fog) [score: 4.2]']",Escalate to operations manager; activate emergency reroute.,2026-03-12 07:53 UTC,IMMEDIATE
SHP100299,CRITICAL,1.0,2023-01-18,0,Hamburg,New York,DHL,Air,"['Disruption: Port Strike [score: 9.1]', 'Weather severity (Snow) [score: 5.8]', 'Traffic congestion level (Air) [score: 4.0]']",Escalate to operations manager; activate emergency reroute.,2026-03-12 07:53 UTC,IMMEDIATE
SHP100300,CRITICAL,1.0,2023-06-10,0,Rotterdam,New York,Maersk,Air,"['Weather severity (Blizzard) [score: 9.1]', 'Customs hold active [score: 8.0]', 'Port congestion [score: 5.0]']",Escalate to operations manager; activate emergency reroute.,2026-03-12 07:53 UTC,IMMEDIATE
SHP100301,CRITICAL,1.0,2024-12-12,0,Rotterdam,New York,Maersk,Sea,"['Port congestion [score: 7.0]', 'Traffic congestion level (Sea) [score: 6.0]', 'Disruption: Equipment Failure [score: 6.0]']",Escalate to operations manager; activate emergency reroute.,2026-03-12 07:53 UTC,IMMEDIATE
SHP100302,CRITICAL,1.0,2023-03-13,0,Shanghai,New York,UPS,Sea,"['Port congestion [score: 10.0]', 'Traffic congestion level (Sea) [score: 6.0]', 'Weather severity (Snow) [score: 5.6]']",Escalate to operations manager; activate emergency reroute.,2026-03-12 07:53 UTC,IMMEDIATE
SHP100303,CRITICAL,1.0,2024-03-31,0,Hamburg,Tokyo,FedEx,Rail,"['Port congestion [score: 6.0]', 'Disruption: Traffic Jam [score: 4.4]', 'Weather severity (Fog) [score: 4.4]']",Escalate to operations manager; activate emergency reroute.,2026-03-12 07:53 UTC,IMMEDIATE
SHP100304,CRITICAL,1.0,2024-08-16,0,Rotterdam,New York,Maersk,Road,"['Traffic congestion level (Road) [score: 7.0]', 'Disruption: Traffic Jam [score: 3.7]', 'High route risk [score: 1.6]']",Escalate to operations manager; activate emergency reroute.,2026-03-12 07:53 UTC,IMMEDIATE
SHP100305,CRITICAL,1.0,2024-05-08,0,Mumbai,London,UPS,Sea,"['Port congestion [score: 9.0]', 'Disruption: Port Strike [score: 8.5]', 'Weather severity (Storm) [score: 8.4]']",Escalate to operations manager; activate emergency reroute.,2026-03-12 07:53 UTC,IMMEDIATE
SHP100306,CRITICAL,1.0,2023-12-25,0,Hamburg,Sydney,UPS,Rail,"['Port congestion [score: 8.0]', 'Customs hold active [score: 8.0]', 'Weather severity (Snow) [score: 5.9]']",Escalate to operations manager; activate emergency reroute.,2026-03-12 07:53 UTC,IMMEDIATE
SHP100307,CRITICAL,1.0,2023-03-04,0,Hamburg,New York,Maersk,Air,"['Weather severity (Heavy Rain) [score: 5.2]', 'Traffic congestion level (Air) [score: 4.0]', 'Port congestion [score: 3.0]']",Escalate to operations manager; activate emergency reroute.,2026-03-12 07:53 UTC,IMMEDIATE
SHP100308,CRITICAL,1.0,2023-09-20,0,Hamburg,Singapore,UPS,Rail,"['Port congestion [score: 9.0]', 'Disruption: Equipment Failure [score: 6.4]', 'Weather severity (Heavy Rain) [score: 5.2]']",Escalate to operations manager; activate emergency reroute.,2026-03-12 07:53 UTC,IMMEDIATE
SHP100309,CRITICAL,0.9999,2024-09-28,0,Hamburg,London,XPO Logistics,Rail,"['Customs hold active [score: 8.0]', 'Weather severity (Fog) [score: 4.3]', 'Traffic congestion level (Rail) [score: 4.0]']",Escalate to operations manager; activate emergency reroute.,2026-03-12 07:53 UTC,IMMEDIATE
SHP100310,CRITICAL,1.0,2024-11-26,0,Hamburg,Singapore,Maersk,Sea,"['Disruption: Natural Disaster [score: 10.2]', 'Customs hold active [score: 8.0]', 'Traffic congestion level (Sea) [score: 5.0]']",Escalate to operations manager; activate emergency reroute.,2026-03-12 07:53 UTC,IMMEDIATE
SHP100311,CRITICAL,1.0,2024-01-15,0,Mumbai,London,FedEx,Air,"['High route risk [score: 3.6]', 'High historical delay rate [score: 2.5]', 'Low carrier reliability [score: 1.2]']",Escalate to operations manager; activate emergency reroute.,2026-03-12 07:53 UTC,IMMEDIATE
SHP100312,CRITICAL,1.0,2024-06-02,0,Dubai,Tokyo,Maersk,Air,"['Weather severity (Blizzard) [score: 9.1]', 'Port congestion [score: 6.0]', 'Disruption: Traffic Jam [score: 4.4]']",Escalate to operations manager; activate emergency reroute.,2026-03-12 07:53 UTC,IMMEDIATE
SHP100313,CRITICAL,1.0,2023-11-08,0,Rotterdam,Singapore,UPS,Road,"['Disruption: Natural Disaster [score: 10.2]', 'Port congestion [score: 9.0]', 'Traffic congestion level (Road) [score: 7.0]']",Escalate to operations manager; activate emergency reroute.,2026-03-12 07:53 UTC,IMMEDIATE
SHP100314,CRITICAL,1.0,2024-08-29,0,Dubai,Tokyo,XPO Logistics,Rail,"['Disruption: Port Strike [score: 8.6]', 'Port congestion [score: 7.0]', 'Weather severity (Fog) [score: 4.1]']",Escalate to operations manager; activate emergency reroute.,2026-03-12 07:53 UTC,IMMEDIATE
SHP100315,CRITICAL,1.0,2024-05-18,0,Los Angeles,Sydney,FedEx,Rail,"['Disruption: Port Strike [score: 8.9]', 'Weather severity (Storm) [score: 7.5]', 'Port congestion [score: 7.0]']",Escalate to operations manager; activate emergency reroute.,2026-03-12 07:53 UTC,IMMEDIATE
SHP100316,CRITICAL,1.0,2023-04-08,0,Mumbai,Singapore,DB Schenker,Rail,"['Port congestion [score: 9.0]', 'Weather severity (Storm) [score: 8.2]', 'Disruption: Traffic Jam [score: 3.8]']",Escalate to operations manager; activate emergency reroute.,2026-03-12 07:53 UTC,IMMEDIATE
SHP100317,CRITICAL,1.0,2023-09-13,0,Shanghai,London,FedEx,Road,"['Disruption: Port Strike [score: 9.2]', 'Customs hold active [score: 8.0]', 'Traffic congestion level (Road) [score: 7.0]']",Escalate to operations manager; activate emergency reroute.,2026-03-12 07:53 UTC,IMMEDIATE
SHP100318,CRITICAL,1.0,2024-09-04,0,Mumbai,Tokyo,XPO Logistics,Air,"['Customs hold active [score: 8.0]', 'Weather severity (Snow) [score: 6.1]', 'Disruption: Equipment Failure [score: 5.7]']",Escalate to operations manager; activate emergency reroute.,2026-03-12 07:53 UTC,IMMEDIATE
SHP100319,CRITICAL,1.0,2024-03-10,0,Los Angeles,Tokyo,FedEx,Sea,"['Port congestion [score: 7.0]', 'Disruption: Equipment Failure [score: 6.0]', 'Traffic congestion level (Sea) [score: 5.0]']",Escalate to operations manager; activate emergency reroute.,2026-03-12 07:53 UTC,IMMEDIATE
SHP100320,CRITICAL,1.0,2024-11-29,0,Hamburg,Singapore,UPS,Rail,"['Customs hold active [score: 8.0]', 'Weather severity (Heavy Rain) [score: 4.7]', 'Traffic congestion level (Rail) [score: 3.0]']",Escalate to operations manager; activate emergency reroute.,2026-03-12 07:53 UTC,IMMEDIATE
SHP100321,CRITICAL,1.0,2024-08-20,0,Los Angeles,Sydney,DB Schenker,Road,"['Traffic congestion level (Road) [score: 8.0]', 'Customs hold active [score: 8.0]', 'Port congestion [score: 6.0]']",Escalate to operations manager; activate emergency reroute.,2026-03-12 07:53 UTC,IMMEDIATE
SHP100322,CRITICAL,1.0,2024-08-29,0,Hamburg,Chicago,DHL,Air,"['Disruption: Natural Disaster [score: 10.0]', 'Port congestion [score: 6.0]', 'High route risk [score: 3.2]']",Escalate to operations manager; activate emergency reroute.,2026-03-12 07:53 UTC,IMMEDIATE
SHP100323,CRITICAL,1.0,2024-10-03,0,Hamburg,New York,DB Schenker,Sea,"['Disruption: Natural Disaster [score: 10.1]', 'Traffic congestion level (Sea) [score: 5.0]', 'Port congestion [score: 4.0]']",Escalate to operations manager; activate emergency reroute.,2026-03-12 07:53 UTC,IMMEDIATE
SHP100324,CRITICAL,1.0,2023-11-11,0,Mumbai,New York,XPO Logistics,Sea,"['Disruption: Natural Disaster [score: 10.1]', 'Traffic congestion level (Sea) [score: 5.0]', 'High route risk [score: 4.1]']",Escalate to operations manager; activate emergency reroute.,2026-03-12 07:53 UTC,IMMEDIATE
SHP100325,CRITICAL,1.0,2023-12-09,0,Mumbai,New York,FedEx,Air,"['Port congestion [score: 8.0]', 'Disruption: Equipment Failure [score: 5.9]', 'High historical delay rate [score: 1.8]']",Escalate to operations manager; activate emergency reroute.,2026-03-12 07:53 UTC,IMMEDIATE
SHP100326,CRITICAL,1.0,2023-08-24,0,Shanghai,London,Maersk,Rail,"['Disruption: Natural Disaster [score: 10.1]', 'Port congestion [score: 6.0]', 'High route risk [score: 4.5]']",Escalate to operations manager; activate emergency reroute.,2026-03-12 07:53 UTC,IMMEDIATE
SHP100327,CRITICAL,1.0,2024-03-14,0,Hamburg,Tokyo,UPS,Air,"['Weather severity (Fog) [score: 4.3]', 'High route risk [score: 4.2]', 'High historical delay rate [score: 3.9]']",Escalate to operations manager; activate emergency reroute.,2026-03-12 07:53 UTC,IMMEDIATE
SHP100328,CRITICAL,1.0,2023-11-02,0,Mumbai,New York,UPS,Air,"['Disruption: Natural Disaster [score: 9.9]', 'Customs hold active [score: 8.0]', 'Port congestion [score: 4.0]']",Escalate to operations manager; activate emergency reroute.,2026-03-12 07:53 UTC,IMMEDIATE
SHP100329,CRITICAL,1.0,2024-08-14,0,Dubai,Sydney,XPO Logistics,Road,"['Disruption: Natural Disaster [score: 9.7]', 'Traffic congestion level (Road) [score: 9.0]', 'Port congestion [score: 9.0]']",Escalate to operations manager; activate emergency reroute.,2026-03-12 07:53 UTC,IMMEDIATE
SHP100330,CRITICAL,1.0,2023-09-22,0,Hamburg,Chicago,FedEx,Sea,"['Disruption: Port Strike [score: 9.1]', 'Weather severity (Storm) [score: 7.7]', 'Port congestion [score: 7.0]']",Escalate to operations manager; activate emergency reroute.,2026-03-12 07:53 UTC,IMMEDIATE
SHP100331,CRITICAL,1.0,2023-09-01,0,Rotterdam,London,Maersk,Air,"['Weather severity (Blizzard) [score: 9.3]', 'Port congestion [score: 7.0]', 'High route risk [score: 4.3]']",Escalate to operations manager; activate emergency reroute.,2026-03-12 07:53 UTC,IMMEDIATE
SHP100332,CRITICAL,0.9327,2023-05-25,0,Dubai,Chicago,DB Schenker,Air,"['Customs hold active [score: 8.0]', 'Traffic congestion level (Air) [score: 3.0]', 'Weather severity (Rain) [score: 1.6]']",Escalate to operations manager; activate emergency reroute.,2026-03-12 07:53 UTC,IMMEDIATE
SHP100333,CRITICAL,1.0,2024-08-09,0,Mumbai,Tokyo,DB Schenker,Road,"['Port congestion [score: 9.0]', 'Traffic congestion level (Road) [score: 7.0]', 'Disruption: Traffic Jam [score: 4.2]']",Escalate to operations manager; activate emergency reroute.,2026-03-12 07:53 UTC,IMMEDIATE
SHP100334,CRITICAL,1.0,2024-04-15,0,Mumbai,London,DHL,Air,"['Weather severity (Blizzard) [score: 9.4]', 'Disruption: Equipment Failure [score: 5.6]', 'Port congestion [score: 5.0]']",Escalate to operations manager; activate emergency reroute.,2026-03-12 07:53 UTC,IMMEDIATE
SHP100335,CRITICAL,1.0,2024-05-29,0,Dubai,Singapore,Maersk,Road,"['Traffic congestion level (Road) [score: 9.0]', 'Disruption: Port Strike [score: 8.9]', 'Port congestion [score: 4.0]']",Escalate to operations manager; activate emergency reroute.,2026-03-12 07:53 UTC,IMMEDIATE
SHP100336,CRITICAL,1.0,2024-05-09,0,Shanghai,Singapore,UPS,Sea,"['Disruption: Natural Disaster [score: 10.0]', 'Port congestion [score: 8.0]', 'High route risk [score: 4.3]']",Escalate to operations manager; activate emergency reroute.,2026-03-12 07:53 UTC,IMMEDIATE
SHP100337,CRITICAL,1.0,2024-08-09,0,Mumbai,Tokyo,XPO Logistics,Road,"['Traffic congestion level (Road) [score: 6.0]', 'High route risk [score: 4.4]', 'Weather severity (Rain) [score: 2.2]']",Escalate to operations manager; activate emergency reroute.,2026-03-12 07:53 UTC,IMMEDIATE
SHP100338,CRITICAL,1.0,2023-02-18,0,Shanghai,Tokyo,Maersk,Road,"['Disruption: Natural Disaster [score: 10.3]', 'Port congestion [score: 7.0]', 'Traffic congestion level (Road) [score: 6.0]']",Escalate to operations manager; activate emergency reroute.,2026-03-12 07:53 UTC,IMMEDIATE
SHP100339,CRITICAL,1.0,2024-11-13,0,Shanghai,Chicago,XPO Logistics,Rail,"['Port congestion [score: 6.0]', 'Weather severity (Fog) [score: 4.4]', 'Traffic congestion level (Rail) [score: 4.0]']",Escalate to operations manager; activate emergency reroute.,2026-03-12 07:53 UTC,IMMEDIATE
SHP100340,CRITICAL,1.0,2023-05-22,0,Hamburg,Singapore,FedEx,Sea,"['Disruption: Natural Disaster [score: 9.9]', 'Traffic congestion level (Sea) [score: 6.0]', 'High route risk [score: 4.1]']",Escalate to operations manager; activate emergency reroute.,2026-03-12 07:53 UTC,IMMEDIATE
SHP100341,CRITICAL,1.0,2023-10-01,0,Los Angeles,Chicago,UPS,Air,"['Port congestion [score: 10.0]', 'Weather severity (Heavy Rain) [score: 4.8]', 'High route risk [score: 3.5]']",Escalate to operations manager; activate emergency reroute.,2026-03-12 07:53 UTC,IMMEDIATE
SHP100342,CRITICAL,1.0,2023-08-19,0,Rotterdam,London,XPO Logistics,Rail,"['Port congestion [score: 9.0]', 'Disruption: Traffic Jam [score: 4.2]', 'Weather severity (Fog) [score: 3.9]']",Escalate to operations manager; activate emergency reroute.,2026-03-12 07:53 UTC,IMMEDIATE
SHP100343,CRITICAL,1.0,2023-06-30,0,Hamburg,Sydney,UPS,Rail,"['Traffic congestion level (Rail) [score: 4.0]', 'High historical delay rate [score: 3.9]', 'Disruption: Traffic Jam [score: 3.5]']",Escalate to operations manager; activate emergency reroute.,2026-03-12 07:53 UTC,IMMEDIATE
SHP100344,CRITICAL,1.0,2023-11-02,0,Dubai,New York,DB Schenker,Air,"['Disruption: Natural Disaster [score: 10.2]', 'Port congestion [score: 6.0]', 'High route risk [score: 4.0]']",Escalate to operations manager; activate emergency reroute.,2026-03-12 07:53 UTC,IMMEDIATE
SHP100345,CRITICAL,1.0,2023-04-03,0,Los Angeles,Chicago,DHL,Sea,"['Weather severity (Blizzard) [score: 9.4]', 'Port congestion [score: 7.0]', 'Traffic congestion level (Sea) [score: 4.0]']",Escalate to operations manager; activate emergency reroute.,2026-03-12 07:53 UTC,IMMEDIATE
SHP100346,CRITICAL,1.0,2024-06-25,0,Shanghai,Chicago,Maersk,Rail,"['Disruption: Natural Disaster [score: 9.5]', 'Weather severity (Snow) [score: 5.8]', 'Traffic congestion level (Rail) [score: 3.0]']",Escalate to operations manager; activate emergency reroute.,2026-03-12 07:53 UTC,IMMEDIATE
SHP100347,CRITICAL,1.0,2023-12-29,0,Dubai,Chicago,UPS,Rail,"['Disruption: Equipment Failure [score: 5.8]', 'Weather severity (Fog) [score: 4.2]', 'High route risk [score: 3.3]']",Escalate to operations manager; activate emergency reroute.,2026-03-12 07:53 UTC,IMMEDIATE
SHP100348,CRITICAL,1.0,2023-04-26,0,Rotterdam,Tokyo,UPS,Road,"['Traffic congestion level (Road) [score: 8.0]', 'Customs hold active [score: 8.0]', 'Weather severity (Heavy Rain) [score: 4.9]']",Escalate to operations manager; activate emergency reroute.,2026-03-12 07:53 UTC,IMMEDIATE
SHP100349,CRITICAL,1.0,2024-04-29,0,Rotterdam,Chicago,FedEx,Road,"['Traffic congestion level (Road) [score: 9.0]', 'Port congestion [score: 7.0]', 'Disruption: Traffic Jam [score: 3.9]']",Escalate to operations manager; activate emergency reroute.,2026-03-12 07:53 UTC,IMMEDIATE
SHP100350,CRITICAL,1.0,2023-08-04,0,Dubai,London,DB Schenker,Sea,"['Disruption: Port Strike [score: 9.1]', 'Traffic congestion level (Sea) [score: 4.0]', 'High route risk [score: 3.4]']",Escalate to operations manager; activate emergency reroute.,2026-03-12 07:53 UTC,IMMEDIATE
SHP100351,CRITICAL,1.0,2023-05-28,0,Shanghai,Singapore,XPO Logistics,Air,"['Weather severity (Fog) [score: 4.2]', 'Port congestion [score: 3.0]', 'Low carrier reliability [score: 1.8]']",Escalate to operations manager; activate emergency reroute.,2026-03-12 07:53 UTC,IMMEDIATE
SHP100352,CRITICAL,1.0,2024-08-13,0,Shanghai,Singapore,FedEx,Sea,"['Disruption: Port Strike [score: 9.4]', 'Weather severity (Blizzard) [score: 8.6]', 'Traffic congestion level (Sea) [score: 6.0]']",Escalate to operations manager; activate emergency reroute.,2026-03-12 07:53 UTC,IMMEDIATE
SHP100353,CRITICAL,1.0,2024-08-02,0,Los Angeles,Chicago,DHL,Air,"['Weather severity (Storm) [score: 8.2]', 'Disruption: Equipment Failure [score: 6.2]', 'Traffic congestion level (Air) [score: 3.0]']",Escalate to operations manager; activate emergency reroute.,2026-03-12 07:53 UTC,IMMEDIATE
SHP100354,CRITICAL,1.0,2023-09-13,0,Mumbai,London,XPO Logistics,Sea,"['Weather severity (Heavy Rain) [score: 5.3]', 'Traffic congestion level (Sea) [score: 5.0]', 'Disruption: Traffic Jam [score: 4.1]']",Escalate to operations manager; activate emergency reroute.,2026-03-12 07:53 UTC,IMMEDIATE
SHP100355,CRITICAL,0.9986,2023-07-08,0,Hamburg,Singapore,DB Schenker,Rail,"['Customs hold active [score: 8.0]', 'High route risk [score: 2.2]', 'Traffic congestion level (Rail) [score: 2.0]']",Escalate to operations manager; activate emergency reroute.,2026-03-12 07:53 UTC,IMMEDIATE
SHP100356,HIGH,0.7017,2023-03-19,0,Hamburg,London,FedEx,Road,"['Traffic congestion level (Road) [score: 7.0]', 'Port congestion [score: 4.0]', 'Weather severity (Rain) [score: 1.7]']",Trigger intervention protocol immediately.,2026-03-12 07:53 UTC,IMMEDIATE
SHP100357,CRITICAL,1.0,2024-02-16,0,Rotterdam,Sydney,UPS,Sea,"['Port congestion [score: 10.0]', 'Disruption: Port Strike [score: 8.9]', 'Customs hold active [score: 8.0]']",Escalate to operations manager; activate emergency reroute.,2026-03-12 07:53 UTC,IMMEDIATE
SHP100358,CRITICAL,1.0,2024-08-21,0,Shanghai,New York,DB Schenker,Air,"['Customs hold active [score: 8.0]', 'Weather severity (Snow) [score: 5.8]', 'Disruption: Equipment Failure [score: 5.7]']",Escalate to operations manager; activate emergency reroute.,2026-03-12 07:53 UTC,IMMEDIATE
SHP100359,CRITICAL,1.0,2023-08-18,0,Mumbai,London,DB Schenker,Air,"['Disruption: Port Strike [score: 9.1]', 'Customs hold active [score: 8.0]', 'Port congestion [score: 6.0]']",Escalate to operations manager; activate emergency reroute.,2026-03-12 07:53 UTC,IMMEDIATE
SHP100360,CRITICAL,1.0,2024-09-17,0,Rotterdam,Tokyo,Maersk,Sea,"['Disruption: Port Strike [score: 9.3]', 'Traffic congestion level (Sea) [score: 4.0]', 'Port congestion [score: 4.0]']",Escalate to operations manager; activate emergency reroute.,2026-03-12 07:53 UTC,IMMEDIATE
SHP100361,CRITICAL,0.9999,2023-07-29,0,Hamburg,Sydney,Maersk,Rail,"['Disruption: Traffic Jam [score: 4.5]', 'Traffic congestion level (Rail) [score: 4.0]', 'High historical delay rate [score: 3.7]']",Escalate to operations manager; activate emergency reroute.,2026-03-12 07:53 UTC,IMMEDIATE
SHP100362,CRITICAL,1.0,2024-10-08,0,Mumbai,Tokyo,DHL,Road,"['Traffic congestion level (Road) [score: 9.0]', 'Port congestion [score: 9.0]', 'Weather severity (Fog) [score: 4.3]']",Escalate to operations manager; activate emergency reroute.,2026-03-12 07:53 UTC,IMMEDIATE
SHP100363,CRITICAL,1.0,2024-11-07,0,Los Angeles,London,UPS,Air,"['Disruption: Port Strike [score: 9.4]', 'Port congestion [score: 6.0]', 'Weather severity (Heavy Rain) [score: 4.7]']",Escalate to operations manager; activate emergency reroute.,2026-03-12 07:53 UTC,IMMEDIATE
SHP100364,CRITICAL,1.0,2024-06-12,0,Los Angeles,Sydney,UPS,Road,"['Traffic congestion level (Road) [score: 9.0]', 'Disruption: Equipment Failure [score: 6.1]', 'Port congestion [score: 6.0]']",Escalate to operations manager; activate emergency reroute.,2026-03-12 07:53 UTC,IMMEDIATE
SHP100365,CRITICAL,1.0,2023-06-11,0,Dubai,New York,DHL,Air,"['Port congestion [score: 10.0]', 'Weather severity (Heavy Rain) [score: 5.3]', 'Disruption: Traffic Jam [score: 4.3]']",Escalate to operations manager; activate emergency reroute.,2026-03-12 07:53 UTC,IMMEDIATE
SHP100366,CRITICAL,1.0,2024-01-22,0,Rotterdam,Tokyo,XPO Logistics,Air,"['Disruption: Natural Disaster [score: 9.7]', 'Weather severity (Blizzard) [score: 9.2]', 'High historical delay rate [score: 2.9]']",Escalate to operations manager; activate emergency reroute.,2026-03-12 07:53 UTC,IMMEDIATE
SHP100367,CRITICAL,0.9999,2023-07-17,0,Mumbai,Chicago,DB Schenker,Air,"['Weather severity (Heavy Rain) [score: 4.8]', 'Port congestion [score: 4.0]', 'Traffic congestion level (Air) [score: 3.0]']",Escalate to operations manager; activate emergency reroute.,2026-03-12 07:53 UTC,IMMEDIATE
SHP100368,CRITICAL,1.0,2024-11-02,0,Rotterdam,Tokyo,FedEx,Air,"['Disruption: Natural Disaster [score: 9.8]', 'Weather severity (Heavy Rain) [score: 5.0]', 'Traffic congestion level (Air) [score: 3.0]']",Escalate to operations manager; activate emergency reroute.,2026-03-12 07:53 UTC,IMMEDIATE
SHP100369,CRITICAL,1.0,2023-02-06,0,Rotterdam,Chicago,DB Schenker,Sea,"['Port congestion [score: 8.0]', 'Weather severity (Snow) [score: 5.9]', 'Traffic congestion level (Sea) [score: 3.0]']",Escalate to operations manager; activate emergency reroute.,2026-03-12 07:53 UTC,IMMEDIATE
SHP100370,CRITICAL,1.0,2023-12-28,0,Mumbai,New York,XPO Logistics,Sea,"['Disruption: Port Strike [score: 9.1]', 'Traffic congestion level (Sea) [score: 5.0]', 'Weather severity (Fog) [score: 4.4]']",Escalate to operations manager; activate emergency reroute.,2026-03-12 07:53 UTC,IMMEDIATE
SHP100371,CRITICAL,1.0,2023-05-14,0,Rotterdam,Sydney,XPO Logistics,Air,"['Port congestion [score: 10.0]', 'Disruption: Port Strike [score: 9.5]', 'Traffic congestion level (Air) [score: 4.0]']",Escalate to operations manager; activate emergency reroute.,2026-03-12 07:53 UTC,IMMEDIATE
SHP100372,CRITICAL,1.0,2023-05-17,0,Dubai,Singapore,DB Schenker,Sea,"['Disruption: Equipment Failure [score: 6.4]', 'Traffic congestion level (Sea) [score: 4.0]', 'Port congestion [score: 4.0]']",Escalate to operations manager; activate emergency reroute.,2026-03-12 07:53 UTC,IMMEDIATE
SHP100373,CRITICAL,1.0,2024-01-18,0,Rotterdam,London,FedEx,Rail,"['Weather severity (Fog) [score: 4.4]', 'Disruption: Traffic Jam [score: 4.1]', 'Traffic congestion level (Rail) [score: 4.0]']",Escalate to operations manager; activate emergency reroute.,2026-03-12 07:53 UTC,IMMEDIATE
SHP100374,CRITICAL,1.0,2023-07-16,0,Mumbai,New York,Maersk,Sea,"['Port congestion [score: 10.0]', 'Disruption: Port Strike [score: 9.2]', 'Weather severity (Storm) [score: 7.6]']",Escalate to operations manager; activate emergency reroute.,2026-03-12 07:53 UTC,IMMEDIATE
SHP100375,CRITICAL,1.0,2023-01-11,0,Shanghai,Tokyo,DB Schenker,Road,"['Port congestion [score: 10.0]', 'Disruption: Port Strike [score: 9.3]', 'Traffic congestion level (Road) [score: 8.0]']",Escalate to operations manager; activate emergency reroute.,2026-03-12 07:53 UTC,IMMEDIATE
SHP100376,CRITICAL,1.0,2023-07-22,0,Mumbai,London,DHL,Road,"['Port congestion [score: 9.0]', 'Traffic congestion level (Road) [score: 8.0]', 'Disruption: Equipment Failure [score: 5.5]']",Escalate to operations manager; activate emergency reroute.,2026-03-12 07:53 UTC,IMMEDIATE
SHP100377,CRITICAL,1.0,2023-05-29,0,Shanghai,New York,DB Schenker,Rail,"['Disruption: Natural Disaster [score: 10.2]', 'Weather severity (Snow) [score: 6.0]', 'Port congestion [score: 4.0]']",Escalate to operations manager; activate emergency reroute.,2026-03-12 07:53 UTC,IMMEDIATE
SHP100378,CRITICAL,1.0,2024-07-05,0,Los Angeles,Sydney,Maersk,Air,"['Weather severity (Blizzard) [score: 8.7]', 'Customs hold active [score: 8.0]', 'Disruption: Traffic Jam [score: 4.0]']",Escalate to operations manager; activate emergency reroute.,2026-03-12 07:53 UTC,IMMEDIATE
SHP100379,CRITICAL,1.0,2023-05-19,0,Shanghai,Tokyo,FedEx,Air,"['Weather severity (Blizzard) [score: 8.9]', 'High route risk [score: 4.1]', 'High historical delay rate [score: 1.3]']",Escalate to operations manager; activate emergency reroute.,2026-03-12 07:53 UTC,IMMEDIATE
SHP100380,CRITICAL,0.9999,2023-05-15,0,Shanghai,Sydney,FedEx,Sea,"['Port congestion [score: 10.0]', 'Customs hold active [score: 8.0]', 'High route risk [score: 4.4]']",Escalate to operations manager; activate emergency reroute.,2026-03-12 07:53 UTC,IMMEDIATE
SHP100381,CRITICAL,1.0,2023-06-04,0,Rotterdam,London,Maersk,Rail,"['Disruption: Port Strike [score: 9.3]', 'Port congestion [score: 7.0]', 'Weather severity (Heavy Rain) [score: 4.5]']",Escalate to operations manager; activate emergency reroute.,2026-03-12 07:53 UTC,IMMEDIATE
SHP100382,CRITICAL,1.0,2024-09-08,0,Hamburg,New York,XPO Logistics,Sea,"['Disruption: Natural Disaster [score: 10.4]', 'Weather severity (Storm) [score: 8.0]', 'Traffic congestion level (Sea) [score: 4.0]']",Escalate to operations manager; activate emergency reroute.,2026-03-12 07:53 UTC,IMMEDIATE
SHP100383,CRITICAL,1.0,2023-07-02,0,Shanghai,Singapore,DB Schenker,Road,"['Traffic congestion level (Road) [score: 9.0]', 'Port congestion [score: 6.0]', 'High route risk [score: 3.8]']",Escalate to operations manager; activate emergency reroute.,2026-03-12 07:53 UTC,IMMEDIATE
SHP100384,CRITICAL,1.0,2024-09-20,0,Dubai,London,DB Schenker,Sea,"['Disruption: Port Strike [score: 9.2]', 'Weather severity (Blizzard) [score: 8.7]', 'Traffic congestion level (Sea) [score: 5.0]']",Escalate to operations manager; activate emergency reroute.,2026-03-12 07:53 UTC,IMMEDIATE
SHP100385,CRITICAL,1.0,2023-02-05,0,Shanghai,Chicago,Maersk,Rail,"['Customs hold active [score: 8.0]', 'High route risk [score: 4.3]', 'Traffic congestion level (Rail) [score: 4.0]']",Escalate to operations manager; activate emergency reroute.,2026-03-12 07:53 UTC,IMMEDIATE
SHP100386,CRITICAL,1.0,2024-10-04,0,Los Angeles,London,XPO Logistics,Air,"['Disruption: Port Strike [score: 9.0]', 'Port congestion [score: 5.0]', 'Weather severity (Fog) [score: 4.2]']",Escalate to operations manager; activate emergency reroute.,2026-03-12 07:53 UTC,IMMEDIATE
SHP100387,CRITICAL,1.0,2023-11-18,0,Los Angeles,Chicago,XPO Logistics,Sea,"['Port congestion [score: 8.0]', 'Customs hold active [score: 8.0]', 'Disruption: Equipment Failure [score: 5.9]']",Escalate to operations manager; activate emergency reroute.,2026-03-12 07:53 UTC,IMMEDIATE
SHP100388,CRITICAL,1.0,2024-11-20,0,Dubai,Singapore,Maersk,Rail,"['Port congestion [score: 8.0]', 'Disruption: Traffic Jam [score: 3.9]', 'Weather severity (Fog) [score: 3.6]']",Escalate to operations manager; activate emergency reroute.,2026-03-12 07:53 UTC,IMMEDIATE
SHP100389,CRITICAL,0.9998,2023-09-27,0,Hamburg,New York,UPS,Road,"['Traffic congestion level (Road) [score: 9.0]', 'Weather severity (Rain) [score: 2.3]', 'High historical delay rate [score: 2.1]']",Escalate to operations manager; activate emergency reroute.,2026-03-12 07:53 UTC,IMMEDIATE
SHP100390,CRITICAL,1.0,2024-01-07,0,Los Angeles,New York,FedEx,Air,"['Weather severity (Storm) [score: 8.4]', 'Disruption: Traffic Jam [score: 3.6]', 'High historical delay rate [score: 2.8]']",Escalate to operations manager; activate emergency reroute.,2026-03-12 07:53 UTC,IMMEDIATE
SHP100391,CRITICAL,1.0,2024-05-13,0,Mumbai,Tokyo,XPO Logistics,Air,"['Disruption: Port Strike [score: 9.0]', 'Weather severity (Snow) [score: 6.1]', 'Traffic congestion level (Air) [score: 2.0]']",Escalate to operations manager; activate emergency reroute.,2026-03-12 07:53 UTC,IMMEDIATE
SHP100392,CRITICAL,1.0,2023-09-11,0,Los Angeles,Tokyo,FedEx,Sea,"['Port congestion [score: 9.0]', 'Weather severity (Storm) [score: 7.8]', 'Disruption: Traffic Jam [score: 4.0]']",Escalate to operations manager; activate emergency reroute.,2026-03-12 07:53 UTC,IMMEDIATE
SHP100393,CRITICAL,1.0,2024-09-05,0,Dubai,Sydney,DB Schenker,Road,"['Disruption: Natural Disaster [score: 9.9]', 'Customs hold active [score: 8.0]', 'Weather severity (Snow) [score: 6.3]']",Escalate to operations manager; activate emergency reroute.,2026-03-12 07:53 UTC,IMMEDIATE
SHP100394,CRITICAL,1.0,2023-05-06,0,Los Angeles,Sydney,XPO Logistics,Rail,"['Port congestion [score: 7.0]', 'Disruption: Equipment Failure [score: 6.4]', 'Weather severity (Snow) [score: 6.0]']",Escalate to operations manager; activate emergency reroute.,2026-03-12 07:53 UTC,IMMEDIATE
SHP100395,CRITICAL,1.0,2024-10-13,0,Rotterdam,Chicago,Maersk,Air,"['Disruption: Natural Disaster [score: 9.8]', 'Port congestion [score: 8.0]', 'Traffic congestion level (Air) [score: 4.0]']",Escalate to operations manager; activate emergency reroute.,2026-03-12 07:53 UTC,IMMEDIATE
SHP100396,CRITICAL,1.0,2024-04-09,0,Los Angeles,Tokyo,DHL,Sea,"['Customs hold active [score: 8.0]', 'Disruption: Equipment Failure [score: 6.1]', 'Port congestion [score: 6.0]']",Escalate to operations manager; activate emergency reroute.,2026-03-12 07:53 UTC,IMMEDIATE
SHP100397,CRITICAL,1.0,2024-09-11,0,Dubai,Chicago,DB Schenker,Road,"['Port congestion [score: 10.0]', 'Weather severity (Storm) [score: 7.7]', 'Traffic congestion level (Road) [score: 6.0]']",Escalate to operations manager; activate emergency reroute.,2026-03-12 07:53 UTC,IMMEDIATE
SHP100398,CRITICAL,1.0,2024-02-11,0,Dubai,Chicago,DHL,Sea,"['Traffic congestion level (Sea) [score: 6.0]', 'Weather severity (Heavy Rain) [score: 4.8]', 'High route risk [score: 2.5]']",Escalate to operations manager; activate emergency reroute.,2026-03-12 07:53 UTC,IMMEDIATE
SHP100399,CRITICAL,0.9997,2024-01-22,0,Hamburg,London,UPS,Rail,"['Disruption: Natural Disaster [score: 9.9]', 'Weather severity (Storm) [score: 7.7]', 'Port congestion [score: 4.0]']",Escalate to operations manager; activate emergency reroute.,2026-03-12 07:53 UTC,IMMEDIATE
SHP100400,CRITICAL,1.0,2023-05-31,0,Rotterdam,Singapore,XPO Logistics,Air,"['Port congestion [score: 7.0]', 'Disruption: Equipment Failure [score: 6.2]', 'Weather severity (Heavy Rain) [score: 4.8]']",Escalate to operations manager; activate emergency reroute.,2026-03-12 07:53 UTC,IMMEDIATE
SHP100401,CRITICAL,1.0,2024-01-06,0,Mumbai,New York,FedEx,Road,"['Disruption: Port Strike [score: 8.8]', 'Traffic congestion level (Road) [score: 8.0]', 'Weather severity (Snow) [score: 6.5]']",Escalate to operations manager; activate emergency reroute.,2026-03-12 07:53 UTC,IMMEDIATE
SHP100402,CRITICAL,1.0,2024-07-23,0,Hamburg,Tokyo,UPS,Air,"['Weather severity (Blizzard) [score: 8.7]', 'Disruption: Port Strike [score: 8.6]', 'Customs hold active [score: 8.0]']",Escalate to operations manager; activate emergency reroute.,2026-03-12 07:53 UTC,IMMEDIATE
SHP100403,CRITICAL,1.0,2023-05-08,0,Dubai,Tokyo,DB Schenker,Sea,"['Traffic congestion level (Sea) [score: 6.0]', 'Port congestion [score: 5.0]', 'Disruption: Traffic Jam [score: 4.2]']",Escalate to operations manager; activate emergency reroute.,2026-03-12 07:53 UTC,IMMEDIATE
SHP100404,CRITICAL,1.0,2024-03-13,0,Hamburg,Tokyo,Maersk,Sea,"['Traffic congestion level (Sea) [score: 6.0]', 'Disruption: Equipment Failure [score: 5.7]', 'Weather severity (Heavy Rain) [score: 5.3]']",Escalate to operations manager; activate emergency reroute.,2026-03-12 07:53 UTC,IMMEDIATE
SHP100405,CRITICAL,1.0,2024-04-22,0,Mumbai,London,UPS,Sea,"['Disruption: Port Strike [score: 9.5]', 'Weather severity (Storm) [score: 8.4]', 'Traffic congestion level (Sea) [score: 6.0]']",Escalate to operations manager; activate emergency reroute.,2026-03-12 07:53 UTC,IMMEDIATE
SHP100406,CRITICAL,1.0,2023-12-08,0,Los Angeles,New York,DHL,Road,"['Port congestion [score: 10.0]', 'Weather severity (Storm) [score: 8.3]', 'Customs hold active [score: 8.0]']",Escalate to operations manager; activate emergency reroute.,2026-03-12 07:53 UTC,IMMEDIATE
SHP100407,CRITICAL,1.0,2023-08-30,0,Los Angeles,Tokyo,FedEx,Road,"['Disruption: Natural Disaster [score: 10.3]', 'Weather severity (Storm) [score: 8.3]', 'Traffic congestion level (Road) [score: 8.0]']",Escalate to operations manager; activate emergency reroute.,2026-03-12 07:53 UTC,IMMEDIATE
SHP100408,CRITICAL,1.0,2023-04-01,0,Rotterdam,London,FedEx,Sea,"['Port congestion [score: 10.0]', 'Weather severity (Storm) [score: 8.3]', 'Disruption: Equipment Failure [score: 6.3]']",Escalate to operations manager; activate emergency reroute.,2026-03-12 07:53 UTC,IMMEDIATE
SHP100409,CRITICAL,1.0,2023-10-20,0,Shanghai,London,XPO Logistics,Road,"['Disruption: Port Strike [score: 9.3]', 'Traffic congestion level (Road) [score: 6.0]', 'High route risk [score: 4.2]']",Escalate to operations manager; activate emergency reroute.,2026-03-12 07:53 UTC,IMMEDIATE
SHP100410,CRITICAL,1.0,2023-01-31,0,Los Angeles,Sydney,UPS,Rail,"['Disruption: Port Strike [score: 8.9]', 'Weather severity (Fog) [score: 4.2]', 'Traffic congestion level (Rail) [score: 4.0]']",Escalate to operations manager; activate emergency reroute.,2026-03-12 07:53 UTC,IMMEDIATE
SHP100411,CRITICAL,1.0,2024-07-15,0,Dubai,Tokyo,FedEx,Rail,"['Disruption: Port Strike [score: 9.2]', 'Weather severity (Blizzard) [score: 8.8]', 'Port congestion [score: 6.0]']",Escalate to operations manager; activate emergency reroute.,2026-03-12 07:53 UTC,IMMEDIATE
SHP100412,CRITICAL,1.0,2024-04-18,0,Mumbai,New York,XPO Logistics,Air,"['Port congestion [score: 10.0]', 'Customs hold active [score: 8.0]', 'Disruption: Equipment Failure [score: 6.0]']",Escalate to operations manager; activate emergency reroute.,2026-03-12 07:53 UTC,IMMEDIATE
SHP100413,HIGH,0.7264,2024-08-29,0,Mumbai,Chicago,UPS,Sea,"['Customs hold active [score: 8.0]', 'Port congestion [score: 6.0]', 'Traffic congestion level (Sea) [score: 3.0]']",Trigger intervention protocol immediately.,2026-03-12 07:53 UTC,IMMEDIATE
SHP100414,CRITICAL,1.0,2023-01-25,0,Rotterdam,London,DB Schenker,Air,"['Disruption: Natural Disaster [score: 9.5]', 'Customs hold active [score: 8.0]', 'Port congestion [score: 6.0]']",Escalate to operations manager; activate emergency reroute.,2026-03-12 07:53 UTC,IMMEDIATE
SHP100415,CRITICAL,1.0,2024-07-26,0,Shanghai,London,DHL,Road,"['Disruption: Natural Disaster [score: 10.3]', 'Weather severity (Storm) [score: 8.0]', 'Traffic congestion level (Road) [score: 6.0]']",Escalate to operations manager; activate emergency reroute.,2026-03-12 07:53 UTC,IMMEDIATE
SHP100416,CRITICAL,1.0,2024-12-09,0,Hamburg,Chicago,UPS,Road,"['Weather severity (Blizzard) [score: 8.9]', 'Traffic congestion level (Road) [score: 6.0]', 'High historical delay rate [score: 1.7]']",Escalate to operations manager; activate emergency reroute.,2026-03-12 07:53 UTC,IMMEDIATE
SHP100417,CRITICAL,1.0,2023-04-11,0,Rotterdam,Sydney,DB Schenker,Air,"['Port congestion [score: 7.0]', 'Disruption: Equipment Failure [score: 6.4]', 'Weather severity (Heavy Rain) [score: 5.1]']",Escalate to operations manager; activate emergency reroute.,2026-03-12 07:53 UTC,IMMEDIATE
SHP100418,CRITICAL,1.0,2023-05-25,0,Dubai,London,FedEx,Rail,"['Disruption: Port Strike [score: 9.1]', 'Weather severity (Snow) [score: 6.2]', 'Port congestion [score: 6.0]']",Escalate to operations manager; activate emergency reroute.,2026-03-12 07:53 UTC,IMMEDIATE
SHP100419,CRITICAL,1.0,2023-05-19,0,Dubai,Sydney,FedEx,Rail,"['Port congestion [score: 8.0]', 'Customs hold active [score: 8.0]', 'Disruption: Equipment Failure [score: 5.8]']",Escalate to operations manager; activate emergency reroute.,2026-03-12 07:53 UTC,IMMEDIATE
SHP100420,CRITICAL,1.0,2023-12-09,0,Hamburg,Chicago,XPO Logistics,Sea,"['Disruption: Port Strike [score: 9.4]', 'Traffic congestion level (Sea) [score: 5.0]', 'High route risk [score: 3.6]']",Escalate to operations manager; activate emergency reroute.,2026-03-12 07:53 UTC,IMMEDIATE
SHP100421,CRITICAL,1.0,2024-06-16,0,Los Angeles,Singapore,FedEx,Road,"['Traffic congestion level (Road) [score: 7.0]', 'Port congestion [score: 7.0]', 'Disruption: Equipment Failure [score: 6.2]']",Escalate to operations manager; activate emergency reroute.,2026-03-12 07:53 UTC,IMMEDIATE
SHP100422,CRITICAL,1.0,2024-02-22,0,Los Angeles,Sydney,Maersk,Air,"['Weather severity (Storm) [score: 7.6]', 'Port congestion [score: 7.0]', 'Disruption: Traffic Jam [score: 4.2]']",Escalate to operations manager; activate emergency reroute.,2026-03-12 07:53 UTC,IMMEDIATE
SHP100423,CRITICAL,1.0,2023-11-13,0,Rotterdam,London,DB Schenker,Sea,"['Disruption: Natural Disaster [score: 10.3]', 'Port congestion [score: 10.0]', 'Customs hold active [score: 8.0]']",Escalate to operations manager; activate emergency reroute.,2026-03-12 07:53 UTC,IMMEDIATE
SHP100424,CRITICAL,1.0,2023-08-02,0,Mumbai,Tokyo,DB Schenker,Rail,"['Port congestion [score: 5.0]', 'Traffic congestion level (Rail) [score: 4.0]', 'Disruption: Traffic Jam [score: 3.9]']",Escalate to operations manager; activate emergency reroute.,2026-03-12 07:53 UTC,IMMEDIATE
SHP100425,CRITICAL,1.0,2024-07-10,0,Los Angeles,Tokyo,FedEx,Air,"['Weather severity (Blizzard) [score: 8.9]', 'Disruption: Port Strike [score: 8.8]', 'Traffic congestion level (Air) [score: 4.0]']",Escalate to operations manager; activate emergency reroute.,2026-03-12 07:53 UTC,IMMEDIATE
SHP100426,CRITICAL,1.0,2024-11-20,0,Rotterdam,Singapore,DB Schenker,Sea,"['Traffic congestion level (Sea) [score: 6.0]', 'Weather severity (Heavy Rain) [score: 4.7]', 'Port congestion [score: 4.0]']",Escalate to operations manager; activate emergency reroute.,2026-03-12 07:53 UTC,IMMEDIATE
SHP100427,CRITICAL,1.0,2024-04-27,0,Shanghai,Singapore,DHL,Air,"['Weather severity (Storm) [score: 7.9]', 'High historical delay rate [score: 2.9]', 'High route risk [score: 2.6]']",Escalate to operations manager; activate emergency reroute.,2026-03-12 07:53 UTC,IMMEDIATE
SHP100428,CRITICAL,1.0,2023-04-11,0,Los Angeles,New York,FedEx,Air,"['Disruption: Port Strike [score: 9.4]', 'Port congestion [score: 8.0]', 'Weather severity (Heavy Rain) [score: 4.6]']",Escalate to operations manager; activate emergency reroute.,2026-03-12 07:53 UTC,IMMEDIATE
SHP100430,CRITICAL,1.0,2024-11-26,0,Shanghai,Chicago,FedEx,Road,"['Traffic congestion level (Road) [score: 8.0]', 'Customs hold active [score: 8.0]', 'Weather severity (Storm) [score: 7.8]']",Escalate to operations manager; activate emergency reroute.,2026-03-12 07:53 UTC,IMMEDIATE
SHP100431,CRITICAL,1.0,2023-01-27,0,Rotterdam,Sydney,FedEx,Road,"['Port congestion [score: 10.0]', 'Traffic congestion level (Road) [score: 7.0]', 'Weather severity (Heavy Rain) [score: 4.9]']",Escalate to operations manager; activate emergency reroute.,2026-03-12 07:53 UTC,IMMEDIATE
SHP100432,CRITICAL,1.0,2024-02-27,0,Dubai,Sydney,FedEx,Sea,"['Port congestion [score: 7.0]', 'Weather severity (Snow) [score: 6.2]', 'High route risk [score: 4.3]']",Escalate to operations manager; activate emergency reroute.,2026-03-12 07:53 UTC,IMMEDIATE
SHP100433,CRITICAL,1.0,2024-09-20,0,Mumbai,Chicago,Maersk,Rail,"['Customs hold active [score: 8.0]', 'Traffic congestion level (Rail) [score: 5.0]', 'Port congestion [score: 4.0]']",Escalate to operations manager; activate emergency reroute.,2026-03-12 07:53 UTC,IMMEDIATE
SHP100434,CRITICAL,1.0,2023-11-15,0,Mumbai,Sydney,DHL,Road,"['Disruption: Port Strike [score: 9.4]', 'Traffic congestion level (Road) [score: 8.0]', 'Port congestion [score: 8.0]']",Escalate to operations manager; activate emergency reroute.,2026-03-12 07:53 UTC,IMMEDIATE
SHP100435,CRITICAL,1.0,2024-07-20,0,Hamburg,Tokyo,FedEx,Rail,"['Port congestion [score: 10.0]', 'Weather severity (Blizzard) [score: 8.7]', 'Disruption: Traffic Jam [score: 4.0]']",Escalate to operations manager; activate emergency reroute.,2026-03-12 07:53 UTC,IMMEDIATE
SHP100436,CRITICAL,1.0,2024-08-01,0,Hamburg,New York,XPO Logistics,Sea,"['Port congestion [score: 9.0]', 'Disruption: Equipment Failure [score: 6.1]', 'Traffic congestion level (Sea) [score: 5.0]']",Escalate to operations manager; activate emergency reroute.,2026-03-12 07:53 UTC,IMMEDIATE
SHP100437,CRITICAL,1.0,2024-03-31,0,Los Angeles,Singapore,DB Schenker,Air,"['Port congestion [score: 10.0]', 'Weather severity (Blizzard) [score: 8.8]', 'Disruption: Equipment Failure [score: 6.2]']",Escalate to operations manager; activate emergency reroute.,2026-03-12 07:53 UTC,IMMEDIATE
SHP100438,CRITICAL,1.0,2024-03-04,0,Shanghai,Chicago,XPO Logistics,Air,"['Disruption: Natural Disaster [score: 10.3]', 'Traffic congestion level (Air) [score: 3.0]', 'High historical delay rate [score: 2.8]']",Escalate to operations manager; activate emergency reroute.,2026-03-12 07:53 UTC,IMMEDIATE
SHP100439,CRITICAL,1.0,2023-03-08,0,Los Angeles,Singapore,FedEx,Road,"['Disruption: Port Strike [score: 9.3]', 'Customs hold active [score: 8.0]', 'Weather severity (Storm) [score: 7.5]']",Escalate to operations manager; activate emergency reroute.,2026-03-12 07:53 UTC,IMMEDIATE
SHP100440,CRITICAL,0.9997,2023-03-31,0,Shanghai,London,DB Schenker,Air,"['Weather severity (Heavy Rain) [score: 5.3]', 'Port congestion [score: 5.0]', 'Traffic congestion level (Air) [score: 2.0]']",Escalate to operations manager; activate emergency reroute.,2026-03-12 07:53 UTC,IMMEDIATE
SHP100441,CRITICAL,1.0,2024-11-13,0,Los Angeles,Chicago,UPS,Sea,"['Weather severity (Blizzard) [score: 8.5]', 'Port congestion [score: 7.0]', 'Traffic congestion level (Sea) [score: 6.0]']",Escalate to operations manager; activate emergency reroute.,2026-03-12 07:53 UTC,IMMEDIATE
SHP100442,CRITICAL,1.0,2024-07-10,0,Mumbai,Tokyo,XPO Logistics,Rail,"['Disruption: Equipment Failure [score: 5.6]', 'High historical delay rate [score: 3.9]', 'Low carrier reliability [score: 2.1]']",Escalate to operations manager; activate emergency reroute.,2026-03-12 07:53 UTC,IMMEDIATE
SHP100443,CRITICAL,1.0,2023-02-23,0,Rotterdam,New York,DHL,Sea,"['Customs hold active [score: 8.0]', 'Port congestion [score: 6.0]', 'Traffic congestion level (Sea) [score: 4.0]']",Escalate to operations manager; activate emergency reroute.,2026-03-12 07:53 UTC,IMMEDIATE
SHP100444,CRITICAL,1.0,2024-10-03,0,Hamburg,New York,DB Schenker,Sea,"['Weather severity (Storm) [score: 8.5]', 'Disruption: Equipment Failure [score: 6.4]', 'Port congestion [score: 6.0]']",Escalate to operations manager; activate emergency reroute.,2026-03-12 07:53 UTC,IMMEDIATE
SHP100445,CRITICAL,1.0,2023-09-01,0,Rotterdam,Chicago,XPO Logistics,Sea,"['Disruption: Port Strike [score: 8.7]', 'Port congestion [score: 8.0]', 'Traffic congestion level (Sea) [score: 6.0]']",Escalate to operations manager; activate emergency reroute.,2026-03-12 07:53 UTC,IMMEDIATE
SHP100446,CRITICAL,1.0,2024-01-19,0,Shanghai,New York,DB Schenker,Road,"['Port congestion [score: 10.0]', 'Traffic congestion level (Road) [score: 8.0]', 'Weather severity (Heavy Rain) [score: 4.8]']",Escalate to operations manager; activate emergency reroute.,2026-03-12 07:53 UTC,IMMEDIATE
SHP100447,CRITICAL,1.0,2023-02-18,0,Los Angeles,Tokyo,DHL,Road,"['Disruption: Natural Disaster [score: 10.3]', 'Traffic congestion level (Road) [score: 6.0]', 'Port congestion [score: 4.0]']",Escalate to operations manager; activate emergency reroute.,2026-03-12 07:53 UTC,IMMEDIATE
SHP100448,CRITICAL,1.0,2023-05-29,0,Mumbai,New York,DB Schenker,Rail,"['Weather severity (Blizzard) [score: 8.5]', 'Port congestion [score: 7.0]', 'Traffic congestion level (Rail) [score: 4.0]']",Escalate to operations manager; activate emergency reroute.,2026-03-12 07:53 UTC,IMMEDIATE
SHP100449,CRITICAL,1.0,2024-10-08,0,Shanghai,New York,XPO Logistics,Sea,"['Weather severity (Blizzard) [score: 9.4]', 'Port congestion [score: 9.0]', 'Traffic congestion level (Sea) [score: 5.0]']",Escalate to operations manager; activate emergency reroute.,2026-03-12 07:53 UTC,IMMEDIATE
SHP100450,CRITICAL,1.0,2024-05-18,0,Rotterdam,Tokyo,DHL,Rail,"['Disruption: Port Strike [score: 9.3]', 'Customs hold active [score: 8.0]', 'Weather severity (Fog) [score: 4.0]']",Escalate to operations manager; activate emergency reroute.,2026-03-12 07:53 UTC,IMMEDIATE
SHP100451,CRITICAL,1.0,2023-04-11,0,Mumbai,Tokyo,DB Schenker,Air,"['Disruption: Natural Disaster [score: 9.5]', 'Weather severity (Storm) [score: 8.1]', 'Traffic congestion level (Air) [score: 4.0]']",Escalate to operations manager; activate emergency reroute.,2026-03-12 07:53 UTC,IMMEDIATE
SHP100452,CRITICAL,1.0,2023-07-08,0,Los Angeles,New York,UPS,Road,"['Disruption: Natural Disaster [score: 9.7]', 'Traffic congestion level (Road) [score: 8.0]', 'Customs hold active [score: 8.0]']",Escalate to operations manager; activate emergency reroute.,2026-03-12 07:53 UTC,IMMEDIATE
SHP100453,CRITICAL,1.0,2024-02-20,0,Hamburg,Tokyo,FedEx,Air,"['Port congestion [score: 10.0]', 'Customs hold active [score: 8.0]', 'Disruption: Equipment Failure [score: 5.9]']",Escalate to operations manager; activate emergency reroute.,2026-03-12 07:53 UTC,IMMEDIATE
SHP100454,CRITICAL,1.0,2023-10-07,0,Dubai,Chicago,DB Schenker,Sea,"['Weather severity (Storm) [score: 7.9]', 'Traffic congestion level (Sea) [score: 5.0]', 'Port congestion [score: 4.0]']",Escalate to operations manager; activate emergency reroute.,2026-03-12 07:53 UTC,IMMEDIATE
SHP100455,CRITICAL,1.0,2023-07-02,0,Mumbai,London,DHL,Sea,"['Disruption: Natural Disaster [score: 9.9]', 'Port congestion [score: 8.0]', 'Traffic congestion level (Sea) [score: 3.0]']",Escalate to operations manager; activate emergency reroute.,2026-03-12 07:53 UTC,IMMEDIATE
SHP100456,CRITICAL,1.0,2024-07-28,0,Rotterdam,New York,FedEx,Sea,"['Customs hold active [score: 8.0]', 'Weather severity (Fog) [score: 4.4]', 'High route risk [score: 4.0]']",Escalate to operations manager; activate emergency reroute.,2026-03-12 07:53 UTC,IMMEDIATE
SHP100457,CRITICAL,1.0,2023-06-17,0,Shanghai,New York,Maersk,Rail,"['Disruption: Natural Disaster [score: 9.8]', 'Port congestion [score: 9.0]', 'Customs hold active [score: 8.0]']",Escalate to operations manager; activate emergency reroute.,2026-03-12 07:53 UTC,IMMEDIATE
SHP100458,CRITICAL,1.0,2024-06-14,0,Los Angeles,Chicago,UPS,Rail,"['Weather severity (Storm) [score: 8.2]', 'Customs hold active [score: 8.0]', 'Traffic congestion level (Rail) [score: 5.0]']",Escalate to operations manager; activate emergency reroute.,2026-03-12 07:53 UTC,IMMEDIATE
SHP100459,CRITICAL,1.0,2024-02-18,0,Los Angeles,Chicago,DB Schenker,Sea,"['Disruption: Port Strike [score: 9.4]', 'Customs hold active [score: 8.0]', 'Traffic congestion level (Sea) [score: 5.0]']",Escalate to operations manager; activate emergency reroute.,2026-03-12 07:53 UTC,IMMEDIATE
SHP100460,CRITICAL,1.0,2023-11-22,0,Dubai,Tokyo,Maersk,Road,"['Weather severity (Storm) [score: 8.2]', 'Traffic congestion level (Road) [score: 7.0]', 'Disruption: Equipment Failure [score: 6.5]']",Escalate to operations manager; activate emergency reroute.,2026-03-12 07:53 UTC,IMMEDIATE
SHP100461,CRITICAL,1.0,2023-10-03,0,Hamburg,Chicago,DHL,Sea,"['Port congestion [score: 7.0]', 'Traffic congestion level (Sea) [score: 6.0]', 'Weather severity (Heavy Rain) [score: 4.8]']",Escalate to operations manager; activate emergency reroute.,2026-03-12 07:53 UTC,IMMEDIATE
SHP100462,CRITICAL,0.9999,2024-10-25,0,Mumbai,New York,DB Schenker,Air,"['Disruption: Traffic Jam [score: 4.1]', 'Traffic congestion level (Air) [score: 3.0]', 'High route risk [score: 2.2]']",Escalate to operations manager; activate emergency reroute.,2026-03-12 07:53 UTC,IMMEDIATE
SHP100463,CRITICAL,1.0,2023-12-20,0,Rotterdam,Tokyo,UPS,Road,"['Weather severity (Storm) [score: 7.8]', 'Traffic congestion level (Road) [score: 6.0]', 'Disruption: Equipment Failure [score: 5.9]']",Escalate to operations manager; activate emergency reroute.,2026-03-12 07:53 UTC,IMMEDIATE
SHP100464,HIGH,0.8811,2024-07-22,0,Dubai,Singapore,Maersk,Air,"['Port congestion [score: 6.0]', 'Weather severity (Heavy Rain) [score: 4.6]', 'Traffic congestion level (Air) [score: 3.0]']",Trigger intervention protocol immediately.,2026-03-12 07:53 UTC,IMMEDIATE
SHP100465,CRITICAL,1.0,2024-03-19,0,Dubai,Chicago,DHL,Sea,"['Customs hold active [score: 8.0]', 'Port congestion [score: 4.0]', 'Disruption: Traffic Jam [score: 3.9]']",Escalate to operations manager; activate emergency reroute.,2026-03-12 07:53 UTC,IMMEDIATE
SHP100466,CRITICAL,0.9999,2023-11-19,0,Hamburg,London,FedEx,Sea,"['Port congestion [score: 10.0]', 'Disruption: Natural Disaster [score: 9.6]', 'Weather severity (Blizzard) [score: 8.8]']",Escalate to operations manager; activate emergency reroute.,2026-03-12 07:53 UTC,IMMEDIATE
SHP100467,CRITICAL,1.0,2024-09-15,0,Mumbai,Singapore,UPS,Air,"['Disruption: Natural Disaster [score: 10.5]', 'Weather severity (Blizzard) [score: 8.9]', 'Port congestion [score: 7.0]']",Escalate to operations manager; activate emergency reroute.,2026-03-12 07:53 UTC,IMMEDIATE
SHP100468,CRITICAL,1.0,2024-02-24,0,Hamburg,London,FedEx,Air,"['Disruption: Port Strike [score: 9.0]', 'Customs hold active [score: 8.0]', 'Port congestion [score: 5.0]']",Escalate to operations manager; activate emergency reroute.,2026-03-12 07:53 UTC,IMMEDIATE
SHP100469,CRITICAL,1.0,2023-04-10,0,Hamburg,New York,DHL,Air,"['Port congestion [score: 8.0]', 'Weather severity (Snow) [score: 6.5]', 'Disruption: Traffic Jam [score: 4.3]']",Escalate to operations manager; activate emergency reroute.,2026-03-12 07:53 UTC,IMMEDIATE
SHP100470,CRITICAL,1.0,2024-08-17,0,Shanghai,Chicago,XPO Logistics,Road,"['Disruption: Port Strike [score: 9.5]', 'Traffic congestion level (Road) [score: 9.0]', 'Port congestion [score: 5.0]']",Escalate to operations manager; activate emergency reroute.,2026-03-12 07:53 UTC,IMMEDIATE
SHP100471,CRITICAL,1.0,2024-09-25,0,Rotterdam,Sydney,DHL,Sea,"['Disruption: Port Strike [score: 9.0]', 'Customs hold active [score: 8.0]', 'Port congestion [score: 6.0]']",Escalate to operations manager; activate emergency reroute.,2026-03-12 07:53 UTC,IMMEDIATE
SHP100472,CRITICAL,0.9999,2024-11-03,0,Mumbai,Sydney,DHL,Rail,"['Weather severity (Storm) [score: 7.6]', 'Traffic congestion level (Rail) [score: 4.0]', 'High route risk [score: 3.0]']",Escalate to operations manager; activate emergency reroute.,2026-03-12 07:53 UTC,IMMEDIATE
SHP100473,CRITICAL,1.0,2023-05-07,0,Los Angeles,London,DB Schenker,Road,"['Disruption: Natural Disaster [score: 9.8]', 'Port congestion [score: 7.0]', 'Traffic congestion level (Road) [score: 6.0]']",Escalate to operations manager; activate emergency reroute.,2026-03-12 07:53 UTC,IMMEDIATE
SHP100474,CRITICAL,1.0,2023-05-29,0,Hamburg,Singapore,FedEx,Sea,"['Port congestion [score: 7.0]', 'Traffic congestion level (Sea) [score: 6.0]', 'High historical delay rate [score: 3.4]']",Escalate to operations manager; activate emergency reroute.,2026-03-12 07:53 UTC,IMMEDIATE
SHP100475,CRITICAL,1.0,2023-04-06,0,Los Angeles,New York,DB Schenker,Rail,"['Weather severity (Storm) [score: 8.4]', 'Port congestion [score: 8.0]', 'Customs hold active [score: 8.0]']",Escalate to operations manager; activate emergency reroute.,2026-03-12 07:53 UTC,IMMEDIATE
SHP100476,CRITICAL,0.9999,2023-09-25,0,Rotterdam,New York,DB Schenker,Sea,"['Weather severity (Storm) [score: 7.6]', 'Traffic congestion level (Sea) [score: 5.0]', 'High route risk [score: 4.5]']",Escalate to operations manager; activate emergency reroute.,2026-03-12 07:53 UTC,IMMEDIATE
SHP100477,CRITICAL,1.0,2024-06-13,0,Rotterdam,London,XPO Logistics,Air,"['Weather severity (Blizzard) [score: 9.4]', 'High route risk [score: 4.2]', 'Disruption: Traffic Jam [score: 3.9]']",Escalate to operations manager; activate emergency reroute.,2026-03-12 07:53 UTC,IMMEDIATE
SHP100478,CRITICAL,1.0,2023-12-15,0,Hamburg,New York,DHL,Sea,"['Disruption: Port Strike [score: 9.1]', 'Customs hold active [score: 8.0]', 'Weather severity (Storm) [score: 8.0]']",Escalate to operations manager; activate emergency reroute.,2026-03-12 07:53 UTC,IMMEDIATE
SHP100479,CRITICAL,1.0,2023-08-04,0,Hamburg,Singapore,Maersk,Road,"['Traffic congestion level (Road) [score: 9.0]', 'Weather severity (Storm) [score: 7.5]', 'Port congestion [score: 7.0]']",Escalate to operations manager; activate emergency reroute.,2026-03-12 07:53 UTC,IMMEDIATE
SHP100480,CRITICAL,1.0,2024-06-07,0,Hamburg,Chicago,UPS,Road,"['Disruption: Equipment Failure [score: 6.4]', 'Traffic congestion level (Road) [score: 6.0]', 'Weather severity (Snow) [score: 5.9]']",Escalate to operations manager; activate emergency reroute.,2026-03-12 07:53 UTC,IMMEDIATE
SHP100481,CRITICAL,1.0,2024-07-03,0,Mumbai,Singapore,FedEx,Sea,"['Disruption: Port Strike [score: 9.0]', 'Traffic congestion level (Sea) [score: 6.0]', 'Weather severity (Heavy Rain) [score: 5.1]']",Escalate to operations manager; activate emergency reroute.,2026-03-12 07:53 UTC,IMMEDIATE
SHP100482,CRITICAL,1.0,2024-07-18,0,Hamburg,Tokyo,UPS,Sea,"['Disruption: Natural Disaster [score: 10.3]', 'Port congestion [score: 4.0]', 'Traffic congestion level (Sea) [score: 3.0]']",Escalate to operations manager; activate emergency reroute.,2026-03-12 07:53 UTC,IMMEDIATE
SHP100483,CRITICAL,1.0,2024-10-29,0,Hamburg,Singapore,XPO Logistics,Air,"['Port congestion [score: 10.0]', 'Customs hold active [score: 8.0]', 'High route risk [score: 3.8]']",Escalate to operations manager; activate emergency reroute.,2026-03-12 07:53 UTC,IMMEDIATE
SHP100484,CRITICAL,1.0,2023-06-15,0,Dubai,New York,Maersk,Air,"['Customs hold active [score: 8.0]', 'Weather severity (Storm) [score: 7.9]', 'Port congestion [score: 5.0]']",Escalate to operations manager; activate emergency reroute.,2026-03-12 07:53 UTC,IMMEDIATE
SHP100485,CRITICAL,1.0,2024-09-03,0,Shanghai,Sydney,XPO Logistics,Rail,"['Port congestion [score: 9.0]', 'Weather severity (Snow) [score: 5.7]', 'Traffic congestion level (Rail) [score: 5.0]']",Escalate to operations manager; activate emergency reroute.,2026-03-12 07:53 UTC,IMMEDIATE
SHP100486,CRITICAL,0.9998,2024-05-10,0,Dubai,Chicago,Maersk,Air,"['Port congestion [score: 7.0]', 'High route risk [score: 3.3]', 'Traffic congestion level (Air) [score: 2.0]']",Escalate to operations manager; activate emergency reroute.,2026-03-12 07:53 UTC,IMMEDIATE
SHP100487,CRITICAL,1.0,2024-05-05,0,Rotterdam,Singapore,FedEx,Sea,"['Disruption: Port Strike [score: 8.8]', 'Traffic congestion level (Sea) [score: 6.0]', 'Weather severity (Snow) [score: 5.8]']",Escalate to operations manager; activate emergency reroute.,2026-03-12 07:53 UTC,IMMEDIATE
SHP100488,CRITICAL,1.0,2024-12-10,0,Dubai,Singapore,FedEx,Sea,"['Customs hold active [score: 8.0]', 'Weather severity (Heavy Rain) [score: 5.2]', 'Traffic congestion level (Sea) [score: 5.0]']",Escalate to operations manager; activate emergency reroute.,2026-03-12 07:53 UTC,IMMEDIATE
SHP100489,CRITICAL,1.0,2023-07-03,0,Hamburg,Tokyo,UPS,Road,"['Port congestion [score: 9.0]', 'Traffic congestion level (Road) [score: 8.0]', 'High route risk [score: 3.4]']",Escalate to operations manager; activate emergency reroute.,2026-03-12 07:53 UTC,IMMEDIATE
SHP100490,CRITICAL,0.9999,2023-08-12,0,Los Angeles,Chicago,XPO Logistics,Sea,"['Port congestion [score: 4.0]', 'Weather severity (Fog) [score: 3.8]', 'Traffic congestion level (Sea) [score: 3.0]']",Escalate to operations manager; activate emergency reroute.,2026-03-12 07:53 UTC,IMMEDIATE
SHP100491,CRITICAL,1.0,2023-07-25,0,Hamburg,Singapore,UPS,Road,"['Traffic congestion level (Road) [score: 9.0]', 'Port congestion [score: 9.0]', 'High route risk [score: 4.4]']",Escalate to operations manager; activate emergency reroute.,2026-03-12 07:53 UTC,IMMEDIATE
SHP100492,CRITICAL,1.0,2023-03-13,0,Mumbai,Sydney,UPS,Road,"['Port congestion [score: 10.0]', 'Weather severity (Blizzard) [score: 8.5]', 'Traffic congestion level (Road) [score: 7.0]']",Escalate to operations manager; activate emergency reroute.,2026-03-12 07:53 UTC,IMMEDIATE
SHP100493,CRITICAL,1.0,2023-01-16,0,Dubai,Chicago,FedEx,Rail,"['Port congestion [score: 10.0]', 'Disruption: Port Strike [score: 8.6]', 'Customs hold active [score: 8.0]']",Escalate to operations manager; activate emergency reroute.,2026-03-12 07:53 UTC,IMMEDIATE
SHP100494,CRITICAL,0.9996,2024-10-01,0,Dubai,Singapore,FedEx,Rail,"['Port congestion [score: 6.0]', 'Traffic congestion level (Rail) [score: 3.0]', 'Weather severity (Rain) [score: 2.1]']",Escalate to operations manager; activate emergency reroute.,2026-03-12 07:53 UTC,IMMEDIATE
SHP100495,CRITICAL,1.0,2024-11-26,0,Shanghai,Chicago,UPS,Road,"['Disruption: Port Strike [score: 9.0]', 'Traffic congestion level (Road) [score: 7.0]', 'Weather severity (Heavy Rain) [score: 5.2]']",Escalate to operations manager; activate emergency reroute.,2026-03-12 07:53 UTC,IMMEDIATE
SHP100496,CRITICAL,1.0,2023-06-20,0,Mumbai,Singapore,FedEx,Road,"['Customs hold active [score: 8.0]', 'Traffic congestion level (Road) [score: 7.0]', 'Port congestion [score: 4.0]']",Escalate to operations manager; activate emergency reroute.,2026-03-12 07:53 UTC,IMMEDIATE
SHP100497,CRITICAL,1.0,2023-01-14,0,Mumbai,Sydney,FedEx,Air,"['Weather severity (Storm) [score: 8.1]', 'Disruption: Equipment Failure [score: 6.4]', 'Port congestion [score: 6.0]']",Escalate to operations manager; activate emergency reroute.,2026-03-12 07:53 UTC,IMMEDIATE
SHP100498,CRITICAL,1.0,2024-10-09,0,Dubai,Singapore,Maersk,Air,"['Port congestion [score: 9.0]', 'Disruption: Port Strike [score: 8.6]', 'Weather severity (Heavy Rain) [score: 4.5]']",Escalate to operations manager; activate emergency reroute.,2026-03-12 07:53 UTC,IMMEDIATE
SHP100499,CRITICAL,1.0,2024-05-07,0,Shanghai,New York,FedEx,Air,"['Disruption: Port Strike [score: 9.0]', 'Weather severity (Snow) [score: 6.2]', 'Port congestion [score: 6.0]']",Escalate to operations manager; activate emergency reroute.,2026-03-12 07:53 UTC,IMMEDIATE
