shipment_id,risk_tier,delay_probability,primary_action,primary_description,fallback_action,cost_impact,estimated_time_saving,sla_impact,confidence,reasoning
SHP100000,CRITICAL,1.0,Upgrade to Air Freight,Switch from Sea/Road/Rail to Air freight to recover time against SLA.,Send Pre-Alert to Customer,High,24–96 hours,Very High,High,"['SLA breach imminent (0h); air freight fastest recovery.', 'Customer pre-alert recommended to manage expectations proactively.']"
SHP100001,CRITICAL,1.0,Reroute Shipment,Divert the shipment to an alternative transit path that avoids the disrupted corridor.,Assign Alternative Carrier,Medium,12–48 hours,High,High,"['Active disruption (Port Strike) blocking current route.', 'Customer pre-alert recommended to manage expectations proactively.']"
SHP100002,CRITICAL,1.0,Upgrade to Air Freight,Switch from Sea/Road/Rail to Air freight to recover time against SLA.,Send Pre-Alert to Customer,High,24–96 hours,Very High,High,"['SLA breach imminent (0h); air freight fastest recovery.', 'Customer pre-alert recommended to manage expectations proactively.']"
SHP100003,CRITICAL,1.0,Upgrade to Air Freight,Switch from Sea/Road/Rail to Air freight to recover time against SLA.,Send Pre-Alert to Customer,High,24–96 hours,Very High,High,"['SLA breach imminent (0h); air freight fastest recovery.', 'Customer pre-alert recommended to manage expectations proactively.']"
SHP100004,CRITICAL,1.0,Upgrade to Air Freight,Switch from Sea/Road/Rail to Air freight to recover time against SLA.,Send Pre-Alert to Customer,High,24–96 hours,Very High,High,"['SLA breach imminent (0h); air freight fastest recovery.', 'Customer pre-alert recommended to manage expectations proactively.']"
SHP100005,CRITICAL,1.0,Upgrade to Air Freight,Switch from Sea/Road/Rail to Air freight to recover time against SLA.,Send Pre-Alert to Customer,High,24–96 hours,Very High,High,"['SLA breach imminent (0h); air freight fastest recovery.', 'Customer pre-alert recommended to manage expectations proactively.']"
SHP100006,CRITICAL,1.0,Upgrade to Air Freight,Switch from Sea/Road/Rail to Air freight to recover time against SLA.,Send Pre-Alert to Customer,High,24–96 hours,Very High,High,"['SLA breach imminent (0h); air freight fastest recovery.', 'Customer pre-alert recommended to manage expectations proactively.']"
SHP100007,CRITICAL,1.0,Upgrade to Air Freight,Switch from Sea/Road/Rail to Air freight to recover time against SLA.,Send Pre-Alert to Customer,High,24–96 hours,Very High,High,"['SLA breach imminent (0h); air freight fastest recovery.', 'Customer pre-alert recommended to manage expectations proactively.']"
SHP100008,CRITICAL,1.0,Upgrade to Air Freight,Switch from Sea/Road/Rail to Air freight to recover time against SLA.,Send Pre-Alert to Customer,High,24–96 hours,Very High,High,"['SLA breach imminent (0h); air freight fastest recovery.', 'Customer pre-alert recommended to manage expectations proactively.']"
SHP100009,CRITICAL,1.0,Upgrade to Air Freight,Switch from Sea/Road/Rail to Air freight to recover time against SLA.,Send Pre-Alert to Customer,High,24–96 hours,Very High,High,"['SLA breach imminent (0h); air freight fastest recovery.', 'Customer pre-alert recommended to manage expectations proactively.']"
SHP100010,CRITICAL,1.0,Reroute Shipment,Divert the shipment to an alternative transit path that avoids the disrupted corridor.,Assign Alternative Carrier,Medium,12–48 hours,High,High,"['Active disruption (Port Strike) blocking current route.', 'Customer pre-alert recommended to manage expectations proactively.']"
SHP100011,CRITICAL,1.0,Upgrade to Air Freight,Switch from Sea/Road/Rail to Air freight to recover time against SLA.,Send Pre-Alert to Customer,High,24–96 hours,Very High,High,"['SLA breach imminent (0h); air freight fastest recovery.', 'Customer pre-alert recommended to manage expectations proactively.']"
SHP100012,CRITICAL,1.0,Upgrade to Air Freight,Switch from Sea/Road/Rail to Air freight to recover time against SLA.,Send Pre-Alert to Customer,High,24–96 hours,Very High,High,"['SLA breach imminent (0h); air freight fastest recovery.', 'Customer pre-alert recommended to manage expectations proactively.']"
SHP100013,CRITICAL,0.9998,Upgrade to Air Freight,Switch from Sea/Road/Rail to Air freight to recover time against SLA.,Send Pre-Alert to Customer,High,24–96 hours,Very High,High,"['SLA breach imminent (0h); air freight fastest recovery.', 'Customer pre-alert recommended to manage expectations proactively.']"
SHP100014,CRITICAL,1.0,Upgrade to Air Freight,Switch from Sea/Road/Rail to Air freight to recover time against SLA.,Send Pre-Alert to Customer,High,24–96 hours,Very High,High,"['SLA breach imminent (0h); air freight fastest recovery.', 'Customer pre-alert recommended to manage expectations proactively.']"
SHP100015,CRITICAL,1.0,Upgrade to Air Freight,Switch from Sea/Road/Rail to Air freight to recover time against SLA.,Send Pre-Alert to Customer,High,24–96 hours,Very High,High,"['SLA breach imminent (0h); air freight fastest recovery.', 'Customer pre-alert recommended to manage expectations proactively.']"
SHP100016,CRITICAL,1.0,Upgrade to Air Freight,Switch from Sea/Road/Rail to Air freight to recover time against SLA.,Send Pre-Alert to Customer,High,24–96 hours,Very High,High,"['SLA breach imminent (0h); air freight fastest recovery.', 'Customer pre-alert recommended to manage expectations proactively.']"
SHP100017,CRITICAL,1.0,Upgrade to Air Freight,Switch from Sea/Road/Rail to Air freight to recover time against SLA.,Send Pre-Alert to Customer,High,24–96 hours,Very High,High,"['SLA breach imminent (0h); air freight fastest recovery.', 'Customer pre-alert recommended to manage expectations proactively.']"
SHP100018,CRITICAL,1.0,Upgrade to Air Freight,Switch from Sea/Road/Rail to Air freight to recover time against SLA.,Send Pre-Alert to Customer,High,24–96 hours,Very High,High,"['SLA breach imminent (0h); air freight fastest recovery.', 'Customer pre-alert recommended to manage expectations proactively.']"
SHP100019,CRITICAL,1.0,Upgrade to Air Freight,Switch from Sea/Road/Rail to Air freight to recover time against SLA.,Send Pre-Alert to Customer,High,24–96 hours,Very High,High,"['SLA breach imminent (0h); air freight fastest recovery.', 'Customer pre-alert recommended to manage expectations proactively.']"
SHP100020,CRITICAL,1.0,Upgrade to Air Freight,Switch from Sea/Road/Rail to Air freight to recover time against SLA.,Send Pre-Alert to Customer,High,24–96 hours,Very High,High,"['SLA breach imminent (0h); air freight fastest recovery.', 'Customer pre-alert recommended to manage expectations proactively.']"
SHP100021,CRITICAL,1.0,Upgrade to Air Freight,Switch from Sea/Road/Rail to Air freight to recover time against SLA.,Send Pre-Alert to Customer,High,24–96 hours,Very High,High,"['SLA breach imminent (0h); air freight fastest recovery.', 'Customer pre-alert recommended to manage expectations proactively.']"
SHP100022,CRITICAL,1.0,Priority / Express Handling,"Flag for expedited processing at next handling point (customs, warehouse, port).",Send Pre-Alert to Customer,Low-Medium,4–12 hours,Medium,High,"['General elevated risk; priority handling advised as first response.', 'Customer pre-alert recommended to manage expectations proactively.']"
SHP100023,CRITICAL,1.0,Upgrade to Air Freight,Switch from Sea/Road/Rail to Air freight to recover time against SLA.,Send Pre-Alert to Customer,High,24–96 hours,Very High,High,"['SLA breach imminent (0h); air freight fastest recovery.', 'Customer pre-alert recommended to manage expectations proactively.']"
SHP100024,CRITICAL,1.0,Upgrade to Air Freight,Switch from Sea/Road/Rail to Air freight to recover time against SLA.,Send Pre-Alert to Customer,High,24–96 hours,Very High,High,"['SLA breach imminent (0h); air freight fastest recovery.', 'Customer pre-alert recommended to manage expectations proactively.']"
SHP100025,CRITICAL,1.0,Upgrade to Air Freight,Switch from Sea/Road/Rail to Air freight to recover time against SLA.,Send Pre-Alert to Customer,High,24–96 hours,Very High,High,"['SLA breach imminent (0h); air freight fastest recovery.', 'Customer pre-alert recommended to manage expectations proactively.']"
SHP100026,CRITICAL,1.0,Priority / Express Handling,"Flag for expedited processing at next handling point (customs, warehouse, port).",Send Pre-Alert to Customer,Low-Medium,4–12 hours,Medium,High,"['General elevated risk; priority handling advised as first response.', 'Customer pre-alert recommended to manage expectations proactively.']"
SHP100027,CRITICAL,1.0,Upgrade to Air Freight,Switch from Sea/Road/Rail to Air freight to recover time against SLA.,Send Pre-Alert to Customer,High,24–96 hours,Very High,High,"['SLA breach imminent (0h); air freight fastest recovery.', 'Customer pre-alert recommended to manage expectations proactively.']"
SHP100028,CRITICAL,1.0,Upgrade to Air Freight,Switch from Sea/Road/Rail to Air freight to recover time against SLA.,Send Pre-Alert to Customer,High,24–96 hours,Very High,High,"['SLA breach imminent (0h); air freight fastest recovery.', 'Customer pre-alert recommended to manage expectations proactively.']"
SHP100029,CRITICAL,1.0,Reroute Shipment,Divert the shipment to an alternative transit path that avoids the disrupted corridor.,Assign Alternative Carrier,Medium,12–48 hours,High,High,"['Active disruption (Port Strike) blocking current route.', 'Customer pre-alert recommended to manage expectations proactively.']"
SHP100030,CRITICAL,1.0,Upgrade to Air Freight,Switch from Sea/Road/Rail to Air freight to recover time against SLA.,Send Pre-Alert to Customer,High,24–96 hours,Very High,High,"['SLA breach imminent (0h); air freight fastest recovery.', 'Customer pre-alert recommended to manage expectations proactively.']"
SHP100031,CRITICAL,1.0,Upgrade to Air Freight,Switch from Sea/Road/Rail to Air freight to recover time against SLA.,Send Pre-Alert to Customer,High,24–96 hours,Very High,High,"['SLA breach imminent (0h); air freight fastest recovery.', 'Customer pre-alert recommended to manage expectations proactively.']"
SHP100032,CRITICAL,1.0,Upgrade to Air Freight,Switch from Sea/Road/Rail to Air freight to recover time against SLA.,Send Pre-Alert to Customer,High,24–96 hours,Very High,High,"['SLA breach imminent (0h); air freight fastest recovery.', 'Customer pre-alert recommended to manage expectations proactively.']"
SHP100033,CRITICAL,1.0,Upgrade to Air Freight,Switch from Sea/Road/Rail to Air freight to recover time against SLA.,Send Pre-Alert to Customer,High,24–96 hours,Very High,High,"['SLA breach imminent (0h); air freight fastest recovery.', 'Customer pre-alert recommended to manage expectations proactively.']"
SHP100034,CRITICAL,1.0,Upgrade to Air Freight,Switch from Sea/Road/Rail to Air freight to recover time against SLA.,Send Pre-Alert to Customer,High,24–96 hours,Very High,High,"['SLA breach imminent (0h); air freight fastest recovery.', 'Customer pre-alert recommended to manage expectations proactively.']"
SHP100035,CRITICAL,1.0,Upgrade to Air Freight,Switch from Sea/Road/Rail to Air freight to recover time against SLA.,Send Pre-Alert to Customer,High,24–96 hours,Very High,High,"['SLA breach imminent (0h); air freight fastest recovery.', 'Customer pre-alert recommended to manage expectations proactively.']"
SHP100036,CRITICAL,1.0,Reroute Shipment,Divert the shipment to an alternative transit path that avoids the disrupted corridor.,Assign Alternative Carrier,Medium,12–48 hours,High,High,"['Active disruption (Port Strike) blocking current route.', 'Customer pre-alert recommended to manage expectations proactively.']"
SHP100037,CRITICAL,1.0,Upgrade to Air Freight,Switch from Sea/Road/Rail to Air freight to recover time against SLA.,Send Pre-Alert to Customer,High,24–96 hours,Very High,High,"['SLA breach imminent (0h); air freight fastest recovery.', 'Customer pre-alert recommended to manage expectations proactively.']"
SHP100038,CRITICAL,1.0,Expedite Customs Clearance,Engage customs broker for accelerated clearance to prevent dwell time accumulation.,Priority / Express Handling,Low,8–24 hours,Medium-High,High,"['Customs clearance flag active; broker escalation cuts dwell time.', 'Customer pre-alert recommended to manage expectations proactively.']"
SHP100039,CRITICAL,1.0,Upgrade to Air Freight,Switch from Sea/Road/Rail to Air freight to recover time against SLA.,Send Pre-Alert to Customer,High,24–96 hours,Very High,High,"['SLA breach imminent (0h); air freight fastest recovery.', 'Customer pre-alert recommended to manage expectations proactively.']"
SHP100040,CRITICAL,0.9957,Assign Alternative Carrier,Transfer the shipment to a more reliable carrier with available capacity on the same route.,Send Pre-Alert to Customer,Medium-High,6–24 hours,Medium,High,"['Carrier reliability (83%) below threshold; swap to higher-rated carrier.', 'Customer pre-alert recommended to manage expectations proactively.']"
SHP100041,CRITICAL,1.0,Reroute Shipment,Divert the shipment to an alternative transit path that avoids the disrupted corridor.,Assign Alternative Carrier,Medium,12–48 hours,High,High,"['Active disruption (Natural Disaster) blocking current route.', 'Customer pre-alert recommended to manage expectations proactively.']"
SHP100042,CRITICAL,1.0,Upgrade to Air Freight,Switch from Sea/Road/Rail to Air freight to recover time against SLA.,Send Pre-Alert to Customer,High,24–96 hours,Very High,High,"['SLA breach imminent (0h); air freight fastest recovery.', 'Customer pre-alert recommended to manage expectations proactively.']"
SHP100043,CRITICAL,1.0,Upgrade to Air Freight,Switch from Sea/Road/Rail to Air freight to recover time against SLA.,Send Pre-Alert to Customer,High,24–96 hours,Very High,High,"['SLA breach imminent (0h); air freight fastest recovery.', 'Customer pre-alert recommended to manage expectations proactively.']"
SHP100044,CRITICAL,1.0,Upgrade to Air Freight,Switch from Sea/Road/Rail to Air freight to recover time against SLA.,Send Pre-Alert to Customer,High,24–96 hours,Very High,High,"['SLA breach imminent (0h); air freight fastest recovery.', 'Customer pre-alert recommended to manage expectations proactively.']"
SHP100045,CRITICAL,1.0,Upgrade to Air Freight,Switch from Sea/Road/Rail to Air freight to recover time against SLA.,Send Pre-Alert to Customer,High,24–96 hours,Very High,High,"['SLA breach imminent (0h); air freight fastest recovery.', 'Customer pre-alert recommended to manage expectations proactively.']"
SHP100046,CRITICAL,1.0,Reroute Shipment,Divert the shipment to an alternative transit path that avoids the disrupted corridor.,Assign Alternative Carrier,Medium,12–48 hours,High,High,"['Active disruption (Natural Disaster) blocking current route.', 'Customer pre-alert recommended to manage expectations proactively.']"
SHP100047,CRITICAL,1.0,Upgrade to Air Freight,Switch from Sea/Road/Rail to Air freight to recover time against SLA.,Send Pre-Alert to Customer,High,24–96 hours,Very High,High,"['SLA breach imminent (0h); air freight fastest recovery.', 'Customer pre-alert recommended to manage expectations proactively.']"
SHP100048,CRITICAL,1.0,Upgrade to Air Freight,Switch from Sea/Road/Rail to Air freight to recover time against SLA.,Send Pre-Alert to Customer,High,24–96 hours,Very High,High,"['SLA breach imminent (0h); air freight fastest recovery.', 'Customer pre-alert recommended to manage expectations proactively.']"
SHP100049,CRITICAL,1.0,Upgrade to Air Freight,Switch from Sea/Road/Rail to Air freight to recover time against SLA.,Send Pre-Alert to Customer,High,24–96 hours,Very High,High,"['SLA breach imminent (0h); air freight fastest recovery.', 'Customer pre-alert recommended to manage expectations proactively.']"
SHP100050,CRITICAL,1.0,Upgrade to Air Freight,Switch from Sea/Road/Rail to Air freight to recover time against SLA.,Send Pre-Alert to Customer,High,24–96 hours,Very High,High,"['SLA breach imminent (0h); air freight fastest recovery.', 'Customer pre-alert recommended to manage expectations proactively.']"
SHP100051,CRITICAL,1.0,Upgrade to Air Freight,Switch from Sea/Road/Rail to Air freight to recover time against SLA.,Send Pre-Alert to Customer,High,24–96 hours,Very High,High,"['SLA breach imminent (0h); air freight fastest recovery.', 'Customer pre-alert recommended to manage expectations proactively.']"
SHP100052,CRITICAL,1.0,Upgrade to Air Freight,Switch from Sea/Road/Rail to Air freight to recover time against SLA.,Send Pre-Alert to Customer,High,24–96 hours,Very High,High,"['SLA breach imminent (0h); air freight fastest recovery.', 'Customer pre-alert recommended to manage expectations proactively.']"
SHP100053,CRITICAL,1.0,Upgrade to Air Freight,Switch from Sea/Road/Rail to Air freight to recover time against SLA.,Send Pre-Alert to Customer,High,24–96 hours,Very High,High,"['SLA breach imminent (0h); air freight fastest recovery.', 'Customer pre-alert recommended to manage expectations proactively.']"
SHP100054,CRITICAL,1.0,Reroute Shipment,Divert the shipment to an alternative transit path that avoids the disrupted corridor.,Assign Alternative Carrier,Medium,12–48 hours,High,High,"['Active disruption (Port Strike) blocking current route.', 'Customer pre-alert recommended to manage expectations proactively.']"
SHP100055,CRITICAL,1.0,Upgrade to Air Freight,Switch from Sea/Road/Rail to Air freight to recover time against SLA.,Send Pre-Alert to Customer,High,24–96 hours,Very High,High,"['SLA breach imminent (0h); air freight fastest recovery.', 'Customer pre-alert recommended to manage expectations proactively.']"
SHP100056,CRITICAL,1.0,Upgrade to Air Freight,Switch from Sea/Road/Rail to Air freight to recover time against SLA.,Send Pre-Alert to Customer,High,24–96 hours,Very High,High,"['SLA breach imminent (0h); air freight fastest recovery.', 'Customer pre-alert recommended to manage expectations proactively.']"
SHP100057,CRITICAL,1.0,Upgrade to Air Freight,Switch from Sea/Road/Rail to Air freight to recover time against SLA.,Send Pre-Alert to Customer,High,24–96 hours,Very High,High,"['SLA breach imminent (0h); air freight fastest recovery.', 'Customer pre-alert recommended to manage expectations proactively.']"
SHP100058,CRITICAL,1.0,Upgrade to Air Freight,Switch from Sea/Road/Rail to Air freight to recover time against SLA.,Send Pre-Alert to Customer,High,24–96 hours,Very High,High,"['SLA breach imminent (0h); air freight fastest recovery.', 'Customer pre-alert recommended to manage expectations proactively.']"
SHP100059,CRITICAL,1.0,Reroute Shipment,Divert the shipment to an alternative transit path that avoids the disrupted corridor.,Assign Alternative Carrier,Medium,12–48 hours,High,High,"['Active disruption (Port Strike) blocking current route.', 'Customer pre-alert recommended to manage expectations proactively.']"
SHP100060,CRITICAL,0.9998,Upgrade to Air Freight,Switch from Sea/Road/Rail to Air freight to recover time against SLA.,Send Pre-Alert to Customer,High,24–96 hours,Very High,High,"['SLA breach imminent (0h); air freight fastest recovery.', 'Customer pre-alert recommended to manage expectations proactively.']"
SHP100061,CRITICAL,1.0,Priority / Express Handling,"Flag for expedited processing at next handling point (customs, warehouse, port).",Send Pre-Alert to Customer,Low-Medium,4–12 hours,Medium,High,"['General elevated risk; priority handling advised as first response.', 'Customer pre-alert recommended to manage expectations proactively.']"
SHP100062,CRITICAL,1.0,Upgrade to Air Freight,Switch from Sea/Road/Rail to Air freight to recover time against SLA.,Send Pre-Alert to Customer,High,24–96 hours,Very High,High,"['SLA breach imminent (0h); air freight fastest recovery.', 'Customer pre-alert recommended to manage expectations proactively.']"
SHP100063,CRITICAL,1.0,Reroute Shipment,Divert the shipment to an alternative transit path that avoids the disrupted corridor.,Assign Alternative Carrier,Medium,12–48 hours,High,High,"['Active disruption (Natural Disaster) blocking current route.', 'Customer pre-alert recommended to manage expectations proactively.']"
SHP100064,CRITICAL,1.0,Reroute Shipment,Divert the shipment to an alternative transit path that avoids the disrupted corridor.,Assign Alternative Carrier,Medium,12–48 hours,High,High,"['Active disruption (Natural Disaster) blocking current route.', 'Customer pre-alert recommended to manage expectations proactively.']"
SHP100065,CRITICAL,1.0,Upgrade to Air Freight,Switch from Sea/Road/Rail to Air freight to recover time against SLA.,Send Pre-Alert to Customer,High,24–96 hours,Very High,High,"['SLA breach imminent (0h); air freight fastest recovery.', 'Customer pre-alert recommended to manage expectations proactively.']"
SHP100066,CRITICAL,1.0,Reroute Shipment,Divert the shipment to an alternative transit path that avoids the disrupted corridor.,Assign Alternative Carrier,Medium,12–48 hours,High,High,"['Active disruption (Natural Disaster) blocking current route.', 'Customer pre-alert recommended to manage expectations proactively.']"
SHP100067,CRITICAL,1.0,Reroute Shipment,Divert the shipment to an alternative transit path that avoids the disrupted corridor.,Assign Alternative Carrier,Medium,12–48 hours,High,High,"['Active disruption (Natural Disaster) blocking current route.', 'Customer pre-alert recommended to manage expectations proactively.']"
SHP100068,CRITICAL,1.0,Upgrade to Air Freight,Switch from Sea/Road/Rail to Air freight to recover time against SLA.,Send Pre-Alert to Customer,High,24–96 hours,Very High,High,"['SLA breach imminent (0h); air freight fastest recovery.', 'Customer pre-alert recommended to manage expectations proactively.']"
SHP100069,CRITICAL,1.0,Upgrade to Air Freight,Switch from Sea/Road/Rail to Air freight to recover time against SLA.,Send Pre-Alert to Customer,High,24–96 hours,Very High,High,"['SLA breach imminent (0h); air freight fastest recovery.', 'Customer pre-alert recommended to manage expectations proactively.']"
SHP100070,CRITICAL,1.0,Upgrade to Air Freight,Switch from Sea/Road/Rail to Air freight to recover time against SLA.,Send Pre-Alert to Customer,High,24–96 hours,Very High,High,"['SLA breach imminent (0h); air freight fastest recovery.', 'Customer pre-alert recommended to manage expectations proactively.']"
SHP100071,CRITICAL,1.0,Upgrade to Air Freight,Switch from Sea/Road/Rail to Air freight to recover time against SLA.,Send Pre-Alert to Customer,High,24–96 hours,Very High,High,"['SLA breach imminent (0h); air freight fastest recovery.', 'Customer pre-alert recommended to manage expectations proactively.']"
SHP100072,CRITICAL,1.0,Upgrade to Air Freight,Switch from Sea/Road/Rail to Air freight to recover time against SLA.,Send Pre-Alert to Customer,High,24–96 hours,Very High,High,"['SLA breach imminent (0h); air freight fastest recovery.', 'Customer pre-alert recommended to manage expectations proactively.']"
SHP100073,CRITICAL,1.0,Upgrade to Air Freight,Switch from Sea/Road/Rail to Air freight to recover time against SLA.,Send Pre-Alert to Customer,High,24–96 hours,Very High,High,"['SLA breach imminent (0h); air freight fastest recovery.', 'Customer pre-alert recommended to manage expectations proactively.']"
SHP100074,CRITICAL,1.0,Upgrade to Air Freight,Switch from Sea/Road/Rail to Air freight to recover time against SLA.,Send Pre-Alert to Customer,High,24–96 hours,Very High,High,"['SLA breach imminent (0h); air freight fastest recovery.', 'Customer pre-alert recommended to manage expectations proactively.']"
SHP100075,CRITICAL,0.9998,Upgrade to Air Freight,Switch from Sea/Road/Rail to Air freight to recover time against SLA.,Send Pre-Alert to Customer,High,24–96 hours,Very High,High,"['SLA breach imminent (0h); air freight fastest recovery.', 'Customer pre-alert recommended to manage expectations proactively.']"
SHP100076,CRITICAL,1.0,Assign Alternative Carrier,Transfer the shipment to a more reliable carrier with available capacity on the same route.,Send Pre-Alert to Customer,Medium-High,6–24 hours,Medium,High,"['Carrier reliability (82%) below threshold; swap to higher-rated carrier.', 'Customer pre-alert recommended to manage expectations proactively.']"
SHP100077,CRITICAL,1.0,Upgrade to Air Freight,Switch from Sea/Road/Rail to Air freight to recover time against SLA.,Send Pre-Alert to Customer,High,24–96 hours,Very High,High,"['SLA breach imminent (0h); air freight fastest recovery.', 'Customer pre-alert recommended to manage expectations proactively.']"
SHP100078,CRITICAL,1.0,Upgrade to Air Freight,Switch from Sea/Road/Rail to Air freight to recover time against SLA.,Send Pre-Alert to Customer,High,24–96 hours,Very High,High,"['SLA breach imminent (0h); air freight fastest recovery.', 'Customer pre-alert recommended to manage expectations proactively.']"
SHP100079,CRITICAL,1.0,Reroute Shipment,Divert the shipment to an alternative transit path that avoids the disrupted corridor.,Assign Alternative Carrier,Medium,12–48 hours,High,High,"['Active disruption (Natural Disaster) blocking current route.', 'Customer pre-alert recommended to manage expectations proactively.']"
SHP100080,CRITICAL,0.9837,Upgrade to Air Freight,Switch from Sea/Road/Rail to Air freight to recover time against SLA.,Send Pre-Alert to Customer,High,24–96 hours,Very High,High,"['SLA breach imminent (0h); air freight fastest recovery.', 'Customer pre-alert recommended to manage expectations proactively.']"
SHP100081,CRITICAL,1.0,Upgrade to Air Freight,Switch from Sea/Road/Rail to Air freight to recover time against SLA.,Send Pre-Alert to Customer,High,24–96 hours,Very High,High,"['SLA breach imminent (0h); air freight fastest recovery.', 'Customer pre-alert recommended to manage expectations proactively.']"
SHP100082,CRITICAL,1.0,Upgrade to Air Freight,Switch from Sea/Road/Rail to Air freight to recover time against SLA.,Send Pre-Alert to Customer,High,24–96 hours,Very High,High,"['SLA breach imminent (0h); air freight fastest recovery.', 'Customer pre-alert recommended to manage expectations proactively.']"
SHP100083,CRITICAL,1.0,Reroute Shipment,Divert the shipment to an alternative transit path that avoids the disrupted corridor.,Assign Alternative Carrier,Medium,12–48 hours,High,High,"['Active disruption (Port Strike) blocking current route.', 'Customer pre-alert recommended to manage expectations proactively.']"
SHP100084,CRITICAL,1.0,Upgrade to Air Freight,Switch from Sea/Road/Rail to Air freight to recover time against SLA.,Send Pre-Alert to Customer,High,24–96 hours,Very High,High,"['SLA breach imminent (0h); air freight fastest recovery.', 'Customer pre-alert recommended to manage expectations proactively.']"
SHP100085,CRITICAL,1.0,Upgrade to Air Freight,Switch from Sea/Road/Rail to Air freight to recover time against SLA.,Send Pre-Alert to Customer,High,24–96 hours,Very High,High,"['SLA breach imminent (0h); air freight fastest recovery.', 'Customer pre-alert recommended to manage expectations proactively.']"
SHP100086,CRITICAL,1.0,Upgrade to Air Freight,Switch from Sea/Road/Rail to Air freight to recover time against SLA.,Send Pre-Alert to Customer,High,24–96 hours,Very High,High,"['SLA breach imminent (0h); air freight fastest recovery.', 'Customer pre-alert recommended to manage expectations proactively.']"
SHP100087,CRITICAL,1.0,Upgrade to Air Freight,Switch from Sea/Road/Rail to Air freight to recover time against SLA.,Send Pre-Alert to Customer,High,24–96 hours,Very High,High,"['SLA breach imminent (0h); air freight fastest recovery.', 'Customer pre-alert recommended to manage expectations proactively.']"
SHP100088,CRITICAL,1.0,Upgrade to Air Freight,Switch from Sea/Road/Rail to Air freight to recover time against SLA.,Send Pre-Alert to Customer,High,24–96 hours,Very High,High,"['SLA breach imminent (0h); air freight fastest recovery.', 'Customer pre-alert recommended to manage expectations proactively.']"
SHP100089,CRITICAL,1.0,Upgrade to Air Freight,Switch from Sea/Road/Rail to Air freight to recover time against SLA.,Send Pre-Alert to Customer,High,24–96 hours,Very High,High,"['SLA breach imminent (0h); air freight fastest recovery.', 'Customer pre-alert recommended to manage expectations proactively.']"
SHP100090,CRITICAL,1.0,Upgrade to Air Freight,Switch from Sea/Road/Rail to Air freight to recover time against SLA.,Send Pre-Alert to Customer,High,24–96 hours,Very High,High,"['SLA breach imminent (0h); air freight fastest recovery.', 'Customer pre-alert recommended to manage expectations proactively.']"
SHP100091,CRITICAL,1.0,Upgrade to Air Freight,Switch from Sea/Road/Rail to Air freight to recover time against SLA.,Send Pre-Alert to Customer,High,24–96 hours,Very High,High,"['SLA breach imminent (0h); air freight fastest recovery.', 'Customer pre-alert recommended to manage expectations proactively.']"
SHP100092,CRITICAL,1.0,Upgrade to Air Freight,Switch from Sea/Road/Rail to Air freight to recover time against SLA.,Send Pre-Alert to Customer,High,24–96 hours,Very High,High,"['SLA breach imminent (0h); air freight fastest recovery.', 'Customer pre-alert recommended to manage expectations proactively.']"
SHP100093,CRITICAL,1.0,Upgrade to Air Freight,Switch from Sea/Road/Rail to Air freight to recover time against SLA.,Send Pre-Alert to Customer,High,24–96 hours,Very High,High,"['SLA breach imminent (0h); air freight fastest recovery.', 'Customer pre-alert recommended to manage expectations proactively.']"
SHP100094,CRITICAL,1.0,Assign Alternative Carrier,Transfer the shipment to a more reliable carrier with available capacity on the same route.,Send Pre-Alert to Customer,Medium-High,6–24 hours,Medium,High,"['Carrier reliability (84%) below threshold; swap to higher-rated carrier.', 'Customer pre-alert recommended to manage expectations proactively.']"
SHP100096,CRITICAL,1.0,Upgrade to Air Freight,Switch from Sea/Road/Rail to Air freight to recover time against SLA.,Send Pre-Alert to Customer,High,24–96 hours,Very High,High,"['SLA breach imminent (0h); air freight fastest recovery.', 'Customer pre-alert recommended to manage expectations proactively.']"
SHP100097,CRITICAL,1.0,Expedite Customs Clearance,Engage customs broker for accelerated clearance to prevent dwell time accumulation.,Priority / Express Handling,Low,8–24 hours,Medium-High,High,"['Customs clearance flag active; broker escalation cuts dwell time.', 'Customer pre-alert recommended to manage expectations proactively.']"
SHP100098,CRITICAL,1.0,Upgrade to Air Freight,Switch from Sea/Road/Rail to Air freight to recover time against SLA.,Send Pre-Alert to Customer,High,24–96 hours,Very High,High,"['SLA breach imminent (0h); air freight fastest recovery.', 'Customer pre-alert recommended to manage expectations proactively.']"
SHP100099,CRITICAL,1.0,Upgrade to Air Freight,Switch from Sea/Road/Rail to Air freight to recover time against SLA.,Send Pre-Alert to Customer,High,24–96 hours,Very High,High,"['SLA breach imminent (0h); air freight fastest recovery.', 'Customer pre-alert recommended to manage expectations proactively.']"
SHP100100,CRITICAL,1.0,Priority / Express Handling,"Flag for expedited processing at next handling point (customs, warehouse, port).",Send Pre-Alert to Customer,Low-Medium,4–12 hours,Medium,High,"['General elevated risk; priority handling advised as first response.', 'Customer pre-alert recommended to manage expectations proactively.']"
SHP100101,CRITICAL,1.0,Upgrade to Air Freight,Switch from Sea/Road/Rail to Air freight to recover time against SLA.,Send Pre-Alert to Customer,High,24–96 hours,Very High,High,"['SLA breach imminent (0h); air freight fastest recovery.', 'Customer pre-alert recommended to manage expectations proactively.']"
SHP100102,CRITICAL,1.0,Upgrade to Air Freight,Switch from Sea/Road/Rail to Air freight to recover time against SLA.,Send Pre-Alert to Customer,High,24–96 hours,Very High,High,"['SLA breach imminent (0h); air freight fastest recovery.', 'Customer pre-alert recommended to manage expectations proactively.']"
SHP100103,CRITICAL,1.0,Reroute Shipment,Divert the shipment to an alternative transit path that avoids the disrupted corridor.,Assign Alternative Carrier,Medium,12–48 hours,High,High,"['Active disruption (Natural Disaster) blocking current route.', 'Customer pre-alert recommended to manage expectations proactively.']"
SHP100104,CRITICAL,1.0,Upgrade to Air Freight,Switch from Sea/Road/Rail to Air freight to recover time against SLA.,Send Pre-Alert to Customer,High,24–96 hours,Very High,High,"['SLA breach imminent (0h); air freight fastest recovery.', 'Customer pre-alert recommended to manage expectations proactively.']"
SHP100105,CRITICAL,1.0,Priority / Express Handling,"Flag for expedited processing at next handling point (customs, warehouse, port).",Send Pre-Alert to Customer,Low-Medium,4–12 hours,Medium,High,"['General elevated risk; priority handling advised as first response.', 'Customer pre-alert recommended to manage expectations proactively.']"
SHP100106,CRITICAL,1.0,Reroute Shipment,Divert the shipment to an alternative transit path that avoids the disrupted corridor.,Assign Alternative Carrier,Medium,12–48 hours,High,High,"['Active disruption (Port Strike) blocking current route.', 'Customer pre-alert recommended to manage expectations proactively.']"
SHP100107,CRITICAL,1.0,Upgrade to Air Freight,Switch from Sea/Road/Rail to Air freight to recover time against SLA.,Send Pre-Alert to Customer,High,24–96 hours,Very High,High,"['SLA breach imminent (0h); air freight fastest recovery.', 'Customer pre-alert recommended to manage expectations proactively.']"
SHP100108,CRITICAL,1.0,Upgrade to Air Freight,Switch from Sea/Road/Rail to Air freight to recover time against SLA.,Send Pre-Alert to Customer,High,24–96 hours,Very High,High,"['SLA breach imminent (0h); air freight fastest recovery.', 'Customer pre-alert recommended to manage expectations proactively.']"
SHP100109,CRITICAL,1.0,Reroute Shipment,Divert the shipment to an alternative transit path that avoids the disrupted corridor.,Assign Alternative Carrier,Medium,12–48 hours,High,High,"['Active disruption (Natural Disaster) blocking current route.', 'Customer pre-alert recommended to manage expectations proactively.']"
SHP100110,CRITICAL,1.0,Upgrade to Air Freight,Switch from Sea/Road/Rail to Air freight to recover time against SLA.,Send Pre-Alert to Customer,High,24–96 hours,Very High,High,"['SLA breach imminent (0h); air freight fastest recovery.', 'Customer pre-alert recommended to manage expectations proactively.']"
SHP100111,CRITICAL,1.0,Upgrade to Air Freight,Switch from Sea/Road/Rail to Air freight to recover time against SLA.,Send Pre-Alert to Customer,High,24–96 hours,Very High,High,"['SLA breach imminent (0h); air freight fastest recovery.', 'Customer pre-alert recommended to manage expectations proactively.']"
SHP100112,CRITICAL,1.0,Upgrade to Air Freight,Switch from Sea/Road/Rail to Air freight to recover time against SLA.,Send Pre-Alert to Customer,High,24–96 hours,Very High,High,"['SLA breach imminent (0h); air freight fastest recovery.', 'Customer pre-alert recommended to manage expectations proactively.']"
SHP100113,CRITICAL,1.0,Upgrade to Air Freight,Switch from Sea/Road/Rail to Air freight to recover time against SLA.,Send Pre-Alert to Customer,High,24–96 hours,Very High,High,"['SLA breach imminent (0h); air freight fastest recovery.', 'Customer pre-alert recommended to manage expectations proactively.']"
SHP100114,CRITICAL,1.0,Upgrade to Air Freight,Switch from Sea/Road/Rail to Air freight to recover time against SLA.,Send Pre-Alert to Customer,High,24–96 hours,Very High,High,"['SLA breach imminent (0h); air freight fastest recovery.', 'Customer pre-alert recommended to manage expectations proactively.']"
SHP100115,CRITICAL,1.0,Upgrade to Air Freight,Switch from Sea/Road/Rail to Air freight to recover time against SLA.,Send Pre-Alert to Customer,High,24–96 hours,Very High,High,"['SLA breach imminent (0h); air freight fastest recovery.', 'Customer pre-alert recommended to manage expectations proactively.']"
SHP100116,CRITICAL,1.0,Upgrade to Air Freight,Switch from Sea/Road/Rail to Air freight to recover time against SLA.,Send Pre-Alert to Customer,High,24–96 hours,Very High,High,"['SLA breach imminent (0h); air freight fastest recovery.', 'Customer pre-alert recommended to manage expectations proactively.']"
SHP100117,CRITICAL,1.0,Priority / Express Handling,"Flag for expedited processing at next handling point (customs, warehouse, port).",Send Pre-Alert to Customer,Low-Medium,4–12 hours,Medium,High,"['General elevated risk; priority handling advised as first response.', 'Customer pre-alert recommended to manage expectations proactively.']"
SHP100118,HIGH,0.8446,Upgrade to Air Freight,Switch from Sea/Road/Rail to Air freight to recover time against SLA.,Send Pre-Alert to Customer,High,24–96 hours,Very High,High,"['SLA breach imminent (0h); air freight fastest recovery.', 'Customer pre-alert recommended to manage expectations proactively.']"
SHP100119,CRITICAL,1.0,Upgrade to Air Freight,Switch from Sea/Road/Rail to Air freight to recover time against SLA.,Send Pre-Alert to Customer,High,24–96 hours,Very High,High,"['SLA breach imminent (0h); air freight fastest recovery.', 'Customer pre-alert recommended to manage expectations proactively.']"
SHP100120,CRITICAL,1.0,Upgrade to Air Freight,Switch from Sea/Road/Rail to Air freight to recover time against SLA.,Send Pre-Alert to Customer,High,24–96 hours,Very High,High,"['SLA breach imminent (0h); air freight fastest recovery.', 'Customer pre-alert recommended to manage expectations proactively.']"
SHP100121,CRITICAL,1.0,Upgrade to Air Freight,Switch from Sea/Road/Rail to Air freight to recover time against SLA.,Send Pre-Alert to Customer,High,24–96 hours,Very High,High,"['SLA breach imminent (0h); air freight fastest recovery.', 'Customer pre-alert recommended to manage expectations proactively.']"
SHP100122,CRITICAL,1.0,Upgrade to Air Freight,Switch from Sea/Road/Rail to Air freight to recover time against SLA.,Send Pre-Alert to Customer,High,24–96 hours,Very High,High,"['SLA breach imminent (0h); air freight fastest recovery.', 'Customer pre-alert recommended to manage expectations proactively.']"
SHP100123,CRITICAL,1.0,Upgrade to Air Freight,Switch from Sea/Road/Rail to Air freight to recover time against SLA.,Send Pre-Alert to Customer,High,24–96 hours,Very High,High,"['SLA breach imminent (0h); air freight fastest recovery.', 'Customer pre-alert recommended to manage expectations proactively.']"
SHP100124,CRITICAL,1.0,Upgrade to Air Freight,Switch from Sea/Road/Rail to Air freight to recover time against SLA.,Send Pre-Alert to Customer,High,24–96 hours,Very High,High,"['SLA breach imminent (0h); air freight fastest recovery.', 'Customer pre-alert recommended to manage expectations proactively.']"
SHP100125,CRITICAL,1.0,Upgrade to Air Freight,Switch from Sea/Road/Rail to Air freight to recover time against SLA.,Send Pre-Alert to Customer,High,24–96 hours,Very High,High,"['SLA breach imminent (0h); air freight fastest recovery.', 'Customer pre-alert recommended to manage expectations proactively.']"
SHP100126,CRITICAL,1.0,Upgrade to Air Freight,Switch from Sea/Road/Rail to Air freight to recover time against SLA.,Send Pre-Alert to Customer,High,24–96 hours,Very High,High,"['SLA breach imminent (0h); air freight fastest recovery.', 'Customer pre-alert recommended to manage expectations proactively.']"
SHP100127,CRITICAL,1.0,Upgrade to Air Freight,Switch from Sea/Road/Rail to Air freight to recover time against SLA.,Send Pre-Alert to Customer,High,24–96 hours,Very High,High,"['SLA breach imminent (0h); air freight fastest recovery.', 'Customer pre-alert recommended to manage expectations proactively.']"
SHP100128,CRITICAL,1.0,Assign Alternative Carrier,Transfer the shipment to a more reliable carrier with available capacity on the same route.,Send Pre-Alert to Customer,Medium-High,6–24 hours,Medium,High,"['Carrier reliability (83%) below threshold; swap to higher-rated carrier.', 'Customer pre-alert recommended to manage expectations proactively.']"
SHP100129,CRITICAL,1.0,Upgrade to Air Freight,Switch from Sea/Road/Rail to Air freight to recover time against SLA.,Send Pre-Alert to Customer,High,24–96 hours,Very High,High,"['SLA breach imminent (0h); air freight fastest recovery.', 'Customer pre-alert recommended to manage expectations proactively.']"
SHP100130,CRITICAL,1.0,Upgrade to Air Freight,Switch from Sea/Road/Rail to Air freight to recover time against SLA.,Send Pre-Alert to Customer,High,24–96 hours,Very High,High,"['SLA breach imminent (0h); air freight fastest recovery.', 'Customer pre-alert recommended to manage expectations proactively.']"
SHP100131,CRITICAL,1.0,Upgrade to Air Freight,Switch from Sea/Road/Rail to Air freight to recover time against SLA.,Send Pre-Alert to Customer,High,24–96 hours,Very High,High,"['SLA breach imminent (0h); air freight fastest recovery.', 'Customer pre-alert recommended to manage expectations proactively.']"
SHP100132,CRITICAL,1.0,Upgrade to Air Freight,Switch from Sea/Road/Rail to Air freight to recover time against SLA.,Send Pre-Alert to Customer,High,24–96 hours,Very High,High,"['SLA breach imminent (0h); air freight fastest recovery.', 'Customer pre-alert recommended to manage expectations proactively.']"
SHP100133,CRITICAL,1.0,Upgrade to Air Freight,Switch from Sea/Road/Rail to Air freight to recover time against SLA.,Send Pre-Alert to Customer,High,24–96 hours,Very High,High,"['SLA breach imminent (0h); air freight fastest recovery.', 'Customer pre-alert recommended to manage expectations proactively.']"
SHP100134,CRITICAL,1.0,Upgrade to Air Freight,Switch from Sea/Road/Rail to Air freight to recover time against SLA.,Send Pre-Alert to Customer,High,24–96 hours,Very High,High,"['SLA breach imminent (0h); air freight fastest recovery.', 'Customer pre-alert recommended to manage expectations proactively.']"
SHP100135,CRITICAL,1.0,Upgrade to Air Freight,Switch from Sea/Road/Rail to Air freight to recover time against SLA.,Send Pre-Alert to Customer,High,24–96 hours,Very High,High,"['SLA breach imminent (0h); air freight fastest recovery.', 'Customer pre-alert recommended to manage expectations proactively.']"
SHP100136,CRITICAL,1.0,Upgrade to Air Freight,Switch from Sea/Road/Rail to Air freight to recover time against SLA.,Send Pre-Alert to Customer,High,24–96 hours,Very High,High,"['SLA breach imminent (0h); air freight fastest recovery.', 'Customer pre-alert recommended to manage expectations proactively.']"
SHP100137,CRITICAL,1.0,Upgrade to Air Freight,Switch from Sea/Road/Rail to Air freight to recover time against SLA.,Send Pre-Alert to Customer,High,24–96 hours,Very High,High,"['SLA breach imminent (0h); air freight fastest recovery.', 'Customer pre-alert recommended to manage expectations proactively.']"
SHP100138,CRITICAL,1.0,Upgrade to Air Freight,Switch from Sea/Road/Rail to Air freight to recover time against SLA.,Send Pre-Alert to Customer,High,24–96 hours,Very High,High,"['SLA breach imminent (0h); air freight fastest recovery.', 'Customer pre-alert recommended to manage expectations proactively.']"
SHP100139,CRITICAL,1.0,Upgrade to Air Freight,Switch from Sea/Road/Rail to Air freight to recover time against SLA.,Send Pre-Alert to Customer,High,24–96 hours,Very High,High,"['SLA breach imminent (0h); air freight fastest recovery.', 'Customer pre-alert recommended to manage expectations proactively.']"
SHP100140,CRITICAL,1.0,Reroute Shipment,Divert the shipment to an alternative transit path that avoids the disrupted corridor.,Assign Alternative Carrier,Medium,12–48 hours,High,High,"['Active disruption (Port Strike) blocking current route.', 'Customer pre-alert recommended to manage expectations proactively.']"
SHP100141,CRITICAL,1.0,Upgrade to Air Freight,Switch from Sea/Road/Rail to Air freight to recover time against SLA.,Send Pre-Alert to Customer,High,24–96 hours,Very High,High,"['SLA breach imminent (0h); air freight fastest recovery.', 'Customer pre-alert recommended to manage expectations proactively.']"
SHP100142,CRITICAL,0.9992,Upgrade to Air Freight,Switch from Sea/Road/Rail to Air freight to recover time against SLA.,Send Pre-Alert to Customer,High,24–96 hours,Very High,High,"['SLA breach imminent (0h); air freight fastest recovery.', 'Customer pre-alert recommended to manage expectations proactively.']"
SHP100143,CRITICAL,1.0,Upgrade to Air Freight,Switch from Sea/Road/Rail to Air freight to recover time against SLA.,Send Pre-Alert to Customer,High,24–96 hours,Very High,High,"['SLA breach imminent (0h); air freight fastest recovery.', 'Customer pre-alert recommended to manage expectations proactively.']"
SHP100144,CRITICAL,0.996,Upgrade to Air Freight,Switch from Sea/Road/Rail to Air freight to recover time against SLA.,Send Pre-Alert to Customer,High,24–96 hours,Very High,High,"['SLA breach imminent (0h); air freight fastest recovery.', 'Customer pre-alert recommended to manage expectations proactively.']"
SHP100145,CRITICAL,0.9994,Priority / Express Handling,"Flag for expedited processing at next handling point (customs, warehouse, port).",Send Pre-Alert to Customer,Low-Medium,4–12 hours,Medium,High,"['General elevated risk; priority handling advised as first response.', 'Customer pre-alert recommended to manage expectations proactively.']"
SHP100146,CRITICAL,1.0,Upgrade to Air Freight,Switch from Sea/Road/Rail to Air freight to recover time against SLA.,Send Pre-Alert to Customer,High,24–96 hours,Very High,High,"['SLA breach imminent (0h); air freight fastest recovery.', 'Customer pre-alert recommended to manage expectations proactively.']"
SHP100147,CRITICAL,1.0,Upgrade to Air Freight,Switch from Sea/Road/Rail to Air freight to recover time against SLA.,Send Pre-Alert to Customer,High,24–96 hours,Very High,High,"['SLA breach imminent (0h); air freight fastest recovery.', 'Customer pre-alert recommended to manage expectations proactively.']"
SHP100148,CRITICAL,1.0,Upgrade to Air Freight,Switch from Sea/Road/Rail to Air freight to recover time against SLA.,Send Pre-Alert to Customer,High,24–96 hours,Very High,High,"['SLA breach imminent (0h); air freight fastest recovery.', 'Customer pre-alert recommended to manage expectations proactively.']"
SHP100149,CRITICAL,1.0,Upgrade to Air Freight,Switch from Sea/Road/Rail to Air freight to recover time against SLA.,Send Pre-Alert to Customer,High,24–96 hours,Very High,High,"['SLA breach imminent (0h); air freight fastest recovery.', 'Customer pre-alert recommended to manage expectations proactively.']"
SHP100150,CRITICAL,1.0,Upgrade to Air Freight,Switch from Sea/Road/Rail to Air freight to recover time against SLA.,Send Pre-Alert to Customer,High,24–96 hours,Very High,High,"['SLA breach imminent (0h); air freight fastest recovery.', 'Customer pre-alert recommended to manage expectations proactively.']"
SHP100151,CRITICAL,1.0,Upgrade to Air Freight,Switch from Sea/Road/Rail to Air freight to recover time against SLA.,Send Pre-Alert to Customer,High,24–96 hours,Very High,High,"['SLA breach imminent (0h); air freight fastest recovery.', 'Customer pre-alert recommended to manage expectations proactively.']"
SHP100152,CRITICAL,0.9999,Upgrade to Air Freight,Switch from Sea/Road/Rail to Air freight to recover time against SLA.,Send Pre-Alert to Customer,High,24–96 hours,Very High,High,"['SLA breach imminent (0h); air freight fastest recovery.', 'Customer pre-alert recommended to manage expectations proactively.']"
SHP100153,CRITICAL,1.0,Assign Alternative Carrier,Transfer the shipment to a more reliable carrier with available capacity on the same route.,Send Pre-Alert to Customer,Medium-High,6–24 hours,Medium,High,"['Carrier reliability (85%) below threshold; swap to higher-rated carrier.', 'Customer pre-alert recommended to manage expectations proactively.']"
SHP100154,CRITICAL,1.0,Expedite Customs Clearance,Engage customs broker for accelerated clearance to prevent dwell time accumulation.,Priority / Express Handling,Low,8–24 hours,Medium-High,High,"['Customs clearance flag active; broker escalation cuts dwell time.', 'Customer pre-alert recommended to manage expectations proactively.']"
SHP100155,CRITICAL,1.0,Upgrade to Air Freight,Switch from Sea/Road/Rail to Air freight to recover time against SLA.,Send Pre-Alert to Customer,High,24–96 hours,Very High,High,"['SLA breach imminent (0h); air freight fastest recovery.', 'Customer pre-alert recommended to manage expectations proactively.']"
SHP100156,CRITICAL,1.0,Upgrade to Air Freight,Switch from Sea/Road/Rail to Air freight to recover time against SLA.,Send Pre-Alert to Customer,High,24–96 hours,Very High,High,"['SLA breach imminent (0h); air freight fastest recovery.', 'Customer pre-alert recommended to manage expectations proactively.']"
SHP100157,CRITICAL,1.0,Upgrade to Air Freight,Switch from Sea/Road/Rail to Air freight to recover time against SLA.,Send Pre-Alert to Customer,High,24–96 hours,Very High,High,"['SLA breach imminent (0h); air freight fastest recovery.', 'Customer pre-alert recommended to manage expectations proactively.']"
SHP100158,CRITICAL,1.0,Upgrade to Air Freight,Switch from Sea/Road/Rail to Air freight to recover time against SLA.,Send Pre-Alert to Customer,High,24–96 hours,Very High,High,"['SLA breach imminent (0h); air freight fastest recovery.', 'Customer pre-alert recommended to manage expectations proactively.']"
SHP100159,CRITICAL,1.0,Upgrade to Air Freight,Switch from Sea/Road/Rail to Air freight to recover time against SLA.,Send Pre-Alert to Customer,High,24–96 hours,Very High,High,"['SLA breach imminent (0h); air freight fastest recovery.', 'Customer pre-alert recommended to manage expectations proactively.']"
SHP100160,CRITICAL,1.0,Upgrade to Air Freight,Switch from Sea/Road/Rail to Air freight to recover time against SLA.,Send Pre-Alert to Customer,High,24–96 hours,Very High,High,"['SLA breach imminent (0h); air freight fastest recovery.', 'Customer pre-alert recommended to manage expectations proactively.']"
SHP100161,CRITICAL,1.0,Upgrade to Air Freight,Switch from Sea/Road/Rail to Air freight to recover time against SLA.,Send Pre-Alert to Customer,High,24–96 hours,Very High,High,"['SLA breach imminent (0h); air freight fastest recovery.', 'Customer pre-alert recommended to manage expectations proactively.']"
SHP100162,CRITICAL,1.0,Upgrade to Air Freight,Switch from Sea/Road/Rail to Air freight to recover time against SLA.,Send Pre-Alert to Customer,High,24–96 hours,Very High,High,"['SLA breach imminent (0h); air freight fastest recovery.', 'Customer pre-alert recommended to manage expectations proactively.']"
SHP100163,CRITICAL,1.0,Upgrade to Air Freight,Switch from Sea/Road/Rail to Air freight to recover time against SLA.,Send Pre-Alert to Customer,High,24–96 hours,Very High,High,"['SLA breach imminent (0h); air freight fastest recovery.', 'Customer pre-alert recommended to manage expectations proactively.']"
SHP100164,CRITICAL,1.0,Upgrade to Air Freight,Switch from Sea/Road/Rail to Air freight to recover time against SLA.,Send Pre-Alert to Customer,High,24–96 hours,Very High,High,"['SLA breach imminent (0h); air freight fastest recovery.', 'Customer pre-alert recommended to manage expectations proactively.']"
SHP100165,CRITICAL,1.0,Reroute Shipment,Divert the shipment to an alternative transit path that avoids the disrupted corridor.,Assign Alternative Carrier,Medium,12–48 hours,High,High,"['Active disruption (Natural Disaster) blocking current route.', 'Customer pre-alert recommended to manage expectations proactively.']"
SHP100166,CRITICAL,1.0,Upgrade to Air Freight,Switch from Sea/Road/Rail to Air freight to recover time against SLA.,Send Pre-Alert to Customer,High,24–96 hours,Very High,High,"['SLA breach imminent (0h); air freight fastest recovery.', 'Customer pre-alert recommended to manage expectations proactively.']"
SHP100167,CRITICAL,1.0,Upgrade to Air Freight,Switch from Sea/Road/Rail to Air freight to recover time against SLA.,Send Pre-Alert to Customer,High,24–96 hours,Very High,High,"['SLA breach imminent (0h); air freight fastest recovery.', 'Customer pre-alert recommended to manage expectations proactively.']"
SHP100168,CRITICAL,1.0,Upgrade to Air Freight,Switch from Sea/Road/Rail to Air freight to recover time against SLA.,Send Pre-Alert to Customer,High,24–96 hours,Very High,High,"['SLA breach imminent (0h); air freight fastest recovery.', 'Customer pre-alert recommended to manage expectations proactively.']"
SHP100169,CRITICAL,1.0,Reroute Shipment,Divert the shipment to an alternative transit path that avoids the disrupted corridor.,Assign Alternative Carrier,Medium,12–48 hours,High,High,"['Active disruption (Natural Disaster) blocking current route.', 'Customer pre-alert recommended to manage expectations proactively.']"
SHP100170,CRITICAL,1.0,Priority / Express Handling,"Flag for expedited processing at next handling point (customs, warehouse, port).",Send Pre-Alert to Customer,Low-Medium,4–12 hours,Medium,High,"['General elevated risk; priority handling advised as first response.', 'Customer pre-alert recommended to manage expectations proactively.']"
SHP100171,CRITICAL,1.0,Assign Alternative Carrier,Transfer the shipment to a more reliable carrier with available capacity on the same route.,Send Pre-Alert to Customer,Medium-High,6–24 hours,Medium,High,"['Carrier reliability (84%) below threshold; swap to higher-rated carrier.', 'Customer pre-alert recommended to manage expectations proactively.']"
SHP100172,CRITICAL,1.0,Upgrade to Air Freight,Switch from Sea/Road/Rail to Air freight to recover time against SLA.,Send Pre-Alert to Customer,High,24–96 hours,Very High,High,"['SLA breach imminent (0h); air freight fastest recovery.', 'Customer pre-alert recommended to manage expectations proactively.']"
SHP100173,CRITICAL,1.0,Upgrade to Air Freight,Switch from Sea/Road/Rail to Air freight to recover time against SLA.,Send Pre-Alert to Customer,High,24–96 hours,Very High,High,"['SLA breach imminent (0h); air freight fastest recovery.', 'Customer pre-alert recommended to manage expectations proactively.']"
SHP100174,CRITICAL,1.0,Priority / Express Handling,"Flag for expedited processing at next handling point (customs, warehouse, port).",Send Pre-Alert to Customer,Low-Medium,4–12 hours,Medium,High,"['Port congestion score 8/10; priority slot reduces wait time.', 'Customer pre-alert recommended to manage expectations proactively.']"
SHP100175,CRITICAL,1.0,Upgrade to Air Freight,Switch from Sea/Road/Rail to Air freight to recover time against SLA.,Send Pre-Alert to Customer,High,24–96 hours,Very High,High,"['SLA breach imminent (0h); air freight fastest recovery.', 'Customer pre-alert recommended to manage expectations proactively.']"
SHP100176,CRITICAL,1.0,Priority / Express Handling,"Flag for expedited processing at next handling point (customs, warehouse, port).",Send Pre-Alert to Customer,Low-Medium,4–12 hours,Medium,High,"['Port congestion score 8/10; priority slot reduces wait time.', 'Customer pre-alert recommended to manage expectations proactively.']"
SHP100177,CRITICAL,1.0,Upgrade to Air Freight,Switch from Sea/Road/Rail to Air freight to recover time against SLA.,Send Pre-Alert to Customer,High,24–96 hours,Very High,High,"['SLA breach imminent (0h); air freight fastest recovery.', 'Customer pre-alert recommended to manage expectations proactively.']"
SHP100178,CRITICAL,1.0,Upgrade to Air Freight,Switch from Sea/Road/Rail to Air freight to recover time against SLA.,Send Pre-Alert to Customer,High,24–96 hours,Very High,High,"['SLA breach imminent (0h); air freight fastest recovery.', 'Customer pre-alert recommended to manage expectations proactively.']"
SHP100179,CRITICAL,1.0,Upgrade to Air Freight,Switch from Sea/Road/Rail to Air freight to recover time against SLA.,Send Pre-Alert to Customer,High,24–96 hours,Very High,High,"['SLA breach imminent (0h); air freight fastest recovery.', 'Customer pre-alert recommended to manage expectations proactively.']"
SHP100180,CRITICAL,0.9999,Upgrade to Air Freight,Switch from Sea/Road/Rail to Air freight to recover time against SLA.,Send Pre-Alert to Customer,High,24–96 hours,Very High,High,"['SLA breach imminent (0h); air freight fastest recovery.', 'Customer pre-alert recommended to manage expectations proactively.']"
SHP100181,CRITICAL,1.0,Upgrade to Air Freight,Switch from Sea/Road/Rail to Air freight to recover time against SLA.,Send Pre-Alert to Customer,High,24–96 hours,Very High,High,"['SLA breach imminent (0h); air freight fastest recovery.', 'Customer pre-alert recommended to manage expectations proactively.']"
SHP100182,CRITICAL,1.0,Upgrade to Air Freight,Switch from Sea/Road/Rail to Air freight to recover time against SLA.,Send Pre-Alert to Customer,High,24–96 hours,Very High,High,"['SLA breach imminent (0h); air freight fastest recovery.', 'Customer pre-alert recommended to manage expectations proactively.']"
SHP100183,CRITICAL,1.0,Upgrade to Air Freight,Switch from Sea/Road/Rail to Air freight to recover time against SLA.,Send Pre-Alert to Customer,High,24–96 hours,Very High,High,"['SLA breach imminent (0h); air freight fastest recovery.', 'Customer pre-alert recommended to manage expectations proactively.']"
SHP100184,CRITICAL,1.0,Upgrade to Air Freight,Switch from Sea/Road/Rail to Air freight to recover time against SLA.,Send Pre-Alert to Customer,High,24–96 hours,Very High,High,"['SLA breach imminent (0h); air freight fastest recovery.', 'Customer pre-alert recommended to manage expectations proactively.']"
SHP100185,CRITICAL,1.0,Upgrade to Air Freight,Switch from Sea/Road/Rail to Air freight to recover time against SLA.,Send Pre-Alert to Customer,High,24–96 hours,Very High,High,"['SLA breach imminent (0h); air freight fastest recovery.', 'Customer pre-alert recommended to manage expectations proactively.']"
SHP100186,CRITICAL,1.0,Upgrade to Air Freight,Switch from Sea/Road/Rail to Air freight to recover time against SLA.,Send Pre-Alert to Customer,High,24–96 hours,Very High,High,"['SLA breach imminent (0h); air freight fastest recovery.', 'Customer pre-alert recommended to manage expectations proactively.']"
SHP100187,CRITICAL,1.0,Upgrade to Air Freight,Switch from Sea/Road/Rail to Air freight to recover time against SLA.,Send Pre-Alert to Customer,High,24–96 hours,Very High,High,"['SLA breach imminent (0h); air freight fastest recovery.', 'Customer pre-alert recommended to manage expectations proactively.']"
SHP100188,CRITICAL,1.0,Assign Alternative Carrier,Transfer the shipment to a more reliable carrier with available capacity on the same route.,Send Pre-Alert to Customer,Medium-High,6–24 hours,Medium,High,"['Carrier reliability (83%) below threshold; swap to higher-rated carrier.', 'Customer pre-alert recommended to manage expectations proactively.']"
SHP100189,CRITICAL,1.0,Assign Alternative Carrier,Transfer the shipment to a more reliable carrier with available capacity on the same route.,Send Pre-Alert to Customer,Medium-High,6–24 hours,Medium,High,"['Carrier reliability (83%) below threshold; swap to higher-rated carrier.', 'Customer pre-alert recommended to manage expectations proactively.']"
SHP100190,CRITICAL,1.0,Upgrade to Air Freight,Switch from Sea/Road/Rail to Air freight to recover time against SLA.,Send Pre-Alert to Customer,High,24–96 hours,Very High,High,"['SLA breach imminent (0h); air freight fastest recovery.', 'Customer pre-alert recommended to manage expectations proactively.']"
SHP100191,CRITICAL,1.0,Upgrade to Air Freight,Switch from Sea/Road/Rail to Air freight to recover time against SLA.,Send Pre-Alert to Customer,High,24–96 hours,Very High,High,"['SLA breach imminent (0h); air freight fastest recovery.', 'Customer pre-alert recommended to manage expectations proactively.']"
SHP100192,CRITICAL,0.9991,Assign Alternative Carrier,Transfer the shipment to a more reliable carrier with available capacity on the same route.,Send Pre-Alert to Customer,Medium-High,6–24 hours,Medium,High,"['Carrier reliability (83%) below threshold; swap to higher-rated carrier.', 'Customer pre-alert recommended to manage expectations proactively.']"
SHP100193,CRITICAL,1.0,Upgrade to Air Freight,Switch from Sea/Road/Rail to Air freight to recover time against SLA.,Send Pre-Alert to Customer,High,24–96 hours,Very High,High,"['SLA breach imminent (0h); air freight fastest recovery.', 'Customer pre-alert recommended to manage expectations proactively.']"
SHP100194,CRITICAL,1.0,Upgrade to Air Freight,Switch from Sea/Road/Rail to Air freight to recover time against SLA.,Send Pre-Alert to Customer,High,24–96 hours,Very High,High,"['SLA breach imminent (0h); air freight fastest recovery.', 'Customer pre-alert recommended to manage expectations proactively.']"
SHP100195,CRITICAL,1.0,Priority / Express Handling,"Flag for expedited processing at next handling point (customs, warehouse, port).",Send Pre-Alert to Customer,Low-Medium,4–12 hours,Medium,High,"['General elevated risk; priority handling advised as first response.', 'Customer pre-alert recommended to manage expectations proactively.']"
SHP100196,CRITICAL,1.0,Reroute Shipment,Divert the shipment to an alternative transit path that avoids the disrupted corridor.,Assign Alternative Carrier,Medium,12–48 hours,High,High,"['Active disruption (Port Strike) blocking current route.', 'Customer pre-alert recommended to manage expectations proactively.']"
SHP100197,CRITICAL,1.0,Reroute Shipment,Divert the shipment to an alternative transit path that avoids the disrupted corridor.,Assign Alternative Carrier,Medium,12–48 hours,High,High,"['Active disruption (Natural Disaster) blocking current route.', 'Customer pre-alert recommended to manage expectations proactively.']"
SHP100198,CRITICAL,1.0,Upgrade to Air Freight,Switch from Sea/Road/Rail to Air freight to recover time against SLA.,Send Pre-Alert to Customer,High,24–96 hours,Very High,High,"['SLA breach imminent (0h); air freight fastest recovery.', 'Customer pre-alert recommended to manage expectations proactively.']"
SHP100199,CRITICAL,1.0,Upgrade to Air Freight,Switch from Sea/Road/Rail to Air freight to recover time against SLA.,Send Pre-Alert to Customer,High,24–96 hours,Very High,High,"['SLA breach imminent (0h); air freight fastest recovery.', 'Customer pre-alert recommended to manage expectations proactively.']"
SHP100200,CRITICAL,1.0,Upgrade to Air Freight,Switch from Sea/Road/Rail to Air freight to recover time against SLA.,Send Pre-Alert to Customer,High,24–96 hours,Very High,High,"['SLA breach imminent (0h); air freight fastest recovery.', 'Customer pre-alert recommended to manage expectations proactively.']"
SHP100201,CRITICAL,1.0,Upgrade to Air Freight,Switch from Sea/Road/Rail to Air freight to recover time against SLA.,Send Pre-Alert to Customer,High,24–96 hours,Very High,High,"['SLA breach imminent (0h); air freight fastest recovery.', 'Customer pre-alert recommended to manage expectations proactively.']"
SHP100202,CRITICAL,1.0,Expedite Customs Clearance,Engage customs broker for accelerated clearance to prevent dwell time accumulation.,Priority / Express Handling,Low,8–24 hours,Medium-High,High,"['Customs clearance flag active; broker escalation cuts dwell time.', 'Customer pre-alert recommended to manage expectations proactively.']"
SHP100203,CRITICAL,1.0,Upgrade to Air Freight,Switch from Sea/Road/Rail to Air freight to recover time against SLA.,Send Pre-Alert to Customer,High,24–96 hours,Very High,High,"['SLA breach imminent (0h); air freight fastest recovery.', 'Customer pre-alert recommended to manage expectations proactively.']"
SHP100204,CRITICAL,1.0,Upgrade to Air Freight,Switch from Sea/Road/Rail to Air freight to recover time against SLA.,Send Pre-Alert to Customer,High,24–96 hours,Very High,High,"['SLA breach imminent (0h); air freight fastest recovery.', 'Customer pre-alert recommended to manage expectations proactively.']"
SHP100205,CRITICAL,1.0,Upgrade to Air Freight,Switch from Sea/Road/Rail to Air freight to recover time against SLA.,Send Pre-Alert to Customer,High,24–96 hours,Very High,High,"['SLA breach imminent (0h); air freight fastest recovery.', 'Customer pre-alert recommended to manage expectations proactively.']"
SHP100206,CRITICAL,1.0,Upgrade to Air Freight,Switch from Sea/Road/Rail to Air freight to recover time against SLA.,Send Pre-Alert to Customer,High,24–96 hours,Very High,High,"['SLA breach imminent (0h); air freight fastest recovery.', 'Customer pre-alert recommended to manage expectations proactively.']"
SHP100207,CRITICAL,1.0,Upgrade to Air Freight,Switch from Sea/Road/Rail to Air freight to recover time against SLA.,Send Pre-Alert to Customer,High,24–96 hours,Very High,High,"['SLA breach imminent (0h); air freight fastest recovery.', 'Customer pre-alert recommended to manage expectations proactively.']"
SHP100208,CRITICAL,1.0,Upgrade to Air Freight,Switch from Sea/Road/Rail to Air freight to recover time against SLA.,Send Pre-Alert to Customer,High,24–96 hours,Very High,High,"['SLA breach imminent (0h); air freight fastest recovery.', 'Customer pre-alert recommended to manage expectations proactively.']"
SHP100209,CRITICAL,1.0,Upgrade to Air Freight,Switch from Sea/Road/Rail to Air freight to recover time against SLA.,Send Pre-Alert to Customer,High,24–96 hours,Very High,High,"['SLA breach imminent (0h); air freight fastest recovery.', 'Customer pre-alert recommended to manage expectations proactively.']"
SHP100210,CRITICAL,1.0,Upgrade to Air Freight,Switch from Sea/Road/Rail to Air freight to recover time against SLA.,Send Pre-Alert to Customer,High,24–96 hours,Very High,High,"['SLA breach imminent (0h); air freight fastest recovery.', 'Customer pre-alert recommended to manage expectations proactively.']"
SHP100211,CRITICAL,1.0,Upgrade to Air Freight,Switch from Sea/Road/Rail to Air freight to recover time against SLA.,Send Pre-Alert to Customer,High,24–96 hours,Very High,High,"['SLA breach imminent (0h); air freight fastest recovery.', 'Customer pre-alert recommended to manage expectations proactively.']"
SHP100212,CRITICAL,1.0,Priority / Express Handling,"Flag for expedited processing at next handling point (customs, warehouse, port).",Send Pre-Alert to Customer,Low-Medium,4–12 hours,Medium,High,"['General elevated risk; priority handling advised as first response.', 'Customer pre-alert recommended to manage expectations proactively.']"
SHP100213,CRITICAL,1.0,Upgrade to Air Freight,Switch from Sea/Road/Rail to Air freight to recover time against SLA.,Send Pre-Alert to Customer,High,24–96 hours,Very High,High,"['SLA breach imminent (0h); air freight fastest recovery.', 'Customer pre-alert recommended to manage expectations proactively.']"
SHP100214,CRITICAL,1.0,Priority / Express Handling,"Flag for expedited processing at next handling point (customs, warehouse, port).",Send Pre-Alert to Customer,Low-Medium,4–12 hours,Medium,High,"['Port congestion score 9/10; priority slot reduces wait time.', 'Customer pre-alert recommended to manage expectations proactively.']"
SHP100215,CRITICAL,1.0,Upgrade to Air Freight,Switch from Sea/Road/Rail to Air freight to recover time against SLA.,Send Pre-Alert to Customer,High,24–96 hours,Very High,High,"['SLA breach imminent (0h); air freight fastest recovery.', 'Customer pre-alert recommended to manage expectations proactively.']"
SHP100216,CRITICAL,0.9999,Upgrade to Air Freight,Switch from Sea/Road/Rail to Air freight to recover time against SLA.,Send Pre-Alert to Customer,High,24–96 hours,Very High,High,"['SLA breach imminent (0h); air freight fastest recovery.', 'Customer pre-alert recommended to manage expectations proactively.']"
SHP100217,CRITICAL,1.0,Reroute Shipment,Divert the shipment to an alternative transit path that avoids the disrupted corridor.,Assign Alternative Carrier,Medium,12–48 hours,High,High,"['Active disruption (Natural Disaster) blocking current route.', 'Customer pre-alert recommended to manage expectations proactively.']"
SHP100218,CRITICAL,1.0,Upgrade to Air Freight,Switch from Sea/Road/Rail to Air freight to recover time against SLA.,Send Pre-Alert to Customer,High,24–96 hours,Very High,High,"['SLA breach imminent (0h); air freight fastest recovery.', 'Customer pre-alert recommended to manage expectations proactively.']"
SHP100219,CRITICAL,1.0,Upgrade to Air Freight,Switch from Sea/Road/Rail to Air freight to recover time against SLA.,Send Pre-Alert to Customer,High,24–96 hours,Very High,High,"['SLA breach imminent (0h); air freight fastest recovery.', 'Customer pre-alert recommended to manage expectations proactively.']"
SHP100220,CRITICAL,1.0,Upgrade to Air Freight,Switch from Sea/Road/Rail to Air freight to recover time against SLA.,Send Pre-Alert to Customer,High,24–96 hours,Very High,High,"['SLA breach imminent (0h); air freight fastest recovery.', 'Customer pre-alert recommended to manage expectations proactively.']"
SHP100221,CRITICAL,1.0,Upgrade to Air Freight,Switch from Sea/Road/Rail to Air freight to recover time against SLA.,Send Pre-Alert to Customer,High,24–96 hours,Very High,High,"['SLA breach imminent (0h); air freight fastest recovery.', 'Customer pre-alert recommended to manage expectations proactively.']"
SHP100222,CRITICAL,1.0,Upgrade to Air Freight,Switch from Sea/Road/Rail to Air freight to recover time against SLA.,Send Pre-Alert to Customer,High,24–96 hours,Very High,High,"['SLA breach imminent (0h); air freight fastest recovery.', 'Customer pre-alert recommended to manage expectations proactively.']"
SHP100223,CRITICAL,1.0,Reroute Shipment,Divert the shipment to an alternative transit path that avoids the disrupted corridor.,Assign Alternative Carrier,Medium,12–48 hours,High,High,"['Active disruption (Port Strike) blocking current route.', 'Customer pre-alert recommended to manage expectations proactively.']"
SHP100224,CRITICAL,1.0,Upgrade to Air Freight,Switch from Sea/Road/Rail to Air freight to recover time against SLA.,Send Pre-Alert to Customer,High,24–96 hours,Very High,High,"['SLA breach imminent (0h); air freight fastest recovery.', 'Customer pre-alert recommended to manage expectations proactively.']"
SHP100225,CRITICAL,1.0,Upgrade to Air Freight,Switch from Sea/Road/Rail to Air freight to recover time against SLA.,Send Pre-Alert to Customer,High,24–96 hours,Very High,High,"['SLA breach imminent (0h); air freight fastest recovery.', 'Customer pre-alert recommended to manage expectations proactively.']"
SHP100226,CRITICAL,1.0,Upgrade to Air Freight,Switch from Sea/Road/Rail to Air freight to recover time against SLA.,Send Pre-Alert to Customer,High,24–96 hours,Very High,High,"['SLA breach imminent (0h); air freight fastest recovery.', 'Customer pre-alert recommended to manage expectations proactively.']"
SHP100227,CRITICAL,1.0,Upgrade to Air Freight,Switch from Sea/Road/Rail to Air freight to recover time against SLA.,Send Pre-Alert to Customer,High,24–96 hours,Very High,High,"['SLA breach imminent (0h); air freight fastest recovery.', 'Customer pre-alert recommended to manage expectations proactively.']"
SHP100228,CRITICAL,1.0,Upgrade to Air Freight,Switch from Sea/Road/Rail to Air freight to recover time against SLA.,Send Pre-Alert to Customer,High,24–96 hours,Very High,High,"['SLA breach imminent (0h); air freight fastest recovery.', 'Customer pre-alert recommended to manage expectations proactively.']"
SHP100229,CRITICAL,1.0,Upgrade to Air Freight,Switch from Sea/Road/Rail to Air freight to recover time against SLA.,Send Pre-Alert to Customer,High,24–96 hours,Very High,High,"['SLA breach imminent (0h); air freight fastest recovery.', 'Customer pre-alert recommended to manage expectations proactively.']"
SHP100230,CRITICAL,1.0,Upgrade to Air Freight,Switch from Sea/Road/Rail to Air freight to recover time against SLA.,Send Pre-Alert to Customer,High,24–96 hours,Very High,High,"['SLA breach imminent (0h); air freight fastest recovery.', 'Customer pre-alert recommended to manage expectations proactively.']"
SHP100231,CRITICAL,1.0,Upgrade to Air Freight,Switch from Sea/Road/Rail to Air freight to recover time against SLA.,Send Pre-Alert to Customer,High,24–96 hours,Very High,High,"['SLA breach imminent (0h); air freight fastest recovery.', 'Customer pre-alert recommended to manage expectations proactively.']"
SHP100232,CRITICAL,1.0,Upgrade to Air Freight,Switch from Sea/Road/Rail to Air freight to recover time against SLA.,Send Pre-Alert to Customer,High,24–96 hours,Very High,High,"['SLA breach imminent (0h); air freight fastest recovery.', 'Customer pre-alert recommended to manage expectations proactively.']"
SHP100233,CRITICAL,1.0,Upgrade to Air Freight,Switch from Sea/Road/Rail to Air freight to recover time against SLA.,Send Pre-Alert to Customer,High,24–96 hours,Very High,High,"['SLA breach imminent (0h); air freight fastest recovery.', 'Customer pre-alert recommended to manage expectations proactively.']"
SHP100234,CRITICAL,1.0,Upgrade to Air Freight,Switch from Sea/Road/Rail to Air freight to recover time against SLA.,Send Pre-Alert to Customer,High,24–96 hours,Very High,High,"['SLA breach imminent (0h); air freight fastest recovery.', 'Customer pre-alert recommended to manage expectations proactively.']"
SHP100235,CRITICAL,1.0,Priority / Express Handling,"Flag for expedited processing at next handling point (customs, warehouse, port).",Send Pre-Alert to Customer,Low-Medium,4–12 hours,Medium,High,"['Port congestion score 9/10; priority slot reduces wait time.', 'Customer pre-alert recommended to manage expectations proactively.']"
SHP100236,CRITICAL,1.0,Upgrade to Air Freight,Switch from Sea/Road/Rail to Air freight to recover time against SLA.,Send Pre-Alert to Customer,High,24–96 hours,Very High,High,"['SLA breach imminent (0h); air freight fastest recovery.', 'Customer pre-alert recommended to manage expectations proactively.']"
SHP100237,CRITICAL,1.0,Upgrade to Air Freight,Switch from Sea/Road/Rail to Air freight to recover time against SLA.,Send Pre-Alert to Customer,High,24–96 hours,Very High,High,"['SLA breach imminent (0h); air freight fastest recovery.', 'Customer pre-alert recommended to manage expectations proactively.']"
SHP100238,CRITICAL,1.0,Upgrade to Air Freight,Switch from Sea/Road/Rail to Air freight to recover time against SLA.,Send Pre-Alert to Customer,High,24–96 hours,Very High,High,"['SLA breach imminent (0h); air freight fastest recovery.', 'Customer pre-alert recommended to manage expectations proactively.']"
SHP100239,CRITICAL,1.0,Reroute Shipment,Divert the shipment to an alternative transit path that avoids the disrupted corridor.,Assign Alternative Carrier,Medium,12–48 hours,High,High,"['Active disruption (Natural Disaster) blocking current route.', 'Customer pre-alert recommended to manage expectations proactively.']"
SHP100240,CRITICAL,1.0,Upgrade to Air Freight,Switch from Sea/Road/Rail to Air freight to recover time against SLA.,Send Pre-Alert to Customer,High,24–96 hours,Very High,High,"['SLA breach imminent (0h); air freight fastest recovery.', 'Customer pre-alert recommended to manage expectations proactively.']"
SHP100241,CRITICAL,1.0,Upgrade to Air Freight,Switch from Sea/Road/Rail to Air freight to recover time against SLA.,Send Pre-Alert to Customer,High,24–96 hours,Very High,High,"['SLA breach imminent (0h); air freight fastest recovery.', 'Customer pre-alert recommended to manage expectations proactively.']"
SHP100242,CRITICAL,1.0,Upgrade to Air Freight,Switch from Sea/Road/Rail to Air freight to recover time against SLA.,Send Pre-Alert to Customer,High,24–96 hours,Very High,High,"['SLA breach imminent (0h); air freight fastest recovery.', 'Customer pre-alert recommended to manage expectations proactively.']"
SHP100243,CRITICAL,1.0,Upgrade to Air Freight,Switch from Sea/Road/Rail to Air freight to recover time against SLA.,Send Pre-Alert to Customer,High,24–96 hours,Very High,High,"['SLA breach imminent (0h); air freight fastest recovery.', 'Customer pre-alert recommended to manage expectations proactively.']"
SHP100244,CRITICAL,1.0,Upgrade to Air Freight,Switch from Sea/Road/Rail to Air freight to recover time against SLA.,Send Pre-Alert to Customer,High,24–96 hours,Very High,High,"['SLA breach imminent (0h); air freight fastest recovery.', 'Customer pre-alert recommended to manage expectations proactively.']"
SHP100245,CRITICAL,1.0,Upgrade to Air Freight,Switch from Sea/Road/Rail to Air freight to recover time against SLA.,Send Pre-Alert to Customer,High,24–96 hours,Very High,High,"['SLA breach imminent (0h); air freight fastest recovery.', 'Customer pre-alert recommended to manage expectations proactively.']"
SHP100246,CRITICAL,1.0,Upgrade to Air Freight,Switch from Sea/Road/Rail to Air freight to recover time against SLA.,Send Pre-Alert to Customer,High,24–96 hours,Very High,High,"['SLA breach imminent (0h); air freight fastest recovery.', 'Customer pre-alert recommended to manage expectations proactively.']"
SHP100247,CRITICAL,1.0,Upgrade to Air Freight,Switch from Sea/Road/Rail to Air freight to recover time against SLA.,Send Pre-Alert to Customer,High,24–96 hours,Very High,High,"['SLA breach imminent (0h); air freight fastest recovery.', 'Customer pre-alert recommended to manage expectations proactively.']"
SHP100248,CRITICAL,1.0,Priority / Express Handling,"Flag for expedited processing at next handling point (customs, warehouse, port).",Send Pre-Alert to Customer,Low-Medium,4–12 hours,Medium,High,"['General elevated risk; priority handling advised as first response.', 'Customer pre-alert recommended to manage expectations proactively.']"
SHP100249,CRITICAL,1.0,Upgrade to Air Freight,Switch from Sea/Road/Rail to Air freight to recover time against SLA.,Send Pre-Alert to Customer,High,24–96 hours,Very High,High,"['SLA breach imminent (0h); air freight fastest recovery.', 'Customer pre-alert recommended to manage expectations proactively.']"
SHP100250,CRITICAL,1.0,Assign Alternative Carrier,Transfer the shipment to a more reliable carrier with available capacity on the same route.,Send Pre-Alert to Customer,Medium-High,6–24 hours,Medium,High,"['Carrier reliability (84%) below threshold; swap to higher-rated carrier.', 'Customer pre-alert recommended to manage expectations proactively.']"
SHP100251,CRITICAL,1.0,Upgrade to Air Freight,Switch from Sea/Road/Rail to Air freight to recover time against SLA.,Send Pre-Alert to Customer,High,24–96 hours,Very High,High,"['SLA breach imminent (0h); air freight fastest recovery.', 'Customer pre-alert recommended to manage expectations proactively.']"
SHP100252,CRITICAL,1.0,Reroute Shipment,Divert the shipment to an alternative transit path that avoids the disrupted corridor.,Assign Alternative Carrier,Medium,12–48 hours,High,High,"['Active disruption (Natural Disaster) blocking current route.', 'Customer pre-alert recommended to manage expectations proactively.']"
SHP100253,CRITICAL,1.0,Upgrade to Air Freight,Switch from Sea/Road/Rail to Air freight to recover time against SLA.,Send Pre-Alert to Customer,High,24–96 hours,Very High,High,"['SLA breach imminent (0h); air freight fastest recovery.', 'Customer pre-alert recommended to manage expectations proactively.']"
SHP100254,CRITICAL,0.9999,Assign Alternative Carrier,Transfer the shipment to a more reliable carrier with available capacity on the same route.,Send Pre-Alert to Customer,Medium-High,6–24 hours,Medium,High,"['Carrier reliability (84%) below threshold; swap to higher-rated carrier.', 'Customer pre-alert recommended to manage expectations proactively.']"
SHP100255,CRITICAL,1.0,Priority / Express Handling,"Flag for expedited processing at next handling point (customs, warehouse, port).",Send Pre-Alert to Customer,Low-Medium,4–12 hours,Medium,High,"['Port congestion score 7/10; priority slot reduces wait time.', 'Customer pre-alert recommended to manage expectations proactively.']"
SHP100256,CRITICAL,1.0,Upgrade to Air Freight,Switch from Sea/Road/Rail to Air freight to recover time against SLA.,Send Pre-Alert to Customer,High,24–96 hours,Very High,High,"['SLA breach imminent (0h); air freight fastest recovery.', 'Customer pre-alert recommended to manage expectations proactively.']"
SHP100257,CRITICAL,1.0,Upgrade to Air Freight,Switch from Sea/Road/Rail to Air freight to recover time against SLA.,Send Pre-Alert to Customer,High,24–96 hours,Very High,High,"['SLA breach imminent (0h); air freight fastest recovery.', 'Customer pre-alert recommended to manage expectations proactively.']"
SHP100258,CRITICAL,1.0,Upgrade to Air Freight,Switch from Sea/Road/Rail to Air freight to recover time against SLA.,Send Pre-Alert to Customer,High,24–96 hours,Very High,High,"['SLA breach imminent (0h); air freight fastest recovery.', 'Customer pre-alert recommended to manage expectations proactively.']"
SHP100259,CRITICAL,1.0,Upgrade to Air Freight,Switch from Sea/Road/Rail to Air freight to recover time against SLA.,Send Pre-Alert to Customer,High,24–96 hours,Very High,High,"['SLA breach imminent (0h); air freight fastest recovery.', 'Customer pre-alert recommended to manage expectations proactively.']"
SHP100260,CRITICAL,1.0,Reroute Shipment,Divert the shipment to an alternative transit path that avoids the disrupted corridor.,Assign Alternative Carrier,Medium,12–48 hours,High,High,"['Active disruption (Natural Disaster) blocking current route.', 'Customer pre-alert recommended to manage expectations proactively.']"
SHP100261,CRITICAL,1.0,Upgrade to Air Freight,Switch from Sea/Road/Rail to Air freight to recover time against SLA.,Send Pre-Alert to Customer,High,24–96 hours,Very High,High,"['SLA breach imminent (0h); air freight fastest recovery.', 'Customer pre-alert recommended to manage expectations proactively.']"
SHP100262,CRITICAL,1.0,Upgrade to Air Freight,Switch from Sea/Road/Rail to Air freight to recover time against SLA.,Send Pre-Alert to Customer,High,24–96 hours,Very High,High,"['SLA breach imminent (0h); air freight fastest recovery.', 'Customer pre-alert recommended to manage expectations proactively.']"
SHP100263,CRITICAL,1.0,Upgrade to Air Freight,Switch from Sea/Road/Rail to Air freight to recover time against SLA.,Send Pre-Alert to Customer,High,24–96 hours,Very High,High,"['SLA breach imminent (0h); air freight fastest recovery.', 'Customer pre-alert recommended to manage expectations proactively.']"
SHP100264,CRITICAL,1.0,Priority / Express Handling,"Flag for expedited processing at next handling point (customs, warehouse, port).",Send Pre-Alert to Customer,Low-Medium,4–12 hours,Medium,High,"['General elevated risk; priority handling advised as first response.', 'Customer pre-alert recommended to manage expectations proactively.']"
SHP100265,CRITICAL,1.0,Upgrade to Air Freight,Switch from Sea/Road/Rail to Air freight to recover time against SLA.,Send Pre-Alert to Customer,High,24–96 hours,Very High,High,"['SLA breach imminent (0h); air freight fastest recovery.', 'Customer pre-alert recommended to manage expectations proactively.']"
SHP100266,CRITICAL,1.0,Upgrade to Air Freight,Switch from Sea/Road/Rail to Air freight to recover time against SLA.,Send Pre-Alert to Customer,High,24–96 hours,Very High,High,"['SLA breach imminent (0h); air freight fastest recovery.', 'Customer pre-alert recommended to manage expectations proactively.']"
SHP100267,CRITICAL,1.0,Upgrade to Air Freight,Switch from Sea/Road/Rail to Air freight to recover time against SLA.,Send Pre-Alert to Customer,High,24–96 hours,Very High,High,"['SLA breach imminent (0h); air freight fastest recovery.', 'Customer pre-alert recommended to manage expectations proactively.']"
SHP100268,CRITICAL,1.0,Priority / Express Handling,"Flag for expedited processing at next handling point (customs, warehouse, port).",Send Pre-Alert to Customer,Low-Medium,4–12 hours,Medium,High,"['General elevated risk; priority handling advised as first response.', 'Customer pre-alert recommended to manage expectations proactively.']"
SHP100269,CRITICAL,1.0,Priority / Express Handling,"Flag for expedited processing at next handling point (customs, warehouse, port).",Send Pre-Alert to Customer,Low-Medium,4–12 hours,Medium,High,"['Port congestion score 7/10; priority slot reduces wait time.', 'Customer pre-alert recommended to manage expectations proactively.']"
SHP100270,CRITICAL,1.0,Upgrade to Air Freight,Switch from Sea/Road/Rail to Air freight to recover time against SLA.,Send Pre-Alert to Customer,High,24–96 hours,Very High,High,"['SLA breach imminent (0h); air freight fastest recovery.', 'Customer pre-alert recommended to manage expectations proactively.']"
SHP100271,CRITICAL,1.0,Upgrade to Air Freight,Switch from Sea/Road/Rail to Air freight to recover time against SLA.,Send Pre-Alert to Customer,High,24–96 hours,Very High,High,"['SLA breach imminent (0h); air freight fastest recovery.', 'Customer pre-alert recommended to manage expectations proactively.']"
SHP100272,CRITICAL,1.0,Upgrade to Air Freight,Switch from Sea/Road/Rail to Air freight to recover time against SLA.,Send Pre-Alert to Customer,High,24–96 hours,Very High,High,"['SLA breach imminent (0h); air freight fastest recovery.', 'Customer pre-alert recommended to manage expectations proactively.']"
SHP100273,CRITICAL,1.0,Upgrade to Air Freight,Switch from Sea/Road/Rail to Air freight to recover time against SLA.,Send Pre-Alert to Customer,High,24–96 hours,Very High,High,"['SLA breach imminent (0h); air freight fastest recovery.', 'Customer pre-alert recommended to manage expectations proactively.']"
SHP100274,CRITICAL,1.0,Upgrade to Air Freight,Switch from Sea/Road/Rail to Air freight to recover time against SLA.,Send Pre-Alert to Customer,High,24–96 hours,Very High,High,"['SLA breach imminent (0h); air freight fastest recovery.', 'Customer pre-alert recommended to manage expectations proactively.']"
SHP100275,CRITICAL,1.0,Upgrade to Air Freight,Switch from Sea/Road/Rail to Air freight to recover time against SLA.,Send Pre-Alert to Customer,High,24–96 hours,Very High,High,"['SLA breach imminent (0h); air freight fastest recovery.', 'Customer pre-alert recommended to manage expectations proactively.']"
SHP100276,CRITICAL,1.0,Priority / Express Handling,"Flag for expedited processing at next handling point (customs, warehouse, port).",Send Pre-Alert to Customer,Low-Medium,4–12 hours,Medium,High,"['General elevated risk; priority handling advised as first response.', 'Customer pre-alert recommended to manage expectations proactively.']"
SHP100277,CRITICAL,1.0,Priority / Express Handling,"Flag for expedited processing at next handling point (customs, warehouse, port).",Send Pre-Alert to Customer,Low-Medium,4–12 hours,Medium,High,"['Port congestion score 7/10; priority slot reduces wait time.', 'Customer pre-alert recommended to manage expectations proactively.']"
SHP100278,CRITICAL,1.0,Upgrade to Air Freight,Switch from Sea/Road/Rail to Air freight to recover time against SLA.,Send Pre-Alert to Customer,High,24–96 hours,Very High,High,"['SLA breach imminent (0h); air freight fastest recovery.', 'Customer pre-alert recommended to manage expectations proactively.']"
SHP100279,CRITICAL,1.0,Reroute Shipment,Divert the shipment to an alternative transit path that avoids the disrupted corridor.,Assign Alternative Carrier,Medium,12–48 hours,High,High,"['Active disruption (Port Strike) blocking current route.', 'Customer pre-alert recommended to manage expectations proactively.']"
SHP100280,CRITICAL,1.0,Priority / Express Handling,"Flag for expedited processing at next handling point (customs, warehouse, port).",Send Pre-Alert to Customer,Low-Medium,4–12 hours,Medium,High,"['Port congestion score 7/10; priority slot reduces wait time.', 'Customer pre-alert recommended to manage expectations proactively.']"
SHP100281,CRITICAL,1.0,Upgrade to Air Freight,Switch from Sea/Road/Rail to Air freight to recover time against SLA.,Send Pre-Alert to Customer,High,24–96 hours,Very High,High,"['SLA breach imminent (0h); air freight fastest recovery.', 'Customer pre-alert recommended to manage expectations proactively.']"
SHP100282,CRITICAL,1.0,Upgrade to Air Freight,Switch from Sea/Road/Rail to Air freight to recover time against SLA.,Send Pre-Alert to Customer,High,24–96 hours,Very High,High,"['SLA breach imminent (0h); air freight fastest recovery.', 'Customer pre-alert recommended to manage expectations proactively.']"
SHP100283,CRITICAL,1.0,Upgrade to Air Freight,Switch from Sea/Road/Rail to Air freight to recover time against SLA.,Send Pre-Alert to Customer,High,24–96 hours,Very High,High,"['SLA breach imminent (0h); air freight fastest recovery.', 'Customer pre-alert recommended to manage expectations proactively.']"
SHP100284,CRITICAL,1.0,Upgrade to Air Freight,Switch from Sea/Road/Rail to Air freight to recover time against SLA.,Send Pre-Alert to Customer,High,24–96 hours,Very High,High,"['SLA breach imminent (0h); air freight fastest recovery.', 'Customer pre-alert recommended to manage expectations proactively.']"
SHP100285,CRITICAL,1.0,Upgrade to Air Freight,Switch from Sea/Road/Rail to Air freight to recover time against SLA.,Send Pre-Alert to Customer,High,24–96 hours,Very High,High,"['SLA breach imminent (0h); air freight fastest recovery.', 'Customer pre-alert recommended to manage expectations proactively.']"
SHP100286,CRITICAL,1.0,Upgrade to Air Freight,Switch from Sea/Road/Rail to Air freight to recover time against SLA.,Send Pre-Alert to Customer,High,24–96 hours,Very High,High,"['SLA breach imminent (0h); air freight fastest recovery.', 'Customer pre-alert recommended to manage expectations proactively.']"
SHP100287,CRITICAL,1.0,Upgrade to Air Freight,Switch from Sea/Road/Rail to Air freight to recover time against SLA.,Send Pre-Alert to Customer,High,24–96 hours,Very High,High,"['SLA breach imminent (0h); air freight fastest recovery.', 'Customer pre-alert recommended to manage expectations proactively.']"
SHP100288,CRITICAL,1.0,Upgrade to Air Freight,Switch from Sea/Road/Rail to Air freight to recover time against SLA.,Send Pre-Alert to Customer,High,24–96 hours,Very High,High,"['SLA breach imminent (0h); air freight fastest recovery.', 'Customer pre-alert recommended to manage expectations proactively.']"
SHP100289,CRITICAL,1.0,Upgrade to Air Freight,Switch from Sea/Road/Rail to Air freight to recover time against SLA.,Send Pre-Alert to Customer,High,24–96 hours,Very High,High,"['SLA breach imminent (0h); air freight fastest recovery.', 'Customer pre-alert recommended to manage expectations proactively.']"
SHP100290,CRITICAL,0.9999,Priority / Express Handling,"Flag for expedited processing at next handling point (customs, warehouse, port).",Send Pre-Alert to Customer,Low-Medium,4–12 hours,Medium,High,"['General elevated risk; priority handling advised as first response.', 'Customer pre-alert recommended to manage expectations proactively.']"
SHP100291,CRITICAL,1.0,Upgrade to Air Freight,Switch from Sea/Road/Rail to Air freight to recover time against SLA.,Send Pre-Alert to Customer,High,24–96 hours,Very High,High,"['SLA breach imminent (0h); air freight fastest recovery.', 'Customer pre-alert recommended to manage expectations proactively.']"
SHP100292,CRITICAL,1.0,Upgrade to Air Freight,Switch from Sea/Road/Rail to Air freight to recover time against SLA.,Send Pre-Alert to Customer,High,24–96 hours,Very High,High,"['SLA breach imminent (0h); air freight fastest recovery.', 'Customer pre-alert recommended to manage expectations proactively.']"
SHP100293,CRITICAL,1.0,Priority / Express Handling,"Flag for expedited processing at next handling point (customs, warehouse, port).",Send Pre-Alert to Customer,Low-Medium,4–12 hours,Medium,High,"['Port congestion score 9/10; priority slot reduces wait time.', 'Customer pre-alert recommended to manage expectations proactively.']"
SHP100294,CRITICAL,1.0,Upgrade to Air Freight,Switch from Sea/Road/Rail to Air freight to recover time against SLA.,Send Pre-Alert to Customer,High,24–96 hours,Very High,High,"['SLA breach imminent (0h); air freight fastest recovery.', 'Customer pre-alert recommended to manage expectations proactively.']"
SHP100295,CRITICAL,1.0,Priority / Express Handling,"Flag for expedited processing at next handling point (customs, warehouse, port).",Send Pre-Alert to Customer,Low-Medium,4–12 hours,Medium,High,"['Port congestion score 8/10; priority slot reduces wait time.', 'Customer pre-alert recommended to manage expectations proactively.']"
SHP100296,CRITICAL,1.0,Upgrade to Air Freight,Switch from Sea/Road/Rail to Air freight to recover time against SLA.,Send Pre-Alert to Customer,High,24–96 hours,Very High,High,"['SLA breach imminent (0h); air freight fastest recovery.', 'Customer pre-alert recommended to manage expectations proactively.']"
SHP100297,CRITICAL,1.0,Upgrade to Air Freight,Switch from Sea/Road/Rail to Air freight to recover time against SLA.,Send Pre-Alert to Customer,High,24–96 hours,Very High,High,"['SLA breach imminent (0h); air freight fastest recovery.', 'Customer pre-alert recommended to manage expectations proactively.']"
SHP100298,CRITICAL,1.0,Reroute Shipment,Divert the shipment to an alternative transit path that avoids the disrupted corridor.,Assign Alternative Carrier,Medium,12–48 hours,High,High,"['Active disruption (Port Strike) blocking current route.', 'Customer pre-alert recommended to manage expectations proactively.']"
SHP100299,CRITICAL,1.0,Reroute Shipment,Divert the shipment to an alternative transit path that avoids the disrupted corridor.,Assign Alternative Carrier,Medium,12–48 hours,High,High,"['Active disruption (Port Strike) blocking current route.', 'Customer pre-alert recommended to manage expectations proactively.']"
SHP100300,CRITICAL,1.0,Expedite Customs Clearance,Engage customs broker for accelerated clearance to prevent dwell time accumulation.,Priority / Express Handling,Low,8–24 hours,Medium-High,High,"['Customs clearance flag active; broker escalation cuts dwell time.', 'Customer pre-alert recommended to manage expectations proactively.']"
SHP100301,CRITICAL,1.0,Upgrade to Air Freight,Switch from Sea/Road/Rail to Air freight to recover time against SLA.,Send Pre-Alert to Customer,High,24–96 hours,Very High,High,"['SLA breach imminent (0h); air freight fastest recovery.', 'Customer pre-alert recommended to manage expectations proactively.']"
SHP100302,CRITICAL,1.0,Upgrade to Air Freight,Switch from Sea/Road/Rail to Air freight to recover time against SLA.,Send Pre-Alert to Customer,High,24–96 hours,Very High,High,"['SLA breach imminent (0h); air freight fastest recovery.', 'Customer pre-alert recommended to manage expectations proactively.']"
SHP100303,CRITICAL,1.0,Upgrade to Air Freight,Switch from Sea/Road/Rail to Air freight to recover time against SLA.,Send Pre-Alert to Customer,High,24–96 hours,Very High,High,"['SLA breach imminent (0h); air freight fastest recovery.', 'Customer pre-alert recommended to manage expectations proactively.']"
SHP100304,CRITICAL,1.0,Upgrade to Air Freight,Switch from Sea/Road/Rail to Air freight to recover time against SLA.,Send Pre-Alert to Customer,High,24–96 hours,Very High,High,"['SLA breach imminent (0h); air freight fastest recovery.', 'Customer pre-alert recommended to manage expectations proactively.']"
SHP100305,CRITICAL,1.0,Upgrade to Air Freight,Switch from Sea/Road/Rail to Air freight to recover time against SLA.,Send Pre-Alert to Customer,High,24–96 hours,Very High,High,"['SLA breach imminent (0h); air freight fastest recovery.', 'Customer pre-alert recommended to manage expectations proactively.']"
SHP100306,CRITICAL,1.0,Upgrade to Air Freight,Switch from Sea/Road/Rail to Air freight to recover time against SLA.,Send Pre-Alert to Customer,High,24–96 hours,Very High,High,"['SLA breach imminent (0h); air freight fastest recovery.', 'Customer pre-alert recommended to manage expectations proactively.']"
SHP100307,CRITICAL,1.0,Priority / Express Handling,"Flag for expedited processing at next handling point (customs, warehouse, port).",Send Pre-Alert to Customer,Low-Medium,4–12 hours,Medium,High,"['General elevated risk; priority handling advised as first response.', 'Customer pre-alert recommended to manage expectations proactively.']"
SHP100308,CRITICAL,1.0,Upgrade to Air Freight,Switch from Sea/Road/Rail to Air freight to recover time against SLA.,Send Pre-Alert to Customer,High,24–96 hours,Very High,High,"['SLA breach imminent (0h); air freight fastest recovery.', 'Customer pre-alert recommended to manage expectations proactively.']"
SHP100309,CRITICAL,0.9999,Upgrade to Air Freight,Switch from Sea/Road/Rail to Air freight to recover time against SLA.,Send Pre-Alert to Customer,High,24–96 hours,Very High,High,"['SLA breach imminent (0h); air freight fastest recovery.', 'Customer pre-alert recommended to manage expectations proactively.']"
SHP100310,CRITICAL,1.0,Upgrade to Air Freight,Switch from Sea/Road/Rail to Air freight to recover time against SLA.,Send Pre-Alert to Customer,High,24–96 hours,Very High,High,"['SLA breach imminent (0h); air freight fastest recovery.', 'Customer pre-alert recommended to manage expectations proactively.']"
SHP100311,CRITICAL,1.0,Priority / Express Handling,"Flag for expedited processing at next handling point (customs, warehouse, port).",Send Pre-Alert to Customer,Low-Medium,4–12 hours,Medium,High,"['General elevated risk; priority handling advised as first response.', 'Customer pre-alert recommended to manage expectations proactively.']"
SHP100312,CRITICAL,1.0,Priority / Express Handling,"Flag for expedited processing at next handling point (customs, warehouse, port).",Send Pre-Alert to Customer,Low-Medium,4–12 hours,Medium,High,"['General elevated risk; priority handling advised as first response.', 'Customer pre-alert recommended to manage expectations proactively.']"
SHP100313,CRITICAL,1.0,Upgrade to Air Freight,Switch from Sea/Road/Rail to Air freight to recover time against SLA.,Send Pre-Alert to Customer,High,24–96 hours,Very High,High,"['SLA breach imminent (0h); air freight fastest recovery.', 'Customer pre-alert recommended to manage expectations proactively.']"
SHP100314,CRITICAL,1.0,Upgrade to Air Freight,Switch from Sea/Road/Rail to Air freight to recover time against SLA.,Send Pre-Alert to Customer,High,24–96 hours,Very High,High,"['SLA breach imminent (0h); air freight fastest recovery.', 'Customer pre-alert recommended to manage expectations proactively.']"
SHP100315,CRITICAL,1.0,Upgrade to Air Freight,Switch from Sea/Road/Rail to Air freight to recover time against SLA.,Send Pre-Alert to Customer,High,24–96 hours,Very High,High,"['SLA breach imminent (0h); air freight fastest recovery.', 'Customer pre-alert recommended to manage expectations proactively.']"
SHP100316,CRITICAL,1.0,Upgrade to Air Freight,Switch from Sea/Road/Rail to Air freight to recover time against SLA.,Send Pre-Alert to Customer,High,24–96 hours,Very High,High,"['SLA breach imminent (0h); air freight fastest recovery.', 'Customer pre-alert recommended to manage expectations proactively.']"
SHP100317,CRITICAL,1.0,Upgrade to Air Freight,Switch from Sea/Road/Rail to Air freight to recover time against SLA.,Send Pre-Alert to Customer,High,24–96 hours,Very High,High,"['SLA breach imminent (0h); air freight fastest recovery.', 'Customer pre-alert recommended to manage expectations proactively.']"
SHP100318,CRITICAL,1.0,Expedite Customs Clearance,Engage customs broker for accelerated clearance to prevent dwell time accumulation.,Priority / Express Handling,Low,8–24 hours,Medium-High,High,"['Customs clearance flag active; broker escalation cuts dwell time.', 'Customer pre-alert recommended to manage expectations proactively.']"
SHP100319,CRITICAL,1.0,Upgrade to Air Freight,Switch from Sea/Road/Rail to Air freight to recover time against SLA.,Send Pre-Alert to Customer,High,24–96 hours,Very High,High,"['SLA breach imminent (0h); air freight fastest recovery.', 'Customer pre-alert recommended to manage expectations proactively.']"
SHP100320,CRITICAL,1.0,Upgrade to Air Freight,Switch from Sea/Road/Rail to Air freight to recover time against SLA.,Send Pre-Alert to Customer,High,24–96 hours,Very High,High,"['SLA breach imminent (0h); air freight fastest recovery.', 'Customer pre-alert recommended to manage expectations proactively.']"
SHP100321,CRITICAL,1.0,Upgrade to Air Freight,Switch from Sea/Road/Rail to Air freight to recover time against SLA.,Send Pre-Alert to Customer,High,24–96 hours,Very High,High,"['SLA breach imminent (0h); air freight fastest recovery.', 'Customer pre-alert recommended to manage expectations proactively.']"
SHP100322,CRITICAL,1.0,Reroute Shipment,Divert the shipment to an alternative transit path that avoids the disrupted corridor.,Assign Alternative Carrier,Medium,12–48 hours,High,High,"['Active disruption (Natural Disaster) blocking current route.', 'Customer pre-alert recommended to manage expectations proactively.']"
SHP100323,CRITICAL,1.0,Upgrade to Air Freight,Switch from Sea/Road/Rail to Air freight to recover time against SLA.,Send Pre-Alert to Customer,High,24–96 hours,Very High,High,"['SLA breach imminent (0h); air freight fastest recovery.', 'Customer pre-alert recommended to manage expectations proactively.']"
SHP100324,CRITICAL,1.0,Upgrade to Air Freight,Switch from Sea/Road/Rail to Air freight to recover time against SLA.,Send Pre-Alert to Customer,High,24–96 hours,Very High,High,"['SLA breach imminent (0h); air freight fastest recovery.', 'Customer pre-alert recommended to manage expectations proactively.']"
SHP100325,CRITICAL,1.0,Priority / Express Handling,"Flag for expedited processing at next handling point (customs, warehouse, port).",Send Pre-Alert to Customer,Low-Medium,4–12 hours,Medium,High,"['Port congestion score 8/10; priority slot reduces wait time.', 'Customer pre-alert recommended to manage expectations proactively.']"
SHP100326,CRITICAL,1.0,Upgrade to Air Freight,Switch from Sea/Road/Rail to Air freight to recover time against SLA.,Send Pre-Alert to Customer,High,24–96 hours,Very High,High,"['SLA breach imminent (0h); air freight fastest recovery.', 'Customer pre-alert recommended to manage expectations proactively.']"
SHP100327,CRITICAL,1.0,Priority / Express Handling,"Flag for expedited processing at next handling point (customs, warehouse, port).",Send Pre-Alert to Customer,Low-Medium,4–12 hours,Medium,High,"['General elevated risk; priority handling advised as first response.', 'Customer pre-alert recommended to manage expectations proactively.']"
SHP100328,CRITICAL,1.0,Reroute Shipment,Divert the shipment to an alternative transit path that avoids the disrupted corridor.,Assign Alternative Carrier,Medium,12–48 hours,High,High,"['Active disruption (Natural Disaster) blocking current route.', 'Customer pre-alert recommended to manage expectations proactively.']"
SHP100329,CRITICAL,1.0,Upgrade to Air Freight,Switch from Sea/Road/Rail to Air freight to recover time against SLA.,Send Pre-Alert to Customer,High,24–96 hours,Very High,High,"['SLA breach imminent (0h); air freight fastest recovery.', 'Customer pre-alert recommended to manage expectations proactively.']"
SHP100330,CRITICAL,1.0,Upgrade to Air Freight,Switch from Sea/Road/Rail to Air freight to recover time against SLA.,Send Pre-Alert to Customer,High,24–96 hours,Very High,High,"['SLA breach imminent (0h); air freight fastest recovery.', 'Customer pre-alert recommended to manage expectations proactively.']"
SHP100331,CRITICAL,1.0,Assign Alternative Carrier,Transfer the shipment to a more reliable carrier with available capacity on the same route.,Send Pre-Alert to Customer,Medium-High,6–24 hours,Medium,High,"['Carrier reliability (84%) below threshold; swap to higher-rated carrier.', 'Customer pre-alert recommended to manage expectations proactively.']"
SHP100332,CRITICAL,0.9327,Expedite Customs Clearance,Engage customs broker for accelerated clearance to prevent dwell time accumulation.,Priority / Express Handling,Low,8–24 hours,Medium-High,High,"['Customs clearance flag active; broker escalation cuts dwell time.', 'Customer pre-alert recommended to manage expectations proactively.']"
SHP100333,CRITICAL,1.0,Upgrade to Air Freight,Switch from Sea/Road/Rail to Air freight to recover time against SLA.,Send Pre-Alert to Customer,High,24–96 hours,Very High,High,"['SLA breach imminent (0h); air freight fastest recovery.', 'Customer pre-alert recommended to manage expectations proactively.']"
SHP100334,CRITICAL,1.0,Priority / Express Handling,"Flag for expedited processing at next handling point (customs, warehouse, port).",Send Pre-Alert to Customer,Low-Medium,4–12 hours,Medium,High,"['General elevated risk; priority handling advised as first response.', 'Customer pre-alert recommended to manage expectations proactively.']"
SHP100335,CRITICAL,1.0,Upgrade to Air Freight,Switch from Sea/Road/Rail to Air freight to recover time against SLA.,Send Pre-Alert to Customer,High,24–96 hours,Very High,High,"['SLA breach imminent (0h); air freight fastest recovery.', 'Customer pre-alert recommended to manage expectations proactively.']"
SHP100336,CRITICAL,1.0,Upgrade to Air Freight,Switch from Sea/Road/Rail to Air freight to recover time against SLA.,Send Pre-Alert to Customer,High,24–96 hours,Very High,High,"['SLA breach imminent (0h); air freight fastest recovery.', 'Customer pre-alert recommended to manage expectations proactively.']"
SHP100337,CRITICAL,1.0,Upgrade to Air Freight,Switch from Sea/Road/Rail to Air freight to recover time against SLA.,Send Pre-Alert to Customer,High,24–96 hours,Very High,High,"['SLA breach imminent (0h); air freight fastest recovery.', 'Customer pre-alert recommended to manage expectations proactively.']"
SHP100338,CRITICAL,1.0,Upgrade to Air Freight,Switch from Sea/Road/Rail to Air freight to recover time against SLA.,Send Pre-Alert to Customer,High,24–96 hours,Very High,High,"['SLA breach imminent (0h); air freight fastest recovery.', 'Customer pre-alert recommended to manage expectations proactively.']"
SHP100339,CRITICAL,1.0,Upgrade to Air Freight,Switch from Sea/Road/Rail to Air freight to recover time against SLA.,Send Pre-Alert to Customer,High,24–96 hours,Very High,High,"['SLA breach imminent (0h); air freight fastest recovery.', 'Customer pre-alert recommended to manage expectations proactively.']"
SHP100340,CRITICAL,1.0,Upgrade to Air Freight,Switch from Sea/Road/Rail to Air freight to recover time against SLA.,Send Pre-Alert to Customer,High,24–96 hours,Very High,High,"['SLA breach imminent (0h); air freight fastest recovery.', 'Customer pre-alert recommended to manage expectations proactively.']"
SHP100341,CRITICAL,1.0,Priority / Express Handling,"Flag for expedited processing at next handling point (customs, warehouse, port).",Send Pre-Alert to Customer,Low-Medium,4–12 hours,Medium,High,"['Port congestion score 10/10; priority slot reduces wait time.', 'Customer pre-alert recommended to manage expectations proactively.']"
SHP100342,CRITICAL,1.0,Upgrade to Air Freight,Switch from Sea/Road/Rail to Air freight to recover time against SLA.,Send Pre-Alert to Customer,High,24–96 hours,Very High,High,"['SLA breach imminent (0h); air freight fastest recovery.', 'Customer pre-alert recommended to manage expectations proactively.']"
SHP100343,CRITICAL,1.0,Upgrade to Air Freight,Switch from Sea/Road/Rail to Air freight to recover time against SLA.,Send Pre-Alert to Customer,High,24–96 hours,Very High,High,"['SLA breach imminent (0h); air freight fastest recovery.', 'Customer pre-alert recommended to manage expectations proactively.']"
SHP100344,CRITICAL,1.0,Reroute Shipment,Divert the shipment to an alternative transit path that avoids the disrupted corridor.,Assign Alternative Carrier,Medium,12–48 hours,High,High,"['Active disruption (Natural Disaster) blocking current route.', 'Customer pre-alert recommended to manage expectations proactively.']"
SHP100345,CRITICAL,1.0,Upgrade to Air Freight,Switch from Sea/Road/Rail to Air freight to recover time against SLA.,Send Pre-Alert to Customer,High,24–96 hours,Very High,High,"['SLA breach imminent (0h); air freight fastest recovery.', 'Customer pre-alert recommended to manage expectations proactively.']"
SHP100346,CRITICAL,1.0,Upgrade to Air Freight,Switch from Sea/Road/Rail to Air freight to recover time against SLA.,Send Pre-Alert to Customer,High,24–96 hours,Very High,High,"['SLA breach imminent (0h); air freight fastest recovery.', 'Customer pre-alert recommended to manage expectations proactively.']"
SHP100347,CRITICAL,1.0,Upgrade to Air Freight,Switch from Sea/Road/Rail to Air freight to recover time against SLA.,Send Pre-Alert to Customer,High,24–96 hours,Very High,High,"['SLA breach imminent (0h); air freight fastest recovery.', 'Customer pre-alert recommended to manage expectations proactively.']"
SHP100348,CRITICAL,1.0,Upgrade to Air Freight,Switch from Sea/Road/Rail to Air freight to recover time against SLA.,Send Pre-Alert to Customer,High,24–96 hours,Very High,High,"['SLA breach imminent (0h); air freight fastest recovery.', 'Customer pre-alert recommended to manage expectations proactively.']"
SHP100349,CRITICAL,1.0,Upgrade to Air Freight,Switch from Sea/Road/Rail to Air freight to recover time against SLA.,Send Pre-Alert to Customer,High,24–96 hours,Very High,High,"['SLA breach imminent (0h); air freight fastest recovery.', 'Customer pre-alert recommended to manage expectations proactively.']"
SHP100350,CRITICAL,1.0,Upgrade to Air Freight,Switch from Sea/Road/Rail to Air freight to recover time against SLA.,Send Pre-Alert to Customer,High,24–96 hours,Very High,High,"['SLA breach imminent (0h); air freight fastest recovery.', 'Customer pre-alert recommended to manage expectations proactively.']"
SHP100351,CRITICAL,1.0,Assign Alternative Carrier,Transfer the shipment to a more reliable carrier with available capacity on the same route.,Send Pre-Alert to Customer,Medium-High,6–24 hours,Medium,High,"['Carrier reliability (82%) below threshold; swap to higher-rated carrier.', 'Customer pre-alert recommended to manage expectations proactively.']"
SHP100352,CRITICAL,1.0,Upgrade to Air Freight,Switch from Sea/Road/Rail to Air freight to recover time against SLA.,Send Pre-Alert to Customer,High,24–96 hours,Very High,High,"['SLA breach imminent (0h); air freight fastest recovery.', 'Customer pre-alert recommended to manage expectations proactively.']"
SHP100353,CRITICAL,1.0,Priority / Express Handling,"Flag for expedited processing at next handling point (customs, warehouse, port).",Send Pre-Alert to Customer,Low-Medium,4–12 hours,Medium,High,"['General elevated risk; priority handling advised as first response.', 'Customer pre-alert recommended to manage expectations proactively.']"
SHP100354,CRITICAL,1.0,Upgrade to Air Freight,Switch from Sea/Road/Rail to Air freight to recover time against SLA.,Send Pre-Alert to Customer,High,24–96 hours,Very High,High,"['SLA breach imminent (0h); air freight fastest recovery.', 'Customer pre-alert recommended to manage expectations proactively.']"
SHP100355,CRITICAL,0.9986,Upgrade to Air Freight,Switch from Sea/Road/Rail to Air freight to recover time against SLA.,Send Pre-Alert to Customer,High,24–96 hours,Very High,High,"['SLA breach imminent (0h); air freight fastest recovery.', 'Customer pre-alert recommended to manage expectations proactively.']"
SHP100356,HIGH,0.7017,Upgrade to Air Freight,Switch from Sea/Road/Rail to Air freight to recover time against SLA.,Send Pre-Alert to Customer,High,24–96 hours,Very High,Medium,"['SLA breach imminent (0h); air freight fastest recovery.', 'Customer pre-alert recommended to manage expectations proactively.']"
SHP100357,CRITICAL,1.0,Upgrade to Air Freight,Switch from Sea/Road/Rail to Air freight to recover time against SLA.,Send Pre-Alert to Customer,High,24–96 hours,Very High,High,"['SLA breach imminent (0h); air freight fastest recovery.', 'Customer pre-alert recommended to manage expectations proactively.']"
SHP100358,CRITICAL,1.0,Expedite Customs Clearance,Engage customs broker for accelerated clearance to prevent dwell time accumulation.,Priority / Express Handling,Low,8–24 hours,Medium-High,High,"['Customs clearance flag active; broker escalation cuts dwell time.', 'Customer pre-alert recommended to manage expectations proactively.']"
SHP100359,CRITICAL,1.0,Reroute Shipment,Divert the shipment to an alternative transit path that avoids the disrupted corridor.,Assign Alternative Carrier,Medium,12–48 hours,High,High,"['Active disruption (Port Strike) blocking current route.', 'Customer pre-alert recommended to manage expectations proactively.']"
SHP100360,CRITICAL,1.0,Upgrade to Air Freight,Switch from Sea/Road/Rail to Air freight to recover time against SLA.,Send Pre-Alert to Customer,High,24–96 hours,Very High,High,"['SLA breach imminent (0h); air freight fastest recovery.', 'Customer pre-alert recommended to manage expectations proactively.']"
SHP100361,CRITICAL,0.9999,Upgrade to Air Freight,Switch from Sea/Road/Rail to Air freight to recover time against SLA.,Send Pre-Alert to Customer,High,24–96 hours,Very High,High,"['SLA breach imminent (0h); air freight fastest recovery.', 'Customer pre-alert recommended to manage expectations proactively.']"
SHP100362,CRITICAL,1.0,Upgrade to Air Freight,Switch from Sea/Road/Rail to Air freight to recover time against SLA.,Send Pre-Alert to Customer,High,24–96 hours,Very High,High,"['SLA breach imminent (0h); air freight fastest recovery.', 'Customer pre-alert recommended to manage expectations proactively.']"
SHP100363,CRITICAL,1.0,Reroute Shipment,Divert the shipment to an alternative transit path that avoids the disrupted corridor.,Assign Alternative Carrier,Medium,12–48 hours,High,High,"['Active disruption (Port Strike) blocking current route.', 'Customer pre-alert recommended to manage expectations proactively.']"
SHP100364,CRITICAL,1.0,Upgrade to Air Freight,Switch from Sea/Road/Rail to Air freight to recover time against SLA.,Send Pre-Alert to Customer,High,24–96 hours,Very High,High,"['SLA breach imminent (0h); air freight fastest recovery.', 'Customer pre-alert recommended to manage expectations proactively.']"
SHP100365,CRITICAL,1.0,Priority / Express Handling,"Flag for expedited processing at next handling point (customs, warehouse, port).",Send Pre-Alert to Customer,Low-Medium,4–12 hours,Medium,High,"['Port congestion score 10/10; priority slot reduces wait time.', 'Customer pre-alert recommended to manage expectations proactively.']"
SHP100366,CRITICAL,1.0,Reroute Shipment,Divert the shipment to an alternative transit path that avoids the disrupted corridor.,Assign Alternative Carrier,Medium,12–48 hours,High,High,"['Active disruption (Natural Disaster) blocking current route.', 'Customer pre-alert recommended to manage expectations proactively.']"
SHP100367,CRITICAL,0.9999,Priority / Express Handling,"Flag for expedited processing at next handling point (customs, warehouse, port).",Send Pre-Alert to Customer,Low-Medium,4–12 hours,Medium,High,"['General elevated risk; priority handling advised as first response.', 'Customer pre-alert recommended to manage expectations proactively.']"
SHP100368,CRITICAL,1.0,Reroute Shipment,Divert the shipment to an alternative transit path that avoids the disrupted corridor.,Assign Alternative Carrier,Medium,12–48 hours,High,High,"['Active disruption (Natural Disaster) blocking current route.', 'Customer pre-alert recommended to manage expectations proactively.']"
SHP100369,CRITICAL,1.0,Upgrade to Air Freight,Switch from Sea/Road/Rail to Air freight to recover time against SLA.,Send Pre-Alert to Customer,High,24–96 hours,Very High,High,"['SLA breach imminent (0h); air freight fastest recovery.', 'Customer pre-alert recommended to manage expectations proactively.']"
SHP100370,CRITICAL,1.0,Upgrade to Air Freight,Switch from Sea/Road/Rail to Air freight to recover time against SLA.,Send Pre-Alert to Customer,High,24–96 hours,Very High,High,"['SLA breach imminent (0h); air freight fastest recovery.', 'Customer pre-alert recommended to manage expectations proactively.']"
SHP100371,CRITICAL,1.0,Reroute Shipment,Divert the shipment to an alternative transit path that avoids the disrupted corridor.,Assign Alternative Carrier,Medium,12–48 hours,High,High,"['Active disruption (Port Strike) blocking current route.', 'Customer pre-alert recommended to manage expectations proactively.']"
SHP100372,CRITICAL,1.0,Upgrade to Air Freight,Switch from Sea/Road/Rail to Air freight to recover time against SLA.,Send Pre-Alert to Customer,High,24–96 hours,Very High,High,"['SLA breach imminent (0h); air freight fastest recovery.', 'Customer pre-alert recommended to manage expectations proactively.']"
SHP100373,CRITICAL,1.0,Upgrade to Air Freight,Switch from Sea/Road/Rail to Air freight to recover time against SLA.,Send Pre-Alert to Customer,High,24–96 hours,Very High,High,"['SLA breach imminent (0h); air freight fastest recovery.', 'Customer pre-alert recommended to manage expectations proactively.']"
SHP100374,CRITICAL,1.0,Upgrade to Air Freight,Switch from Sea/Road/Rail to Air freight to recover time against SLA.,Send Pre-Alert to Customer,High,24–96 hours,Very High,High,"['SLA breach imminent (0h); air freight fastest recovery.', 'Customer pre-alert recommended to manage expectations proactively.']"
SHP100375,CRITICAL,1.0,Upgrade to Air Freight,Switch from Sea/Road/Rail to Air freight to recover time against SLA.,Send Pre-Alert to Customer,High,24–96 hours,Very High,High,"['SLA breach imminent (0h); air freight fastest recovery.', 'Customer pre-alert recommended to manage expectations proactively.']"
SHP100376,CRITICAL,1.0,Upgrade to Air Freight,Switch from Sea/Road/Rail to Air freight to recover time against SLA.,Send Pre-Alert to Customer,High,24–96 hours,Very High,High,"['SLA breach imminent (0h); air freight fastest recovery.', 'Customer pre-alert recommended to manage expectations proactively.']"
SHP100377,CRITICAL,1.0,Upgrade to Air Freight,Switch from Sea/Road/Rail to Air freight to recover time against SLA.,Send Pre-Alert to Customer,High,24–96 hours,Very High,High,"['SLA breach imminent (0h); air freight fastest recovery.', 'Customer pre-alert recommended to manage expectations proactively.']"
SHP100378,CRITICAL,1.0,Expedite Customs Clearance,Engage customs broker for accelerated clearance to prevent dwell time accumulation.,Priority / Express Handling,Low,8–24 hours,Medium-High,High,"['Customs clearance flag active; broker escalation cuts dwell time.', 'Customer pre-alert recommended to manage expectations proactively.']"
SHP100379,CRITICAL,1.0,Priority / Express Handling,"Flag for expedited processing at next handling point (customs, warehouse, port).",Send Pre-Alert to Customer,Low-Medium,4–12 hours,Medium,High,"['General elevated risk; priority handling advised as first response.', 'Customer pre-alert recommended to manage expectations proactively.']"
SHP100380,CRITICAL,0.9999,Upgrade to Air Freight,Switch from Sea/Road/Rail to Air freight to recover time against SLA.,Send Pre-Alert to Customer,High,24–96 hours,Very High,High,"['SLA breach imminent (0h); air freight fastest recovery.', 'Customer pre-alert recommended to manage expectations proactively.']"
SHP100381,CRITICAL,1.0,Upgrade to Air Freight,Switch from Sea/Road/Rail to Air freight to recover time against SLA.,Send Pre-Alert to Customer,High,24–96 hours,Very High,High,"['SLA breach imminent (0h); air freight fastest recovery.', 'Customer pre-alert recommended to manage expectations proactively.']"
SHP100382,CRITICAL,1.0,Upgrade to Air Freight,Switch from Sea/Road/Rail to Air freight to recover time against SLA.,Send Pre-Alert to Customer,High,24–96 hours,Very High,High,"['SLA breach imminent (0h); air freight fastest recovery.', 'Customer pre-alert recommended to manage expectations proactively.']"
SHP100383,CRITICAL,1.0,Upgrade to Air Freight,Switch from Sea/Road/Rail to Air freight to recover time against SLA.,Send Pre-Alert to Customer,High,24–96 hours,Very High,High,"['SLA breach imminent (0h); air freight fastest recovery.', 'Customer pre-alert recommended to manage expectations proactively.']"
SHP100384,CRITICAL,1.0,Upgrade to Air Freight,Switch from Sea/Road/Rail to Air freight to recover time against SLA.,Send Pre-Alert to Customer,High,24–96 hours,Very High,High,"['SLA breach imminent (0h); air freight fastest recovery.', 'Customer pre-alert recommended to manage expectations proactively.']"
SHP100385,CRITICAL,1.0,Upgrade to Air Freight,Switch from Sea/Road/Rail to Air freight to recover time against SLA.,Send Pre-Alert to Customer,High,24–96 hours,Very High,High,"['SLA breach imminent (0h); air freight fastest recovery.', 'Customer pre-alert recommended to manage expectations proactively.']"
SHP100386,CRITICAL,1.0,Reroute Shipment,Divert the shipment to an alternative transit path that avoids the disrupted corridor.,Assign Alternative Carrier,Medium,12–48 hours,High,High,"['Active disruption (Port Strike) blocking current route.', 'Customer pre-alert recommended to manage expectations proactively.']"
SHP100387,CRITICAL,1.0,Upgrade to Air Freight,Switch from Sea/Road/Rail to Air freight to recover time against SLA.,Send Pre-Alert to Customer,High,24–96 hours,Very High,High,"['SLA breach imminent (0h); air freight fastest recovery.', 'Customer pre-alert recommended to manage expectations proactively.']"
SHP100388,CRITICAL,1.0,Upgrade to Air Freight,Switch from Sea/Road/Rail to Air freight to recover time against SLA.,Send Pre-Alert to Customer,High,24–96 hours,Very High,High,"['SLA breach imminent (0h); air freight fastest recovery.', 'Customer pre-alert recommended to manage expectations proactively.']"
SHP100389,CRITICAL,0.9998,Upgrade to Air Freight,Switch from Sea/Road/Rail to Air freight to recover time against SLA.,Send Pre-Alert to Customer,High,24–96 hours,Very High,High,"['SLA breach imminent (0h); air freight fastest recovery.', 'Customer pre-alert recommended to manage expectations proactively.']"
SHP100390,CRITICAL,1.0,Priority / Express Handling,"Flag for expedited processing at next handling point (customs, warehouse, port).",Send Pre-Alert to Customer,Low-Medium,4–12 hours,Medium,High,"['General elevated risk; priority handling advised as first response.', 'Customer pre-alert recommended to manage expectations proactively.']"
SHP100391,CRITICAL,1.0,Reroute Shipment,Divert the shipment to an alternative transit path that avoids the disrupted corridor.,Assign Alternative Carrier,Medium,12–48 hours,High,High,"['Active disruption (Port Strike) blocking current route.', 'Customer pre-alert recommended to manage expectations proactively.']"
SHP100392,CRITICAL,1.0,Upgrade to Air Freight,Switch from Sea/Road/Rail to Air freight to recover time against SLA.,Send Pre-Alert to Customer,High,24–96 hours,Very High,High,"['SLA breach imminent (0h); air freight fastest recovery.', 'Customer pre-alert recommended to manage expectations proactively.']"
SHP100393,CRITICAL,1.0,Upgrade to Air Freight,Switch from Sea/Road/Rail to Air freight to recover time against SLA.,Send Pre-Alert to Customer,High,24–96 hours,Very High,High,"['SLA breach imminent (0h); air freight fastest recovery.', 'Customer pre-alert recommended to manage expectations proactively.']"
SHP100394,CRITICAL,1.0,Upgrade to Air Freight,Switch from Sea/Road/Rail to Air freight to recover time against SLA.,Send Pre-Alert to Customer,High,24–96 hours,Very High,High,"['SLA breach imminent (0h); air freight fastest recovery.', 'Customer pre-alert recommended to manage expectations proactively.']"
SHP100395,CRITICAL,1.0,Reroute Shipment,Divert the shipment to an alternative transit path that avoids the disrupted corridor.,Assign Alternative Carrier,Medium,12–48 hours,High,High,"['Active disruption (Natural Disaster) blocking current route.', 'Customer pre-alert recommended to manage expectations proactively.']"
SHP100396,CRITICAL,1.0,Upgrade to Air Freight,Switch from Sea/Road/Rail to Air freight to recover time against SLA.,Send Pre-Alert to Customer,High,24–96 hours,Very High,High,"['SLA breach imminent (0h); air freight fastest recovery.', 'Customer pre-alert recommended to manage expectations proactively.']"
SHP100397,CRITICAL,1.0,Upgrade to Air Freight,Switch from Sea/Road/Rail to Air freight to recover time against SLA.,Send Pre-Alert to Customer,High,24–96 hours,Very High,High,"['SLA breach imminent (0h); air freight fastest recovery.', 'Customer pre-alert recommended to manage expectations proactively.']"
SHP100398,CRITICAL,1.0,Upgrade to Air Freight,Switch from Sea/Road/Rail to Air freight to recover time against SLA.,Send Pre-Alert to Customer,High,24–96 hours,Very High,High,"['SLA breach imminent (0h); air freight fastest recovery.', 'Customer pre-alert recommended to manage expectations proactively.']"
SHP100399,CRITICAL,0.9997,Upgrade to Air Freight,Switch from Sea/Road/Rail to Air freight to recover time against SLA.,Send Pre-Alert to Customer,High,24–96 hours,Very High,High,"['SLA breach imminent (0h); air freight fastest recovery.', 'Customer pre-alert recommended to manage expectations proactively.']"
SHP100400,CRITICAL,1.0,Assign Alternative Carrier,Transfer the shipment to a more reliable carrier with available capacity on the same route.,Send Pre-Alert to Customer,Medium-High,6–24 hours,Medium,High,"['Carrier reliability (81%) below threshold; swap to higher-rated carrier.', 'Customer pre-alert recommended to manage expectations proactively.']"
SHP100401,CRITICAL,1.0,Upgrade to Air Freight,Switch from Sea/Road/Rail to Air freight to recover time against SLA.,Send Pre-Alert to Customer,High,24–96 hours,Very High,High,"['SLA breach imminent (0h); air freight fastest recovery.', 'Customer pre-alert recommended to manage expectations proactively.']"
SHP100402,CRITICAL,1.0,Reroute Shipment,Divert the shipment to an alternative transit path that avoids the disrupted corridor.,Assign Alternative Carrier,Medium,12–48 hours,High,High,"['Active disruption (Port Strike) blocking current route.', 'Customer pre-alert recommended to manage expectations proactively.']"
SHP100403,CRITICAL,1.0,Upgrade to Air Freight,Switch from Sea/Road/Rail to Air freight to recover time against SLA.,Send Pre-Alert to Customer,High,24–96 hours,Very High,High,"['SLA breach imminent (0h); air freight fastest recovery.', 'Customer pre-alert recommended to manage expectations proactively.']"
SHP100404,CRITICAL,1.0,Upgrade to Air Freight,Switch from Sea/Road/Rail to Air freight to recover time against SLA.,Send Pre-Alert to Customer,High,24–96 hours,Very High,High,"['SLA breach imminent (0h); air freight fastest recovery.', 'Customer pre-alert recommended to manage expectations proactively.']"
SHP100405,CRITICAL,1.0,Upgrade to Air Freight,Switch from Sea/Road/Rail to Air freight to recover time against SLA.,Send Pre-Alert to Customer,High,24–96 hours,Very High,High,"['SLA breach imminent (0h); air freight fastest recovery.', 'Customer pre-alert recommended to manage expectations proactively.']"
SHP100406,CRITICAL,1.0,Upgrade to Air Freight,Switch from Sea/Road/Rail to Air freight to recover time against SLA.,Send Pre-Alert to Customer,High,24–96 hours,Very High,High,"['SLA breach imminent (0h); air freight fastest recovery.', 'Customer pre-alert recommended to manage expectations proactively.']"
SHP100407,CRITICAL,1.0,Upgrade to Air Freight,Switch from Sea/Road/Rail to Air freight to recover time against SLA.,Send Pre-Alert to Customer,High,24–96 hours,Very High,High,"['SLA breach imminent (0h); air freight fastest recovery.', 'Customer pre-alert recommended to manage expectations proactively.']"
SHP100408,CRITICAL,1.0,Upgrade to Air Freight,Switch from Sea/Road/Rail to Air freight to recover time against SLA.,Send Pre-Alert to Customer,High,24–96 hours,Very High,High,"['SLA breach imminent (0h); air freight fastest recovery.', 'Customer pre-alert recommended to manage expectations proactively.']"
SHP100409,CRITICAL,1.0,Upgrade to Air Freight,Switch from Sea/Road/Rail to Air freight to recover time against SLA.,Send Pre-Alert to Customer,High,24–96 hours,Very High,High,"['SLA breach imminent (0h); air freight fastest recovery.', 'Customer pre-alert recommended to manage expectations proactively.']"
SHP100410,CRITICAL,1.0,Upgrade to Air Freight,Switch from Sea/Road/Rail to Air freight to recover time against SLA.,Send Pre-Alert to Customer,High,24–96 hours,Very High,High,"['SLA breach imminent (0h); air freight fastest recovery.', 'Customer pre-alert recommended to manage expectations proactively.']"
SHP100411,CRITICAL,1.0,Upgrade to Air Freight,Switch from Sea/Road/Rail to Air freight to recover time against SLA.,Send Pre-Alert to Customer,High,24–96 hours,Very High,High,"['SLA breach imminent (0h); air freight fastest recovery.', 'Customer pre-alert recommended to manage expectations proactively.']"
SHP100412,CRITICAL,1.0,Expedite Customs Clearance,Engage customs broker for accelerated clearance to prevent dwell time accumulation.,Priority / Express Handling,Low,8–24 hours,Medium-High,High,"['Customs clearance flag active; broker escalation cuts dwell time.', 'Customer pre-alert recommended to manage expectations proactively.']"
SHP100413,HIGH,0.7264,Upgrade to Air Freight,Switch from Sea/Road/Rail to Air freight to recover time against SLA.,Send Pre-Alert to Customer,High,24–96 hours,Very High,Medium,"['SLA breach imminent (0h); air freight fastest recovery.', 'Customer pre-alert recommended to manage expectations proactively.']"
SHP100414,CRITICAL,1.0,Reroute Shipment,Divert the shipment to an alternative transit path that avoids the disrupted corridor.,Assign Alternative Carrier,Medium,12–48 hours,High,High,"['Active disruption (Natural Disaster) blocking current route.', 'Customer pre-alert recommended to manage expectations proactively.']"
SHP100415,CRITICAL,1.0,Upgrade to Air Freight,Switch from Sea/Road/Rail to Air freight to recover time against SLA.,Send Pre-Alert to Customer,High,24–96 hours,Very High,High,"['SLA breach imminent (0h); air freight fastest recovery.', 'Customer pre-alert recommended to manage expectations proactively.']"
SHP100416,CRITICAL,1.0,Upgrade to Air Freight,Switch from Sea/Road/Rail to Air freight to recover time against SLA.,Send Pre-Alert to Customer,High,24–96 hours,Very High,High,"['SLA breach imminent (0h); air freight fastest recovery.', 'Customer pre-alert recommended to manage expectations proactively.']"
SHP100417,CRITICAL,1.0,Priority / Express Handling,"Flag for expedited processing at next handling point (customs, warehouse, port).",Send Pre-Alert to Customer,Low-Medium,4–12 hours,Medium,High,"['Port congestion score 7/10; priority slot reduces wait time.', 'Customer pre-alert recommended to manage expectations proactively.']"
SHP100418,CRITICAL,1.0,Upgrade to Air Freight,Switch from Sea/Road/Rail to Air freight to recover time against SLA.,Send Pre-Alert to Customer,High,24–96 hours,Very High,High,"['SLA breach imminent (0h); air freight fastest recovery.', 'Customer pre-alert recommended to manage expectations proactively.']"
SHP100419,CRITICAL,1.0,Upgrade to Air Freight,Switch from Sea/Road/Rail to Air freight to recover time against SLA.,Send Pre-Alert to Customer,High,24–96 hours,Very High,High,"['SLA breach imminent (0h); air freight fastest recovery.', 'Customer pre-alert recommended to manage expectations proactively.']"
SHP100420,CRITICAL,1.0,Upgrade to Air Freight,Switch from Sea/Road/Rail to Air freight to recover time against SLA.,Send Pre-Alert to Customer,High,24–96 hours,Very High,High,"['SLA breach imminent (0h); air freight fastest recovery.', 'Customer pre-alert recommended to manage expectations proactively.']"
SHP100421,CRITICAL,1.0,Upgrade to Air Freight,Switch from Sea/Road/Rail to Air freight to recover time against SLA.,Send Pre-Alert to Customer,High,24–96 hours,Very High,High,"['SLA breach imminent (0h); air freight fastest recovery.', 'Customer pre-alert recommended to manage expectations proactively.']"
SHP100422,CRITICAL,1.0,Assign Alternative Carrier,Transfer the shipment to a more reliable carrier with available capacity on the same route.,Send Pre-Alert to Customer,Medium-High,6–24 hours,Medium,High,"['Carrier reliability (84%) below threshold; swap to higher-rated carrier.', 'Customer pre-alert recommended to manage expectations proactively.']"
SHP100423,CRITICAL,1.0,Upgrade to Air Freight,Switch from Sea/Road/Rail to Air freight to recover time against SLA.,Send Pre-Alert to Customer,High,24–96 hours,Very High,High,"['SLA breach imminent (0h); air freight fastest recovery.', 'Customer pre-alert recommended to manage expectations proactively.']"
SHP100424,CRITICAL,1.0,Upgrade to Air Freight,Switch from Sea/Road/Rail to Air freight to recover time against SLA.,Send Pre-Alert to Customer,High,24–96 hours,Very High,High,"['SLA breach imminent (0h); air freight fastest recovery.', 'Customer pre-alert recommended to manage expectations proactively.']"
SHP100425,CRITICAL,1.0,Reroute Shipment,Divert the shipment to an alternative transit path that avoids the disrupted corridor.,Assign Alternative Carrier,Medium,12–48 hours,High,High,"['Active disruption (Port Strike) blocking current route.', 'Customer pre-alert recommended to manage expectations proactively.']"
SHP100426,CRITICAL,1.0,Upgrade to Air Freight,Switch from Sea/Road/Rail to Air freight to recover time against SLA.,Send Pre-Alert to Customer,High,24–96 hours,Very High,High,"['SLA breach imminent (0h); air freight fastest recovery.', 'Customer pre-alert recommended to manage expectations proactively.']"
SHP100427,CRITICAL,1.0,Priority / Express Handling,"Flag for expedited processing at next handling point (customs, warehouse, port).",Send Pre-Alert to Customer,Low-Medium,4–12 hours,Medium,High,"['General elevated risk; priority handling advised as first response.', 'Customer pre-alert recommended to manage expectations proactively.']"
SHP100428,CRITICAL,1.0,Reroute Shipment,Divert the shipment to an alternative transit path that avoids the disrupted corridor.,Assign Alternative Carrier,Medium,12–48 hours,High,High,"['Active disruption (Port Strike) blocking current route.', 'Customer pre-alert recommended to manage expectations proactively.']"
SHP100430,CRITICAL,1.0,Upgrade to Air Freight,Switch from Sea/Road/Rail to Air freight to recover time against SLA.,Send Pre-Alert to Customer,High,24–96 hours,Very High,High,"['SLA breach imminent (0h); air freight fastest recovery.', 'Customer pre-alert recommended to manage expectations proactively.']"
SHP100431,CRITICAL,1.0,Upgrade to Air Freight,Switch from Sea/Road/Rail to Air freight to recover time against SLA.,Send Pre-Alert to Customer,High,24–96 hours,Very High,High,"['SLA breach imminent (0h); air freight fastest recovery.', 'Customer pre-alert recommended to manage expectations proactively.']"
SHP100432,CRITICAL,1.0,Upgrade to Air Freight,Switch from Sea/Road/Rail to Air freight to recover time against SLA.,Send Pre-Alert to Customer,High,24–96 hours,Very High,High,"['SLA breach imminent (0h); air freight fastest recovery.', 'Customer pre-alert recommended to manage expectations proactively.']"
SHP100433,CRITICAL,1.0,Upgrade to Air Freight,Switch from Sea/Road/Rail to Air freight to recover time against SLA.,Send Pre-Alert to Customer,High,24–96 hours,Very High,High,"['SLA breach imminent (0h); air freight fastest recovery.', 'Customer pre-alert recommended to manage expectations proactively.']"
SHP100434,CRITICAL,1.0,Upgrade to Air Freight,Switch from Sea/Road/Rail to Air freight to recover time against SLA.,Send Pre-Alert to Customer,High,24–96 hours,Very High,High,"['SLA breach imminent (0h); air freight fastest recovery.', 'Customer pre-alert recommended to manage expectations proactively.']"
SHP100435,CRITICAL,1.0,Upgrade to Air Freight,Switch from Sea/Road/Rail to Air freight to recover time against SLA.,Send Pre-Alert to Customer,High,24–96 hours,Very High,High,"['SLA breach imminent (0h); air freight fastest recovery.', 'Customer pre-alert recommended to manage expectations proactively.']"
SHP100436,CRITICAL,1.0,Upgrade to Air Freight,Switch from Sea/Road/Rail to Air freight to recover time against SLA.,Send Pre-Alert to Customer,High,24–96 hours,Very High,High,"['SLA breach imminent (0h); air freight fastest recovery.', 'Customer pre-alert recommended to manage expectations proactively.']"
SHP100437,CRITICAL,1.0,Priority / Express Handling,"Flag for expedited processing at next handling point (customs, warehouse, port).",Send Pre-Alert to Customer,Low-Medium,4–12 hours,Medium,High,"['Port congestion score 10/10; priority slot reduces wait time.', 'Customer pre-alert recommended to manage expectations proactively.']"
SHP100438,CRITICAL,1.0,Reroute Shipment,Divert the shipment to an alternative transit path that avoids the disrupted corridor.,Assign Alternative Carrier,Medium,12–48 hours,High,High,"['Active disruption (Natural Disaster) blocking current route.', 'Customer pre-alert recommended to manage expectations proactively.']"
SHP100439,CRITICAL,1.0,Upgrade to Air Freight,Switch from Sea/Road/Rail to Air freight to recover time against SLA.,Send Pre-Alert to Customer,High,24–96 hours,Very High,High,"['SLA breach imminent (0h); air freight fastest recovery.', 'Customer pre-alert recommended to manage expectations proactively.']"
SHP100440,CRITICAL,0.9997,Priority / Express Handling,"Flag for expedited processing at next handling point (customs, warehouse, port).",Send Pre-Alert to Customer,Low-Medium,4–12 hours,Medium,High,"['General elevated risk; priority handling advised as first response.', 'Customer pre-alert recommended to manage expectations proactively.']"
SHP100441,CRITICAL,1.0,Upgrade to Air Freight,Switch from Sea/Road/Rail to Air freight to recover time against SLA.,Send Pre-Alert to Customer,High,24–96 hours,Very High,High,"['SLA breach imminent (0h); air freight fastest recovery.', 'Customer pre-alert recommended to manage expectations proactively.']"
SHP100442,CRITICAL,1.0,Upgrade to Air Freight,Switch from Sea/Road/Rail to Air freight to recover time against SLA.,Send Pre-Alert to Customer,High,24–96 hours,Very High,High,"['SLA breach imminent (0h); air freight fastest recovery.', 'Customer pre-alert recommended to manage expectations proactively.']"
SHP100443,CRITICAL,1.0,Upgrade to Air Freight,Switch from Sea/Road/Rail to Air freight to recover time against SLA.,Send Pre-Alert to Customer,High,24–96 hours,Very High,High,"['SLA breach imminent (0h); air freight fastest recovery.', 'Customer pre-alert recommended to manage expectations proactively.']"
SHP100444,CRITICAL,1.0,Upgrade to Air Freight,Switch from Sea/Road/Rail to Air freight to recover time against SLA.,Send Pre-Alert to Customer,High,24–96 hours,Very High,High,"['SLA breach imminent (0h); air freight fastest recovery.', 'Customer pre-alert recommended to manage expectations proactively.']"
SHP100445,CRITICAL,1.0,Upgrade to Air Freight,Switch from Sea/Road/Rail to Air freight to recover time against SLA.,Send Pre-Alert to Customer,High,24–96 hours,Very High,High,"['SLA breach imminent (0h); air freight fastest recovery.', 'Customer pre-alert recommended to manage expectations proactively.']"
SHP100446,CRITICAL,1.0,Upgrade to Air Freight,Switch from Sea/Road/Rail to Air freight to recover time against SLA.,Send Pre-Alert to Customer,High,24–96 hours,Very High,High,"['SLA breach imminent (0h); air freight fastest recovery.', 'Customer pre-alert recommended to manage expectations proactively.']"
SHP100447,CRITICAL,1.0,Upgrade to Air Freight,Switch from Sea/Road/Rail to Air freight to recover time against SLA.,Send Pre-Alert to Customer,High,24–96 hours,Very High,High,"['SLA breach imminent (0h); air freight fastest recovery.', 'Customer pre-alert recommended to manage expectations proactively.']"
SHP100448,CRITICAL,1.0,Upgrade to Air Freight,Switch from Sea/Road/Rail to Air freight to recover time against SLA.,Send Pre-Alert to Customer,High,24–96 hours,Very High,High,"['SLA breach imminent (0h); air freight fastest recovery.', 'Customer pre-alert recommended to manage expectations proactively.']"
SHP100449,CRITICAL,1.0,Upgrade to Air Freight,Switch from Sea/Road/Rail to Air freight to recover time against SLA.,Send Pre-Alert to Customer,High,24–96 hours,Very High,High,"['SLA breach imminent (0h); air freight fastest recovery.', 'Customer pre-alert recommended to manage expectations proactively.']"
SHP100450,CRITICAL,1.0,Upgrade to Air Freight,Switch from Sea/Road/Rail to Air freight to recover time against SLA.,Send Pre-Alert to Customer,High,24–96 hours,Very High,High,"['SLA breach imminent (0h); air freight fastest recovery.', 'Customer pre-alert recommended to manage expectations proactively.']"
SHP100451,CRITICAL,1.0,Reroute Shipment,Divert the shipment to an alternative transit path that avoids the disrupted corridor.,Assign Alternative Carrier,Medium,12–48 hours,High,High,"['Active disruption (Natural Disaster) blocking current route.', 'Customer pre-alert recommended to manage expectations proactively.']"
SHP100452,CRITICAL,1.0,Upgrade to Air Freight,Switch from Sea/Road/Rail to Air freight to recover time against SLA.,Send Pre-Alert to Customer,High,24–96 hours,Very High,High,"['SLA breach imminent (0h); air freight fastest recovery.', 'Customer pre-alert recommended to manage expectations proactively.']"
SHP100453,CRITICAL,1.0,Expedite Customs Clearance,Engage customs broker for accelerated clearance to prevent dwell time accumulation.,Priority / Express Handling,Low,8–24 hours,Medium-High,High,"['Customs clearance flag active; broker escalation cuts dwell time.', 'Customer pre-alert recommended to manage expectations proactively.']"
SHP100454,CRITICAL,1.0,Upgrade to Air Freight,Switch from Sea/Road/Rail to Air freight to recover time against SLA.,Send Pre-Alert to Customer,High,24–96 hours,Very High,High,"['SLA breach imminent (0h); air freight fastest recovery.', 'Customer pre-alert recommended to manage expectations proactively.']"
SHP100455,CRITICAL,1.0,Upgrade to Air Freight,Switch from Sea/Road/Rail to Air freight to recover time against SLA.,Send Pre-Alert to Customer,High,24–96 hours,Very High,High,"['SLA breach imminent (0h); air freight fastest recovery.', 'Customer pre-alert recommended to manage expectations proactively.']"
SHP100456,CRITICAL,1.0,Upgrade to Air Freight,Switch from Sea/Road/Rail to Air freight to recover time against SLA.,Send Pre-Alert to Customer,High,24–96 hours,Very High,High,"['SLA breach imminent (0h); air freight fastest recovery.', 'Customer pre-alert recommended to manage expectations proactively.']"
SHP100457,CRITICAL,1.0,Upgrade to Air Freight,Switch from Sea/Road/Rail to Air freight to recover time against SLA.,Send Pre-Alert to Customer,High,24–96 hours,Very High,High,"['SLA breach imminent (0h); air freight fastest recovery.', 'Customer pre-alert recommended to manage expectations proactively.']"
SHP100458,CRITICAL,1.0,Upgrade to Air Freight,Switch from Sea/Road/Rail to Air freight to recover time against SLA.,Send Pre-Alert to Customer,High,24–96 hours,Very High,High,"['SLA breach imminent (0h); air freight fastest recovery.', 'Customer pre-alert recommended to manage expectations proactively.']"
SHP100459,CRITICAL,1.0,Upgrade to Air Freight,Switch from Sea/Road/Rail to Air freight to recover time against SLA.,Send Pre-Alert to Customer,High,24–96 hours,Very High,High,"['SLA breach imminent (0h); air freight fastest recovery.', 'Customer pre-alert recommended to manage expectations proactively.']"
SHP100460,CRITICAL,1.0,Upgrade to Air Freight,Switch from Sea/Road/Rail to Air freight to recover time against SLA.,Send Pre-Alert to Customer,High,24–96 hours,Very High,High,"['SLA breach imminent (0h); air freight fastest recovery.', 'Customer pre-alert recommended to manage expectations proactively.']"
SHP100461,CRITICAL,1.0,Upgrade to Air Freight,Switch from Sea/Road/Rail to Air freight to recover time against SLA.,Send Pre-Alert to Customer,High,24–96 hours,Very High,High,"['SLA breach imminent (0h); air freight fastest recovery.', 'Customer pre-alert recommended to manage expectations proactively.']"
SHP100462,CRITICAL,0.9999,Priority / Express Handling,"Flag for expedited processing at next handling point (customs, warehouse, port).",Send Pre-Alert to Customer,Low-Medium,4–12 hours,Medium,High,"['General elevated risk; priority handling advised as first response.', 'Customer pre-alert recommended to manage expectations proactively.']"
SHP100463,CRITICAL,1.0,Upgrade to Air Freight,Switch from Sea/Road/Rail to Air freight to recover time against SLA.,Send Pre-Alert to Customer,High,24–96 hours,Very High,High,"['SLA breach imminent (0h); air freight fastest recovery.', 'Customer pre-alert recommended to manage expectations proactively.']"
SHP100464,HIGH,0.8811,Priority / Express Handling,"Flag for expedited processing at next handling point (customs, warehouse, port).",Send Pre-Alert to Customer,Low-Medium,4–12 hours,Medium,High,"['General elevated risk; priority handling advised as first response.', 'Customer pre-alert recommended to manage expectations proactively.']"
SHP100465,CRITICAL,1.0,Upgrade to Air Freight,Switch from Sea/Road/Rail to Air freight to recover time against SLA.,Send Pre-Alert to Customer,High,24–96 hours,Very High,High,"['SLA breach imminent (0h); air freight fastest recovery.', 'Customer pre-alert recommended to manage expectations proactively.']"
SHP100466,CRITICAL,0.9999,Upgrade to Air Freight,Switch from Sea/Road/Rail to Air freight to recover time against SLA.,Send Pre-Alert to Customer,High,24–96 hours,Very High,High,"['SLA breach imminent (0h); air freight fastest recovery.', 'Customer pre-alert recommended to manage expectations proactively.']"
SHP100467,CRITICAL,1.0,Reroute Shipment,Divert the shipment to an alternative transit path that avoids the disrupted corridor.,Assign Alternative Carrier,Medium,12–48 hours,High,High,"['Active disruption (Natural Disaster) blocking current route.', 'Customer pre-alert recommended to manage expectations proactively.']"
SHP100468,CRITICAL,1.0,Reroute Shipment,Divert the shipment to an alternative transit path that avoids the disrupted corridor.,Assign Alternative Carrier,Medium,12–48 hours,High,High,"['Active disruption (Port Strike) blocking current route.', 'Customer pre-alert recommended to manage expectations proactively.']"
SHP100469,CRITICAL,1.0,Priority / Express Handling,"Flag for expedited processing at next handling point (customs, warehouse, port).",Send Pre-Alert to Customer,Low-Medium,4–12 hours,Medium,High,"['Port congestion score 8/10; priority slot reduces wait time.', 'Customer pre-alert recommended to manage expectations proactively.']"
SHP100470,CRITICAL,1.0,Upgrade to Air Freight,Switch from Sea/Road/Rail to Air freight to recover time against SLA.,Send Pre-Alert to Customer,High,24–96 hours,Very High,High,"['SLA breach imminent (0h); air freight fastest recovery.', 'Customer pre-alert recommended to manage expectations proactively.']"
SHP100471,CRITICAL,1.0,Upgrade to Air Freight,Switch from Sea/Road/Rail to Air freight to recover time against SLA.,Send Pre-Alert to Customer,High,24–96 hours,Very High,High,"['SLA breach imminent (0h); air freight fastest recovery.', 'Customer pre-alert recommended to manage expectations proactively.']"
SHP100472,CRITICAL,0.9999,Upgrade to Air Freight,Switch from Sea/Road/Rail to Air freight to recover time against SLA.,Send Pre-Alert to Customer,High,24–96 hours,Very High,High,"['SLA breach imminent (0h); air freight fastest recovery.', 'Customer pre-alert recommended to manage expectations proactively.']"
SHP100473,CRITICAL,1.0,Upgrade to Air Freight,Switch from Sea/Road/Rail to Air freight to recover time against SLA.,Send Pre-Alert to Customer,High,24–96 hours,Very High,High,"['SLA breach imminent (0h); air freight fastest recovery.', 'Customer pre-alert recommended to manage expectations proactively.']"
SHP100474,CRITICAL,1.0,Upgrade to Air Freight,Switch from Sea/Road/Rail to Air freight to recover time against SLA.,Send Pre-Alert to Customer,High,24–96 hours,Very High,High,"['SLA breach imminent (0h); air freight fastest recovery.', 'Customer pre-alert recommended to manage expectations proactively.']"
SHP100475,CRITICAL,1.0,Upgrade to Air Freight,Switch from Sea/Road/Rail to Air freight to recover time against SLA.,Send Pre-Alert to Customer,High,24–96 hours,Very High,High,"['SLA breach imminent (0h); air freight fastest recovery.', 'Customer pre-alert recommended to manage expectations proactively.']"
SHP100476,CRITICAL,0.9999,Upgrade to Air Freight,Switch from Sea/Road/Rail to Air freight to recover time against SLA.,Send Pre-Alert to Customer,High,24–96 hours,Very High,High,"['SLA breach imminent (0h); air freight fastest recovery.', 'Customer pre-alert recommended to manage expectations proactively.']"
SHP100477,CRITICAL,1.0,Assign Alternative Carrier,Transfer the shipment to a more reliable carrier with available capacity on the same route.,Send Pre-Alert to Customer,Medium-High,6–24 hours,Medium,High,"['Carrier reliability (83%) below threshold; swap to higher-rated carrier.', 'Customer pre-alert recommended to manage expectations proactively.']"
SHP100478,CRITICAL,1.0,Upgrade to Air Freight,Switch from Sea/Road/Rail to Air freight to recover time against SLA.,Send Pre-Alert to Customer,High,24–96 hours,Very High,High,"['SLA breach imminent (0h); air freight fastest recovery.', 'Customer pre-alert recommended to manage expectations proactively.']"
SHP100479,CRITICAL,1.0,Upgrade to Air Freight,Switch from Sea/Road/Rail to Air freight to recover time against SLA.,Send Pre-Alert to Customer,High,24–96 hours,Very High,High,"['SLA breach imminent (0h); air freight fastest recovery.', 'Customer pre-alert recommended to manage expectations proactively.']"
SHP100480,CRITICAL,1.0,Upgrade to Air Freight,Switch from Sea/Road/Rail to Air freight to recover time against SLA.,Send Pre-Alert to Customer,High,24–96 hours,Very High,High,"['SLA breach imminent (0h); air freight fastest recovery.', 'Customer pre-alert recommended to manage expectations proactively.']"
SHP100481,CRITICAL,1.0,Upgrade to Air Freight,Switch from Sea/Road/Rail to Air freight to recover time against SLA.,Send Pre-Alert to Customer,High,24–96 hours,Very High,High,"['SLA breach imminent (0h); air freight fastest recovery.', 'Customer pre-alert recommended to manage expectations proactively.']"
SHP100482,CRITICAL,1.0,Upgrade to Air Freight,Switch from Sea/Road/Rail to Air freight to recover time against SLA.,Send Pre-Alert to Customer,High,24–96 hours,Very High,High,"['SLA breach imminent (0h); air freight fastest recovery.', 'Customer pre-alert recommended to manage expectations proactively.']"
SHP100483,CRITICAL,1.0,Expedite Customs Clearance,Engage customs broker for accelerated clearance to prevent dwell time accumulation.,Priority / Express Handling,Low,8–24 hours,Medium-High,High,"['Customs clearance flag active; broker escalation cuts dwell time.', 'Customer pre-alert recommended to manage expectations proactively.']"
SHP100484,CRITICAL,1.0,Expedite Customs Clearance,Engage customs broker for accelerated clearance to prevent dwell time accumulation.,Priority / Express Handling,Low,8–24 hours,Medium-High,High,"['Customs clearance flag active; broker escalation cuts dwell time.', 'Customer pre-alert recommended to manage expectations proactively.']"
SHP100485,CRITICAL,1.0,Upgrade to Air Freight,Switch from Sea/Road/Rail to Air freight to recover time against SLA.,Send Pre-Alert to Customer,High,24–96 hours,Very High,High,"['SLA breach imminent (0h); air freight fastest recovery.', 'Customer pre-alert recommended to manage expectations proactively.']"
SHP100486,CRITICAL,0.9998,Assign Alternative Carrier,Transfer the shipment to a more reliable carrier with available capacity on the same route.,Send Pre-Alert to Customer,Medium-High,6–24 hours,Medium,High,"['Carrier reliability (84%) below threshold; swap to higher-rated carrier.', 'Customer pre-alert recommended to manage expectations proactively.']"
SHP100487,CRITICAL,1.0,Upgrade to Air Freight,Switch from Sea/Road/Rail to Air freight to recover time against SLA.,Send Pre-Alert to Customer,High,24–96 hours,Very High,High,"['SLA breach imminent (0h); air freight fastest recovery.', 'Customer pre-alert recommended to manage expectations proactively.']"
SHP100488,CRITICAL,1.0,Upgrade to Air Freight,Switch from Sea/Road/Rail to Air freight to recover time against SLA.,Send Pre-Alert to Customer,High,24–96 hours,Very High,High,"['SLA breach imminent (0h); air freight fastest recovery.', 'Customer pre-alert recommended to manage expectations proactively.']"
SHP100489,CRITICAL,1.0,Upgrade to Air Freight,Switch from Sea/Road/Rail to Air freight to recover time against SLA.,Send Pre-Alert to Customer,High,24–96 hours,Very High,High,"['SLA breach imminent (0h); air freight fastest recovery.', 'Customer pre-alert recommended to manage expectations proactively.']"
SHP100490,CRITICAL,0.9999,Upgrade to Air Freight,Switch from Sea/Road/Rail to Air freight to recover time against SLA.,Send Pre-Alert to Customer,High,24–96 hours,Very High,High,"['SLA breach imminent (0h); air freight fastest recovery.', 'Customer pre-alert recommended to manage expectations proactively.']"
SHP100491,CRITICAL,1.0,Upgrade to Air Freight,Switch from Sea/Road/Rail to Air freight to recover time against SLA.,Send Pre-Alert to Customer,High,24–96 hours,Very High,High,"['SLA breach imminent (0h); air freight fastest recovery.', 'Customer pre-alert recommended to manage expectations proactively.']"
SHP100492,CRITICAL,1.0,Upgrade to Air Freight,Switch from Sea/Road/Rail to Air freight to recover time against SLA.,Send Pre-Alert to Customer,High,24–96 hours,Very High,High,"['SLA breach imminent (0h); air freight fastest recovery.', 'Customer pre-alert recommended to manage expectations proactively.']"
SHP100493,CRITICAL,1.0,Upgrade to Air Freight,Switch from Sea/Road/Rail to Air freight to recover time against SLA.,Send Pre-Alert to Customer,High,24–96 hours,Very High,High,"['SLA breach imminent (0h); air freight fastest recovery.', 'Customer pre-alert recommended to manage expectations proactively.']"
SHP100494,CRITICAL,0.9996,Upgrade to Air Freight,Switch from Sea/Road/Rail to Air freight to recover time against SLA.,Send Pre-Alert to Customer,High,24–96 hours,Very High,High,"['SLA breach imminent (0h); air freight fastest recovery.', 'Customer pre-alert recommended to manage expectations proactively.']"
SHP100495,CRITICAL,1.0,Upgrade to Air Freight,Switch from Sea/Road/Rail to Air freight to recover time against SLA.,Send Pre-Alert to Customer,High,24–96 hours,Very High,High,"['SLA breach imminent (0h); air freight fastest recovery.', 'Customer pre-alert recommended to manage expectations proactively.']"
SHP100496,CRITICAL,1.0,Upgrade to Air Freight,Switch from Sea/Road/Rail to Air freight to recover time against SLA.,Send Pre-Alert to Customer,High,24–96 hours,Very High,High,"['SLA breach imminent (0h); air freight fastest recovery.', 'Customer pre-alert recommended to manage expectations proactively.']"
SHP100497,CRITICAL,1.0,Priority / Express Handling,"Flag for expedited processing at next handling point (customs, warehouse, port).",Send Pre-Alert to Customer,Low-Medium,4–12 hours,Medium,High,"['General elevated risk; priority handling advised as first response.', 'Customer pre-alert recommended to manage expectations proactively.']"
SHP100498,CRITICAL,1.0,Reroute Shipment,Divert the shipment to an alternative transit path that avoids the disrupted corridor.,Assign Alternative Carrier,Medium,12–48 hours,High,High,"['Active disruption (Port Strike) blocking current route.', 'Customer pre-alert recommended to manage expectations proactively.']"
SHP100499,CRITICAL,1.0,Reroute Shipment,Divert the shipment to an alternative transit path that avoids the disrupted corridor.,Assign Alternative Carrier,Medium,12–48 hours,High,High,"['Active disruption (Port Strike) blocking current route.', 'Customer pre-alert recommended to manage expectations proactively.']"
